--------- beginning of main
07-30 08:42:56.180  3366  3425 I BugleRcsEngine: RCS Configuration storage in Bugle is disabled by p/h flag, using ProvisioningEngineStateCacheUtil.getProvisioningConfigurationForGivenSimIfExist() [CONTEXT log_prefix="ProvisioningEngineDataRetriever" thread_id=63 ]
07-30 08:42:56.201  3134  3270 D MddListenableWorkerFactory: createWorker for class: com.google.android.libraries.communications.mobileconfiguration.sync.SyncWorker
07-30 08:42:56.203  3134  3134 I SyncHelper: [7c7d802a-3207-4604-96a4-d646c288c3d4] sync started, workRequestId:5cc848d1-79d0-440b-a15d-bfee6d60b737
07-30 08:42:56.211  3134  3243 W BugleRcs: getAvailableProvisioningIds: accessing uninitialized provisioning identities.
07-30 08:42:56.212  3134  3243 W BugleRcs: getAvailableProvisioningIds: accessing uninitialized provisioning identities.
07-30 08:42:56.224  3134  3243 I BugleRcsEngine: CommonRcsProvisioningChangeListenerHandler.notifyListener : Notify RcsProvisioningChangeListener bjbz@24b4b3e onRcsProvisioningChange, SIM = redacted-pii:sim_id[chars:35,last3:97)], available rcs provisioning ids  =  [CONTEXT log_prefix="RcsProvisioningManager" thread_id=50 ]
07-30 08:42:56.235  3031  3034 W gs.intelligence: Missing inline cache for void dkc.B(qh, bgy)
07-30 08:42:56.236  1087  1096 W ElapsedTimeUtils: getElapsedTime: sSuwFinishedTimeStamp is null
07-30 08:42:56.237  1087  2562 D SlicesIndexer: Slices already indexed - returning.
07-30 08:42:56.238  1087  2562 D SettingsSliceProvider: Built slice (content://android.settings.slices/action/battery_saver) in: 1
07-30 08:42:56.244   559  2633 D ConnectivityService: requestNetwork for uid/pid:10133/3134 activeRequest: null callbackRequest: 114 [NetworkRequest [ TRACK_DEFAULT id=115, [ Capabilities: INTERNET&NOT_RESTRICTED&TRUSTED&NOT_VCN_MANAGED&NOT_BANDWIDTH_CONSTRAINED Uid: 10133 RequestorUid: 10133 RequestorPkg: com.google.android.apps.messaging UnderlyingNetworks: Null] ], NetworkRequest [ REQUEST id=116, [ Transports: SATELLITE Capabilities: INTERNET&TRUSTED&NOT_VCN_MANAGED Uid: 10133 RequestorUid: 10133 RequestorPkg: com.google.android.apps.messaging UnderlyingNetworks: Null] ]] callback flags: 0 order: 2147483647 isUidTracked: false
07-30 08:42:56.253   559   830 D ConnectivityService: NetReassign [115 : null → 100] [c 6] [a 0] [i 3]
07-30 08:42:56.257  3134  3291 D StrictMode: StrictMode policy violation: android.os.strictmode.CustomViolation: gcore.dynamite
07-30 08:42:56.257  3134  3291 D StrictMode: 	at android.os.StrictMode$AndroidBlockGuardPolicy.onCustomSlowCall(StrictMode.java:1650)
07-30 08:42:56.257  3134  3291 D StrictMode: 	at android.os.StrictMode.noteSlowCall(StrictMode.java:2785)
07-30 08:42:56.257  3134  3291 D StrictMode: 	at anlp.a(:com.google.android.gms@242335041@24.23.35 (190800-646585959):3)
07-30 08:42:56.257  3134  3291 D StrictMode: 	at com.google.android.gms.chimera.container.GmsModuleChimeraProvider.query(:com.google.android.gms@242335041@24.23.35 (190800-646585959):135)
07-30 08:42:56.257  3134  3291 D StrictMode: 	at ajjb.query(:com.google.android.gms@242335041@24.23.35 (190800-646585959):3)
07-30 08:42:56.257  3134  3291 D StrictMode: 	at android.content.ContentProvider.query(ContentProvider.java:1620)
07-30 08:42:56.257  3134  3291 D StrictMode: 	at pgr.superQuery(:com.google.android.gms@242335041@24.23.35 (190800-646585959):2)
07-30 08:42:56.257  3134  3291 D StrictMode: 	at com.google.android.chimera.ContentProvider.query(:com.google.android.gms@242335041@24.23.35 (190800-646585959):2)
07-30 08:42:56.257  3134  3291 D StrictMode: 	at ajjb.query(:com.google.android.gms@242335041@24.23.35 (190800-646585959):13)
07-30 08:42:56.257  3134  3291 D StrictMode: 	at android.content.ContentProvider.query(ContentProvider.java:1716)
07-30 08:42:56.257  3134  3291 D StrictMode: 	at pgr.superQuery(:com.google.android.gms@242335041@24.23.35 (190800-646585959):1)
07-30 08:42:56.257  3134  3291 D StrictMode: 	at com.google.android.chimera.ContentProvider.query(:com.google.android.gms@242335041@24.23.35 (190800-646585959):1)
07-30 08:42:56.257  3134  3291 D StrictMode: 	at pgr.query(:com.google.android.gms@242335041@24.23.35 (190800-646585959):2)
07-30 08:42:56.257  3134  3291 D StrictMode: 	at android.content.ContentProvider$Transport.query(ContentProvider.java:295)
07-30 08:42:56.257  3134  3291 D StrictMode: 	at android.content.ContentProviderNative.onTransact(ContentProviderNative.java:107)
07-30 08:42:56.257  3134  3291 D StrictMode: 	at android.os.Binder.execTransactInternal(Binder.java:1500)
07-30 08:42:56.257  3134  3291 D StrictMode: 	at android.os.Binder.execTransact(Binder.java:1444)
07-30 08:42:56.257  3134  3291 D StrictMode: # via Binder call with stack:
07-30 08:42:56.257  3134  3291 D StrictMode: 	at android.os.StrictMode.readAndHandleBinderCallViolations(StrictMode.java:2588)
07-30 08:42:56.257  3134  3291 D StrictMode: 	at android.os.Parcel.readExceptionCode(Parcel.java:3187)
07-30 08:42:56.257  3134  3291 D StrictMode: 	at android.database.DatabaseUtils.readExceptionFromParcel(DatabaseUtils.java:152)
07-30 08:42:56.257  3134  3291 D StrictMode: 	at android.content.ContentProviderProxy.query(ContentProviderNative.java:495)
07-30 08:42:56.257  3134  3291 D StrictMode: 	at android.content.ContentResolver.query(ContentResolver.java:1229)
07-30 08:42:56.257  3134  3291 D StrictMode: 	at android.content.ContentResolver.query(ContentResolver.java:1161)
07-30 08:42:56.257  3134  3291 D StrictMode: 	at android.content.ContentResolver.query(ContentResolver.java:1117)
07-30 08:42:56.257  3134  3291 D StrictMode: 	at com.google.android.gms.dynamite.DynamiteModule.e(PG:69)
07-30 08:42:56.257  3134  3291 D StrictMode: 	at com.google.android.gms.dynamite.DynamiteModule.b(PG:85)
07-30 08:42:56.257  3134  3291 D StrictMode: 	at cfya.b(PG:1)
07-30 08:42:56.257  3134  3291 D StrictMode: 	at cfyb.a(PG:7)
07-30 08:42:56.257  3134  3291 D StrictMode: 	at com.google.android.gms.dynamite.DynamiteModule.d(PG:58)
07-30 08:42:56.257  3134  3291 D StrictMode: 	at cgxj.b(PG:45)
07-30 08:42:56.257  3134  3291 D StrictMode: 	at com.google.android.gms.net.PlayServicesCronetProvider.tryToInstallCronetProvider(PG:6)
07-30 08:42:56.257  3134  3291 D StrictMode: 	at com.google.android.gms.net.PlayServicesCronetProvider.isEnabled(PG:1)
07-30 08:42:56.257  3134  3291 D StrictMode: 	at org.chromium.net.CronetEngine$Builder.getEnabledCronetProviders(PG:25)
07-30 08:42:56.257  3134  3291 D StrictMode: 	at org.chromium.net.CronetEngine$Builder.createBuilderDelegate(PG:16)
07-30 08:42:56.257  3134  3291 D StrictMode: 	at org.chromium.net.CronetEngine$Builder.<init>(PG:1)
07-30 08:42:56.257  3134  3291 D StrictMode: 	at org.chromium.net.ExperimentalCronetEngine$Builder.<init>(PG:1)
07-30 08:42:56.257  3134  3291 D StrictMode: 	at afjt.d(PG:446)
07-30 08:42:56.257  3134  3291 D StrictMode: 	at afjt.b(PG:1997)
07-30 08:42:56.257  3134  3291 D StrictMode: 	at eaaq.b(PG:14)
07-30 08:42:56.257  3134  3291 D StrictMode: 	at aflc.m(PG:1)
07-30 08:42:56.257  3134  3291 D StrictMode: 	at aflc.b(PG:2105)
07-30 08:42:56.257  3134  3291 D StrictMode: 	at eaaq.b(PG:14)
07-30 08:42:56.257  3134  3291 D StrictMode: 	at aeuj.b(PG:1)
07-30 08:42:56.257  3134  3291 D StrictMode: 	at aeui.get(PG:3)
07-30 08:42:56.257  3134  3291 D StrictMode: 	at dmju.get(PG:14)
07-30 08:42:56.257  3134  3291 D StrictMode: 	at aeuj.a(PG:3)
07-30 08:42:56.257  3134  3291 D StrictMode: 	at aflf.e(PG:1780)
07-30 08:42:56.257  3134  3291 D StrictMode: 	at aflf.b(PG:44)
07-30 08:42:56.257  3134  3291 D StrictMode: 	at eaaq.b(PG:14)
07-30 08:42:56.257  3134  3291 D StrictMode: 	at clnr.a(PG:376)
07-30 08:42:56.257  3134  3291 D StrictMode: 	at dqoh.d(PG:3)
07-30 08:42:56.257  3134  3291 D StrictMode: 	at dqoj.run(PG:42)
07-30 08:42:56.257  3134  3291 D StrictMode: 	at crzm.run(PG:3)
07-30 08:42:56.257  3134  3291 D StrictMode: 	at dnmw.run(PG:50)
07-30 08:42:56.257  3134  3291 D StrictMode: 	at cscj.run(PG:18)
07-30 08:42:56.257  3134  3291 D StrictMode: 	at cryt.run(PG:8)
07-30 08:42:56.257  3134  3291 D StrictMode: 	at java.lang.Thread.run(Thread.java:1012)
07-30 08:42:56.257  3134  3291 D StrictMode: 	at csaw.run(PG:64)
07-30 08:42:56.266  3134  3291 D StrictMode: StrictMode policy violation: android.os.strictmode.DiskReadViolation
07-30 08:42:56.266  3134  3291 D StrictMode: 	at android.os.StrictMode$AndroidBlockGuardPolicy.onReadFromDisk(StrictMode.java:1683)
07-30 08:42:56.266  3134  3291 D StrictMode: 	at java.io.UnixFileSystem.getBooleanAttributes(UnixFileSystem.java:301)
07-30 08:42:56.266  3134  3291 D StrictMode: 	at java.io.File.isDirectory(File.java:859)
07-30 08:42:56.266  3134  3291 D StrictMode: 	at dalvik.system.DexPathList.makeDexElements(DexPathList.java:376)
07-30 08:42:56.266  3134  3291 D StrictMode: 	at dalvik.system.DexPathList.<init>(DexPathList.java:166)
07-30 08:42:56.266  3134  3291 D StrictMode: 	at dalvik.system.BaseDexClassLoader.<init>(BaseDexClassLoader.java:160)
07-30 08:42:56.266  3134  3291 D StrictMode: 	at dalvik.system.BaseDexClassLoader.<init>(BaseDexClassLoader.java:105)
07-30 08:42:56.266  3134  3291 D StrictMode: 	at dalvik.system.PathClassLoader.<init>(PathClassLoader.java:71)
07-30 08:42:56.266  3134  3291 D StrictMode: 	at dalvik.system.DelegateLastClassLoader.<init>(DelegateLastClassLoader.java:106)
07-30 08:42:56.266  3134  3291 D StrictMode: 	at dalvik.system.DelegateLastClassLoader.<init>(DelegateLastClassLoader.java:56)
07-30 08:42:56.266  3134  3291 D StrictMode: 	at com.google.android.gms.dynamite.DynamiteModule.b(PG:117)
07-30 08:42:56.266  3134  3291 D StrictMode: 	at cfya.b(PG:1)
07-30 08:42:56.266  3134  3291 D StrictMode: 	at cfyb.a(PG:7)
07-30 08:42:56.266  3134  3291 D StrictMode: 	at com.google.android.gms.dynamite.DynamiteModule.d(PG:58)
07-30 08:42:56.266  3134  3291 D StrictMode: 	at cgxj.b(PG:45)
07-30 08:42:56.266  3134  3291 D StrictMode: 	at com.google.android.gms.net.PlayServicesCronetProvider.tryToInstallCronetProvider(PG:6)
07-30 08:42:56.266  3134  3291 D StrictMode: 	at com.google.android.gms.net.PlayServicesCronetProvider.isEnabled(PG:1)
07-30 08:42:56.266  3134  3291 D StrictMode: 	at org.chromium.net.CronetEngine$Builder.getEnabledCronetProviders(PG:25)
07-30 08:42:56.266  3134  3291 D StrictMode: 	at org.chromium.net.CronetEngine$Builder.createBuilderDelegate(PG:16)
07-30 08:42:56.266  3134  3291 D StrictMode: 	at org.chromium.net.CronetEngine$Builder.<init>(PG:1)
07-30 08:42:56.266  3134  3291 D StrictMode: 	at org.chromium.net.ExperimentalCronetEngine$Builder.<init>(PG:1)
07-30 08:42:56.266  3134  3291 D StrictMode: 	at afjt.d(PG:446)
07-30 08:42:56.266  3134  3291 D StrictMode: 	at afjt.b(PG:1997)
07-30 08:42:56.266  3134  3291 D StrictMode: 	at eaaq.b(PG:14)
07-30 08:42:56.266  3134  3291 D StrictMode: 	at aflc.m(PG:1)
07-30 08:42:56.266  3134  3291 D StrictMode: 	at aflc.b(PG:2105)
07-30 08:42:56.266  3134  3291 D StrictMode: 	at eaaq.b(PG:14)
07-30 08:42:56.266  3134  3291 D StrictMode: 	at aeuj.b(PG:1)
07-30 08:42:56.266  3134  3291 D StrictMode: 	at aeui.get(PG:3)
07-30 08:42:56.266  3134  3291 D StrictMode: 	at dmju.get(PG:14)
07-30 08:42:56.266  3134  3291 D StrictMode: 	at aeuj.a(PG:3)
07-30 08:42:56.266  3134  3291 D StrictMode: 	at aflf.e(PG:1780)
07-30 08:42:56.266  3134  3291 D StrictMode: 	at aflf.b(PG:44)
07-30 08:42:56.266  3134  3291 D StrictMode: 	at eaaq.b(PG:14)
07-30 08:42:56.266  3134  3291 D StrictMode: 	at clnr.a(PG:376)
07-30 08:42:56.266  3134  3291 D StrictMode: 	at dqoh.d(PG:3)
07-30 08:42:56.266  3134  3291 D StrictMode: 	at dqoj.run(PG:42)
07-30 08:42:56.266  3134  3291 D StrictMode: 	at crzm.run(PG:3)
07-30 08:42:56.266  3134  3291 D StrictMode: 	at dnmw.run(PG:50)
07-30 08:42:56.266  3134  3291 D StrictMode: 	at cscj.run(PG:18)
07-30 08:42:56.266  3134  3291 D StrictMode: 	at cryt.run(PG:8)
07-30 08:42:56.266  3134  3291 D StrictMode: 	at java.lang.Thread.run(Thread.java:1012)
07-30 08:42:56.266  3134  3291 D StrictMode: 	at csaw.run(PG:64)
07-30 08:42:56.266  3134  3291 D StrictMode: StrictMode policy violation: android.os.strictmode.DiskReadViolation
07-30 08:42:56.266  3134  3291 D StrictMode: 	at android.os.StrictMode$AndroidBlockGuardPolicy.onReadFromDisk(StrictMode.java:1683)
07-30 08:42:56.266  3134  3291 D StrictMode: 	at java.io.UnixFileSystem.getBooleanAttributes(UnixFileSystem.java:301)
07-30 08:42:56.266  3134  3291 D StrictMode: 	at java.io.File.isFile(File.java:892)
07-30 08:42:56.266  3134  3291 D StrictMode: 	at dalvik.system.DexPathList.makeDexElements(DexPathList.java:380)
07-30 08:42:56.266  3134  3291 D StrictMode: 	at dalvik.system.DexPathList.<init>(DexPathList.java:166)
07-30 08:42:56.266  3134  3291 D StrictMode: 	at dalvik.system.BaseDexClassLoader.<init>(BaseDexClassLoader.java:160)
07-30 08:42:56.266  3134  3291 D StrictMode: 	at dalvik.system.BaseDexClassLoader.<init>(BaseDexClassLoader.java:105)
07-30 08:42:56.266  3134  3291 D StrictMode: 	at dalvik.system.PathClassLoader.<init>(PathClassLoader.java:71)
07-30 08:42:56.266  3134  3291 D StrictMode: 	at dalvik.system.DelegateLastClassLoader.<init>(DelegateLastClassLoader.java:106)
07-30 08:42:56.266  3134  3291 D StrictMode: 	at dalvik.system.DelegateLastClassLoader.<init>(DelegateLastClassLoader.java:56)
07-30 08:42:56.266  3134  3291 D StrictMode: 	at com.google.android.gms.dynamite.DynamiteModule.b(PG:117)
07-30 08:42:56.266  3134  3291 D StrictMode: 	at cfya.b(PG:1)
07-30 08:42:56.266  3134  3291 D StrictMode: 	at cfyb.a(PG:7)
07-30 08:42:56.266  3134  3291 D StrictMode: 	at com.google.android.gms.dynamite.DynamiteModule.d(PG:58)
07-30 08:42:56.266  3134  3291 D StrictMode: 	at cgxj.b(PG:45)
07-30 08:42:56.266  3134  3291 D StrictMode: 	at com.google.android.gms.net.PlayServicesCronetProvider.tryToInstallCronetProvider(PG:6)
07-30 08:42:56.266  3134  3291 D StrictMode: 	at com.google.android.gms.net.PlayServicesCronetProvider.isEnabled(PG:1)
07-30 08:42:56.266  3134  3291 D StrictMode: 	at org.chromium.net.CronetEngine$Builder.getEnabledCronetProviders(PG:25)
07-30 08:42:56.266  3134  3291 D StrictMode: 	at org.chromium.net.CronetEngine$Builder.createBuilderDelegate(PG:16)
07-30 08:42:56.266  3134  3291 D StrictMode: 	at org.chromium.net.CronetEngine$Builder.<init>(PG:1)
07-30 08:42:56.266  3134  3291 D StrictMode: 	at org.chromium.net.ExperimentalCronetEngine$Builder.<init>(PG:1)
07-30 08:42:56.266  3134  3291 D StrictMode: 	at afjt.d(PG:446)
07-30 08:42:56.266  3134  3291 D StrictMode: 	at afjt.b(PG:1997)
07-30 08:42:56.266  3134  3291 D StrictMode: 	at eaaq.b(PG:14)
07-30 08:42:56.266  3134  3291 D StrictMode: 	at aflc.m(PG:1)
07-30 08:42:56.266  3134  3291 D StrictMode: 	at aflc.b(PG:2105)
07-30 08:42:56.266  3134  3291 D StrictMode: 	at eaaq.b(PG:14)
07-30 08:42:56.266  3134  3291 D StrictMode: 	at aeuj.b(PG:1)
07-30 08:42:56.266  3134  3291 D StrictMode: 	at aeui.get(PG:3)
07-30 08:42:56.266  3134  3291 D StrictMode: 	at dmju.get(PG:14)
07-30 08:42:56.266  3134  3291 D StrictMode: 	at aeuj.a(PG:3)
07-30 08:42:56.266  3134  3291 D StrictMode: 	at aflf.e(PG:1780)
07-30 08:42:56.266  3134  3291 D StrictMode: 	at aflf.b(PG:44)
07-30 08:42:56.266  3134  3291 D StrictMode: 	at eaaq.b(PG:14)
07-30 08:42:56.266  3134  3291 D StrictMode: 	at clnr.a(PG:376)
07-30 08:42:56.266  3134  3291 D StrictMode: 	at dqoh.d(PG:3)
07-30 08:42:56.266  3134  3291 D StrictMode: 	at dqoj.run(PG:42)
07-30 08:42:56.266  3134  3291 D StrictMode: 	at crzm.run(PG:3)
07-30 08:42:56.266  3134  3291 D StrictMode: 	at dnmw.run(PG:50)
07-30 08:42:56.266  3134  3291 D StrictMode: 	at cscj.run(PG:18)
07-30 08:42:56.266  3134  3291 D StrictMode: 	at cryt.run(PG:8)
07-30 08:42:56.266  3134  3291 D StrictMode: 	at java.lang.Thread.run(Thread.java:1012)
07-30 08:42:56.266  3134  3291 D StrictMode: 	at csaw.run(PG:64)
07-30 08:42:56.267  3134  3291 W ziparchive: Unable to open '/data/user_de/0/com.google.android.gms/app_chimera/m/00000002/DynamiteLoader.uncompressed.dm': No such file or directory
07-30 08:42:56.267  3134  3291 W ziparchive: Unable to open '/data/user_de/0/com.google.android.gms/app_chimera/m/00000002/DynamiteLoader.uncompressed.dm': No such file or directory
07-30 08:42:56.270  3134  3291 D StrictMode: StrictMode policy violation: android.os.strictmode.DiskReadViolation
07-30 08:42:56.270  3134  3291 D StrictMode: 	at android.os.StrictMode$AndroidBlockGuardPolicy.onReadFromDisk(StrictMode.java:1683)
07-30 08:42:56.270  3134  3291 D StrictMode: 	at java.io.UnixFileSystem.getBooleanAttributes(UnixFileSystem.java:301)
07-30 08:42:56.270  3134  3291 D StrictMode: 	at java.io.File.isDirectory(File.java:859)
07-30 08:42:56.270  3134  3291 D StrictMode: 	at dalvik.system.DexPathList$Element.<init>(DexPathList.java:681)
07-30 08:42:56.270  3134  3291 D StrictMode: 	at dalvik.system.DexPathList.makeDexElements(DexPathList.java:412)
07-30 08:42:56.270  3134  3291 D StrictMode: 	at dalvik.system.DexPathList.<init>(DexPathList.java:166)
07-30 08:42:56.270  3134  3291 D StrictMode: 	at dalvik.system.BaseDexClassLoader.<init>(BaseDexClassLoader.java:160)
07-30 08:42:56.270  3134  3291 D StrictMode: 	at dalvik.system.BaseDexClassLoader.<init>(BaseDexClassLoader.java:105)
07-30 08:42:56.270  3134  3291 D StrictMode: 	at dalvik.system.PathClassLoader.<init>(PathClassLoader.java:71)
07-30 08:42:56.270  3134  3291 D StrictMode: 	at dalvik.system.DelegateLastClassLoader.<init>(DelegateLastClassLoader.java:106)
07-30 08:42:56.270  3134  3291 D StrictMode: 	at dalvik.system.DelegateLastClassLoader.<init>(DelegateLastClassLoader.java:56)
07-30 08:42:56.270  3134  3291 D StrictMode: 	at com.google.android.gms.dynamite.DynamiteModule.b(PG:117)
07-30 08:42:56.270  3134  3291 D StrictMode: 	at cfya.b(PG:1)
07-30 08:42:56.270  3134  3291 D StrictMode: 	at cfyb.a(PG:7)
07-30 08:42:56.270  3134  3291 D StrictMode: 	at com.google.android.gms.dynamite.DynamiteModule.d(PG:58)
07-30 08:42:56.270  3134  3291 D StrictMode: 	at cgxj.b(PG:45)
07-30 08:42:56.270  3134  3291 D StrictMode: 	at com.google.android.gms.net.PlayServicesCronetProvider.tryToInstallCronetProvider(PG:6)
07-30 08:42:56.270  3134  3291 D StrictMode: 	at com.google.android.gms.net.PlayServicesCronetProvider.isEnabled(PG:1)
07-30 08:42:56.270  3134  3291 D StrictMode: 	at org.chromium.net.CronetEngine$Builder.getEnabledCronetProviders(PG:25)
07-30 08:42:56.270  3134  3291 D StrictMode: 	at org.chromium.net.CronetEngine$Builder.createBuilderDelegate(PG:16)
07-30 08:42:56.270  3134  3291 D StrictMode: 	at org.chromium.net.CronetEngine$Builder.<init>(PG:1)
07-30 08:42:56.270  3134  3291 D StrictMode: 	at org.chromium.net.ExperimentalCronetEngine$Builder.<init>(PG:1)
07-30 08:42:56.270  3134  3291 D StrictMode: 	at afjt.d(PG:446)
07-30 08:42:56.270  3134  3291 D StrictMode: 	at afjt.b(PG:1997)
07-30 08:42:56.270  3134  3291 D StrictMode: 	at eaaq.b(PG:14)
07-30 08:42:56.270  3134  3291 D StrictMode: 	at aflc.m(PG:1)
07-30 08:42:56.270  3134  3291 D StrictMode: 	at aflc.b(PG:2105)
07-30 08:42:56.270  3134  3291 D StrictMode: 	at eaaq.b(PG:14)
07-30 08:42:56.270  3134  3291 D StrictMode: 	at aeuj.b(PG:1)
07-30 08:42:56.270  3134  3291 D StrictMode: 	at aeui.get(PG:3)
07-30 08:42:56.270  3134  3291 D StrictMode: 	at dmju.get(PG:14)
07-30 08:42:56.270  3134  3291 D StrictMode: 	at aeuj.a(PG:3)
07-30 08:42:56.270  3134  3291 D StrictMode: 	at aflf.e(PG:1780)
07-30 08:42:56.270  3134  3291 D StrictMode: 	at aflf.b(PG:44)
07-30 08:42:56.270  3134  3291 D StrictMode: 	at eaaq.b(PG:14)
07-30 08:42:56.270  3134  3291 D StrictMode: 	at clnr.a(PG:376)
07-30 08:42:56.270  3134  3291 D StrictMode: 	at dqoh.d(PG:3)
07-30 08:42:56.270  3134  3291 D StrictMode: 	at dqoj.run(PG:42)
07-30 08:42:56.270  3134  3291 D StrictMode: 	at crzm.run(PG:3)
07-30 08:42:56.270  3134  3291 D StrictMode: 	at dnmw.run(PG:50)
07-30 08:42:56.270  3134  3291 D StrictMode: 	at cscj.run(PG:18)
07-30 08:42:56.270  3134  3291 D StrictMode: 	at cryt.run(PG:8)
07-30 08:42:56.270  3134  3291 D StrictMode: 	at java.lang.Thread.run(Thread.java:1012)
07-30 08:42:56.270  3134  3291 D StrictMode: 	at csaw.run(PG:64)
07-30 08:42:56.270  3134  3291 D StrictMode: StrictMode policy violation: android.os.strictmode.DiskReadViolation
07-30 08:42:56.270  3134  3291 D StrictMode: 	at android.os.StrictMode$AndroidBlockGuardPolicy.onReadFromDisk(StrictMode.java:1683)
07-30 08:42:56.270  3134  3291 D StrictMode: 	at libcore.io.BlockGuardOs.stat(BlockGuardOs.java:419)
07-30 08:42:56.270  3134  3291 D StrictMode: 	at libcore.io.ForwardingOs.stat(ForwardingOs.java:846)
07-30 08:42:56.270  3134  3291 D StrictMode: 	at android.app.ActivityThread$AndroidOs.stat(ActivityThread.java:8605)
07-30 08:42:56.270  3134  3291 D StrictMode: 	at dalvik.system.DexPathList.splitPaths(DexPathList.java:319)
07-30 08:42:56.270  3134  3291 D StrictMode: 	at dalvik.system.DexPathList.<init>(DexPathList.java:181)
07-30 08:42:56.270  3134  3291 D StrictMode: 	at dalvik.system.BaseDexClassLoader.<init>(BaseDexClassLoader.java:160)
07-30 08:42:56.270  3134  3291 D StrictMode: 	at dalvik.system.BaseDexClassLoader.<init>(BaseDexClassLoader.java:105)
07-30 08:42:56.270  3134  3291 D StrictMode: 	at dalvik.system.PathClassLoader.<init>(PathClassLoader.java:71)
07-30 08:42:56.270  3134  3291 D StrictMode: 	at dalvik.system.DelegateLastClassLoader.<init>(DelegateLastClassLoader.java:106)
07-30 08:42:56.270  3134  3291 D StrictMode: 	at dalvik.system.DelegateLastClassLoader.<init>(DelegateLastClassLoader.java:56)
07-30 08:42:56.270  3134  3291 D StrictMode: 	at com.google.android.gms.dynamite.DynamiteModule.b(PG:117)
07-30 08:42:56.270  3134  3291 D StrictMode: 	at cfya.b(PG:1)
07-30 08:42:56.270  3134  3291 D StrictMode: 	at cfyb.a(PG:7)
07-30 08:42:56.270  3134  3291 D StrictMode: 	at com.google.android.gms.dynamite.DynamiteModule.d(PG:58)
07-30 08:42:56.270  3134  3291 D StrictMode: 	at cgxj.b(PG:45)
07-30 08:42:56.270  3134  3291 D StrictMode: 	at com.google.android.gms.net.PlayServicesCronetProvider.tryToInstallCronetProvider(PG:6)
07-30 08:42:56.270  3134  3291 D StrictMode: 	at com.google.android.gms.net.PlayServicesCronetProvider.isEnabled(PG:1)
07-30 08:42:56.270  3134  3291 D StrictMode: 	at org.chromium.net.CronetEngine$Builder.getEnabledCronetProviders(PG:25)
07-30 08:42:56.270  3134  3291 D StrictMode: 	at org.chromium.net.CronetEngine$Builder.createBuilderDelegate(PG:16)
07-30 08:42:56.270  3134  3291 D StrictMode: 	at org.chromium.net.CronetEngine$Builder.<init>(PG:1)
07-30 08:42:56.270  3134  3291 D StrictMode: 	at org.chromium.net.ExperimentalCronetEngine$Builder.<init>(PG:1)
07-30 08:42:56.270  3134  3291 D StrictMode: 	at afjt.d(PG:446)
07-30 08:42:56.270  3134  3291 D StrictMode: 	at afjt.b(PG:1997)
07-30 08:42:56.270  3134  3291 D StrictMode: 	at eaaq.b(PG:14)
07-30 08:42:56.270  3134  3291 D StrictMode: 	at aflc.m(PG:1)
07-30 08:42:56.270  3134  3291 D StrictMode: 	at aflc.b(PG:2105)
07-30 08:42:56.270  3134  3291 D StrictMode: 	at eaaq.b(PG:14)
07-30 08:42:56.270  3134  3291 D StrictMode: 	at aeuj.b(PG:1)
07-30 08:42:56.270  3134  3291 D StrictMode: 	at aeui.get(PG:3)
07-30 08:42:56.270  3134  3291 D StrictMode: 	at dmju.get(PG:14)
07-30 08:42:56.270  3134  3291 D StrictMode: 	at aeuj.a(PG:3)
07-30 08:42:56.270  3134  3291 D StrictMode: 	at aflf.e(PG:1780)
07-30 08:42:56.270  3134  3291 D StrictMode: 	at aflf.b(PG:44)
07-30 08:42:56.270  3134  3291 D StrictMode: 	at eaaq.b(PG:14)
07-30 08:42:56.270  3134  3291 D StrictMode: 	at clnr.a(PG:376)
07-30 08:42:56.270  3134  3291 D StrictMode: 	at dqoh.d(PG:3)
07-30 08:42:56.270  3134  3291 D StrictMode: 	at dqoj.run(PG:42)
07-30 08:42:56.270  3134  3291 D StrictMode: 	at crzm.run(PG:3)
07-30 08:42:56.270  3134  3291 D StrictMode: 	at dnmw.run(PG:50)
07-30 08:42:56.270  3134  3291 D StrictMode: 	at cscj.run(PG:18)
07-30 08:42:56.270  3134  3291 D StrictMode: 	at cryt.run(PG:8)
07-30 08:42:56.270  3134  3291 D StrictMode: 	at java.lang.Thread.run(Thread.java:1012)
07-30 08:42:56.270  3134  3291 D StrictMode: 	at csaw.run(PG:64)
07-30 08:42:56.272  3134  3291 D StrictMode: StrictMode policy violation: android.os.strictmode.DiskReadViolation
07-30 08:42:56.272  3134  3291 D StrictMode: 	at android.os.StrictMode$AndroidBlockGuardPolicy.onReadFromDisk(StrictMode.java:1683)
07-30 08:42:56.272  3134  3291 D StrictMode: 	at java.io.UnixFileSystem.getBooleanAttributes(UnixFileSystem.java:301)
07-30 08:42:56.272  3134  3291 D StrictMode: 	at java.io.File.isDirectory(File.java:859)
07-30 08:42:56.272  3134  3291 D StrictMode: 	at dalvik.system.DexPathList.makePathElements(DexPathList.java:507)
07-30 08:42:56.272  3134  3291 D StrictMode: 	at dalvik.system.DexPathList.<init>(DexPathList.java:182)
07-30 08:42:56.272  3134  3291 D StrictMode: 	at dalvik.system.BaseDexClassLoader.<init>(BaseDexClassLoader.java:160)
07-30 08:42:56.272  3134  3291 D StrictMode: 	at dalvik.system.BaseDexClassLoader.<init>(BaseDexClassLoader.java:105)
07-30 08:42:56.272  3134  3291 D StrictMode: 	at dalvik.system.PathClassLoader.<init>(PathClassLoader.java:71)
07-30 08:42:56.272  3134  3291 D StrictMode: 	at dalvik.system.DelegateLastClassLoader.<init>(DelegateLastClassLoader.java:106)
07-30 08:42:56.272  3134  3291 D StrictMode: 	at dalvik.system.DelegateLastClassLoader.<init>(DelegateLastClassLoader.java:56)
07-30 08:42:56.272  3134  3291 D StrictMode: 	at com.google.android.gms.dynamite.DynamiteModule.b(PG:117)
07-30 08:42:56.272  3134  3291 D StrictMode: 	at cfya.b(PG:1)
07-30 08:42:56.272  3134  3291 D StrictMode: 	at cfyb.a(PG:7)
07-30 08:42:56.272  3134  3291 D StrictMode: 	at com.google.android.gms.dynamite.DynamiteModule.d(PG:58)
07-30 08:42:56.272  3134  3291 D StrictMode: 	at cgxj.b(PG:45)
07-30 08:42:56.272  3134  3291 D StrictMode: 	at com.google.android.gms.net.PlayServicesCronetProvider.tryToInstallCronetProvider(PG:6)
07-30 08:42:56.272  3134  3291 D StrictMode: 	at com.google.android.gms.net.PlayServicesCronetProvider.isEnabled(PG:1)
07-30 08:42:56.272  3134  3291 D StrictMode: 	at org.chromium.net.CronetEngine$Builder.getEnabledCronetProviders(PG:25)
07-30 08:42:56.272  3134  3291 D StrictMode: 	at org.chromium.net.CronetEngine$Builder.createBuilderDelegate(PG:16)
07-30 08:42:56.272  3134  3291 D StrictMode: 	at org.chromium.net.CronetEngine$Builder.<init>(PG:1)
07-30 08:42:56.272  3134  3291 D StrictMode: 	at org.chromium.net.ExperimentalCronetEngine$Builder.<init>(PG:1)
07-30 08:42:56.272  3134  3291 D StrictMode: 	at afjt.d(PG:446)
07-30 08:42:56.272  3134  3291 D StrictMode: 	at afjt.b(PG:1997)
07-30 08:42:56.272  3134  3291 D StrictMode: 	at eaaq.b(PG:14)
07-30 08:42:56.272  3134  3291 D StrictMode: 	at aflc.m(PG:1)
07-30 08:42:56.272  3134  3291 D StrictMode: 	at aflc.b(PG:2105)
07-30 08:42:56.272  3134  3291 D StrictMode: 	at eaaq.b(PG:14)
07-30 08:42:56.272  3134  3291 D StrictMode: 	at aeuj.b(PG:1)
07-30 08:42:56.272  3134  3291 D StrictMode: 	at aeui.get(PG:3)
07-30 08:42:56.272  3134  3291 D StrictMode: 	at dmju.get(PG:14)
07-30 08:42:56.272  3134  3291 D StrictMode: 	at aeuj.a(PG:3)
07-30 08:42:56.272  3134  3291 D StrictMode: 	at aflf.e(PG:1780)
07-30 08:42:56.272  3134  3291 D StrictMode: 	at aflf.b(PG:44)
07-30 08:42:56.272  3134  3291 D StrictMode: 	at eaaq.b(PG:14)
07-30 08:42:56.272  3134  3291 D StrictMode: 	at clnr.a(PG:376)
07-30 08:42:56.272  3134  3291 D StrictMode: 	at dqoh.d(PG:3)
07-30 08:42:56.272  3134  3291 D StrictMode: 	at dqoj.run(PG:42)
07-30 08:42:56.272  3134  3291 D StrictMode: 	at crzm.run(PG:3)
07-30 08:42:56.272  3134  3291 D StrictMode: 	at dnmw.run(PG:50)
07-30 08:42:56.272  3134  3291 D StrictMode: 	at cscj.run(PG:18)
07-30 08:42:56.272  3134  3291 D StrictMode: 	at cryt.run(PG:8)
07-30 08:42:56.272  3134  3291 D StrictMode: 	at java.lang.Thread.run(Thread.java:1012)
07-30 08:42:56.272  3134  3291 D StrictMode: 	at csaw.run(PG:64)
07-30 08:42:56.276  1645  1645 I wpa_supplicant: wlan0: CTRL-EVENT-BEACON-LOSS 
07-30 08:42:56.278  3134  3291 I DynamiteModule: Considering local module com.google.android.gms.cronet_dynamite:0 and remote module com.google.android.gms.cronet_dynamite:3111
07-30 08:42:56.278  3134  3291 I DynamiteModule: Selected remote version of com.google.android.gms.cronet_dynamite, version >= 3111
07-30 08:42:56.278  3134  3291 V DynamiteModule: Dynamite loader version >= 2, using loadModule2NoCrashUtils
07-30 08:42:56.307  3134  3291 W ziparchive: Unable to open '/data/user_de/0/com.google.android.gms/app_chimera/m/00000001/CronetDynamite.uncompressed.dm': No such file or directory
07-30 08:42:56.308  3134  3291 W ziparchive: Unable to open '/data/user_de/0/com.google.android.gms/app_chimera/m/00000001/CronetDynamite.uncompressed.dm': No such file or directory
07-30 08:42:56.315  3134  3231 I BugleSimStateTracker: Looking up Fi through package names.
07-30 08:42:56.316  3134  3231 W SharedPreferencesSimSta: SharedPreferencesSimStateStore: No loggable guid found for sim id
07-30 08:42:56.319  3134  3231 I BugleSimStateTracker: allNewlyBuiltSimSubscriptionInfos (simId, loggableGuid): [(redacted-pii:sim_id[chars:20,last3:897], b74228ac-b295-49d5-be9b-68168267a76f)]
07-30 08:42:56.320  3134  3231 I BugleSimStateTracker: Storing updatedSimSubscriptionInfos: [(redacted-pii:sim_id[chars:20,last3:897], b74228ac-b295-49d5-be9b-68168267a76f)]
07-30 08:42:56.321  3134  3147 W .apps.messaging: Missing inline cache for void cffk.<init>(cffj)
07-30 08:42:56.331  3134  3147 W .apps.messaging: Missing inline cache for void cffk.<init>(cffj)
07-30 08:42:56.331  3134  3298 I Bugle   : BugleStartup: Initializing RCS availability...
07-30 08:42:56.334  3134  3231 I BugleSimStateTracker: Default call SIM changed. Broadcasting SIM SWAP. Old simId redacted-pii:sim_id[chars:0,last3:], new simId: redacted-pii:sim_id[chars:20,last3:897]
07-30 08:42:56.335  3134  3231 I BugleSimStateTracker: Default SMS SIM changed. Old simId redacted-pii:sim_id[chars:0,last3:], new simId: redacted-pii:sim_id[chars:20,last3:897]
07-30 08:42:56.335  3134  3231 I BugleSimStateTracker: Broadcasting SIM_LOADED event for newly loaded SIMs: [(redacted-pii:sim_id[chars:20,last3:897], b74228ac-b295-49d5-be9b-68168267a76f)]
07-30 08:42:56.340  3134  3147 W .apps.messaging: Missing inline cache for void cffk.<init>(cffj)
07-30 08:42:56.340  3134  3147 W .apps.messaging: Missing inline cache for void cffk.<init>(cffj)
07-30 08:42:56.342  3134  3298 I Bugle   : BugleStartup: Done with RCS availability.
07-30 08:42:56.344  3134  3298 I Bugle   : BugleStartup: Done initializing with enabled individual init failures.
07-30 08:42:56.354  3134  3291 D nativeloader: Configuring clns-12 for other apk . target_sdk_version=35, uses_libraries=ALL, library_path=/data/user_de/0/com.google.android.gms/app_chimera/m/00000001/CronetDynamite.uncompressed.apk!/lib/x86_64:/data/user_de/0/com.google.android.gms/app_chimera/m/00000001/CronetDynamite.uncompressed.apk!/lib/arm64-v8a, permitted_path=/data:/mnt/expand
07-30 08:42:56.355  3134  3291 D nativeloader: Load /data/user_de/0/com.google.android.gms/app_chimera/m/00000001/CronetDynamite.uncompressed.apk!/lib/x86_64/libcronet.126.0.6452.4.so using isolated ns clns-12 (caller=/data/user_de/0/com.google.android.gms/app_chimera/m/00000001/CronetDynamite.uncompressed.apk): ok
07-30 08:42:56.416  3134  3291 I cr_CronetLibraryLoader: Cronet version: 126.0.6452.4, arch: x86_64
07-30 08:42:56.457  3134  3291 I RpcModule: Number of headers in RPC request: 3
07-30 08:42:56.460   559  2020 D ConnectivityService: requestNetwork for uid/pid:10133/3134 activeRequest: null callbackRequest: 117 [NetworkRequest [ TRACK_DEFAULT id=118, [ Capabilities: INTERNET&NOT_RESTRICTED&TRUSTED&NOT_VCN_MANAGED&NOT_BANDWIDTH_CONSTRAINED Uid: 10133 RequestorUid: 10133 RequestorPkg: com.google.android.apps.messaging UnderlyingNetworks: Null] ], NetworkRequest [ REQUEST id=119, [ Transports: SATELLITE Capabilities: INTERNET&TRUSTED&NOT_VCN_MANAGED Uid: 10133 RequestorUid: 10133 RequestorPkg: com.google.android.apps.messaging UnderlyingNetworks: Null] ]] callback flags: 0 order: 2147483647 isUidTracked: false
--------- beginning of system
07-30 08:42:56.468   559   987 D CompatChangeReporter: Compat change id reported: 319212206; UID 10133; state: ENABLED
07-30 08:42:56.475  3134  3273 I GnpSdk  : GrowthKit is disabled by Phenotype flag.
07-30 08:42:56.475   559   830 D ConnectivityService: NetReassign [118 : null → 100] [c 7] [a 5] [i 1]
07-30 08:42:56.477   559  2633 D FileUtils: Rounded bytes from 2593193984 to 4000000000
07-30 08:42:56.478  3134  3227 I GnpSdk  : GrowthKit is disabled by Phenotype flag.
07-30 08:42:56.480  1515  1722 I ModelDownloadController: Hotword model update tasks finished.
07-30 08:42:56.481  3134  3291 I RpcManager: [7c7d802a-3207-4604-96a4-d646c288c3d4] making getConfiguration request, workRequestId:5cc848d1-79d0-440b-a15d-bfee6d60b737
07-30 08:42:56.498  1515  2153 W SearchServiceCore: Abort, client detached.
07-30 08:42:56.498  1515  2153 W SearchServiceCore: Abort, client detached.
07-30 08:42:56.499  1515  2153 W JobInfo : Job 'com.google.android.googlequicksearchbox/com.google.android.apps.gsa.tasks.BackgroundTasksJobService#-163' has a deadline with no functional constraints. The deadline won't improve job execution latency. Consider removing the deadline.
07-30 08:42:56.499   559  2633 W JobInfo : Job 'com.google.android.googlequicksearchbox/com.google.android.apps.gsa.tasks.BackgroundTasksJobService#-163' has a deadline with no functional constraints. The deadline won't improve job execution latency. Consider removing the deadline.
07-30 08:42:56.500  3134  3273 I BugleJobs: Starts to observe table change.
07-30 08:42:56.505   559   830 D ConnectivityService: NetReassign [no changes] [c 0] [a 23] [i 5]
07-30 08:42:56.506  1515  1515 I BgTaskExecutorImpl: (REDACTED) Starting %s background task %s.
07-30 08:42:56.507  1515  2153 I SodaSilentEnrollment: (REDACTED) Executing HotwordSilentEnrollment, updateOnly: %b
07-30 08:42:56.507  1515  2153 I SodaEnrollmentClient: #enroll
07-30 08:42:56.507  1515  2153 I MicroDetectionWorker: (REDACTED) Initializing MicroDataManager InitializeType-%d, isForced-%b, isActivePhoneEnrollment-%b isActiveGoogleHomeEnrollment-%b
07-30 08:42:56.509   359  3620 I resolv  : GetAddrInfoHandler::run: {100 786532 100 983140 10133 0}
07-30 08:42:56.509   359  3621 I resolv  : res_nmkquery: (QUERY, IN, AAAA)
07-30 08:42:56.509   359  3622 I resolv  : res_nmkquery: (QUERY, IN, A)
07-30 08:42:56.510   559   614 I AppsFilter: interaction: PackageSetting{6d03b2e com.android.microdroid.empty_payload/10206} -> PackageSetting{b99d051 com.google.android.googlequicksearchbox/10144} BLOCKED
07-30 08:42:56.510   559   614 I AppsFilter: interaction: PackageSetting{a388206 com.example.moneymap/10209} -> PackageSetting{b99d051 com.google.android.googlequicksearchbox/10144} BLOCKED
07-30 08:42:56.510   559   614 I AppsFilter: interaction: PackageSetting{6d03b2e com.android.microdroid.empty_payload/10206} -> PackageSetting{d9c90b6 com.google.android.apps.messaging/10133} BLOCKED
07-30 08:42:56.510   559   614 I AppsFilter: interaction: PackageSetting{a388206 com.example.moneymap/10209} -> PackageSetting{d9c90b6 com.google.android.apps.messaging/10133} BLOCKED
07-30 08:42:56.510   559   614 I AppsFilter: interaction: PackageSetting{6d03b2e com.android.microdroid.empty_payload/10206} -> PackageSetting{28541b7 com.google.android.as/10137} BLOCKED
07-30 08:42:56.510   559   614 I AppsFilter: interaction: PackageSetting{a388206 com.example.moneymap/10209} -> PackageSetting{28541b7 com.google.android.as/10137} BLOCKED
07-30 08:42:56.520   559   861 I AppWidgetServiceImpl: Received broadcast: android.intent.action.PACKAGE_CHANGED on user 0
07-30 08:42:56.524   559   574 D ActivityTaskManager: Remove task fragment: deleteTaskFragment
07-30 08:42:56.526   559   861 D AppWidgetServiceImpl: Trying to notify widget providers changed
07-30 08:42:56.530   559   641 D SearchUiPerUserService: Removing callback for session Id=com.google.android.apps.nexuslauncher:dcaf31ed-6860-49d0-8656-4feb6c69943e,0 and callback=android.os.BinderProxy@759d3ff
07-30 08:42:56.534  1186  1571 D EGL_emulation: app_time_stats: avg=2611.18ms min=148.49ms max=9665.28ms count=4
07-30 08:42:56.534   559   987 D SearchUiPerUserService: Removing all callbacks for session Id=com.google.android.apps.nexuslauncher:dcaf31ed-6860-49d0-8656-4feb6c69943e,0 and 0 callbacks.
07-30 08:42:56.535  1078  1078 D CarrierSvcBindHelper: onPackageModified: com.google.android.googlequicksearchbox
07-30 08:42:56.536   559   873 D ShortcutService: received package broadcast intent: Intent { act=android.intent.action.PACKAGE_CHANGED dat=package: flg=0x45000010 (has extras) }
07-30 08:42:56.536   559   873 D ShortcutService: changing package: com.google.android.googlequicksearchbox userId0
07-30 08:42:56.536   559   873 D ShortcutService: handlePackageChanged: com.google.android.googlequicksearchbox user=0
07-30 08:42:56.536   559   873 D ShortcutService: rescanPackageIfNeeded 0@com.google.android.googlequicksearchbox, forceRescan=true , isNewApp=false
07-30 08:42:56.537  3134  3231 I BugleJobs: Scheduling IcingRecurringWorker. [CONTEXT class_name="IcingMonitoringUtils" ]
07-30 08:42:56.540   559   987 D SearchUiPerUserService: Creating SearchSessionInfo for session Id=com.google.android.apps.nexuslauncher:af3be4d7-e9b6-47d9-93d0-8c679a3c57d7,0
07-30 08:42:56.540  1078  1078 D CarrierSvcBindHelper: No carrier app for: 0
07-30 08:42:56.553   559   861 I AppWidgetServiceImpl: Received broadcast: android.intent.action.PACKAGE_CHANGED on user 0
07-30 08:42:56.554   559   575 D SearchUiPerUserService: Storing callback for session Id=com.google.android.apps.nexuslauncher:af3be4d7-e9b6-47d9-93d0-8c679a3c57d7,0 and callback=android.os.BinderProxy@f3eb64a
07-30 08:42:56.554  1450  1450 I AiAiEcho: SearchContextManagerImpl::setSearchContext resultTypes=[141151] extras=[Bundle[{launcher.maxInlineIcons=3, dynamic_ranking_m3_enabled=true, qs_tiles_asi_enabled=true, allowlist_enabled=false, one_search_enabled=true, system_clock=true, version_code=12, gms_play_query_lower_bound=2, gms_play_query_upper_bound=20, recent_search_block_enabled=true, gms_play_feature_supported=true, launcher.gridSize=5, showhiddentargets_enabled=false, ose_info=1}]] sessionId=[com.google.android.apps.nexuslauncher:af3be4d7-e9b6-47d9-93d0-8c679a3c57d7,0]
07-30 08:42:56.555  1186  1186 D InputMonitorCompat: Input event receiver for monitor (minus-one-disp0) disposed
07-30 08:42:56.555  1186  1186 D InputMonitorCompat: Input monitor (minus-one-disp0) disposed
07-30 08:42:56.556   559  2633 V WindowManager: Queueing transition: TransitionRecord{d115ed8 id=-1 type=CHANGE flags=0x0}
07-30 08:42:56.559   916   916 D ControlsListingControllerImpl: ServiceConfig reloaded, count: 0
07-30 08:42:56.561   559   641 W InputManager-JNI: Input channel object '[Gesture Monitor] minus-one (client)' was disposed without first being removed with the input manager!
07-30 08:42:56.561   916   970 V WindowManagerShell: Transition requested (#16): android.os.BinderProxy@5692772 TransitionRequestInfo { type = CLOSE, triggerTask = null, pipTask = null, remoteTransition = RemoteTransition { remoteTransition = android.window.IRemoteTransition$Stub$Proxy@bf6b7c3, appThread = null, debugName = null }, displayChange = null, flags = 0, debugId = 16 }
07-30 08:42:56.561   916   970 V WindowManagerShell: RemoteTransition directly requested for (#16) android.os.BinderProxy@5692772: RemoteTransition { remoteTransition = android.window.IRemoteTransition$Stub$Proxy@bf6b7c3, appThread = null, debugName = null }
07-30 08:42:56.564   916   916 D ControlsListingControllerImpl: ServiceConfig reloaded, count: 0
07-30 08:42:56.568  1515  2153 E A       : Attempt to overwrite completionTime
07-30 08:42:56.569   916  1144 V WindowManagerShell: onTransitionReady(transaction=2400886718900)
07-30 08:42:56.569  1515  2153 E A       : Attempt to overwrite workProxyEndState
07-30 08:42:56.569   916   970 V WindowManagerShell: onTransitionReady (#16) android.os.BinderProxy@5692772: {id=16 t=CLOSE f=0x0 trk=0 r=[] c=[]}
07-30 08:42:56.569   916   970 V WindowManagerShell: No transition roots in (#16) android.os.BinderProxy@5692772@0 so abort
07-30 08:42:56.570  1515  2153 E A       : Attempt to overwrite delegationTime
07-30 08:42:56.570   916   970 V WindowManagerShell: Transition animation finished (aborted=true), notifying core (#16) android.os.BinderProxy@5692772@0
07-30 08:42:56.576   918  3344 I PermissionControllerServiceImpl: Updating user sensitive for uid 10144
07-30 08:42:56.576   429   429 I BpBinder: onLastStrongRef automatically unlinking death recipients: 
07-30 08:42:56.576   918  3344 I PermissionControllerServiceImpl: Updating user sensitive for uid 10133
07-30 08:42:56.578  1186  1215 D InputMonitorCompat: Input monitor (minus-one-disp0) created
07-30 08:42:56.578   916   970 V WindowManagerShell: Track 0 became idle
07-30 08:42:56.587   559   873 E system_server: No package ID 7f found for resource ID 0x7f080bdc.
07-30 08:42:56.587   559   873 E system_server: No package ID 7f found for resource ID 0x7f152158.
07-30 08:42:56.587   559   873 E system_server: No package ID 7f found for resource ID 0x7f080bed.
07-30 08:42:56.587   559   873 E system_server: No package ID 7f found for resource ID 0x7f152159.
07-30 08:42:56.588   916   970 V WindowManagerShell: All active transition animations finished
07-30 08:42:56.592   359   408 I netd    : tetherGetStats() -> {[]} <3.63ms>
07-30 08:42:56.598  1186  1215 D InputMonitorCompat: Input event receiver for monitor (minus-one-disp0) created
07-30 08:42:56.598  1078  1078 E SmsApplication: com.google.android.apps.messaging lost android:read_cell_broadcasts:  (fixing)
07-30 08:42:56.600  3134  3243 I BugleNetwork: FirebaseRegistrationStartupTask: Enabling Firebase component
07-30 08:42:56.608  1186  1215 D SearchTargetUtil: query= size=1
07-30 08:42:56.608  1186  1215 D SearchTargetUtil: layoutType=icon_row resultType=4096 packageName= extras=Bundle{aiai_settings_enabled=true,icon_container_enabled=true,zero_state_query_ready=true,zero_state_all_apps_web_suggest_count=3,rank=1.0,toast_settings_toggle_values=16777476,key_ipc_start=84242,hide_subtitle=true,enable_launch_animations=true,zero_state_qsb_web_suggest_count=10,}ParentID: null targetID: SESSION_INFO:0::zero_state_flags
07-30 08:42:56.625  1515  2273 I A       : Executing HotwordSilentEnrollment
07-30 08:42:56.626  1515  2273 I A       : getLocaleToModelSpecsMap
07-30 08:42:56.626  1515  2273 I A       : Fetching latest config from MDD...
07-30 08:42:56.626  1515  2273 I A       : (REDACTED) Found map of size: %d
07-30 08:42:56.627  1515  2153 W SearchServiceCore: Abort, client detached.
07-30 08:42:56.628  1515  2153 W SearchServiceCore: Abort, client detached.
07-30 08:42:56.638  1515  1693 I A       : getLocaleToModelSpecsMap
07-30 08:42:56.638  1515  1693 I A       : Fetching latest config from MDD...
07-30 08:42:56.638  1515  1693 I A       : (REDACTED) Found map of size: %d
07-30 08:42:56.639  1515  1693 I MicroDataManager: (REDACTED) Location for model with model type: %s and locale: %s, is : %s
07-30 08:42:56.639  1515  1693 I MicroModelsUtil: (REDACTED) #getHotwordModel [locale: %s, modelType: %s]
07-30 08:42:56.649  1515  1693 I MicroModelsUtil: (REDACTED) #getHotwordModelFromMobstore [mobstoreUri: %s]
07-30 08:42:56.587   559   873 D ShortcutService: Package com.google.android.googlequicksearchbox has 2 manifest shortcut(s), and 0 share target(s)
07-30 08:42:56.658   559   873 D ShortcutService: Package com.google.android.googlequicksearchbox updated, version 301351415 -> 301351415
07-30 08:42:56.658   559   665 I RoleService: Granting default roles...
07-30 08:42:56.661   559   574 D PackageManager: Instant App installer not found with android.intent.action.INSTALL_INSTANT_APP_PACKAGE
07-30 08:42:56.661   559   574 D PackageManager: Clear ephemeral installer activity
07-30 08:42:56.661   559   578 V WindowManager: Sent Transition (#16) createdAt=07-30 08:42:56.523 via request=TransitionRequestInfo { type = CLOSE, triggerTask = null, pipTask = null, remoteTransition = RemoteTransition { remoteTransition = android.window.IRemoteTransition$Stub$Proxy@c00164e, appThread = null, debugName = null }, displayChange = null, flags = 0, debugId = 16 }
07-30 08:42:56.661   559   578 V WindowManager:     startWCT=WindowContainerTransaction { changes = {} hops = [] errorCallbackToken=null taskFragmentOrganizer=null }
07-30 08:42:56.662   559   578 V WindowManager:     info={id=16 t=CLOSE f=0x0 trk=0 r=[] c=[]}
07-30 08:42:56.665   559   578 V WindowManager: Finish Transition (#16): created at 07-30 08:42:56.523 collect-started=0.823ms request-sent=30.419ms started=38.197ms ready=43.058ms sent=45.321ms finished=49.144ms
07-30 08:42:56.666   559  1228 W UserManagerService: Requested status bar icon for non-badged user 0
07-30 08:42:56.667   559   861 I AppWidgetServiceImpl: Received broadcast: android.intent.action.PACKAGE_CHANGED on user 0
07-30 08:42:56.676   916   970 V WindowManagerShell: Transition requested (#17): android.os.BinderProxy@5fec379 TransitionRequestInfo { type = CHANGE, triggerTask = null, pipTask = null, remoteTransition = RemoteTransition { remoteTransition = android.window.IRemoteTransition$Stub$Proxy@59e48be, appThread = null, debugName = null }, displayChange = null, flags = 0, debugId = 17 }
07-30 08:42:56.677   916   970 V WindowManagerShell: RemoteTransition directly requested for (#17) android.os.BinderProxy@5fec379: RemoteTransition { remoteTransition = android.window.IRemoteTransition$Stub$Proxy@59e48be, appThread = null, debugName = null }
07-30 08:42:56.678   559  1928 V WindowManager: Queueing transition: TransitionRecord{ad15068 id=-1 type=CLOSE flags=0x0}
07-30 08:42:56.684   359  3622 I resolv  : res_nsend: used send_dg 183 terrno: 0
07-30 08:42:56.684   359  3621 I resolv  : res_nsend: used send_dg 279 terrno: 0
07-30 08:42:56.684   359  3621 I resolv  : doQuery: rcode=0, ancount=8, return value=279
07-30 08:42:56.684   359  3622 I resolv  : doQuery: rcode=0, ancount=8, return value=183
07-30 08:42:56.689  3134  3615 D TrafficStats: tagSocket(151) with statsTag=0x2100, statsUid=-1
07-30 08:42:56.690   559  1037 W JobScheduler: Job didn't exist in JobStore: a205fea #u0a144/-163 com.google.android.googlequicksearchbox/com.google.android.apps.gsa.tasks.BackgroundTasksJobService
07-30 08:42:56.693   429   429 I BpBinder: onLastStrongRef automatically unlinking death recipients: 
07-30 08:42:56.695  3134  3615 D TrafficStats: tagSocket(151) with statsTag=0x2100, statsUid=-1
07-30 08:42:56.697  3134  3615 D TrafficStats: tagSocket(151) with statsTag=0x2100, statsUid=-1
07-30 08:42:56.698  1230  1230 D BoundBrokerSvc: onUnbind: Intent { act=com.google.android.gms.pseudonymous.service.START pkg=com.google.android.gms }
07-30 08:42:56.705  3134  3615 D TrafficStats: tagSocket(151) with statsTag=0x2100, statsUid=-1
07-30 08:42:56.707  3134  3615 D TrafficStats: tagSocket(151) with statsTag=0x2100, statsUid=-1
07-30 08:42:56.711   916  1050 V WindowManagerShell: onTransitionReady(transaction=2400886718914)
07-30 08:42:56.711   916   970 V WindowManagerShell: onTransitionReady (#17) android.os.BinderProxy@5fec379: {id=17 t=CHANGE f=0x0 trk=1 r=[] c=[]}
07-30 08:42:56.711   916   970 V WindowManagerShell: No transition roots in (#17) android.os.BinderProxy@5fec379@1 so abort
07-30 08:42:56.712  3134  3615 D TrafficStats: tagSocket(151) with statsTag=0x2100, statsUid=-1
07-30 08:42:56.712   916   970 V WindowManagerShell: Transition animation finished (aborted=true), notifying core (#17) android.os.BinderProxy@5fec379@1
07-30 08:42:56.713   916   970 V WindowManagerShell: Track 1 became idle
07-30 08:42:56.713   916   970 V WindowManagerShell: All active transition animations finished
07-30 08:42:56.715  3134  3615 D TrafficStats: tagSocket(151) with statsTag=0x2100, statsUid=-1
07-30 08:42:56.718  1515  1720 W A       : No system LP found. Offline SODA ASR is unavailable and SODA init may fail.
07-30 08:42:56.718  1515  1720 I A       : (REDACTED) Resolved SODA resource dir for %s: %s
07-30 08:42:56.727   559  2051 W system_server: Long monitor contention with owner binder:559_2 (575) at com.android.server.pm.Computer com.android.server.pm.PackageManagerService.snapshotComputer(boolean)(PackageManagerService.java:1222) waiters=7 in com.android.server.pm.Computer com.android.server.pm.PackageManagerService.snapshotComputer(boolean) for 113ms
07-30 08:42:56.728   559  2575 W AppOpService: Ignored setUidMode call for runtime permission app op: uid = 10133, code = READ_CELL_BROADCASTS, mode = allow, callingUid = 1001, oldMode = allow
07-30 08:42:56.734  3134  3615 D TrafficStats: tagSocket(151) with statsTag=0x2100, statsUid=-1
07-30 08:42:56.734   559  2052 I AppWidgetServiceImpl: getInstalledProvidersForProfiles() 0
07-30 08:42:56.712  1515  1515 W com.google.android.googlequicksearchbox:search: type=1400 audit(0.0:44): avc:  denied  { read } for  comm=424720546872656164202331 name="/" dev="vdd1" ino=2 scontext=u:r:priv_app:s0:c512,c768 tcontext=u:object_r:metadata_file:s0 tclass=dir permissive=0 app=com.google.android.googlequicksearchbox
07-30 08:42:56.739   916   970 V WindowManagerShell: Transition requested (#18): android.os.BinderProxy@f830d1f TransitionRequestInfo { type = CLOSE, triggerTask = null, pipTask = null, remoteTransition = RemoteTransition { remoteTransition = android.window.IRemoteTransition$Stub$Proxy@dc6386c, appThread = null, debugName = null }, displayChange = null, flags = 0, debugId = 18 }
07-30 08:42:56.739  3134  3615 D TrafficStats: tagSocket(151) with statsTag=0x2100, statsUid=-1
07-30 08:42:56.741   916   970 V WindowManagerShell: RemoteTransition directly requested for (#18) android.os.BinderProxy@f830d1f: RemoteTransition { remoteTransition = android.window.IRemoteTransition$Stub$Proxy@dc6386c, appThread = null, debugName = null }
07-30 08:42:56.743   429   429 I BpBinder: onLastStrongRef automatically unlinking death recipients: 
07-30 08:42:56.745   916  3067 V WindowManagerShell: onTransitionReady(transaction=2400886718924)
07-30 08:42:56.745   916   970 V WindowManagerShell: onTransitionReady (#18) android.os.BinderProxy@f830d1f: {id=18 t=CLOSE f=0x0 trk=2 r=[] c=[]}
07-30 08:42:56.746   559   569 W system_server: Missing inline cache for void android.net.LinkProperties.writeToParcel(android.os.Parcel, int)
07-30 08:42:56.746   916   970 V WindowManagerShell: No transition roots in (#18) android.os.BinderProxy@f830d1f@2 so abort
07-30 08:42:56.748   916   970 V WindowManagerShell: Transition animation finished (aborted=true), notifying core (#18) android.os.BinderProxy@f830d1f@2
07-30 08:42:56.750   559   575 W JobScheduler: Job didn't exist in JobStore: 400de54 #u0a144/-183 com.google.android.googlequicksearchbox/com.google.android.apps.gsa.tasks.BackgroundTasksJobService
07-30 08:42:56.750   559   578 V WindowManager: Sent Transition (#17) createdAt=07-30 08:42:56.556 via request=TransitionRequestInfo { type = CHANGE, triggerTask = null, pipTask = null, remoteTransition = RemoteTransition { remoteTransition = android.window.IRemoteTransition$Stub$Proxy@6b1e429, appThread = null, debugName = null }, displayChange = null, flags = 0, debugId = 17 }
07-30 08:42:56.750   559   578 V WindowManager:     startWCT=WindowContainerTransaction { changes = {} hops = [] errorCallbackToken=null taskFragmentOrganizer=null }
07-30 08:42:56.750   559   578 V WindowManager:     info={id=17 t=CHANGE f=0x0 trk=1 r=[] c=[]}
07-30 08:42:56.751   559   578 V WindowManager: Finish Transition (#17): created at 07-30 08:42:56.556 collect-started=14.358ms request-sent=118.43ms started=121.815ms ready=146.321ms sent=149.842ms finished=155.791ms
07-30 08:42:56.751   559   861 I AppWidgetServiceImpl: Received broadcast: android.intent.action.PACKAGE_CHANGED on user 0
07-30 08:42:56.754  1515  1712 I MicroDataManager: (REDACTED) MicroDataManager InitializationTask. googleHotwordData is null: true, hotwordModel is null: %b , sourceLocationOfCurrentHotwordModel %s
07-30 08:42:56.756   916   970 V WindowManagerShell: Track 2 became idle
07-30 08:42:56.757   916   970 V WindowManagerShell: All active transition animations finished
07-30 08:42:56.758   559   578 V WindowManager: Sent Transition (#18) createdAt=07-30 08:42:56.678 via request=TransitionRequestInfo { type = CLOSE, triggerTask = null, pipTask = null, remoteTransition = RemoteTransition { remoteTransition = android.window.IRemoteTransition$Stub$Proxy@7ebf76b, appThread = null, debugName = null }, displayChange = null, flags = 0, debugId = 18 }
07-30 08:42:56.758   559   578 V WindowManager:     startWCT=WindowContainerTransaction { changes = {} hops = [] errorCallbackToken=null taskFragmentOrganizer=null }
07-30 08:42:56.758   559   578 V WindowManager:     info={id=18 t=CLOSE f=0x0 trk=2 r=[] c=[]}
07-30 08:42:56.758   559   578 V WindowManager: Finish Transition (#18): created at 07-30 08:42:56.678 collect-started=30.387ms request-sent=59.644ms started=64.086ms ready=64.072ms sent=65.619ms finished=73.807ms
07-30 08:42:56.760  1078  1078 E CellBroadcastUtils: getDefaultCellBroadcastReceiverPackageName: no package found
07-30 08:42:56.766   559  2019 W AppOpService: Ignored setUidMode call for runtime permission app op: uid = 1001, code = READ_SMS, mode = allow, callingUid = 1001, oldMode = allow
07-30 08:42:56.766   916   916 D ControlsListingControllerImpl: ServiceConfig reloaded, count: 0
07-30 08:42:56.768   559  1918 W AppOpService: Ignored setUidMode call for runtime permission app op: uid = 1001, code = RECEIVE_SMS, mode = allow, callingUid = 1001, oldMode = allow
07-30 08:42:56.768   559  1918 W AppOpService: Ignored setUidMode call for runtime permission app op: uid = 1001, code = RECEIVE_WAP_PUSH, mode = allow, callingUid = 1001, oldMode = allow
07-30 08:42:56.769   559   575 W AppOpService: Ignored setUidMode call for runtime permission app op: uid = 1001, code = SEND_SMS, mode = allow, callingUid = 1001, oldMode = allow
07-30 08:42:56.769   559   655 D CompatChangeReporter: Compat change id reported: 262645982; UID 10144; state: ENABLED
07-30 08:42:56.770   559  2019 W AppOpService: Ignored setUidMode call for runtime permission app op: uid = 1001, code = READ_CELL_BROADCASTS, mode = allow, callingUid = 1001, oldMode = allow
07-30 08:42:56.778   916   916 D ControlsListingControllerImpl: ServiceConfig reloaded, count: 0
07-30 08:42:56.779  1515  2153 I A       : getLocaleToModelSpecsMap
07-30 08:42:56.779  1515  2153 I A       : Fetching latest config from MDD...
07-30 08:42:56.779  1515  2153 I A       : (REDACTED) Found map of size: %d
07-30 08:42:56.792  1078  1078 D CarrierSvcBindHelper: onPackageModified: com.google.android.apps.messaging
07-30 08:42:56.793  1078  1078 D CarrierSvcBindHelper: No carrier app for: 0
07-30 08:42:56.793   559   987 W UserManagerService: Requested status bar icon for non-badged user 0
07-30 08:42:56.798  1078  1285 D ImsResolver: maybeAddedImsService, packageName: com.google.android.googlequicksearchbox
07-30 08:42:56.798   559   575 W UserManagerService: Requested status bar icon for non-badged user 0
07-30 08:42:56.809   559  2052 W ParceledListSlice: Element #25 is 19828 bytes.
07-30 08:42:56.809   559  2052 W ParceledListSlice: Element #26 is 19864 bytes.
07-30 08:42:56.810   559  2052 W ParceledListSlice: Element #27 is 19708 bytes.
07-30 08:42:56.810   559  2052 W ParceledListSlice: Element #28 is 19616 bytes.
07-30 08:42:56.810   559  2052 W ParceledListSlice: Element #29 is 19728 bytes.
07-30 08:42:56.810  2127  2137 W libc    : Access denied finding property "persist.adb.tls_server.enable"
07-30 08:42:56.810  1078  1078 E SmsApplication: com.google.android.apps.messaging lost android:read_cell_broadcasts:  (fixing)
07-30 08:42:56.796  2127  2127 W binder:2127_1: type=1400 audit(0.0:45): avc:  denied  { read } for  name="u:object_r:system_adbd_prop:s0" dev="tmpfs" ino=318 scontext=u:r:gmscore_app:s0:c512,c768 tcontext=u:object_r:system_adbd_prop:s0 tclass=file permissive=0 app=com.google.android.gms
07-30 08:42:56.810   559  2052 W AppOpService: Ignored setUidMode call for runtime permission app op: uid = 10133, code = READ_CELL_BROADCASTS, mode = allow, callingUid = 1001, oldMode = allow
07-30 08:42:56.814  1186  1216 W PackageManager: Failure retrieving text 0x7f130786 in package com.android.systemui
07-30 08:42:56.814  1186  1216 W PackageManager: android.content.res.Resources$NotFoundException: String resource ID #0x7f130786
07-30 08:42:56.814  1186  1216 W PackageManager: 	at android.content.res.Resources.getText(Resources.java:466)
07-30 08:42:56.814  1186  1216 W PackageManager: 	at android.app.ApplicationPackageManager.getText(ApplicationPackageManager.java:2405)
07-30 08:42:56.814  1186  1216 W PackageManager: 	at android.appwidget.AppWidgetProviderInfo.loadDescription(AppWidgetProviderInfo.java:484)
07-30 08:42:56.814  1186  1216 W PackageManager: 	at com.android.launcher3.model.WidgetItem.<init>(go/retraceme 31f9979659277bb965985aff1272c33e3c3c9e755b77166d20a2465454178f2c:4)
07-30 08:42:56.814  1186  1216 W PackageManager: 	at com.android.launcher3.model.WidgetsModel.update(go/retraceme 31f9979659277bb965985aff1272c33e3c3c9e755b77166d20a2465454178f2c:72)
07-30 08:42:56.814  1186  1216 W PackageManager: 	at com.android.launcher3.p0.execute(go/retraceme 31f9979659277bb965985aff1272c33e3c3c9e755b77166d20a2465454178f2c:16)
07-30 08:42:56.814  1186  1216 W PackageManager: 	at com.android.launcher3.LauncherModel.a(go/retraceme 31f9979659277bb965985aff1272c33e3c3c9e755b77166d20a2465454178f2c:27)
07-30 08:42:56.814  1186  1216 W PackageManager: 	at com.android.launcher3.t0.run(go/retraceme 31f9979659277bb965985aff1272c33e3c3c9e755b77166d20a2465454178f2c:12)
07-30 08:42:56.814  1186  1216 W PackageManager: 	at android.os.Handler.handleCallback(Handler.java:959)
07-30 08:42:56.814  1186  1216 W PackageManager: 	at android.os.Handler.dispatchMessage(Handler.java:100)
07-30 08:42:56.814  1186  1216 W PackageManager: 	at android.os.Looper.loopOnce(Looper.java:232)
07-30 08:42:56.814  1186  1216 W PackageManager: 	at android.os.Looper.loop(Looper.java:317)
07-30 08:42:56.814  1186  1216 W PackageManager: 	at android.os.HandlerThread.run(HandlerThread.java:85)
07-30 08:42:56.815   559  2634 I AppWidgetServiceImpl: getWidgetPreview() 0
07-30 08:42:56.816  2127  2139 W SystemServiceRegistry: No service published for: persistent_data_block
07-30 08:42:56.817  2127  2137 W libc    : Access denied finding property "service.adb.tls.port"
07-30 08:42:56.804  2127  2127 W binder:2127_1: type=1400 audit(0.0:46): avc:  denied  { read } for  name="u:object_r:adbd_prop:s0" dev="tmpfs" ino=63 scontext=u:r:gmscore_app:s0:c512,c768 tcontext=u:object_r:adbd_prop:s0 tclass=file permissive=0 app=com.google.android.gms
07-30 08:42:56.818   559  2052 I AppWidgetServiceImpl: getWidgetPreview() 0
07-30 08:42:56.823  2127  2137 D TrafficStats: tagSocket(128) with statsTag=0x1809, statsUid=-1
07-30 08:42:56.827  1078  1078 E CellBroadcastUtils: getDefaultCellBroadcastReceiverPackageName: no package found
07-30 08:42:56.827   559  2634 W AppOpService: Ignored setUidMode call for runtime permission app op: uid = 1001, code = READ_SMS, mode = allow, callingUid = 1001, oldMode = allow
07-30 08:42:56.828   559  2052 W AppOpService: Ignored setUidMode call for runtime permission app op: uid = 1001, code = RECEIVE_SMS, mode = allow, callingUid = 1001, oldMode = allow
07-30 08:42:56.828   559  2052 W AppOpService: Ignored setUidMode call for runtime permission app op: uid = 1001, code = RECEIVE_WAP_PUSH, mode = allow, callingUid = 1001, oldMode = allow
07-30 08:42:56.829  1515  1720 I A       : (REDACTED) updateConfig: Hotword present: %b, LP directory: %s
07-30 08:42:56.829   559  2052 W AppOpService: Ignored setUidMode call for runtime permission app op: uid = 1001, code = SEND_SMS, mode = allow, callingUid = 1001, oldMode = allow
07-30 08:42:56.829   559  2052 W AppOpService: Ignored setUidMode call for runtime permission app op: uid = 1001, code = READ_CELL_BROADCASTS, mode = allow, callingUid = 1001, oldMode = allow
07-30 08:42:56.832  2127  2137 D TrafficStats: tagSocket(128) with statsTag=0x1809, statsUid=-1
07-30 08:42:56.832  1515  1712 I native  : I0000 00:00:1785400976.832500    1712 enrollment_manager_impl.cc:444] UpdateConfigRequest with timeout: 0
07-30 08:42:56.838   559   589 W system_server: Long monitor contention with owner binder:559_2 (575) at com.android.server.pm.Computer com.android.server.pm.PackageManagerService.snapshotComputer(boolean)(PackageManagerService.java:1222) waiters=16 in com.android.server.pm.Computer com.android.server.pm.PackageManagerService.snapshotComputer(boolean) for 171ms
07-30 08:42:56.839  2127  2137 D TrafficStats: tagSocket(128) with statsTag=0x1809, statsUid=-1
07-30 08:42:56.851   559   873 W system_server: Long monitor contention with owner binder:559_2 (575) at com.android.server.pm.Computer com.android.server.pm.PackageManagerService.snapshotComputer(boolean)(PackageManagerService.java:1222) waiters=17 in com.android.server.pm.Computer com.android.server.pm.PackageManagerService.snapshotComputer(boolean) for 193ms
07-30 08:42:56.852   559   873 D ShortcutService: Package com.google.android.googlequicksearchbox: publishing manifest shortcuts
07-30 08:42:56.852  1450  1450 I AiAiEcho: AppFetcherImpl onPackageChanged com.google.android.googlequicksearchbox.
07-30 08:42:56.852  1078  1285 D ImsResolver: maybeAddedImsService, packageName: com.google.android.apps.messaging
07-30 08:42:56.862  1450  2308 I AiAiEcho: AppIndexer Package:[com.google.android.googlequicksearchbox] UserProfile:[0] Enabled:[true].
07-30 08:42:56.862  1450  2308 I AiAiEcho: AppFetcherImplV2 updateApps package:[com.google.android.googlequicksearchbox], userId:[0], reason:[package is updated.].
07-30 08:42:56.863   559  1016 W Role    : Default holder doesn't have required signing certificate: com.google.android.retaildemo:6547c73dee150c103980bfdffe55cc9a011d785dd694a5f99afd8205bcaf1f80
07-30 08:42:56.863   559  1016 E RoleControllerServiceImpl: Default/fallback role holder package doesn't qualify for the role, package: com.google.android.gms.supervision, role: android.app.role.SYSTEM_SUPERVISION
07-30 08:42:56.865   559   559 W Looper  : Slow dispatch took 199ms main h=android.app.ActivityThread$H c=android.app.LoadedApk$ReceiverDispatcher$Args$$ExternalSyntheticLambda0@2c089be m=0
07-30 08:42:56.870   559   873 D ShortcutService: received package broadcast intent: Intent { act=android.intent.action.PACKAGE_CHANGED dat=package: flg=0x45000010 (has extras) }
07-30 08:42:56.870   559   873 D ShortcutService: changing package: com.google.android.apps.messaging userId0
07-30 08:42:56.870   559   873 D ShortcutService: handlePackageChanged: com.google.android.apps.messaging user=0
07-30 08:42:56.870   559   873 D ShortcutService: rescanPackageIfNeeded 0@com.google.android.apps.messaging, forceRescan=true , isNewApp=false
07-30 08:42:56.870   559   559 W Looper  : Slow delivery took 203ms main h=android.app.ActivityThread$H c=android.app.LoadedApk$ReceiverDispatcher$Args$$ExternalSyntheticLambda0@ce6ba1f m=0
07-30 08:42:56.885  3134  3270 D nativeloader: Load /product/priv-app/PrebuiltBugle/PrebuiltBugle.apk!/lib/x86_64/libscytale_v2_jni.so using ns product-clns-8 from class loader (caller=/product/priv-app/PrebuiltBugle/PrebuiltBugle.apk!classes3.dex): ok
07-30 08:42:56.890  3134  3270 W BugleAction: Failed to get msisdn from Bugle
07-30 08:42:56.898  1515  2153 I MicroDetectionState: (REDACTED) #takeChangeMicroDetectorMode [mIsBargeInEnabled: %b, mCurrentDetectionMode: %s]
07-30 08:42:56.901  3134  3270 W Bugle   : Bugle: SubscriptionMetadataUtils get: unexpected subId = -2, replacing with -1
07-30 08:42:56.901  3134  3270 W Bugle   : Bugle: SubscriptionMetadataUtils get: unexpected subId = -2, replacing with -1
07-30 08:42:56.910   918  3203 I PermissionControllerServiceImpl: Updating user sensitive for uid 10137
07-30 08:42:56.910   918  3203 I PermissionControllerServiceImpl: Updating user sensitive for uid 10143
07-30 08:42:56.910  1515  2153 I MicroDetectionState: (REDACTED) Should stop hotword detection immediately - %b
07-30 08:42:56.912  1186  1192 I s.nexuslauncher: Background concurrent mark compact GC freed 5801KB AllocSpace bytes, 29(532KB) LOS objects, 49% free, 6771KB/13MB, paused 466us,8.533ms total 97.045ms
07-30 08:42:56.914   559   559 V NotificationManagerService$NotificationListeners: enabling notification listener for 0: ComponentInfo{com.google.android.apps.nexuslauncher/com.android.launcher3.notification.NotificationListener}
07-30 08:42:56.916  1573  1982 D TrafficStats: tagSocket(120) with statsTag=0x30001803, statsUid=-1
07-30 08:42:56.922  1186  1194 W System  : A resource failed to call release. 
07-30 08:42:56.922  1186  1194 W s.nexuslauncher: ApkAssets: Deleting an ApkAssets object '<empty> and /system_ext/priv-app/SystemUIGoogle/SystemUIGoogle.apk' with 1 weak references
07-30 08:42:56.923  1186  1194 W s.nexuslauncher: ApkAssets: Deleting an ApkAssets object '/vendor/overlay/SystemUIGoogle__sdk_gphone64_x86_64__auto_generated_rro_vendor.apk' with 1 weak references
07-30 08:42:56.923  1186  1194 W s.nexuslauncher: ApkAssets: Deleting an ApkAssets object '/product/overlay/SystemUIGoogle__sdk_gphone64_x86_64__auto_generated_rro_product.apk' with 1 weak references
07-30 08:42:56.923  1186  1194 W s.nexuslauncher: ApkAssets: Deleting an ApkAssets object '<empty> and /product/priv-app/WellbeingPrebuilt/WellbeingPrebuilt.apk' with 1 weak references
07-30 08:42:56.923  1186  1194 W s.nexuslauncher: ApkAssets: Deleting an ApkAssets object '<empty> and /product/priv-app/Velvet/Velvet.apk' with 1 weak references
07-30 08:42:56.923  1186  1194 W s.nexuslauncher: ApkAssets: Deleting an ApkAssets object '<empty> and /product/priv-app/SettingsIntelligenceGooglePrebuilt/SettingsIntelligenceGooglePrebuilt.apk' with 1 weak references
07-30 08:42:56.923  1186  1194 W s.nexuslauncher: ApkAssets: Deleting an ApkAssets object '<empty> and /system_ext/priv-app/SettingsGoogle/SettingsGoogle.apk' with 1 weak references
07-30 08:42:56.923   559  1016 W Role    : Default holder doesn't have required signing certificate: com.google.android.apps.work.clouddpc:23962F4B43B9857638EA66F4D419518EAE282491ACDA4B94707BD59003C45E58
07-30 08:42:56.923  1186  1194 W s.nexuslauncher: ApkAssets: Deleting an ApkAssets object '/product/overlay/SettingsGoogle__sdk_gphone64_x86_64__auto_generated_rro_product.apk' with 1 weak references
07-30 08:42:56.924  1186  1194 W System  : A resource failed to call release. 
07-30 08:42:56.924  1186  1194 W s.nexuslauncher: ApkAssets: Deleting an ApkAssets object '<empty> and /product/app/Camera2/Camera2.apk' with 1 weak references
07-30 08:42:56.924  1186  1194 W s.nexuslauncher: ApkAssets: Deleting an ApkAssets object '<empty> and /product/priv-app/PrebuiltBugle/PrebuiltBugle.apk' with 1 weak references
07-30 08:42:56.925   559   559 V NotificationManagerService$NotificationListeners: Not registering ComponentInfo{com.google.android.apps.nexuslauncher/com.android.launcher3.notification.NotificationListener} is already bound
07-30 08:42:56.925   559   559 V NotificationManagerService$NotificationListeners: enabling notification listener for 0: ComponentInfo{com.google.android.as/com.google.android.apps.miphone.aiai.common.notification.service.AiAiNotificationListenerService}
07-30 08:42:56.925   559   559 V NotificationManagerService$NotificationListeners: Not registering ComponentInfo{com.google.android.as/com.google.android.apps.miphone.aiai.common.notification.service.AiAiNotificationListenerService} is already bound
07-30 08:42:56.926   559   559 V NotificationManagerService$NotificationAssistants: enabling notification assistant for 0: ComponentInfo{com.google.android.as/com.google.android.apps.miphone.aiai.common.notification.service.AiAiNotificationAssistantService}
07-30 08:42:56.926  1186  1194 W s.nexuslauncher: ApkAssets: Deleting an ApkAssets object '<empty> and /product/priv-app/SafetyHubPrebuilt/SafetyHubPrebuilt.apk' with 1 weak references
07-30 08:42:56.927  1186  1194 W s.nexuslauncher: ApkAssets: Deleting an ApkAssets object '<empty> and /product/app/Maps/Maps.apk' with 1 weak references
07-30 08:42:56.931   559   559 V NotificationManagerService$NotificationAssistants: Not registering ComponentInfo{com.google.android.as/com.google.android.apps.miphone.aiai.common.notification.service.AiAiNotificationAssistantService} is already bound
07-30 08:42:56.932  1186  1216 D PackageUpdatedTask: Package updated: mOp=UPDATE packages=[com.google.android.googlequicksearchbox]
07-30 08:42:56.944  3134  3615 D TrafficStats: tagSocket(153) with statsTag=0x2100, statsUid=-1
07-30 08:42:56.947  3134  3615 D TrafficStats: tagSocket(153) with statsTag=0x2100, statsUid=-1
07-30 08:42:56.950  3134  3615 D TrafficStats: tagSocket(153) with statsTag=0x2100, statsUid=-1
07-30 08:42:56.953  3134  3615 D TrafficStats: tagSocket(153) with statsTag=0x2100, statsUid=-1
07-30 08:42:56.956  3134  3615 D TrafficStats: tagSocket(153) with statsTag=0x2100, statsUid=-1
07-30 08:42:56.957  3134  3615 D TrafficStats: tagSocket(153) with statsTag=0x2100, statsUid=-1
07-30 08:42:56.958  3134  3615 D TrafficStats: tagSocket(153) with statsTag=0x2100, statsUid=-1
07-30 08:42:56.959  3134  3615 D TrafficStats: tagSocket(153) with statsTag=0x2100, statsUid=-1
07-30 08:42:56.960  3134  3615 D TrafficStats: tagSocket(153) with statsTag=0x2100, statsUid=-1
07-30 08:42:56.975  3134  3270 I Bugle   : getRawTelephonyPhoneNumber redacted-pii[0-chars] [CONTEXT sub_id=-1 ]
07-30 08:42:56.976  3134  3270 W BugleAction: No default number, returning empty msisdn
07-30 08:42:56.977  3134  3270 I BugleRcsEngine: isRcsAvailableForSubId called with an invalid sub id: -2 [CONTEXT log_prefix="RcsProvisioningManager" thread_id=53 ]
07-30 08:42:56.978  3134  3270 W BugleEtouffee: E2eeStartupTask: Skip prekey checking because MSISDN is empty.
07-30 08:42:56.987  1186  1186 D StatsLog: LAUNCHER_ALLAPPS_COUNT
07-30 08:42:56.990  1230  1230 E WearableService: PackageRecordCache: appContext was already set bbpj@f68d875 -> bbpj@d87245d
07-30 08:42:57.015  1078  1078 D CarrierSvcBindHelper: onPackageModified: com.google.android.as
07-30 08:42:57.029  1078  1078 D CarrierSvcBindHelper: No carrier app for: 0
07-30 08:42:57.031  3134  3304 I Bugle   : BroadcastReceiverAsyncWorkTracker: Acknowledging broadcast of buoi@c050820
07-30 08:42:57.041  1230  1230 I Wear_Controller: Wearable module requires a companion app to be installed.
07-30 08:42:57.041  1230  1230 I WearableService: onCreate: Wearable Services not starting. Wear is not available on this device.
07-30 08:42:57.051  1078  1078 E SmsApplication: com.google.android.apps.messaging lost android:read_cell_broadcasts:  (fixing)
07-30 08:42:57.051   559  2052 W AppOpService: Ignored setUidMode call for runtime permission app op: uid = 10133, code = READ_CELL_BROADCASTS, mode = allow, callingUid = 1001, oldMode = allow
07-30 08:42:57.058  1078  1078 E CellBroadcastUtils: getDefaultCellBroadcastReceiverPackageName: no package found
07-30 08:42:57.058   559   575 W AppOpService: Ignored setUidMode call for runtime permission app op: uid = 1001, code = READ_SMS, mode = allow, callingUid = 1001, oldMode = allow
07-30 08:42:57.059   559   575 W AppOpService: Ignored setUidMode call for runtime permission app op: uid = 1001, code = RECEIVE_SMS, mode = allow, callingUid = 1001, oldMode = allow
07-30 08:42:57.059   559   575 W AppOpService: Ignored setUidMode call for runtime permission app op: uid = 1001, code = RECEIVE_WAP_PUSH, mode = allow, callingUid = 1001, oldMode = allow
07-30 08:42:57.059   559   575 W AppOpService: Ignored setUidMode call for runtime permission app op: uid = 1001, code = SEND_SMS, mode = allow, callingUid = 1001, oldMode = allow
07-30 08:42:57.059   559   575 W AppOpService: Ignored setUidMode call for runtime permission app op: uid = 1001, code = READ_CELL_BROADCASTS, mode = allow, callingUid = 1001, oldMode = allow
07-30 08:42:57.060  1078  1078 D CarrierSvcBindHelper: onPackageModified: com.google.android.gms
07-30 08:42:57.061  1078  1078 D CarrierSvcBindHelper: No carrier app for: 0
07-30 08:42:57.062  1078  1285 D ImsResolver: maybeAddedImsService, packageName: com.google.android.as
07-30 08:42:57.063  1078  1078 E SmsApplication: com.google.android.apps.messaging lost android:read_cell_broadcasts:  (fixing)
07-30 08:42:57.063   559  1918 W AppOpService: Ignored setUidMode call for runtime permission app op: uid = 10133, code = READ_CELL_BROADCASTS, mode = allow, callingUid = 1001, oldMode = allow
07-30 08:42:57.064  1078  1078 E CellBroadcastUtils: getDefaultCellBroadcastReceiverPackageName: no package found
07-30 08:42:57.064   559  2634 W AppOpService: Ignored setUidMode call for runtime permission app op: uid = 1001, code = READ_SMS, mode = allow, callingUid = 1001, oldMode = allow
07-30 08:42:57.065   559  2254 W AppOpService: Ignored setUidMode call for runtime permission app op: uid = 1001, code = RECEIVE_SMS, mode = allow, callingUid = 1001, oldMode = allow
07-30 08:42:57.066  1573  2652 I PeopleGalProvider: Gal directories started.
07-30 08:42:57.066   559  2634 W AppOpService: Ignored setUidMode call for runtime permission app op: uid = 1001, code = RECEIVE_WAP_PUSH, mode = allow, callingUid = 1001, oldMode = allow
07-30 08:42:57.068   559  2634 W AppOpService: Ignored setUidMode call for runtime permission app op: uid = 1001, code = SEND_SMS, mode = allow, callingUid = 1001, oldMode = allow
07-30 08:42:57.069   559  2634 W AppOpService: Ignored setUidMode call for runtime permission app op: uid = 1001, code = READ_CELL_BROADCASTS, mode = allow, callingUid = 1001, oldMode = allow
07-30 08:42:57.069  1573  1979 E PhenotypeFlagCommitter: Retrieving snapshot for com.google.android.gms.playlog.uploader failed
07-30 08:42:57.069  1573  1979 E PhenotypeFlagCommitter: java.util.concurrent.TimeoutException: Timed out waiting for Task
07-30 08:42:57.069  1573  1979 E PhenotypeFlagCommitter: 	at dkkh.n(:com.google.android.gms@242335041@24.23.35 (190800-646585959):53)
07-30 08:42:57.069  1573  1979 E PhenotypeFlagCommitter: 	at czsy.f(:com.google.android.gms@242335041@24.23.35 (190800-646585959):11)
07-30 08:42:57.069  1573  1979 E PhenotypeFlagCommitter: 	at czsy.j(:com.google.android.gms@242335041@24.23.35 (190800-646585959):42)
07-30 08:42:57.069  1573  1979 E PhenotypeFlagCommitter: 	at czsy.k(:com.google.android.gms@242335041@24.23.35 (190800-646585959):20)
07-30 08:42:57.069  1573  1979 E PhenotypeFlagCommitter: 	at czsy.j(:com.google.android.gms@242335041@24.23.35 (190800-646585959):123)
07-30 08:42:57.069  1573  1979 E PhenotypeFlagCommitter: 	at czsy.h(:com.google.android.gms@242335041@24.23.35 (190800-646585959):4)
07-30 08:42:57.069  1573  1979 E PhenotypeFlagCommitter: 	at com.google.android.gms.clearcut.init.ClearcutInitChimeraIntentService.b(:com.google.android.gms@242335041@24.23.35 (190800-646585959):45)
07-30 08:42:57.069  1573  1979 E PhenotypeFlagCommitter: 	at ajjh.onHandleIntent(:com.google.android.gms@242335041@24.23.35 (190800-646585959):136)
07-30 08:42:57.069  1573  1979 E PhenotypeFlagCommitter: 	at com.google.android.gms.clearcut.init.DefaultPriorityClearcutInitChimeraIntentService.onHandleIntent(:com.google.android.gms@242335041@24.23.35 (190800-646585959):12)
07-30 08:42:57.069  1573  1979 E PhenotypeFlagCommitter: 	at com.google.android.chimera.IntentOperation.onHandleIntent(:com.google.android.gms@242335041@24.23.35 (190800-646585959):2)
07-30 08:42:57.069  1573  1979 E PhenotypeFlagCommitter: 	at ajom.onHandleIntent(:com.google.android.gms@242335041@24.23.35 (190800-646585959):8)
07-30 08:42:57.069  1573  1979 E PhenotypeFlagCommitter: 	at pkf.run(:com.google.android.gms@242335041@24.23.35 (190800-646585959):70)
07-30 08:42:57.069  1573  1979 E PhenotypeFlagCommitter: 	at pke.run(:com.google.android.gms@242335041@24.23.35 (190800-646585959):152)
07-30 08:42:57.069  1573  1979 E PhenotypeFlagCommitter: 	at emsz.run(:com.google.android.gms@242335041@24.23.35 (190800-646585959):21)
07-30 08:42:57.069  1573  1979 E PhenotypeFlagCommitter: 	at java.util.concurrent.ThreadPoolExecutor.runWorker(ThreadPoolExecutor.java:1145)
07-30 08:42:57.069  1573  1979 E PhenotypeFlagCommitter: 	at java.util.concurrent.ThreadPoolExecutor$Worker.run(ThreadPoolExecutor.java:644)
07-30 08:42:57.069  1573  1979 E PhenotypeFlagCommitter: 	at java.lang.Thread.run(Thread.java:1012)
07-30 08:42:57.069  1573  2652 I PeopleGalProvider: Method 1 completed.
07-30 08:42:57.070  1573  2652 I PeopleGalProvider: Method 1 finished successfully.
07-30 08:42:57.083   559  1016 E RoleControllerServiceImpl: Default/fallback role holder package doesn't qualify for the role, package: com.google.android.gms, role: android.app.role.WALLET
07-30 08:42:57.087   559  1016 E RoleControllerServiceImpl: Default/fallback role holder package doesn't qualify for the role, package: com.google.android.devicelockcontroller, role: android.app.role.SYSTEM_FINANCED_DEVICE_CONTROLLER
07-30 08:42:57.093  3134  3270 I BugleWorkQueue: WorkQueueCancellationController: Cancelled rows with handler, handlerKey: run_analyze, itemCount: 0
07-30 08:42:57.103  3134  3272 D ProfileInstaller: Installing profile for com.google.android.apps.messaging
07-30 08:42:57.108  1078  1285 D ImsResolver: maybeAddedImsService, packageName: com.google.android.gms
07-30 08:42:57.111  3134  3272 I BugleRcsProvisioning: RcsProvisioningTrigger: Schedule provisioning on app startup
07-30 08:42:57.111  3134  3272 I BugleRcsProvisioning: RcsProvisioningTrigger: updateAvailabilityForAllSimsAsync : hint = NO_HINT logTriggerEvent = false
07-30 08:42:57.112  3134  3272 I Bugle   : RcsAvailabilityUtilForProvisioningEngineV2: updateAvailabilityForAllSimsAsync, hint: NO_HINT
07-30 08:42:57.116  3134  3272 I RcsAvailabilityUpdaterL: updateAvailabilityForAllSimsAsync: scheduling updateAvailabilityForRcsProvisioningId call. Hint: NO_HINT, enableWelcomePopupWithoutGoogleTos: false, reshowSuccessPopup: false
07-30 08:42:57.117  3134  3273 I BugleNetwork: Startup: registering tachyon.
07-30 08:42:57.119   559  2254 D PackageManager: Instant App installer not found with android.intent.action.INSTALL_INSTANT_APP_PACKAGE
07-30 08:42:57.119   559  2254 D PackageManager: Clear ephemeral installer activity
07-30 08:42:57.121  3134  3270 I RcsAvailabilityUpdaterL: updateRcsAvailabilityForDefaultCallSim: hint: NO_HINT, canReshowWelcomeMessage: false
07-30 08:42:57.123   559   589 W MagnificationConnectionManager: requestConnection duplicated request: connect=false, mConnectionState=DISCONNECTED
07-30 08:42:57.124   559   559 W Looper  : Drained
07-30 08:42:57.124   559   559 W IPCThreadState: Sending oneway calls to frozen process.
07-30 08:42:57.124   559   559 W IPCThreadState: Sending oneway calls to frozen process.
07-30 08:42:57.127  1230  2438 I NetworkScheduler.Stats: Task com.google.android.gms/com.google.android.gms.pay.gcmtask.PayGcmTaskService finished executing. cause:7 result: 2 elapsed_millis: 528 uptime_millis: 528 exec_start_elapsed_seconds: 82 [CONTEXT service_id=218 ]
07-30 08:42:57.136  3134  3270 I BugleRcsEngine: [SR]: Single Registration is disabled. Skipping Single Registration capability check for subId: 1, OS.isAtLeastS:[true], enableSingleRegistrationProvisioning:[false] [CONTEXT thread_id=53 ]
07-30 08:42:57.138   559   987 D PackageManager: Instant App installer not found with android.intent.action.INSTALL_INSTANT_APP_PACKAGE
07-30 08:42:57.140  3134  3273 I BugleNetwork: Startup: registering tachyon for phone.
07-30 08:42:57.140   559   987 D PackageManager: Clear ephemeral installer activity
07-30 08:42:57.141  3134  3272 I BugleNetwork: RegistrationProvider: Getting Tachyon registration
07-30 08:42:57.148  1230  2102 W WearableService: onGetService: Wear is not available on this device.
07-30 08:42:57.153  3134  3270 I RcsAvailabilityUpdaterL: RcsAvailability configuration availability and enabled status: simId: redacted-pii:sim_id[chars:20,last3:897], SipConnectionType: DUAL_REG, isConfigurationAvailableAndEnabled: false
07-30 08:42:57.153   559   575 D PackageManager: Instant App installer not found with android.intent.action.INSTALL_INSTANT_APP_PACKAGE
07-30 08:42:57.153   559   575 D PackageManager: Clear ephemeral installer activity
07-30 08:42:57.154  3134  3273 I BugleNetwork: Profile service is not connected at startup task.
07-30 08:42:57.166  1515  2615 I tflite  : Initialized TensorFlow Lite runtime.
07-30 08:42:57.166  3134  3211 D nativeloader: Load libcurve25519.so using ns product-clns-8 from class loader (caller=/product/priv-app/PrebuiltBugle/PrebuiltBugle.apk!classes6.dex): dlopen failed: library "libcurve25519.so" not found
07-30 08:42:57.167   559   873 E system_server: No package ID 7f found for resource ID 0x7f0803ff.
07-30 08:42:57.167   559   873 E system_server: No package ID 7f found for resource ID 0x7f1510ad.
07-30 08:42:57.167   559   873 E system_server: No package ID 7f found for resource ID 0x7f1510ad.
07-30 08:42:57.167   559   873 E system_server: No package ID 7f found for resource ID 0x7f1510ac.
07-30 08:42:57.167   559   873 D ShortcutService: Package com.google.android.apps.messaging has 1 manifest shortcut(s), and 2 share target(s)
07-30 08:42:57.167   559   873 D ShortcutService: Package com.google.android.apps.messaging updated, version 235003880 -> 235003880
07-30 08:42:57.167   559   873 D ShortcutService: Package com.google.android.apps.messaging: publishing manifest shortcuts
07-30 08:42:57.168   559   575 D PackageManager: Instant App installer not found with android.intent.action.INSTALL_INSTANT_APP_PACKAGE
07-30 08:42:57.168   559   575 D PackageManager: Clear ephemeral installer activity
07-30 08:42:57.173   559   873 D ShortcutService: received package broadcast intent: Intent { act=android.intent.action.PACKAGE_CHANGED dat=package: flg=0x45000010 (has extras) }
07-30 08:42:57.173   559   873 D ShortcutService: changing package: com.google.android.as userId0
07-30 08:42:57.173   559   873 D ShortcutService: handlePackageChanged: com.google.android.as user=0
07-30 08:42:57.173   559   873 D ShortcutService: rescanPackageIfNeeded 0@com.google.android.as, forceRescan=true , isNewApp=false
07-30 08:42:57.173   559   873 D ShortcutService: Package com.google.android.as has 0 manifest shortcut(s), and 0 share target(s)
07-30 08:42:57.173   559   873 D ShortcutService: Package com.google.android.as updated, version 12692945 -> 12692945
07-30 08:42:57.174   559   873 D ShortcutService: Package com.google.android.as: publishing manifest shortcuts
07-30 08:42:57.174   559   873 D ShortcutService: received package broadcast intent: Intent { act=android.intent.action.PACKAGE_CHANGED dat=package: flg=0x45000010 (has extras) }
07-30 08:42:57.174   559   873 D ShortcutService: changing package: com.google.android.gms userId0
07-30 08:42:57.174   559   873 D ShortcutService: handlePackageChanged: com.google.android.gms user=0
07-30 08:42:57.174   559   873 D ShortcutService: rescanPackageIfNeeded 0@com.google.android.gms, forceRescan=true , isNewApp=false
07-30 08:42:57.187   559   575 D PackageManager: Instant App installer not found with android.intent.action.INSTALL_INSTANT_APP_PACKAGE
07-30 08:42:57.187   559   575 D PackageManager: Clear ephemeral installer activity
07-30 08:42:57.234  1573  1573 D BoundBrokerSvc: onBind: Intent { act=com.google.android.gms.usagereporting.service.UsageReportingChimeraService$CheckboxRestoringTaskBoundService.ACTION_TASK_READY dat=chimera-action:/... cmp=com.google.android.gms/.chimera.GmsInternalBoundBrokerService }
07-30 08:42:57.234  1573  1573 D BoundBrokerSvc: Loading bound service for intent: Intent { act=com.google.android.gms.usagereporting.service.UsageReportingChimeraService$CheckboxRestoringTaskBoundService.ACTION_TASK_READY dat=chimera-action:/... cmp=com.google.android.gms/.chimera.GmsInternalBoundBrokerService }
07-30 08:42:57.237  1573  2475 W ChimeraUtils: Module com.google.android.gms.container missing resource null(0)
07-30 08:42:57.248  3134  3272 W TimedProcessReaper: Scheduling killing of process to refresh configuration
07-30 08:42:57.254   559   987 D PackageManager: Instant App installer not found with android.intent.action.INSTALL_INSTANT_APP_PACKAGE
07-30 08:42:57.254   559   987 D PackageManager: Clear ephemeral installer activity
07-30 08:42:57.281  3139  3253 W TimedProcessReaper: Scheduling killing of process to refresh configuration
07-30 08:42:57.288  1573  1573 D BoundBrokerSvc: onBind: Intent { act=com.google.android.gms.constellation.service.START pkg=com.google.android.gms }
07-30 08:42:57.288  1573  1573 D BoundBrokerSvc: Loading bound service for intent: Intent { act=com.google.android.gms.constellation.service.START pkg=com.google.android.gms }
07-30 08:42:57.300  3134  3270 I RcsAvailabilityUpdaterL: updateAvailabilityForRcsProvisioningId. SimId: redacted-pii:sim_id[chars:20,last3:897], currentAvailability: 2, newAvailability: 2, hint: NO_HINT
07-30 08:42:57.301  3134  3298 I BugleRcsProvisioning: RcsProvisioningTrigger: onRcsAvailabilityUpdate : availability is updated to RCS is disabled for this carrier by Google, lastAvailabilityLocal is RCS is disabled for this carrier by Google, simId hash = -4774490514625236642, simId = redacted-pii:sim_id[chars:20,last3:897], isPev3Enabled = true
07-30 08:42:57.301  3134  3607 I BugleRcsProvisioning: scheduleProvisioningForEligibleSims
07-30 08:42:57.301  3134  3607 I BugleRcsProvisioning: scheduleProvisioning using legacy code path
07-30 08:42:57.302  3134  3607 I BugleRcsEngine: [SR]: Single Registration is disabled. Skipping Single Registration capability check for subId: 1, OS.isAtLeastS:[true], enableSingleRegistrationProvisioning:[false] [CONTEXT thread_id=96 ]
07-30 08:42:57.302  3134  3607 I BugleRcsProvisioning: RcsProvisioningTrigger: DR is active, initializing DR provisioning. DUAL_REG
07-30 08:42:57.302  3134  3298 I BugleRcsEngine: [SR]: Single Registration is disabled. Skipping Single Registration capability check for subId: 1, OS.isAtLeastS:[true], enableSingleRegistrationProvisioning:[false] [CONTEXT thread_id=64 ]
07-30 08:42:57.306  3134  3298 I BugleRcsEngine: Skipping provisioning scheduling since RCS is disabled [CONTEXT thread_id=64 ]
07-30 08:42:57.312   559   575 D PackageManager: Instant App installer not found with android.intent.action.INSTALL_INSTANT_APP_PACKAGE
07-30 08:42:57.314   559   575 D PackageManager: Clear ephemeral installer activity
07-30 08:42:57.325   559   575 D PackageManager: Instant App installer not found with android.intent.action.INSTALL_INSTANT_APP_PACKAGE
07-30 08:42:57.325   559   575 D PackageManager: Clear ephemeral installer activity
07-30 08:42:57.332   559   873 D ShortcutService: Package com.google.android.gms has 0 manifest shortcut(s), and 1 share target(s)
07-30 08:42:57.332   559   873 D ShortcutService: Package com.google.android.gms updated, version 242335041 -> 242335041
07-30 08:42:57.332   559   873 D ShortcutService: Package com.google.android.gms: publishing manifest shortcuts
07-30 08:42:57.340   559  1918 D PackageManager: Instant App installer not found with android.intent.action.INSTALL_INSTANT_APP_PACKAGE
07-30 08:42:57.340   559  1918 D PackageManager: Clear ephemeral installer activity
07-30 08:42:57.343  1230  2404 E GmsConnectionFactory: UID for network attribution might be misset for tag 805307399 [CONTEXT service_id=39 ]
07-30 08:42:57.343  1230  2404 E GmsConnectionFactory: epof: FULL
07-30 08:42:57.343  1230  2404 E GmsConnectionFactory: 	at a.S(:com.google.android.gms@242335041@24.23.35 (190800-646585959):9)
07-30 08:42:57.343  1230  2404 E GmsConnectionFactory: 	at bbmu.a(:com.google.android.gms@242335041@24.23.35 (190800-646585959):147)
07-30 08:42:57.343  1230  2404 E GmsConnectionFactory: 	at bewm.c(:com.google.android.gms@242335041@24.23.35 (190800-646585959):116)
07-30 08:42:57.343  1230  2404 E GmsConnectionFactory: 	at bewd.d(:com.google.android.gms@242335041@24.23.35 (190800-646585959):11)
07-30 08:42:57.343  1230  2404 E GmsConnectionFactory: 	at bewi.a(:com.google.android.gms@242335041@24.23.35 (190800-646585959):4)
07-30 08:42:57.343  1230  2404 E GmsConnectionFactory: 	at bewd.b(:com.google.android.gms@242335041@24.23.35 (190800-646585959):84)
07-30 08:42:57.343  1230  2404 E GmsConnectionFactory: 	at bewd.execute(:com.google.android.gms@242335041@24.23.35 (190800-646585959):8)
07-30 08:42:57.343  1230  2404 E GmsConnectionFactory: 	at bewd.execute(:com.google.android.gms@242335041@24.23.35 (190800-646585959):5)
07-30 08:42:57.343  1230  2404 E GmsConnectionFactory: 	at bcue.h(:com.google.android.gms@242335041@24.23.35 (190800-646585959):505)
07-30 08:42:57.343  1230  2404 E GmsConnectionFactory: 	at bcty.run(:com.google.android.gms@242335041@24.23.35 (190800-646585959):13)
07-30 08:42:57.343  1230  2404 E GmsConnectionFactory: 	at angs.c(:com.google.android.gms@242335041@24.23.35 (190800-646585959):50)
07-30 08:42:57.343  1230  2404 E GmsConnectionFactory: 	at angs.run(:com.google.android.gms@242335041@24.23.35 (190800-646585959):76)
07-30 08:42:57.343  1230  2404 E GmsConnectionFactory: 	at java.util.concurrent.ThreadPoolExecutor.runWorker(ThreadPoolExecutor.java:1145)
07-30 08:42:57.343  1230  2404 E GmsConnectionFactory: 	at java.util.concurrent.ThreadPoolExecutor$Worker.run(ThreadPoolExecutor.java:644)
07-30 08:42:57.343  1230  2404 E GmsConnectionFactory: 	at anmg.run(:com.google.android.gms@242335041@24.23.35 (190800-646585959):8)
07-30 08:42:57.343  1230  2404 E GmsConnectionFactory: 	at java.lang.Thread.run(Thread.java:1012)
07-30 08:42:57.344  1515  2615 E SpeechMicro: Hotword model is single-channel neuralnet.
07-30 08:42:57.352   559   589 I AppBindingService: Stopping: com.google.android.apps.messaging/com.google.android.ims.binding.SystemBindingService u0
07-30 08:42:57.353  3366  3366 I CarrierServices: SystemBindingService onDestroy
07-30 08:42:57.355  1186  1216 D PackageUpdatedTask: Package updated: mOp=UPDATE packages=[com.google.android.apps.messaging]
07-30 08:42:57.356  1450  1450 I AiAiEcho: AppFetcherImpl onPackageChanged com.google.android.apps.messaging.
07-30 08:42:57.358  1450  2048 I AiAiEcho: AppIndexer Package:[com.google.android.apps.messaging] UserProfile:[0] Enabled:[true].
07-30 08:42:57.358   559   589 W MagnificationConnectionManager: requestConnection duplicated request: connect=false, mConnectionState=DISCONNECTED
07-30 08:42:57.359   559   559 W IPCThreadState: Sending oneway calls to frozen process.
07-30 08:42:57.359   559   559 W IPCThreadState: Sending oneway calls to frozen process.
07-30 08:42:57.360   559   589 D AmbientContextManagerService: onServiceRemoved
07-30 08:42:57.360   559   589 D AmbientContextManagerPerUserService: Trying to cancel the remote request. Reason: Service destroyed.
07-30 08:42:57.360   559   589 D AmbientContextManagerService: newServicesListLocked with service name: com.google.android.as/com.google.android.apps.miphone.aiai.app.AiAiAmbientContextDetectionService
07-30 08:42:57.361   559   589 D DefaultAmbientContextManagerPerUserService: Created DefaultAmbientContextManagerPerUserServiceand service type: DEFAULT and service name: com.google.android.as/com.google.android.apps.miphone.aiai.app.AiAiAmbientContextDetectionService
07-30 08:42:57.363   559   589 W MagnificationConnectionManager: requestConnection duplicated request: connect=false, mConnectionState=DISCONNECTED
07-30 08:42:57.367  1450  2048 I AiAiEcho: AppFetcherImplV2 updateApps package:[com.google.android.apps.messaging], userId:[0], reason:[package is updated.].
07-30 08:42:57.367   559   559 W IPCThreadState: Sending oneway calls to frozen process.
07-30 08:42:57.369   559   559 W IPCThreadState: Sending oneway calls to frozen process.
07-30 08:42:57.371  1450  1450 I AiAiEcho: AppFetcherImpl onPackageChanged com.google.android.as.
07-30 08:42:57.374  1450  2303 I AiAiEcho: AppIndexer Package:[com.google.android.as] UserProfile:[0] Enabled:[true].
07-30 08:42:57.376  1450  2303 I AiAiEcho: AppFetcherImplV2 updateApps package:[com.google.android.as], userId:[0], reason:[package is updated.].
07-30 08:42:57.380  1186  1186 D StatsLog: LAUNCHER_ALLAPPS_COUNT
07-30 08:42:57.388  1186  1216 D PackageUpdatedTask: Package updated: mOp=UPDATE packages=[com.google.android.as]
07-30 08:42:57.392  1186  1216 W AllAppsList: updatePromiseInstallInfo: no Activities matched updated package, removing all apps from package=com.google.android.as
07-30 08:42:57.404  1078  1085 W System  : A resource failed to call AbstractCursor.close. 
07-30 08:42:57.404  1078  1085 W System  : A resource failed to call AbstractCursor.close. 
07-30 08:42:57.415   559   987 D PackageManager: Instant App installer not found with android.intent.action.INSTALL_INSTANT_APP_PACKAGE
07-30 08:42:57.416   559   987 D PackageManager: Clear ephemeral installer activity
07-30 08:42:57.420  3366  3366 I CarrierServices: SystemBindingService onCreate
07-30 08:42:57.420   559  2254 D ConnectivityService: requestNetwork for uid/pid:10133/3366 activeRequest: null callbackRequest: 121 [NetworkRequest [ TRACK_DEFAULT id=122, [ Capabilities: INTERNET&NOT_RESTRICTED&TRUSTED&NOT_VCN_MANAGED&NOT_BANDWIDTH_CONSTRAINED Uid: 10133 RequestorUid: 10133 RequestorPkg: com.google.android.apps.messaging UnderlyingNetworks: Null] ], NetworkRequest [ REQUEST id=123, [ Transports: SATELLITE Capabilities: INTERNET&TRUSTED&NOT_VCN_MANAGED Uid: 10133 RequestorUid: 10133 RequestorPkg: com.google.android.apps.messaging UnderlyingNetworks: Null] ]] callback flags: 0 order: 2147483647 isUidTracked: false
07-30 08:42:57.424   559   830 D ConnectivityService: NetReassign [122 : null → 100] [c 0] [a 0] [i 1]
07-30 08:42:57.431  3366  3404 I CarrierServices: SystemBindingService: Starting JibeService
07-30 08:42:57.437   559  1918 D PackageManager: Instant App installer not found with android.intent.action.INSTALL_INSTANT_APP_PACKAGE
07-30 08:42:57.437   559  1918 D PackageManager: Clear ephemeral installer activity
07-30 08:42:57.450  3366  3404 I BugleRcsEngine: Broadcasting provisioning intent rcs.intent.action.rcsSystemBinding to Bugle with extras redacted-pii:[null] from source SYSTEM_BINDING_SERVICE [CONTEXT log_prefix="EngineBroadcaster" thread_id=50 ]
07-30 08:42:57.460   559  2052 D PackageManager: Instant App installer not found with android.intent.action.INSTALL_INSTANT_APP_PACKAGE
07-30 08:42:57.461   559  2052 D PackageManager: Clear ephemeral installer activity
07-30 08:42:57.462  3134  3272 I BugleTransport: onSystemBound: kicking off updateActiveTransport
07-30 08:42:57.463  3134  3298 W BugleAction: Failed to get msisdn from Bugle
07-30 08:42:57.464  3134  3298 W Bugle   : Bugle: SubscriptionMetadataUtils get: unexpected subId = -2, replacing with -1
07-30 08:42:57.464  3134  3298 W Bugle   : Bugle: SubscriptionMetadataUtils get: unexpected subId = -2, replacing with -1
07-30 08:42:57.465  3134  3272 I BugleRcsProvisioning: RcsProvisioningTrigger: System bound to :rcs process. Schedule provisioning.
07-30 08:42:57.466  1515  2615 I native  : I0000 00:00:1785400977.466762    2615 enrollment_manager_impl.cc:1193] Disabling TI-SID.
07-30 08:42:57.466  1515  2615 W native  : W0000 00:00:1785400977.466834    2615 language_pack_utils.cc:210] Neither language pack directory nor config file path is set.
07-30 08:42:57.466  1515  2615 W native  : W0000 00:00:1785400977.466862    2615 enrollment_manager_impl_utils.cc:86] No standalone TI-SID pipeline config found:INVALID_ARGUMENT: Could not determine LP directory.
07-30 08:42:57.466  1515  2615 W native  : === Source Location Trace: ===
07-30 08:42:57.466  1515  2615 W native  : speech/soda/utils/language_pack_utils.cc:357
07-30 08:42:57.466  1515  2615 W native  : W0000 00:00:1785400977.466890    2615 enrollment_manager_impl.cc:1205] Unable to select ASR config path: INVALID_ARGUMENT: No provided LP directory.
07-30 08:42:57.466  1515  2615 W native  : === Source Location Trace: ===
07-30 08:42:57.466  1515  2615 W native  : speech/soda/utils/language_pack_utils.cc:295
07-30 08:42:57.466  1515  2615 I native  : I0000 00:00:1785400977.466921    2615 enrollment_manager_impl.cc:919] Attempting to insert stored TD-SID profiles into config.
07-30 08:42:57.466  1515  2615 I native  : I0000 00:00:1785400977.466947    2615 enrollment_manager_impl.cc:943] Found 0 speakers with existing TDSID models.
07-30 08:42:57.466  3134  3272 I BugleRcsProvisioning: scheduleProvisioning using legacy code path
07-30 08:42:57.467  1515  2615 W native  : W0000 00:00:1785400977.467205    2615 enrollment_manager_impl.cc:975] No valid TD-SID models found.
07-30 08:42:57.467  1515  2615 I native  : I0000 00:00:1785400977.467242    2615 enrollment_manager_impl.cc:1274] Retrieved stored TDSID models. Speakers requiring re-training:0
07-30 08:42:57.467  1515  2615 I native  : I0000 00:00:1785400977.467268    2615 enrollment_manager_impl.cc:992] Attempting to insert stored TI-SID profiles into config.
07-30 08:42:57.467  1515  2615 I native  : I0000 00:00:1785400977.467292    2615 enrollment_manager_impl.cc:1008] TI-SID version is invalid. Returning early.
07-30 08:42:57.467  3134  3272 I BugleRcsEngine: [SR]: Single Registration is disabled. Skipping Single Registration capability check for subId: 1, OS.isAtLeastS:[true], enableSingleRegistrationProvisioning:[false] [CONTEXT thread_id=55 ]
07-30 08:42:57.467  1515  2615 I native  : I0000 00:00:1785400977.467314    2615 enrollment_manager_impl.cc:1287] Retrieved stored TISID models. Speakers requiring re-training:0
07-30 08:42:57.467  1515  2615 I native  : I0000 00:00:1785400977.467401    2615 enrollment_manager_impl.cc:1297] Retrieved Server TISID models. 
07-30 08:42:57.467  3134  3272 I BugleRcsProvisioning: RcsProvisioningTrigger: DR is active, initializing DR provisioning. DUAL_REG
07-30 08:42:57.467  1515  2615 I native  : I0000 00:00:1785400977.467573    2615 enrollment_manager_impl.cc:457] Invoking listeners with updated speaker profiles.
07-30 08:42:57.467  1515  1712 I A       : (REDACTED) handleResponse for  %s user(s)
07-30 08:42:57.468  1515  1712 I A       : (REDACTED) Found SodaVmmmClassicWriter. Preparing to propagate model update for status: %s
07-30 08:42:57.476   559  2254 D PackageManager: Instant App installer not found with android.intent.action.INSTALL_INSTANT_APP_PACKAGE
07-30 08:42:57.476   559  2254 D PackageManager: Clear ephemeral installer activity
07-30 08:42:57.477  1515  1712 I A       : Skipping model update propagation to SodaVmmmClassicWriter since speaker model did not change.
07-30 08:42:57.477  1515  1712 I A       : #handleModelUpdate
07-30 08:42:57.477  1515  1712 I A       : (REDACTED) # of TDSID models received: %s
07-30 08:42:57.477  1515  1712 I A       : (REDACTED) Size of TI-SID model bytestring received: %s
07-30 08:42:57.477  1515  1712 I A       : (REDACTED) # of Server TI-SID voiceprints received: %s
07-30 08:42:57.480  3134  3291 I Bugle   : BroadcastReceiverAsyncWorkTracker: Acknowledging broadcast of com.google.android.apps.messaging.rcsprovisioning.RcsProvisioningBroadcastReceiver@bb4ebb0
07-30 08:42:57.481  3134  3298 I Bugle   : getRawTelephonyPhoneNumber redacted-pii[0-chars] [CONTEXT sub_id=-1 ]
07-30 08:42:57.481  3134  3609 I BugleRcsEngine: [SR]: Single Registration is disabled. Skipping Single Registration capability check for subId: 1, OS.isAtLeastS:[true], enableSingleRegistrationProvisioning:[false] [CONTEXT thread_id=98 ]
07-30 08:42:57.481  3134  3298 W BugleAction: No default number, returning empty msisdn
07-30 08:42:57.482  3134  3298 I BugleRcsEngine: isRcsAvailableForSubId called with an invalid sub id: -2 [CONTEXT log_prefix="RcsProvisioningManager" thread_id=64 ]
07-30 08:42:57.482  3134  3609 I BugleRcsEngine: Skipping provisioning scheduling since RCS is disabled [CONTEXT thread_id=98 ]
07-30 08:42:57.483  1515  1712 I SodaEnrollmentClient: #getSpeakerIdModel
07-30 08:42:57.483  1515  1712 I SodaEnrollmentClient: #initialize
07-30 08:42:57.485  3134  3270 I BugleTransport: isChatAvailable: RcsAvailability is DISABLED_VIA_GSERVICES (RCS is disabled for this carrier by Google)
07-30 08:42:57.485  3134  3607 I BugleTransport: updateActiveTransport: refreshing chat transport
07-30 08:42:57.485  1230  2454 W GmsUrlRequestImpl: Content-Type header is overwritten.
07-30 08:42:57.486  3134  3607 I BugleTransport: refreshChatTransport: isChatAvailable: false, enabledTransport: 1, configuration: <empty>
07-30 08:42:57.488  3134  3270 I RcsClientLib: Connecting RcsEngineLifecycleService
07-30 08:42:57.489   559   873 D ShortcutService: Saving package item com.google.android.googlequicksearchbox to /data/system_ce/0/shortcut_service/packages/com.google.android.googlequicksearchbox.xml
07-30 08:42:57.490   559  1918 D PackageManager: Instant App installer not found with android.intent.action.INSTALL_INSTANT_APP_PACKAGE
07-30 08:42:57.490   559  1918 D PackageManager: Clear ephemeral installer activity
07-30 08:42:57.491  3134  3270 W RcsClientLib: No CS.apk RCS service found. Is RCS running in Bugle?
07-30 08:42:57.493  1230  1230 D BoundBrokerSvc: onUnbind: Intent { act=com.google.android.gms.instantapps.START pkg=com.google.android.gms }
07-30 08:42:57.495  3366  3399 W BugleRcsEngine: Unable to send diagnostic log [CONTEXT thread_id=46 ]
07-30 08:42:57.500   559  2254 D PackageManager: Instant App installer not found with android.intent.action.INSTALL_INSTANT_APP_PACKAGE
07-30 08:42:57.500   559  2254 D PackageManager: Clear ephemeral installer activity
07-30 08:42:57.501  1230  2538 W ChimeraUtils: Module com.google.android.gms.location__nonwearable missing resource location_module_display_name(0)
07-30 08:42:57.509  3134  3270 I RcsClientLib: shouldUseCarrierServicesJibeService: false, CarrierServices rcs service found: false
07-30 08:42:57.511   559  2254 V SafetySourceDataValidat: Package: com.google.android.gms has expected signature
07-30 08:42:57.511   559  2254 V SafetySourceDataValidat: Package: com.google.android.gms has expected signature
07-30 08:42:57.516  1230  2438 I NetworkScheduler.Stats: Task com.google.android.gms/com.google.android.gms.usagereporting.service.UsageReportingChimeraService$CheckboxRestoringTaskBoundService started execution. cause:5 exec_start_elapsed_seconds: 84 [CONTEXT service_id=218 ]
07-30 08:42:57.526   559   665 I RoleService: Granting default roles...
07-30 08:42:57.532   559  1016 W Role    : Default holder doesn't have required signing certificate: com.google.android.retaildemo:6547c73dee150c103980bfdffe55cc9a011d785dd694a5f99afd8205bcaf1f80
07-30 08:42:57.532   559  1016 E RoleControllerServiceImpl: Default/fallback role holder package doesn't qualify for the role, package: com.google.android.gms.supervision, role: android.app.role.SYSTEM_SUPERVISION
07-30 08:42:57.533  1515  1693 E A       : Soda silent enrollment failed.
07-30 08:42:57.533  1515  1693 E A       : java.lang.IllegalStateException: No account found.
07-30 08:42:57.533  1515  1693 E A       : 	at com.google.android.apps.gsa.hotword.b.f.apply(PG:30)
07-30 08:42:57.533  1515  1693 E A       : 	at com.google.apps.tiktok.tracing.ff.apply(PG:13)
07-30 08:42:57.533  1515  1693 E A       : 	at com.google.common.util.concurrent.h.e(PG:3)
07-30 08:42:57.533  1515  1693 E A       : 	at com.google.common.util.concurrent.j.run(PG:42)
07-30 08:42:57.533  1515  1693 E A       : 	at com.google.android.libraries.k.x.run(PG:3)
07-30 08:42:57.533  1515  1693 E A       : 	at com.google.common.n.c.c.run(PG:50)
07-30 08:42:57.533  1515  1693 E A       : 	at com.google.android.libraries.k.e.run(PG:8)
07-30 08:42:57.533  1515  1693 E A       : 	at java.lang.Thread.run(Thread.java:1012)
07-30 08:42:57.533  1515  1693 E A       : 	at com.google.android.libraries.k.d.b.run(PG:74)
07-30 08:42:57.533  1515  1720 W A       : No system LP found. Offline SODA ASR is unavailable and SODA init may fail.
07-30 08:42:57.533  1515  1720 I A       : (REDACTED) Resolved SODA resource dir for %s: %s
07-30 08:42:57.534   559  1016 W Role    : Default holder doesn't have required signing certificate: com.google.android.apps.work.clouddpc:23962F4B43B9857638EA66F4D419518EAE282491ACDA4B94707BD59003C45E58
07-30 08:42:57.550   359  3629 I resolv  : GetAddrInfoHandler::run: {100 786532 100 983140 10143 0}
07-30 08:42:57.551   359  3630 I resolv  : res_nmkquery: (QUERY, IN, AAAA)
07-30 08:42:57.551   359  3630 I resolv  : resolv_cache_lookup: FOUND IN CACHE entry=0x7c463e49c290
07-30 08:42:57.551   359  3630 I resolv  : doQuery: rcode=0, ancount=8, return value=264
07-30 08:42:57.551  1230  2494 I NetworkScheduler.Stats: Task com.google.android.gms/com.google.android.gms.usagereporting.service.UsageReportingChimeraService$CheckboxRestoringTaskBoundService finished executing. cause:5 result: 1 elapsed_millis: 323 uptime_millis: 323 exec_start_elapsed_seconds: 84 [CONTEXT service_id=218 ]
07-30 08:42:57.552   359  3631 I resolv  : res_nmkquery: (QUERY, IN, A)
07-30 08:42:57.552   359  3631 I resolv  : resolv_cache_lookup: FOUND IN CACHE entry=0x7c45be49eb10
07-30 08:42:57.552   359  3631 I resolv  : doQuery: rcode=0, ancount=8, return value=168
07-30 08:42:57.555  1573  1573 D BoundBrokerSvc: onUnbind: Intent { act=com.google.android.gms.usagereporting.service.UsageReportingChimeraService$CheckboxRestoringTaskBoundService.ACTION_TASK_READY dat=chimera-action:/... cmp=com.google.android.gms/.chimera.GmsInternalBoundBrokerService }
07-30 08:42:57.570   559  1016 E RoleControllerServiceImpl: Default/fallback role holder package doesn't qualify for the role, package: com.google.android.gms, role: android.app.role.WALLET
07-30 08:42:57.571  1573  3353 D TrafficStats: tagSocket(214) with statsTag=0x30000408, statsUid=-1
07-30 08:42:57.573   559  1016 E RoleControllerServiceImpl: Default/fallback role holder package doesn't qualify for the role, package: com.google.android.devicelockcontroller, role: android.app.role.SYSTEM_FINANCED_DEVICE_CONTROLLER
07-30 08:42:57.584  1230  2209 D TrafficStats: tagSocket(290) with statsTag=0x401, statsUid=10143
07-30 08:42:57.585  1515  1693 I MicroModelsUtil: Notified HDM of new hotword model.
07-30 08:42:57.585  3134  3270 I RcsClientLib: com.google.android.rcs.client.lifecycle.RcsEngineLifecycleService connected
07-30 08:42:57.598  1468  1825 W HDM.CfgUpdListnrAdapter: Receive a config update when there's no subscriber. Ignore the request!
07-30 08:42:57.610  3134  3615 I cr_CronetUrlRequestContext: destroyNativeStreamLocked org.chromium.net.impl.CronetBidirectionalStream@23ebee3
07-30 08:42:57.620  3134  3291 I RpcManager: [7c7d802a-3207-4604-96a4-d646c288c3d4] processing getConfiguration response, workRequestId:5cc848d1-79d0-440b-a15d-bfee6d60b737
07-30 08:42:57.628   559  2575 D PackageManager: Instant App installer not found with android.intent.action.INSTALL_INSTANT_APP_PACKAGE
07-30 08:42:57.628   559  2575 D PackageManager: Clear ephemeral installer activity
07-30 08:42:57.528  1515  1515 W com.google.android.googlequicksearchbox:search: type=1400 audit(0.0:47): avc:  denied  { read } for  comm=424720546872656164202331 name="/" dev="vdd1" ino=2 scontext=u:r:priv_app:s0:c512,c768 tcontext=u:object_r:metadata_file:s0 tclass=dir permissive=0 app=com.google.android.googlequicksearchbox
07-30 08:42:57.642  1186  1216 D PackageUpdatedTask: Package updated: mOp=UPDATE packages=[com.google.android.gms]
07-30 08:42:57.643   559   589 I CredentialManager: CredentialManagerServiceImpl constructed for: com.google.android.gms/.auth.api.credentials.credman.service.PasswordAndPasskeyService
07-30 08:42:57.643   559   589 I CredentialManager: newServiceInfoLocked, mInfo null, com.google.android.gms/com.google.android.gms.auth.api.credentials.credman.service.PasswordAndPasskeyService
07-30 08:42:57.644  1186  1216 W AllAppsList: updatePromiseInstallInfo: no Activities matched updated package, removing all apps from package=com.google.android.gms
07-30 08:42:57.645   559   589 W MagnificationConnectionManager: requestConnection duplicated request: connect=false, mConnectionState=DISCONNECTED
07-30 08:42:57.647   559   559 W IPCThreadState: Sending oneway calls to frozen process.
07-30 08:42:57.647   559   559 W IPCThreadState: Sending oneway calls to frozen process.
07-30 08:42:57.648  1450  1450 I AiAiEcho: AppFetcherImpl onPackageChanged com.google.android.gms.
07-30 08:42:57.650  1450  2307 I AiAiEcho: AppIndexer Package:[com.google.android.gms] UserProfile:[0] Enabled:[true].
07-30 08:42:57.650  1450  2307 I AiAiEcho: AppFetcherImplV2 updateApps package:[com.google.android.gms], userId:[0], reason:[package is updated.].
07-30 08:42:57.659  1515  1720 I SodaEnrollmentClient: Already has an initialized EnrollmentManager.
07-30 08:42:57.660  1515  1712 I A       : getHotwordSpeakerIdModels
07-30 08:42:57.660  1515  1712 I SodaEnrollmentClient: Returning empty SpeakerId model
07-30 08:42:57.662  1573  3353 W Conscrypt: Could not set socket write timeout: java.net.SocketException: Socket closed
07-30 08:42:57.662  1573  3353 W Conscrypt: 	at com.google.android.gms.org.conscrypt.Platform.setSocketWriteTimeout(:com.google.android.gms@242335041@24.23.35 (190800-646585959):204)
07-30 08:42:57.662  1573  3353 W Conscrypt: 	at com.google.android.gms.org.conscrypt.ConscryptFileDescriptorSocket.setSoWriteTimeout(:com.google.android.gms@242335041@24.23.35 (190800-646585959):4)
07-30 08:42:57.666   559   614 I AppsFilter: interaction: PackageSetting{6d03b2e com.android.microdroid.empty_payload/10206} -> PackageSetting{47f9af3 com.google.android.apps.messaging/10133} BLOCKED
07-30 08:42:57.666   559   614 I AppsFilter: interaction: PackageSetting{a388206 com.example.moneymap/10209} -> PackageSetting{47f9af3 com.google.android.apps.messaging/10133} BLOCKED
07-30 08:42:57.688   559   861 I AppWidgetServiceImpl: Received broadcast: android.intent.action.PACKAGE_CHANGED on user 0
07-30 08:42:57.693  1573  3353 W Conscrypt: Could not set socket write timeout: java.net.SocketException: Socket closed
07-30 08:42:57.694  1573  3353 W Conscrypt: 	at com.google.android.gms.org.conscrypt.Platform.setSocketWriteTimeout(:com.google.android.gms@242335041@24.23.35 (190800-646585959):204)
07-30 08:42:57.694  1573  3353 W Conscrypt: 	at com.google.android.gms.org.conscrypt.ConscryptFileDescriptorSocket.setSoWriteTimeout(:com.google.android.gms@242335041@24.23.35 (190800-646585959):4)
07-30 08:42:57.719  3134  3148 I .apps.messaging: Background concurrent mark compact GC freed 7816KB AllocSpace bytes, 14(664KB) LOS objects, 49% free, 11MB/23MB, paused 3.055ms,2.977ms total 198.530ms
07-30 08:42:57.723  1078  1078 D CarrierSvcBindHelper: onPackageModified: com.google.android.apps.messaging
07-30 08:42:57.723  1078  1078 D CarrierSvcBindHelper: No carrier app for: 0
07-30 08:42:57.737   916   916 D ControlsListingControllerImpl: ServiceConfig reloaded, count: 0
07-30 08:42:57.739   559   589 D ShortcutService: Getting shortcuts for launcher= com.google.android.asuser=0 pkg=com.google.android.googlequicksearchbox
07-30 08:42:57.739   559   589 D ShortcutService: Getting shortcuts for launcher= com.google.android.apps.nexuslauncheruser=0 pkg=com.google.android.googlequicksearchbox
07-30 08:42:57.739   559   589 D ShortcutService: Getting shortcuts for launcher= com.android.systemuiuser=0 pkg=com.google.android.googlequicksearchbox
07-30 08:42:57.740   916   916 D ControlsListingControllerImpl: ServiceConfig reloaded, count: 0
07-30 08:42:57.740   918  3344 I PermissionControllerServiceImpl: Updating user sensitive for uid 10133
07-30 08:42:57.757  3134  3607 I SyncHelper: [7c7d802a-3207-4604-96a4-d646c288c3d4] broadcasting changed configs, workRequestId:5cc848d1-79d0-440b-a15d-bfee6d60b737
07-30 08:42:57.772  1078  1078 E SmsApplication: com.google.android.apps.messaging lost android:read_cell_broadcasts:  (fixing)
07-30 08:42:57.773   559   873 D ShortcutService: Saving package item com.google.android.apps.messaging to /data/system_ce/0/shortcut_service/packages/com.google.android.apps.messaging.xml
07-30 08:42:57.773   559  2020 W AppOpService: Ignored setUidMode call for runtime permission app op: uid = 10133, code = READ_CELL_BROADCASTS, mode = allow, callingUid = 1001, oldMode = allow
07-30 08:42:57.774   559   861 I AppWidgetServiceImpl: Received broadcast: android.intent.action.PACKAGE_CHANGED on user 0
07-30 08:42:57.775   559   589 I AppBindingService: Connected: com.google.android.apps.messaging/com.google.android.ims.binding.SystemBindingService u0
07-30 08:42:57.777   559   873 D ShortcutService: Saving package item com.google.android.as to /data/system_ce/0/shortcut_service/packages/com.google.android.as.xml
07-30 08:42:57.778   918  3344 I PermissionControllerServiceImpl: Updating user sensitive for uid 10143
07-30 08:42:57.786  3134  3607 I SyncScheduler: scheduling sync for 14974 seconds later, policy = APPEND
07-30 08:42:57.793  3134  3304 I Bugle   : BroadcastReceiverAsyncWorkTracker: Acknowledging broadcast of buoi@c050820
07-30 08:42:57.794  3134  3291 I Bugle   : BroadcastReceiverAsyncWorkTracker: Acknowledging broadcast of com.google.android.apps.messaging.shared.mobileconfiguration.receiver.BugleMobileConfigurationBroadcastReceiver@33d2234
07-30 08:42:57.797  3134  3607 I SyncHelper: [7c7d802a-3207-4604-96a4-d646c288c3d4] sync succeeded, workRequestId:5cc848d1-79d0-440b-a15d-bfee6d60b737
07-30 08:42:57.801   559   570 I system_server: Background concurrent mark compact GC freed 27MB AllocSpace bytes, 41(1196KB) LOS objects, 45% free, 28MB/52MB, paused 2.085ms,2.085ms total 436.689ms
07-30 08:42:57.801  1078  1078 E CellBroadcastUtils: getDefaultCellBroadcastReceiverPackageName: no package found
07-30 08:42:57.801   559  2019 W AppOpService: Ignored setUidMode call for runtime permission app op: uid = 1001, code = READ_SMS, mode = allow, callingUid = 1001, oldMode = allow
07-30 08:42:57.801  3366  3523 I BugleRcsEngine: triggerStopRcsStack for msisdn:redacted-pii:phone_number[chars:0,last2:] [CONTEXT log_prefix="RcsEngineImpl[DUAL_REG]:[cbde4af9-688f]" thread_id=64 ]
07-30 08:42:57.802  3134  3304 I RcsClientLib: Disconnecting RcsEngineLifecycleService
07-30 08:42:57.805  3366  3425 I BugleRcsEngine: handleMessage processing message:[STOP_RCS_STACK] with [non-null]:RcsEngineImpl reference [CONTEXT log_prefix="RcsEngineImpl[DUAL_REG]:[cbde4af9-688f]>Handler" thread_id=63 ]
07-30 08:42:57.806  3366  3425 I BugleRcsEngine: RCS engine STOP RCS stack [CONTEXT log_prefix="RcsEngineImpl[DUAL_REG]:[cbde4af9-688f]>Handler" thread_id=63 ]
07-30 08:42:57.806  3366  3425 I BugleRcsEngine: imsModule is null, shutdown not required [CONTEXT log_prefix="RcsEngineImpl[DUAL_REG]:[cbde4af9-688f]" thread_id=63 ]
07-30 08:42:57.806  3366  3425 I BugleRcsEngine: skipping imsModule.stop [CONTEXT log_prefix="RcsEngineImpl[DUAL_REG]:[cbde4af9-688f]" thread_id=63 ]
07-30 08:42:57.806  3366  3425 I BugleRcsEngine: handleMessage processing message:[NOTIFY_UPTIME_IGNORE_STATE_CHANGED] with [non-null]:RcsEngineImpl reference [CONTEXT log_prefix="RcsEngineImpl[DUAL_REG]:[cbde4af9-688f]>Handler" thread_id=63 ]
07-30 08:42:57.812   559  2052 W AppOpService: Ignored setUidMode call for runtime permission app op: uid = 1001, code = RECEIVE_SMS, mode = allow, callingUid = 1001, oldMode = allow
07-30 08:42:57.813  3134  3607 I WM-WorkerWrapper: Worker result SUCCESS for Work [ id=5cc848d1-79d0-440b-a15d-bfee6d60b737, tags={ com.google.android.libraries.communications.mobileconfiguration.sync.SyncWorker,SYNC } ]
07-30 08:42:57.816   559  2020 W AppOpService: Ignored setUidMode call for runtime permission app op: uid = 1001, code = RECEIVE_WAP_PUSH, mode = allow, callingUid = 1001, oldMode = allow
07-30 08:42:57.816   559  2254 W AppOpService: Ignored setUidMode call for runtime permission app op: uid = 1001, code = SEND_SMS, mode = allow, callingUid = 1001, oldMode = allow
07-30 08:42:57.816   559  2052 W AppOpService: Ignored setUidMode call for runtime permission app op: uid = 1001, code = READ_CELL_BROADCASTS, mode = allow, callingUid = 1001, oldMode = allow
07-30 08:42:57.818  3134  3607 I WM-WorkerWrapper: Setting status to enqueued for 7f662815-ddc2-4296-9b69-ae03db6678de
07-30 08:42:57.831   559   571 I BpBinder: onLastStrongRef automatically unlinking death recipients: 
07-30 08:42:57.835  2127  3587 W GoogleCertificates: GoogleCertificates has been initialized already
07-30 08:42:57.838  1230  2454 W GLSUser : [AppCertManager] Exception while requesting key: 
07-30 08:42:57.838  1230  2454 W GLSUser : java.util.concurrent.ExecutionException: bpcw: Parse Proto Exception with response code 400
07-30 08:42:57.838  1230  2454 W GLSUser : 	at etvr.s(:com.google.android.gms@242335041@24.23.35 (190800-646585959):21)
07-30 08:42:57.838  1230  2454 W GLSUser : 	at etvr.get(:com.google.android.gms@242335041@24.23.35 (190800-646585959):10)
07-30 08:42:57.838  1230  2454 W GLSUser : 	at yfw.b(:com.google.android.gms@242335041@24.23.35 (190800-646585959):477)
07-30 08:42:57.838  1230  2454 W GLSUser : 	at yfu.a(:com.google.android.gms@242335041@24.23.35 (190800-646585959):70)
07-30 08:42:57.838  1230  2454 W GLSUser : 	at yfu.hf(:com.google.android.gms@242335041@24.23.35 (190800-646585959):16)
07-30 08:42:57.838  1230  2454 W GLSUser : 	at oxh.onTransact(:com.google.android.gms@242335041@24.23.35 (190800-646585959):96)
07-30 08:42:57.838  1230  2454 W GLSUser : 	at android.os.Binder.transact(Binder.java:1345)
07-30 08:42:57.838  1230  2454 W GLSUser : 	at bjld.onTransact(:com.google.android.gms@242335041@24.23.35 (190800-646585959):18)
07-30 08:42:57.838  1230  2454 W GLSUser : 	at android.os.Binder.transact(Binder.java:1345)
07-30 08:42:57.838  1230  2454 W GLSUser : 	at bbqp.onTransact(:com.google.android.gms@242335041@24.23.35 (190800-646585959):147)
07-30 08:42:57.838  1230  2454 W GLSUser : 	at android.os.Binder.execTransactInternal(Binder.java:1500)
07-30 08:42:57.838  1230  2454 W GLSUser : 	at android.os.Binder.execTransact(Binder.java:1444)
07-30 08:42:57.838  1230  2454 W GLSUser : Caused by: bpcw: Parse Proto Exception with response code 400
07-30 08:42:57.838  1230  2454 W GLSUser : 	at bpdw.b(:com.google.android.gms@242335041@24.23.35 (190800-646585959):80)
07-30 08:42:57.838  1230  2454 W GLSUser : 	at bpgb.e(:com.google.android.gms@242335041@24.23.35 (190800-646585959):17)
07-30 08:42:57.838  1230  2454 W GLSUser : 	at bpgp.onSucceeded(:com.google.android.gms@242335041@24.23.35 (190800-646585959):7)
07-30 08:42:57.838  1230  2454 W GLSUser : 	at m.mw.onSucceeded(:com.google.android.gms.dynamite_cronetdynamite@242335041@24.23.35 (190800-0):3)
07-30 08:42:57.838  1230  2454 W GLSUser : 	at m.lt.run(:com.google.android.gms.dynamite_cronetdynamite@242335041@24.23.35 (190800-0):25)
07-30 08:42:57.838  1230  2454 W GLSUser : 	at angs.c(:com.google.android.gms@242335041@24.23.35 (190800-646585959):50)
07-30 08:42:57.838  1230  2454 W GLSUser : 	at angs.run(:com.google.android.gms@242335041@24.23.35 (190800-646585959):76)
07-30 08:42:57.838  1230  2454 W GLSUser : 	at java.util.concurrent.ThreadPoolExecutor.runWorker(ThreadPoolExecutor.java:1145)
07-30 08:42:57.838  1230  2454 W GLSUser : 	at java.util.concurrent.ThreadPoolExecutor$Worker.run(ThreadPoolExecutor.java:644)
07-30 08:42:57.838  1230  2454 W GLSUser : 	at anmg.run(:com.google.android.gms@242335041@24.23.35 (190800-646585959):8)
07-30 08:42:57.838  1230  2454 W GLSUser : 	at java.lang.Thread.run(Thread.java:1012)
07-30 08:42:57.838  1230  2454 W GLSUser : Caused by: fkhe: Protocol message contained an invalid tag (zero).
07-30 08:42:57.838  1230  2454 W GLSUser : 	at fkea.k(:com.google.android.gms@242335041@24.23.35 (190800-646585959):39)
07-30 08:42:57.838  1230  2454 W GLSUser : 	at fkid.c(:com.google.android.gms@242335041@24.23.35 (190800-646585959):309)
07-30 08:42:57.838  1230  2454 W GLSUser : 	at fkid.i(:com.google.android.gms@242335041@24.23.35 (190800-646585959):8)
07-30 08:42:57.838  1230  2454 W GLSUser : 	at fkgi.fe(:com.google.android.gms@242335041@24.23.35 (190800-646585959):25)
07-30 08:42:57.838  1230  2454 W GLSUser : 	at fkgc.g(:com.google.android.gms@242335041@24.23.35 (190800-646585959):3)
07-30 08:42:57.838  1230  2454 W GLSUser : 	at fkdw.e(:com.google.android.gms@242335041@24.23.35 (190800-646585959):1)
07-30 08:42:57.838  1230  2454 W GLSUser : 	at fkdw.d(:com.google.android.gms@242335041@24.23.35 (190800-646585959):3)
07-30 08:42:57.838  1230  2454 W GLSUser : 	at fkdw.p(:com.google.android.gms@242335041@24.23.35 (190800-646585959):1)
07-30 08:42:57.838  1230  2454 W GLSUser : 	at bpdw.g(:com.google.android.gms@242335041@24.23.35 (190800-646585959):68)
07-30 08:42:57.838  1230  2454 W GLSUser : 	at bpdw.b(:com.google.android.gms@242335041@24.23.35 (190800-646585959):11)
07-30 08:42:57.838  1230  2454 W GLSUser : 	... 10 more
07-30 08:42:57.840   559   873 D ShortcutService: Saving package item com.google.android.gms to /data/system_ce/0/shortcut_service/packages/com.google.android.gms.xml
07-30 08:42:57.842  1078  1285 D ImsResolver: maybeAddedImsService, packageName: com.google.android.apps.messaging
07-30 08:42:57.860  3366  3425 I BugleRcsEngine: RCS Configuration storage in Bugle is disabled by p/h flag, using ProvisioningEngineStateCacheUtil.getProvisioningConfigurationForGivenSimIfExist() [CONTEXT log_prefix="ProvisioningEngineDataRetriever" thread_id=63 ]
07-30 08:42:57.862  1078  1078 D CarrierSvcBindHelper: onPackageModified: com.google.android.gms
07-30 08:42:57.862  1078  1078 D CarrierSvcBindHelper: No carrier app for: 0
07-30 08:42:57.866  1230  2454 W GLSUser : [DeviceKeyStore] Cannot load key: Device key file not found.
07-30 08:42:57.867  1078  1078 E SmsApplication: com.google.android.apps.messaging lost android:read_cell_broadcasts:  (fixing)
07-30 08:42:57.867   559  2634 W AppOpService: Ignored setUidMode call for runtime permission app op: uid = 10133, code = READ_CELL_BROADCASTS, mode = allow, callingUid = 1001, oldMode = allow
07-30 08:42:57.874  1078  1078 E CellBroadcastUtils: getDefaultCellBroadcastReceiverPackageName: no package found
07-30 08:42:57.876   359   408 I netd    : tetherGetStats() -> {[]} <0.41ms>
07-30 08:42:57.877  1573  2036 I ebvk$a  : Unable to retrieve flag snapshot for com.google.android.gms.auth_api_proxy, using defaults.
07-30 08:42:57.878   559  2052 W AppOpService: Ignored setUidMode call for runtime permission app op: uid = 1001, code = READ_SMS, mode = allow, callingUid = 1001, oldMode = allow
07-30 08:42:57.880   559   987 W AppOpService: Ignored setUidMode call for runtime permission app op: uid = 1001, code = RECEIVE_SMS, mode = allow, callingUid = 1001, oldMode = allow
07-30 08:42:57.880   559  2020 W AppOpService: Ignored setUidMode call for runtime permission app op: uid = 1001, code = RECEIVE_WAP_PUSH, mode = allow, callingUid = 1001, oldMode = allow
07-30 08:42:57.881   559   873 D ShortcutService: received package broadcast intent: Intent { act=android.intent.action.PACKAGE_CHANGED dat=package: flg=0x45000010 (has extras) }
07-30 08:42:57.881   559   873 D ShortcutService: changing package: com.google.android.apps.messaging userId0
07-30 08:42:57.882   559   873 D ShortcutService: handlePackageChanged: com.google.android.apps.messaging user=0
07-30 08:42:57.883   559   873 D ShortcutService: rescanPackageIfNeeded 0@com.google.android.apps.messaging, forceRescan=true , isNewApp=false
07-30 08:42:57.885   559  1918 W AppOpService: Ignored setUidMode call for runtime permission app op: uid = 1001, code = SEND_SMS, mode = allow, callingUid = 1001, oldMode = allow
07-30 08:42:57.885   559  2020 W AppOpService: Ignored setUidMode call for runtime permission app op: uid = 1001, code = READ_CELL_BROADCASTS, mode = allow, callingUid = 1001, oldMode = allow
07-30 08:42:57.888  1078  1285 D ImsResolver: maybeAddedImsService, packageName: com.google.android.gms
07-30 08:42:57.888  1230  3537 I GCoreUlr: Unbound from all signal providers.
07-30 08:42:57.908  2127  2816 W DG      : [flow tachyon_registration] DroidGuardRunner.newVmProcessForFastSignalCollection(): Fast program not found [CONTEXT service_id=25 ]
07-30 08:42:57.920  1573  1573 D LT_ClntIntrcptrFctryV12: Spatula header: CjYKFmNvbS5nb29nbGUuYW5kcm9pZC5nbXMaHFdPSEVFejkwUWV3OUxDY0NjS0ZJQXRwSHVnND0Yu8vSgLfIyus4
07-30 08:42:57.923   559   572 W system_server: ApkAssets: Deleting an ApkAssets object '<empty> and /product/app/LatinIMEGooglePrebuilt/LatinIMEGooglePrebuilt.apk' with 1 weak references
07-30 08:42:57.928   559   572 W system_server: ApkAssets: Deleting an ApkAssets object '<empty> and /product/priv-app/Velvet/Velvet.apk' with 1 weak references
07-30 08:42:57.929   559   572 W system_server: ApkAssets: Deleting an ApkAssets object '<empty> and /system/priv-app/InputDevices/InputDevices.apk' with 1 weak references
07-30 08:42:57.929   559   572 W system_server: ApkAssets: Deleting an ApkAssets object '<empty> and /product/app/GoogleTTS/GoogleTTS.apk' with 1 weak references
07-30 08:42:57.932   559   572 W system_server: ApkAssets: Deleting an ApkAssets object '<empty> and /product/priv-app/PrebuiltBugle/PrebuiltBugle.apk' with 1 weak references
07-30 08:42:57.955  1230  2494 I NetworkScheduler.Stats: Task com.google.android.gms/com.google.android.gms.gass.chimera.SchedulePeriodicTasksService started execution. cause:5 exec_start_elapsed_seconds: 85 [CONTEXT service_id=218 ]
07-30 08:42:57.957  1348  1402 W WellbeingSettingsProvid: <DWB> Call failed: get_actions
07-30 08:42:57.957  1348  1402 W WellbeingSettingsProvid: java.util.concurrent.TimeoutException: Waited 5000 milliseconds (plus 18 milliseconds, 991550 nanoseconds delay) for lep@3c9c447[status=PENDING, info=[inputFuture=[leo@ca06474[status=PENDING, setFuture=[ldw@49e4d9d[status=PENDING, info=[inputFuture=[lep@77b1212[status=PENDING, info=[inputFuture=[lep@ad45de3[status=PENDING, info=[inputFuture=[lfl@19953e0[status=PENDING, info=[futures=[lep@5172699[status=PENDING, info=[inputFuture=[lep@bf43d5e[status=PENDING, info=[inputFuture=[lgj@664f53f[status=PENDING, info=[delegate=[lhp@96fce0c[status=PENDING, setFuture=[lep@eaa9355[status=PENDING, info=[inputFuture=[leo@42d16a[status=PENDING, info=[inputFuture=[lgj@a3da65b[status=PENDING, info=[delegate=[lhp@a51bef8[status=PENDING, setFuture=[leo@8ce0fd1[status=PENDING, setFuture=[lep@5349a36[status=PENDING, info=[inputFuture=[lep@a264d37[status=PENDING, info=[inputFuture=[leo@d5fd2a4[status=PENDING, setFuture=[lep@2d2d80d[status=PENDING, info=[inputFuture=[leo@8a823c2[status=PENDING, info=[inputFuture=[leo@48885d3[status=PENDING, setFuture=[lgv@b197510[Not completed]]]], function=[propagating=[cei@5e1e809]]]]], function=[propagating=[Functions.constant(AppSyncDelta{appConfigsToAdd=[], appConfigsToUpdate=[# cgq@b9fe03c5, # cgq@c8a42906, # cgq@934ae4fc, # cgq@85987d30, # cgq@73946824, # cgq@d357b5ec, # cgq@35f3a752, # cgq@693cab84, # cgq@92c1c3f6, # cgq@abf96ddf, # cgq@35d73408, # cgq@8aa9455e, # cgq@4d5efce8, # cgq@4136ec7b, # cgq@6f60304c, # cgq@3e803e79, # cgq@2bd6104c, # cgq@11b3b6af, # cgq@59e889ca, # cgq@ae6163f5, # cgq@ce3c3602, # cgq@89385631, # cgq@9b38cdb3, # cgq@104024c8, # cgq@61525bd1, # cgq@95683896, # cgq@8896aa0b, # cgq@75612e39, # cgq@1ca952c0, # cgq@38a335b5, # cgq@63ddcf16, # cgq@8fef891f, # cgq@7c3acaf0, # cgq@44bfe1f, # cgq@2fc4ad48, # cgq@3789d175, # cgq@12673bd2, # cgq@9b551b1, # cgq@2eb53260, # cgq@d33d1811, # cgq@77c4fdc2, # cgq@1c4ce373, # cgq@6f570fab, # cgq@c50aa5d6, # cgq@d39f05c5, # cgq@f0c7c5a3, # cgq@ff5c2592, # cgq@df08581, # cgq@dedff1d, # cgq@5e4de7ce, # cgq@1a1fd16b, # cgq@60f833f1, # cgq@cf995c8e, # cgq@6a9479d3, # cgq@dc24785e, # cgq@12d70930, # cgq@4a7bbf66, # cgq@f037dfeb, # cgq@ffc98a48, # cgq@be5a62ea, # cgq@97978960, # cgq@b41bc61f, # cgq@faf152ea, # cgq@c113df87, # cgq@d3be0ab1, # cgq@812108f, # cgq@15a6a206, # cgq@daf71a3b, # cgq@bc78809f, # cgq@ae35af01, # cgq@ee56af7a, # cgq@51f9d69e, # cgq@3bd3a4a4, # cgq@82bae29b, # cgq@e9dd5a0e, # cgq@49809bb8, # cgq@d905d0db, # cgq@2dbb4c9d, # cgq@dd819e81, # cgq@34380ea0, # cgq@e7827e1a, # cgq@dd018b25, # cgq@dd79f156, # cgq@ddf25787, # cgq@de6abdb8, # cgq@dee323e9, # cgq@df5b8a1a, # cgq@dfd3f04b, # cgq@6d8377b4, # cgq@cdc2e909, # cgq@46e29fb3, # cgq@60393d7e, # cgq@2ac1f39d, # cgq@c263ef35, # cgq@7a5a14ae, # cgq@a1f04e52, # cgq@2a278244, # cgq@c909b8ac, # cgq@701e9cd0, # cgq@c27d9557, # cgq@182645b9, # cgq@168c56c4, # cgq@1955b4f1, # cgq@e1b37fac, # cgq@48e4fe7a, # cgq@45673288, # cgq@bd1a9d3f, # cgq@bd930370, # cgq@be0b69a1, # cgq@be83cfd2, # cgq@befc3603, # cgq@bf749c34, # cgq@bfed0265, # cgq@92a1aea0, # cgq@5c625a09, # cgq@670dfb42, # cgq@57b48b4d, # cgq@750baf90, # cgq@de70d2c, # cgq@8cc4c974, # cgq@5a6f4f07, # cgq@8b5bf300, # cgq@3cef971, # cgq@6a8b5d74, # cgq@56ddc0a4, # cgq@ccab1483, # cgq@ded20cf, # cgq@5050f53a, # cgq@260a2920, # cgq@c465a016, # cgq@81bdabf7, # cgq@4b9dd886, # cgq@40d845d2, # cgq@c18283c6, # cgq@db99d179, # cgq@e3a72b41, # cgq@9b5ef608, # cgq@6f508938, # cgq@c0ad9855, # cgq@ae4a44f5, # cgq@c8f22dfe, # cgq@c8725dc2, # cgq@646087c5, # cgq@d605f32e, # cgq@c921692e, # cgq@11eb7fc7, # cgq@654f6770, # cgq@3f7b0cb2, # cgq@33cd65d2, # cgq@8a9993fe, # cgq@6af361dc, # cgq@187f0d40, # cgq@c586cee7, # cgq@e7697e7a, # cgq@3de9a207, # cgq@d8f2cdcb, # cgq@21dff220, # cgq@902dae4c, # cgq@b50bca8e, # cgq@2a279517, # cgq@fa4314, # cgq@812be47e, # cgq@4f1c8e4a, # cgq@fa1499b6, # cgq@22b13e35, # cgq@6aee6192, # cgq@53878913, # cgq@6b8e3e55, # cgq@df06dc97, # cgq@406bd46, # cgq@a88ea2f7, # cgq@4d1688a8, # cgq@f19e6e59, # cgq@9f7f9652, # cgq@8ac209a1, # cgq@c7fe
07-30 08:42:57.957  1348  1402 W WellbeingSettingsProvid: 861e, # cgq@d56bbe85, # cgq@269269fc, # cgq@f73dc3c8, # cgq@d1d87f4f, # cgq@f9035dfa, # cgq@cd44b324, # cgq@8c9148ef, # cgq@a1c30ebe, # cgq@1558d8c, # cgq@386e48fd, # cgq@6f3552f4, # cgq@e83439c5, # cgq@82ab525d, # cgq@98c19579, # cgq@53bdb5a8, # cgq@eb9d5d7, # cgq@20ba4d59, # cgq@ca54c150, # cgq@f674ac95, # cgq@641f30c0, # cgq@bb0559f5, # cgq@92768c61, # cgq@a20174b0, # cgq@b095d49f, # cgq@cdbe947d, # cgq@dc52f46c, # cgq@eae7545b, # cgq@323626c5, # cgq@db5817c9, # cgq@cef3942, # cgq@12feefa5, # cgq@c68f7195, # cgq@4ee1e59d, # cgq@c57a37ec, # cgq@adea6650, # cgq@5b9d1ea8, # cgq@9ea364a4, # cgq@fa99fc25, # cgq@7dbab76f, # cgq@48b920c1, # cgq@7fc74454, # cgq@abd4d576, # cgq@7caaf44a, # cgq@5bdb3edf, # cgq@1edcfdd0, # cgq@6bd67dfb, # cgq@8b68164e, # cgq@5e7d3b07, # cgq@6e40bc81, # cgq@4b58e761, # cgq@f300d87e, # cgq@90ec95b1, # cgq@90656356, # cgq@b2594155, # cgq@78546644, # cgq@6db25648, # cgq@7e517b1, # cgq@db048369, # cgq@3e38232d, # cgq@f3e509cb, # cgq@d6d0c2f0, # cgq@2f903b94, # cgq@6376eb0d, # cgq@2341436c, # cgq@185ea9b, # cgq@2a0288fb], packageNamesToDelete=[]})]]]]]]], function=[propagating=[cjn@5d8ba0e]]]]], function=[propagating=[cjn@acbac2f]]]]]]]]]]]], function=[propagating=[car@288d23c]]]]], function=[propagating=[cau@ab7fbc5]]]]]]]]]], function=[propagating=[cag@e6a691a]]]]], function=[propagating=[cme@370dc4b]]]]]]]], function=[propagating=[dhi@72ed628]]]]], function=[propagating=[bxu@f218f41]]]]], exceptionType=[class java.lang.Throwable], fallback=[propagating=[cau@835fce6]]]]]]], function=[propagating=[bxu@1eef227]]]]
07-30 08:42:57.957  1348  1402 W WellbeingSettingsProvid: 	at lem.get(PG:52)
07-30 08:42:57.957  1348  1402 W WellbeingSettingsProvid: 	at lgb.get(PG:2)
07-30 08:42:57.957  1348  1402 W WellbeingSettingsProvid: 	at com.google.android.apps.wellbeing.api.impl.WellbeingSettingsProvider.i(PG:9)
07-30 08:42:57.957  1348  1402 W WellbeingSettingsProvid: 	at com.google.android.apps.wellbeing.api.impl.WellbeingSettingsProvider.call(PG:162)
07-30 08:42:57.957  1348  1402 W WellbeingSettingsProvid: 	at android.content.ContentProvider.call(ContentProvider.java:2704)
07-30 08:42:57.957  1348  1402 W WellbeingSettingsProvid: 	at android.content.ContentProvider$Transport.call(ContentProvider.java:633)
07-30 08:42:57.957  1348  1402 W WellbeingSettingsProvid: 	at android.content.ContentProviderNative.onTransact(ContentProviderNative.java:307)
07-30 08:42:57.957  1348  1402 W WellbeingSettingsProvid: 	at android.os.Binder.execTransactInternal(Binder.java:1500)
07-30 08:42:57.957  1348  1402 W WellbeingSettingsProvid: 	at android.os.Binder.execTransact(Binder.java:1444)
07-30 08:42:57.975  1230  2494 I GCoreUlr: DispatchingService ignoring Intent { act=android.net.wifi.WIFI_STATE_CHANGED flg=0x4000010 (has extras) } because ULR inactive
07-30 08:42:57.979   918   929 I ssioncontroller: Background concurrent mark compact GC freed 3425KB AllocSpace bytes, 29(900KB) LOS objects, 49% free, 5391KB/10MB, paused 163us,587us total 167.457ms
07-30 08:42:57.983  1230  1230 I GCoreUlr: Unbound from all signal providers.
07-30 08:42:57.983  1230  1230 I GCoreUlr: Stopping handler for UlrDispSvcFast
07-30 08:42:57.990   918   931 W ssioncontroller: ApkAssets: Deleting an ApkAssets object '<empty> and /system/framework/framework-res.apk' with 1 weak references
07-30 08:42:57.991  2127  2389 D TrafficStats: tagSocket(128) with statsTag=0x1803, statsUid=10133
07-30 08:42:57.992   918   931 W ssioncontroller: ApkAssets: Deleting an ApkAssets object '<empty> and /apex/com.android.permission/priv-app/GoogleSafetyCenterResources@350820360/GoogleSafetyCenterResources.apk' with 1 weak references
07-30 08:42:57.992   918   931 W ssioncontroller: ApkAssets: Deleting an ApkAssets object '<empty> and /apex/com.android.healthfitness/priv-app/HealthConnectControllerGoogle@350820300/HealthConnectControllerGoogle.apk' with 1 weak references
07-30 08:42:58.002  3031  3035 I gs.intelligence: Background concurrent mark compact GC freed 4866KB AllocSpace bytes, 5(880KB) LOS objects, 49% free, 4839KB/9678KB, paused 806us,713us total 111.427ms
07-30 08:42:58.003  3031  3037 W gs.intelligence: ApkAssets: Deleting an ApkAssets object '<empty> and /system_ext/priv-app/SettingsGoogle/SettingsGoogle.apk' with 1 weak references
07-30 08:42:58.003  3031  3037 W gs.intelligence: ApkAssets: Deleting an ApkAssets object '/product/overlay/SettingsGoogle__sdk_gphone64_x86_64__auto_generated_rro_product.apk' with 1 weak references
07-30 08:42:58.004   559   572 W system_server: ApkAssets: Deleting an ApkAssets object '<empty> and /system_ext/app/AccessibilityMenu/AccessibilityMenu.apk' with 1 weak references
07-30 08:42:58.005   559   873 E system_server: No package ID 7f found for resource ID 0x7f0803ff.
07-30 08:42:58.005   559   873 E system_server: No package ID 7f found for resource ID 0x7f1510ad.
07-30 08:42:58.005   559   873 E system_server: No package ID 7f found for resource ID 0x7f1510ad.
07-30 08:42:58.005   559   873 E system_server: No package ID 7f found for resource ID 0x7f1510ac.
07-30 08:42:58.006   559   873 D ShortcutService: Package com.google.android.apps.messaging has 1 manifest shortcut(s), and 2 share target(s)
07-30 08:42:58.006   559   873 D ShortcutService: Package com.google.android.apps.messaging updated, version 235003880 -> 235003880
07-30 08:42:58.006   559   873 D ShortcutService: Package com.google.android.apps.messaging: publishing manifest shortcuts
07-30 08:42:58.007   559   873 D ShortcutService: received package broadcast intent: Intent { act=android.intent.action.PACKAGE_CHANGED dat=package: flg=0x45000010 (has extras) }
07-30 08:42:58.007   559   873 D ShortcutService: changing package: com.google.android.gms userId0
07-30 08:42:58.010   559   873 D ShortcutService: handlePackageChanged: com.google.android.gms user=0
07-30 08:42:58.010   559   873 D ShortcutService: rescanPackageIfNeeded 0@com.google.android.gms, forceRescan=true , isNewApp=false
07-30 08:42:58.011   559   572 W system_server: ApkAssets: Deleting an ApkAssets object '/product/overlay/AccessibilityMenu__sdk_gphone64_x86_64__auto_generated_rro_product.apk' with 1 weak references
07-30 08:42:58.012   559   572 W system_server: ApkAssets: Deleting an ApkAssets object '<empty> and /product/app/talkback/talkback.apk' with 1 weak references
07-30 08:42:58.013   559   572 W system_server: ApkAssets: Deleting an ApkAssets object '/vendor/overlay/EmulatorTalkBackOverlay/EmulatorTalkBackOverlay.apk' with 1 weak references
07-30 08:42:58.013   559   572 W system_server: ApkAssets: Deleting an ApkAssets object '<empty> and /product/app/Drive/Drive.apk' with 1 weak references
07-30 08:42:58.014   559   572 W system_server: ApkAssets: Deleting an ApkAssets object '<empty> and /product/app/CalendarGooglePrebuilt/CalendarGooglePrebuilt.apk' with 1 weak references
07-30 08:42:58.014   559   572 W system_server: ApkAssets: Deleting an ApkAssets object '<empty> and /product/priv-app/DevicePersonalizationPrebuiltPixel2021-aiai_20240329.00_RC16/DevicePersonalizationPrebuiltPixel2021-aiai_20240329.00_RC16.apk' with 1 weak references
07-30 08:42:58.019  1230  2438 I NetworkScheduler.Stats: Task com.google.android.gms/com.google.android.gms.gass.chimera.SchedulePeriodicTasksService finished executing. cause:5 result: 1 elapsed_millis: 236 uptime_millis: 236 exec_start_elapsed_seconds: 85 [CONTEXT service_id=218 ]
07-30 08:42:58.028   559   873 D ShortcutService: Package com.google.android.gms has 0 manifest shortcut(s), and 1 share target(s)
07-30 08:42:58.029   559   873 D ShortcutService: Package com.google.android.gms updated, version 242335041 -> 242335041
07-30 08:42:58.045  1348  1362 W .apps.wellbeing: ApkAssets: Deleting an ApkAssets object '<empty> and /product/priv-app/SettingsIntelligenceGooglePrebuilt/SettingsIntelligenceGooglePrebuilt.apk' with 1 weak references
07-30 08:42:58.046  1348  1362 W .apps.wellbeing: ApkAssets: Deleting an ApkAssets object '<empty> and /apex/com.android.uwb/priv-app/ServiceUwbResourcesGoogle@350820300/ServiceUwbResourcesGoogle.apk' with 1 weak references
07-30 08:42:58.047  1186  1216 D PackageUpdatedTask: Package updated: mOp=UPDATE packages=[com.google.android.apps.messaging]
07-30 08:42:58.048  1450  1450 I AiAiEcho: AppFetcherImpl onPackageChanged com.google.android.apps.messaging.
07-30 08:42:58.053  1348  1362 W .apps.wellbeing: ApkAssets: Deleting an ApkAssets object '<empty> and /apex/com.android.wifi/priv-app/ServiceWifiResourcesGoogle@350820300/ServiceWifiResourcesGoogle.apk' with 1 weak references
07-30 08:42:58.053  1348  1362 W .apps.wellbeing: ApkAssets: Deleting an ApkAssets object '<empty> and /data/app/~~zcRTMDBHCFmvXf8r38AiZw==/com.example.moneymap-CuSRJu6ifrYmiu8K4CSGAQ==/base.apk' with 1 weak references
07-30 08:42:58.053  1348  1362 W .apps.wellbeing: ApkAssets: Deleting an ApkAssets object '<empty> and /system_ext/priv-app/ThemePicker/ThemePicker.apk' with 1 weak references
07-30 08:42:58.053   559   873 D ShortcutService: Package com.google.android.gms: publishing manifest shortcuts
07-30 08:42:58.053  1348  1362 W .apps.wellbeing: ApkAssets: Deleting an ApkAssets object '<empty> and /system_ext/priv-app/WallpaperPickerGoogleRelease/WallpaperPickerGoogleRelease.apk' with 1 weak references
07-30 08:42:58.054  1348  1362 W .apps.wellbeing: ApkAssets: Deleting an ApkAssets object '<empty> and /product/priv-app/OdadPrebuilt/OdadPrebuilt.apk' with 1 weak references
07-30 08:42:58.056  1450  2303 I AiAiEcho: AppIndexer Package:[com.google.android.apps.messaging] UserProfile:[0] Enabled:[true].
07-30 08:42:58.056  1450  2303 I AiAiEcho: AppFetcherImplV2 updateApps package:[com.google.android.apps.messaging], userId:[0], reason:[package is updated.].
07-30 08:42:58.056  1348  1362 W .apps.wellbeing: ApkAssets: Deleting an ApkAssets object '<empty> and /system/priv-app/TeleService/TeleService.apk' with 1 weak references
07-30 08:42:58.061  1348  1362 W .apps.wellbeing: ApkAssets: Deleting an ApkAssets object '/vendor/overlay/TeleService__sdk_gphone64_x86_64__auto_generated_rro_vendor.apk' with 1 weak references
07-30 08:42:58.062  1348  1362 W .apps.wellbeing: ApkAssets: Deleting an ApkAssets object '/product/overlay/TeleService__sdk_gphone64_x86_64__auto_generated_rro_product.apk' with 1 weak references
07-30 08:42:58.062  1348  1362 W .apps.wellbeing: ApkAssets: Deleting an ApkAssets object '<empty> and /system/priv-app/Shell/Shell.apk' with 1 weak references
07-30 08:42:58.062  1348  1362 W .apps.wellbeing: ApkAssets: Deleting an ApkAssets object '<empty> and /system/priv-app/BlockedNumberProvider/BlockedNumberProvider.apk' with 1 weak references
07-30 08:42:58.062  1186  1186 D StatsLog: LAUNCHER_ALLAPPS_COUNT
07-30 08:42:58.063  1348  1362 W .apps.wellbeing: ApkAssets: Deleting an ApkAssets object '<empty> and /system/priv-app/UserDictionaryProvider/UserDictionaryProvider.apk' with 1 weak references
07-30 08:42:58.064  1348  1362 W .apps.wellbeing: ApkAssets: Deleting an ApkAssets object '<empty> and /system_ext/app/EmergencyInfoGoogleNoUi/EmergencyInfoGoogleNoUi.apk' with 1 weak references
07-30 08:42:58.068  1348  1362 W .apps.wellbeing: ApkAssets: Deleting an ApkAssets object '<empty> and /product/overlay/NavigationBarModeGestural/NavigationBarModeGesturalOverlay.apk' with 1 weak references
07-30 08:42:58.068  1348  1362 W .apps.wellbeing: ApkAssets: Deleting an ApkAssets object '<empty> and /system/priv-app/FusedLocation/FusedLocation.apk' with 1 weak references
07-30 08:42:58.069  1573  3353 I Checkin : [CheckinRequestProcessor] updateCheckinIdTokenFileFromResponse, Reading existing AID
07-30 08:42:58.072  1348  1362 W .apps.wellbeing: ApkAssets: Deleting an ApkAssets object '<empty> and /system_ext/priv-app/SystemUIGoogle/SystemUIGoogle.apk' with 1 weak references
07-30 08:42:58.073  1348  1362 W .apps.wellbeing: ApkAssets: Deleting an ApkAssets object '/vendor/overlay/SystemUIGoogle__sdk_gphone64_x86_64__auto_generated_rro_vendor.apk' with 1 weak references
07-30 08:42:58.073  1348  1362 W .apps.wellbeing: ApkAssets: Deleting an ApkAssets object '/product/overlay/SystemUIGoogle__sdk_gphone64_x86_64__auto_generated_rro_product.apk' with 1 weak references
07-30 08:42:58.075  1348  1362 W .apps.wellbeing: ApkAssets: Deleting an ApkAssets object '<empty> and /product/app/YouTubeMusicPrebuilt/YouTubeMusicPrebuilt.apk' with 1 weak references
07-30 08:42:58.085  1186  1571 D EGL_emulation: app_time_stats: avg=775.54ms min=682.49ms max=868.59ms count=2
07-30 08:42:58.089  1348  1362 W .apps.wellbeing: ApkAssets: Deleting an ApkAssets object '<empty> and /system/app/BluetoothMidiService/BluetoothMidiService.apk' with 1 weak references
07-30 08:42:58.091  1348  1362 W .apps.wellbeing: ApkAssets: Deleting an ApkAssets object '<empty> and /system/app/Traceur/Traceur.apk' with 1 weak references
07-30 08:42:58.091  1348  1362 W .apps.wellbeing: ApkAssets: Deleting an ApkAssets object '<empty> and /apex/com.android.cellbroadcast/priv-app/GoogleCellBroadcastApp@350820300/GoogleCellBroadcastApp.apk' with 1 weak references
07-30 08:42:58.097  1348  1362 W .apps.wellbeing: ApkAssets: Deleting an ApkAssets object '<empty> and /system/priv-app/ContactsProvider/ContactsProvider.apk' with 1 weak references
07-30 08:42:58.104   916  1047 D EGL_emulation: app_time_stats: avg=3767.57ms min=23.05ms max=11131.32ms count=3
07-30 08:42:58.104  1348  1362 W .apps.wellbeing: ApkAssets: Deleting an ApkAssets object '/product/overlay/ContactsProvider__sdk_gphone64_x86_64__auto_generated_rro_product.apk' with 1 weak references
07-30 08:42:58.105  1348  1362 W .apps.wellbeing: ApkAssets: Deleting an ApkAssets object '<empty> and /product/app/LatinIMEGooglePrebuilt/LatinIMEGooglePrebuilt.apk' with 1 weak references
07-30 08:42:58.109   559   589 W MagnificationConnectionManager: requestConnection duplicated request: connect=false, mConnectionState=DISCONNECTED
07-30 08:42:58.114   559   589 D ShortcutService: Getting shortcuts for launcher= com.google.android.asuser=0 pkg=com.google.android.apps.messaging
07-30 08:42:58.115   559   589 D ShortcutService: Getting shortcuts for launcher= com.google.android.apps.nexuslauncheruser=0 pkg=com.google.android.apps.messaging
07-30 08:42:58.115   559   589 D ShortcutService: Getting shortcuts for launcher= com.android.systemuiuser=0 pkg=com.google.android.apps.messaging
07-30 08:42:58.117   559   559 W IPCThreadState: Sending oneway calls to frozen process.
07-30 08:42:58.117   559   559 W IPCThreadState: Sending oneway calls to frozen process.
07-30 08:42:58.119  1348  1362 W .apps.wellbeing: ApkAssets: Deleting an ApkAssets object '<empty> and /product/priv-app/GoogleRestorePrebuilt-v526684/GoogleRestorePrebuilt-v526684.apk' with 1 weak references
07-30 08:42:58.147   559   873 D ShortcutService: Saving package item com.google.android.apps.messaging to /data/system_ce/0/shortcut_service/packages/com.google.android.apps.messaging.xml
07-30 08:42:58.166  1573  3353 I Checkin : [CheckinRequestProcessor] Default Task : Checkin Succeeded: https://android.googleapis.com/checkin (fragment #1).
07-30 08:42:58.172   559   589 I AppBindingService: Stopping: com.google.android.apps.messaging/com.google.android.ims.binding.SystemBindingService u0
07-30 08:42:58.179  1186  1216 D PackageUpdatedTask: Package updated: mOp=UPDATE packages=[com.google.android.gms]
07-30 08:42:58.179  1450  1450 I AiAiEcho: AppFetcherImpl onPackageChanged com.google.android.gms.
07-30 08:42:58.181  3366  3366 I CarrierServices: SystemBindingService onDestroy
07-30 08:42:58.181  1450  2307 I AiAiEcho: AppIndexer Package:[com.google.android.gms] UserProfile:[0] Enabled:[true].
07-30 08:42:58.182  1450  2307 I AiAiEcho: AppFetcherImplV2 updateApps package:[com.google.android.gms], userId:[0], reason:[package is updated.].
07-30 08:42:58.182  1186  1216 W AllAppsList: updatePromiseInstallInfo: no Activities matched updated package, removing all apps from package=com.google.android.gms
07-30 08:42:58.182  3366  3366 I CarrierServices: SystemBindingService onCreate
07-30 08:42:58.179   559   589 I CredentialManager: CredentialManagerServiceImpl constructed for: com.google.android.gms/.auth.api.credentials.credman.service.PasswordAndPasskeyService
07-30 08:42:58.184   559   589 I CredentialManager: newServiceInfoLocked, mInfo null, com.google.android.gms/com.google.android.gms.auth.api.credentials.credman.service.PasswordAndPasskeyService
07-30 08:42:58.184  1573  1989 I PeopleGalProvider: Gal directories started.
07-30 08:42:58.184  1573  1989 I PeopleGalProvider: Method 1 completed.
07-30 08:42:58.184  1573  1989 I PeopleGalProvider: Method 1 finished successfully.
07-30 08:42:58.187   559   589 W MagnificationConnectionManager: requestConnection duplicated request: connect=false, mConnectionState=DISCONNECTED
07-30 08:42:58.187   559   589 D ShortcutService: Getting shortcuts for launcher= com.google.android.asuser=0 pkg=com.google.android.as
07-30 08:42:58.187   559   589 D ShortcutService: Getting shortcuts for launcher= com.google.android.apps.nexuslauncheruser=0 pkg=com.google.android.as
07-30 08:42:58.187   559   589 D ShortcutService: Getting shortcuts for launcher= com.android.systemuiuser=0 pkg=com.google.android.as
07-30 08:42:58.187   559   559 W IPCThreadState: Sending oneway calls to frozen process.
07-30 08:42:58.187   559   559 W IPCThreadState: Sending oneway calls to frozen process.
07-30 08:42:58.188   559   589 D ShortcutService: Getting shortcuts for launcher= com.google.android.asuser=0 pkg=com.google.android.gms
07-30 08:42:58.188   559   589 D ShortcutService: Getting shortcuts for launcher= com.google.android.apps.nexuslauncheruser=0 pkg=com.google.android.gms
07-30 08:42:58.188   559   589 D ShortcutService: Getting shortcuts for launcher= com.android.systemuiuser=0 pkg=com.google.android.gms
07-30 08:42:58.189   559   589 D ShortcutService: Getting shortcuts for launcher= com.google.android.asuser=0 pkg=com.google.android.apps.messaging
07-30 08:42:58.194   559  2254 D ConnectivityService: requestNetwork for uid/pid:10133/3366 activeRequest: null callbackRequest: 124 [NetworkRequest [ TRACK_DEFAULT id=125, [ Capabilities: INTERNET&NOT_RESTRICTED&TRUSTED&NOT_VCN_MANAGED&NOT_BANDWIDTH_CONSTRAINED Uid: 10133 RequestorUid: 10133 RequestorPkg: com.google.android.apps.messaging UnderlyingNetworks: Null] ], NetworkRequest [ REQUEST id=126, [ Transports: SATELLITE Capabilities: INTERNET&TRUSTED&NOT_VCN_MANAGED Uid: 10133 RequestorUid: 10133 RequestorPkg: com.google.android.apps.messaging UnderlyingNetworks: Null] ]] callback flags: 0 order: 2147483647 isUidTracked: false
07-30 08:42:58.201   559   830 D ConnectivityService: NetReassign [125 : null → 100] [c 0] [a 0] [i 1]
07-30 08:42:58.202  3366  3404 I CarrierServices: SystemBindingService: Starting JibeService
07-30 08:42:58.208  3366  3404 I BugleRcsEngine: Broadcasting provisioning intent rcs.intent.action.rcsSystemBinding to Bugle with extras redacted-pii:[null] from source SYSTEM_BINDING_SERVICE [CONTEXT log_prefix="EngineBroadcaster" thread_id=50 ]
07-30 08:42:58.213  1573  3358 I AccountSeedingPrefetchI: AccountSeedingPrefetchInit intent operation started. [CONTEXT service_id=42 ]
07-30 08:42:58.225  3134  3609 I BugleTransport: onSystemBound: kicking off updateActiveTransport
07-30 08:42:58.226  3134  3607 W BugleAction: Failed to get msisdn from Bugle
07-30 08:42:58.227  3134  3607 W Bugle   : Bugle: SubscriptionMetadataUtils get: unexpected subId = -2, replacing with -1
07-30 08:42:58.230  1573  3353 I Checkin : [CheckinOperation] Checkin Operation finished with result: SUCCESS finish time: 85914.
07-30 08:42:58.230  3134  3609 I BugleRcsProvisioning: RcsProvisioningTrigger: System bound to :rcs process. Schedule provisioning.
07-30 08:42:58.238  3134  3609 I BugleRcsProvisioning: scheduleProvisioning using legacy code path
07-30 08:42:58.238  3134  3609 I BugleRcsEngine: [SR]: Single Registration is disabled. Skipping Single Registration capability check for subId: 1, OS.isAtLeastS:[true], enableSingleRegistrationProvisioning:[false] [CONTEXT thread_id=98 ]
07-30 08:42:58.238  3134  3609 I BugleRcsProvisioning: RcsProvisioningTrigger: DR is active, initializing DR provisioning. DUAL_REG
07-30 08:42:58.242  3134  3607 W Bugle   : Bugle: SubscriptionMetadataUtils get: unexpected subId = -2, replacing with -1
07-30 08:42:58.242  3134  3273 I BugleTransport: isChatAvailable: RcsAvailability is DISABLED_VIA_GSERVICES (RCS is disabled for this carrier by Google)
07-30 08:42:58.243  3134  3291 I Bugle   : BroadcastReceiverAsyncWorkTracker: Acknowledging broadcast of com.google.android.apps.messaging.rcsprovisioning.RcsProvisioningBroadcastReceiver@e878064
07-30 08:42:58.244  3134  3270 I BugleRcsEngine: [SR]: Single Registration is disabled. Skipping Single Registration capability check for subId: 1, OS.isAtLeastS:[true], enableSingleRegistrationProvisioning:[false] [CONTEXT thread_id=53 ]
07-30 08:42:58.244  3134  3270 I BugleRcsEngine: Skipping provisioning scheduling since RCS is disabled [CONTEXT thread_id=53 ]
07-30 08:42:58.247  3134  3607 I Bugle   : getRawTelephonyPhoneNumber redacted-pii[0-chars] [CONTEXT sub_id=-1 ]
07-30 08:42:58.247  3134  3607 W BugleAction: No default number, returning empty msisdn
07-30 08:42:58.248  3134  3607 I BugleRcsEngine: isRcsAvailableForSubId called with an invalid sub id: -2 [CONTEXT log_prefix="RcsProvisioningManager" thread_id=96 ]
07-30 08:42:58.251  1230  1234 I .gms.persistent: Background concurrent mark compact GC freed 18MB AllocSpace bytes, 27(1180KB) LOS objects, 49% free, 15MB/30MB, paused 619us,1.215ms total 207.432ms
07-30 08:42:58.252  3134  3273 I BugleTransport: updateActiveTransport: refreshing chat transport
07-30 08:42:58.252  1573  3092 I Checkin : [CheckinIntentOperation] onHandleIntent, Intent { act=com.google.android.gms.checkin.CHECKIN_START_ACTION cat=[targeted_intent_op_prefix:.checkin.CheckinIntentOperation] cmp=com.google.android.gms/.chimera.GmsIntentOperationService (has extras) }
07-30 08:42:58.252  3134  3273 I BugleTransport: refreshChatTransport: isChatAvailable: false, enabledTransport: 1, configuration: <empty>
07-30 08:42:58.258  3134  3273 I RcsClientLib: Connecting RcsEngineLifecycleService
07-30 08:42:58.258  3134  3273 W RcsClientLib: No CS.apk RCS service found. Is RCS running in Bugle?
07-30 08:42:58.259  3134  3273 I RcsClientLib: shouldUseCarrierServicesJibeService: false, CarrierServices rcs service found: false
07-30 08:42:58.263  3134  3273 I RcsClientLib: com.google.android.rcs.client.lifecycle.RcsEngineLifecycleService connected
07-30 08:42:58.266  1573  3092 W GmsTaskScheduler: ScheduledCheckinGmsTaskService is not available. This may cause the task to be lost.
07-30 08:42:58.278  1230  1236 W .gms.persistent: ApkAssets: Deleting an ApkAssets object '<empty> and /product/priv-app/SettingsIntelligenceGooglePrebuilt/SettingsIntelligenceGooglePrebuilt.apk' with 1 weak references
07-30 08:42:58.278  1230  1236 W .gms.persistent: ApkAssets: Deleting an ApkAssets object '<empty> and /product/priv-app/AndroidAutoStubPrebuilt/AndroidAutoStubPrebuilt.apk' with 1 weak references
07-30 08:42:58.278  1230  1236 W .gms.persistent: ApkAssets: Deleting an ApkAssets object '<empty> and /product/app/YouTubeMusicPrebuilt/YouTubeMusicPrebuilt.apk' with 1 weak references
07-30 08:42:58.279  1230  1236 W .gms.persistent: ApkAssets: Deleting an ApkAssets object '<empty> and /product/app/LatinIMEGooglePrebuilt/LatinIMEGooglePrebuilt.apk' with 1 weak references
07-30 08:42:58.279  1230  1236 W .gms.persistent: ApkAssets: Deleting an ApkAssets object '<empty> and /product/priv-app/GoogleRestorePrebuilt-v526684/GoogleRestorePrebuilt-v526684.apk' with 1 weak references
07-30 08:42:58.290  1230  1236 W .gms.persistent: ApkAssets: Deleting an ApkAssets object '<empty> and /product/app/YouTube/YouTube.apk' with 1 weak references
07-30 08:42:58.291   559   589 D ShortcutService: Getting shortcuts for launcher= com.google.android.apps.nexuslauncheruser=0 pkg=com.google.android.apps.messaging
07-30 08:42:58.291   559   589 D ShortcutService: Getting shortcuts for launcher= com.android.systemuiuser=0 pkg=com.google.android.apps.messaging
07-30 08:42:58.292   559   589 I AppBindingService: Connected: com.google.android.apps.messaging/com.google.android.ims.binding.SystemBindingService u0
07-30 08:42:58.292   559   873 D ShortcutService: Saving package item com.google.android.gms to /data/system_ce/0/shortcut_service/packages/com.google.android.gms.xml
07-30 08:42:58.296  1230  1236 W .gms.persistent: ApkAssets: Deleting an ApkAssets object '<empty> and /product/priv-app/Velvet/Velvet.apk' with 1 weak references
07-30 08:42:58.300   559   589 D ShortcutService: Getting shortcuts for launcher= com.google.android.asuser=0 pkg=com.google.android.gms
07-30 08:42:58.337  3366  3636 I BugleRcsEngine: triggerStopRcsStack for msisdn:redacted-pii:phone_number[chars:0,last2:] [CONTEXT log_prefix="RcsEngineImpl[DUAL_REG]:[cbde4af9-688f]" thread_id=68 ]
07-30 08:42:58.337  3134  3291 I RcsClientLib: Disconnecting RcsEngineLifecycleService
07-30 08:42:58.338  3366  3425 I BugleRcsEngine: handleMessage processing message:[STOP_RCS_STACK] with [non-null]:RcsEngineImpl reference [CONTEXT log_prefix="RcsEngineImpl[DUAL_REG]:[cbde4af9-688f]>Handler" thread_id=63 ]
07-30 08:42:58.338  3366  3425 I BugleRcsEngine: RCS engine STOP RCS stack [CONTEXT log_prefix="RcsEngineImpl[DUAL_REG]:[cbde4af9-688f]>Handler" thread_id=63 ]
07-30 08:42:58.338  3366  3425 I BugleRcsEngine: imsModule is null, shutdown not required [CONTEXT log_prefix="RcsEngineImpl[DUAL_REG]:[cbde4af9-688f]" thread_id=63 ]
07-30 08:42:58.338  3366  3425 I BugleRcsEngine: skipping imsModule.stop [CONTEXT log_prefix="RcsEngineImpl[DUAL_REG]:[cbde4af9-688f]" thread_id=63 ]
07-30 08:42:58.339  3366  3425 I BugleRcsEngine: handleMessage processing message:[NOTIFY_UPTIME_IGNORE_STATE_CHANGED] with [non-null]:RcsEngineImpl reference [CONTEXT log_prefix="RcsEngineImpl[DUAL_REG]:[cbde4af9-688f]>Handler" thread_id=63 ]
07-30 08:42:58.339  3366  3425 I BugleRcsEngine: RCS Configuration storage in Bugle is disabled by p/h flag, using ProvisioningEngineStateCacheUtil.getProvisioningConfigurationForGivenSimIfExist() [CONTEXT log_prefix="ProvisioningEngineDataRetriever" thread_id=63 ]
07-30 08:42:58.340   559  1928 D OomAdjuster: Not killing cached processes
07-30 08:42:58.355   559   589 D ShortcutService: Getting shortcuts for launcher= com.google.android.apps.nexuslauncheruser=0 pkg=com.google.android.gms
07-30 08:42:58.363   559   589 D ShortcutService: Getting shortcuts for launcher= com.android.systemuiuser=0 pkg=com.google.android.gms
07-30 08:42:58.373  2127  2132 I id.gms.unstable: Background concurrent mark compact GC freed 3221KB AllocSpace bytes, 21(1276KB) LOS objects, 49% free, 4468KB/8936KB, paused 172us,10.094ms total 109.597ms
07-30 08:42:58.378  1230  3537 W .gms.persistent: Long monitor contention with owner netscheduler-queue-handler (2290) at void dbyt.o(int)(:com.google.android.gms@242335041@24.23.35 (190800-646585959):27) waiters=0 in void dbyt.t(boolean, bpmd) for 110ms
07-30 08:42:58.408  3366  3412 W BugleRcsEngine: Unable to send diagnostic log [CONTEXT thread_id=57 ]
07-30 08:42:58.425  1230  3537 I NetworkScheduler.Stats: Task com.google.android.gms/com.google.android.gms.pay.gcmtask.PayGcmTaskService started execution. cause:5 exec_start_elapsed_seconds: 86 [CONTEXT service_id=218 ]
07-30 08:42:58.457  1230  3432 I NetworkScheduler.Stats: Task com.google.android.gms/com.google.android.gms.pay.gcmtask.PayGcmTaskService finished executing. cause:5 result: 1 elapsed_millis: 128 uptime_millis: 128 exec_start_elapsed_seconds: 86 [CONTEXT service_id=218 ]
--------- beginning of kernel
07-30 08:42:58.639     0     0 I servicemanager: Caller(pid=170,uid=1017,sid=u:r:keystore:s0) Found android.hardware.security.keymint.IRemotelyProvisionedComponent/default in device VINTF manifest.
07-30 08:42:58.473   559  1928 I RemoteProvisionSysSvc: getRegistration(android.hardware.security.keymint.IRemotelyProvisionedComponent/default)
07-30 08:42:58.477   559   559 I RegistrationProxy: onServiceConnected: com.android.rkpdapp.service.RemoteProvisioningService
07-30 08:42:58.650     0     0 I servicemanager: Caller(pid=2624,uid=10184,sid=u:r:rkpdapp:s0:c184,c256,c512,c768) Found android.hardware.security.keymint.IRemotelyProvisionedComponent/default in device VINTF manifest.
07-30 08:42:58.484   559   989 I RegistrationProxy: IGetRegistrationCallback.onSuccess
07-30 08:42:58.488   559  2575 I RemoteProvisionSysSvc: Fetching key 10143 for client 49678748
07-30 08:42:58.488   559  2575 I RegistrationProxy: getKeyAsync operation started with callback 72863653
07-30 08:42:58.488  2624  2706 I RkpdRegistrationBinder: Key requested for : android.hardware.security.keymint.IRemotelyProvisionedComponent/default, clientUid: 1017, keyId: 10143, callback: 203583818
07-30 08:42:58.489  2624  2706 I RkpdRegistrationBinder: Key successfully assigned to client
07-30 08:42:58.490   559   559 I RemoteProvisionSysSvc: Successfully fetched key for client 49678748
07-30 08:42:58.496   172   172 D SoftKeymaster: system/keymaster/km_openssl/certificate_utils.cpp, Line 148: Using TAG_CERTIFICATE_NOT_BEFORE: 0
07-30 08:42:58.496   172   172 D SoftKeymaster: system/keymaster/km_openssl/certificate_utils.cpp, Line 154: Using TAG_CERTIFICATE_NOT_AFTER: 2461449600000
07-30 08:42:58.496   172   172 D SoftKeymaster: system/keymaster/km_openssl/certificate_utils.cpp, Line 159: Got certificate date params:  NotBefore = 0, NotAfter = 2461449600000
07-30 08:42:58.496   172   172 D SoftKeymaster: system/keymaster/km_openssl/certificate_utils.cpp, Line 273: Setting notBefore to 0
07-30 08:42:58.496   172   172 D SoftKeymaster: system/keymaster/km_openssl/certificate_utils.cpp, Line 282: Setting notAfter to 2461449600
07-30 08:42:58.664     0     0 I servicemanager: Caller(pid=170,uid=1017,sid=u:r:keystore:s0) Found android.hardware.security.keymint.IRemotelyProvisionedComponent/default in device VINTF manifest.
07-30 08:42:58.503   559  2575 W JobScheduler: Job didn't exist in JobStore: fa77a #u0a135/1 com.google.android.configupdater/.MainJobService
07-30 08:42:58.514  2922  3639 I ConfigUpdater: Update started
07-30 08:42:58.526   559   665 I RoleService: Granting default roles...
07-30 08:42:58.528   559  1016 W Role    : Default holder doesn't have required signing certificate: com.google.android.retaildemo:6547c73dee150c103980bfdffe55cc9a011d785dd694a5f99afd8205bcaf1f80
07-30 08:42:58.529   559  1016 E RoleControllerServiceImpl: Default/fallback role holder package doesn't qualify for the role, package: com.google.android.gms.supervision, role: android.app.role.SYSTEM_SUPERVISION
07-30 08:42:58.532   559  1016 W Role    : Default holder doesn't have required signing certificate: com.google.android.apps.work.clouddpc:23962F4B43B9857638EA66F4D419518EAE282491ACDA4B94707BD59003C45E58
07-30 08:42:58.565   559  1016 E RoleControllerServiceImpl: Default/fallback role holder package doesn't qualify for the role, package: com.google.android.gms, role: android.app.role.WALLET
07-30 08:42:58.565   559   989 D ConnectivityService: requestNetwork for uid/pid:1000/559 asUid: 10135 activeRequest: null callbackRequest: 127 [NetworkRequest [ REQUEST id=128, [ Capabilities: INTERNET&NOT_RESTRICTED&TRUSTED&NOT_VCN_MANAGED&NOT_BANDWIDTH_CONSTRAINED Uid: 10135 RequestorUid: 1000 RequestorPkg: android UnderlyingNetworks: Null] ]] callback flags: 0 order: 2147483647 isUidTracked: false
07-30 08:42:58.567   559   823 D OemPaidWifiNetworkFactory: got request NetworkRequest [ REQUEST id=128, [ Capabilities: INTERNET&NOT_RESTRICTED&TRUSTED&NOT_VCN_MANAGED&NOT_BANDWIDTH_CONSTRAINED Uid: 10135 RequestorUid: 1000 RequestorPkg: android UnderlyingNetworks: Null] ]
07-30 08:42:58.568   559   830 D ConnectivityService: NetReassign [128 : null → 100] [c 0] [a 1] [i 1]
07-30 08:42:58.568   559   823 D MultiInternetWifiNetworkFactory: got request NetworkRequest [ REQUEST id=128, [ Capabilities: INTERNET&NOT_RESTRICTED&TRUSTED&NOT_VCN_MANAGED&NOT_BANDWIDTH_CONSTRAINED Uid: 10135 RequestorUid: 1000 RequestorPkg: android UnderlyingNetworks: Null] ]
07-30 08:42:58.568   559   823 D WifiNetworkFactory: got request NetworkRequest [ REQUEST id=128, [ Capabilities: INTERNET&NOT_RESTRICTED&TRUSTED&NOT_VCN_MANAGED&NOT_BANDWIDTH_CONSTRAINED Uid: 10135 RequestorUid: 1000 RequestorPkg: android UnderlyingNetworks: Null] ]
07-30 08:42:58.568   559   823 D UntrustedWifiNetworkFactory: got request NetworkRequest [ REQUEST id=128, [ Capabilities: INTERNET&NOT_RESTRICTED&TRUSTED&NOT_VCN_MANAGED&NOT_BANDWIDTH_CONSTRAINED Uid: 10135 RequestorUid: 1000 RequestorPkg: android UnderlyingNetworks: Null] ]
07-30 08:42:58.574   559  1016 E RoleControllerServiceImpl: Default/fallback role holder package doesn't qualify for the role, package: com.google.android.devicelockcontroller, role: android.app.role.SYSTEM_FINANCED_DEVICE_CONTROLLER
07-30 08:42:58.583  2922  3639 I ConfigUpdater: Update started
07-30 08:42:58.595  1719  3641 D DownloadManager: [1] Starting
07-30 08:42:58.629   359  3642 I resolv  : GetAddrInfoHandler::run: {100 983140 100 983140 10094 0}
07-30 08:42:58.630   359  3643 I resolv  : res_nmkquery: (QUERY, IN, AAAA)
07-30 08:42:58.630   359  3643 I resolv  : resolv_cache_lookup: FOUND IN CACHE entry=0x7c462e496090
07-30 08:42:58.630   359  3643 I resolv  : doQuery: rcode=0, ancount=1, return value=61
07-30 08:42:58.630   359  3644 I resolv  : res_nmkquery: (QUERY, IN, A)
07-30 08:42:58.630   359  3644 I resolv  : resolv_cache_lookup: FOUND IN CACHE entry=0x7c462e4974d0
07-30 08:42:58.630   359  3644 I resolv  : doQuery: rcode=0, ancount=1, return value=49
07-30 08:42:58.630  1719  3641 D TrafficStats: tagSocket(94) with statsTag=0xffffff01, statsUid=10135
07-30 08:42:58.640  1719  3646 D DownloadManager: [2] Starting
07-30 08:42:58.666  1719  3646 D TrafficStats: tagSocket(95) with statsTag=0xffffff01, statsUid=10135
07-30 08:42:58.780  3031  3035 I gs.intelligence: Background concurrent mark compact GC freed 4016KB AllocSpace bytes, 4(868KB) LOS objects, 49% free, 5015KB/10030KB, paused 198us,538us total 100.638ms
07-30 08:42:58.812  1719  3646 D CompatChangeReporter: Compat change id reported: 312399441; UID 10094; state: ENABLED
07-30 08:42:58.817  1230  3537 I NetworkScheduler.Stats: Task com.google.android.gms/com.google.android.gms.pay.gcmtask.PayGcmTaskService started execution. cause:5 exec_start_elapsed_seconds: 86 [CONTEXT service_id=218 ]
07-30 08:42:58.846  1719  3646 D DownloadManager: [2] Finished with status SUCCESS
07-30 08:42:58.868  1230  3537 I NetworkScheduler.Stats: Task com.google.android.gms/com.google.android.gms.pay.gcmtask.PayGcmTaskService finished executing. cause:5 result: 1 elapsed_millis: 132 uptime_millis: 132 exec_start_elapsed_seconds: 86 [CONTEXT service_id=218 ]
07-30 08:42:58.896  1719  3641 D DownloadManager: [1] Finished with status SUCCESS
07-30 08:42:59.074     0     0 I servicemanager: Caller(pid=170,uid=1017,sid=u:r:keystore:s0) Found android.hardware.security.keymint.IRemotelyProvisionedComponent/default in device VINTF manifest.
07-30 08:42:58.917   559   640 I RemoteProvisionSysSvc: getRegistration(android.hardware.security.keymint.IRemotelyProvisionedComponent/default)
07-30 08:42:58.939   559  1120 D CompatChangeReporter: Compat change id reported: 311208629; UID 10094; state: ENABLED
07-30 08:42:58.942   359   408 I netd    : tetherGetStats() -> {[]} <0.32ms>
07-30 08:42:58.952   559   559 I RegistrationProxy: onServiceConnected: com.android.rkpdapp.service.RemoteProvisioningService
07-30 08:42:58.960   559   640 I RegistrationProxy: IGetRegistrationCallback.onSuccess
07-30 08:42:59.126     0     0 I servicemanager: Caller(pid=2624,uid=10184,sid=u:r:rkpdapp:s0:c184,c256,c512,c768) Found android.hardware.security.keymint.IRemotelyProvisionedComponent/default in device VINTF manifest.
07-30 08:42:58.970   559  2632 I RemoteProvisionSysSvc: Fetching key 10143 for client 103309188
07-30 08:42:58.970   559  2632 I RegistrationProxy: getKeyAsync operation started with callback 6493037
07-30 08:42:58.970  2624  2686 I RkpdRegistrationBinder: Key requested for : android.hardware.security.keymint.IRemotelyProvisionedComponent/default, clientUid: 1017, keyId: 10143, callback: 129145137
07-30 08:42:58.976  2624  2686 I RkpdRegistrationBinder: Key successfully assigned to client
07-30 08:42:58.979  1719  3651 D DownloadManager: [3] Starting
07-30 08:42:58.981   559   559 I RemoteProvisionSysSvc: Successfully fetched key for client 103309188
07-30 08:42:58.992   172   172 D SoftKeymaster: system/keymaster/km_openssl/certificate_utils.cpp, Line 148: Using TAG_CERTIFICATE_NOT_BEFORE: 0
07-30 08:42:58.992   172   172 D SoftKeymaster: system/keymaster/km_openssl/certificate_utils.cpp, Line 154: Using TAG_CERTIFICATE_NOT_AFTER: 2461449600000
07-30 08:42:58.992   172   172 D SoftKeymaster: system/keymaster/km_openssl/certificate_utils.cpp, Line 159: Got certificate date params:  NotBefore = 0, NotAfter = 2461449600000
07-30 08:42:58.992   172   172 D SoftKeymaster: system/keymaster/km_openssl/certificate_utils.cpp, Line 273: Setting notBefore to 0
07-30 08:42:58.992   172   172 D SoftKeymaster: system/keymaster/km_openssl/certificate_utils.cpp, Line 282: Setting notAfter to 2461449600
07-30 08:42:59.155     0     0 I servicemanager: Caller(pid=170,uid=1017,sid=u:r:keystore:s0) Found android.hardware.security.keymint.IRemotelyProvisionedComponent/default in device VINTF manifest.
07-30 08:42:59.015  1719  3651 D TrafficStats: tagSocket(94) with statsTag=0xffffff01, statsUid=10135
07-30 08:42:59.072  1719  3653 D DownloadManager: [4] Starting
07-30 08:42:59.119  1719  3653 D TrafficStats: tagSocket(95) with statsTag=0xffffff01, statsUid=10135
07-30 08:42:59.165   359  3656 I resolv  : GetAddrInfoHandler::run: {100 786532 100 983140 10143 0}
07-30 08:42:59.168  2127  2139 D TrafficStats: tagSocket(132) with statsTag=0x1809, statsUid=-1
07-30 08:42:59.169  2127  2139 D TrafficStats: tagSocket(132) with statsTag=0x1809, statsUid=-1
07-30 08:42:59.170  2127  2139 D TrafficStats: tagSocket(132) with statsTag=0x1809, statsUid=-1
07-30 08:42:59.293  1230  3537 I NetworkScheduler.Stats: Task com.google.android.gms/com.google.android.gms.pay.gcmtask.PayGcmTaskService started execution. cause:5 exec_start_elapsed_seconds: 86 [CONTEXT service_id=218 ]
07-30 08:42:59.361  1719  1729 W d.process.media: ApkAssets: Deleting an ApkAssets object '<empty> and /product/priv-app/ConfigUpdater/ConfigUpdater.apk' with 1 weak references
07-30 08:42:59.391  1230  2007 I TapAndPay: Disabling TapAndPay HCE service [CONTEXT service_id=79 ]
07-30 08:42:59.396  1573  3571 W Pay     : Active account was null, notification task will be cancelled. [CONTEXT service_id=198 ]
07-30 08:42:59.420  1573  1573 D BoundBrokerSvc: onBind: Intent { act=com.google.android.gms.audit.service.START dat=chimera-action:/... cmp=com.google.android.gms/.chimera.GmsBoundBrokerService }
07-30 08:42:59.420  1573  1573 D BoundBrokerSvc: Loading bound service for intent: Intent { act=com.google.android.gms.audit.service.START dat=chimera-action:/... cmp=com.google.android.gms/.chimera.GmsBoundBrokerService }
07-30 08:42:59.502  2127  2816 I EGL_emulation: Opening libGLESv1_CM_emulation.so
07-30 08:42:59.506  2127  2816 I EGL_emulation: Opening libGLESv2_emulation.so
07-30 08:42:59.524  1573  3571 I Pay     : [SeTosMigration] walletJpEligibility is not enabled [CONTEXT service_id=198 ]
07-30 08:42:59.636  1573  3571 I Pay     : Wallet install state NOT_INSTALLED [CONTEXT service_id=198 ]
07-30 08:42:59.655  1719  3651 D DownloadManager: [3] Finished with status SUCCESS
07-30 08:42:59.657  1719  3653 D DownloadManager: [4] Finished with status SUCCESS
07-30 08:42:59.682  1573  3571 I Pay     : Migration flag not enabled. [CONTEXT service_id=198 ]
07-30 08:42:59.718  2922  3639 I ConfigUpdater: Update downloaded, starting installation
07-30 08:42:59.723  1230  3537 I NetworkScheduler.Stats: Task com.google.android.gms/com.google.android.gms.pay.gcmtask.PayGcmTaskService finished executing. cause:5 result: 1 elapsed_millis: 513 uptime_millis: 513 exec_start_elapsed_seconds: 86 [CONTEXT service_id=218 ]
07-30 08:42:59.727  3031  3035 I gs.intelligence: Background concurrent mark compact GC freed 4056KB AllocSpace bytes, 4(872KB) LOS objects, 49% free, 5215KB/10MB, paused 182us,761us total 252.064ms
07-30 08:42:59.801  2922  3639 I ConfigUpdater: doneInstall
07-30 08:42:59.804  1719  1732 V DownloadManager: Deleting /data/data/com.android.providers.downloads/cache/08202014-metadata.txt via provider delete
07-30 08:42:59.839  1573  1573 D BoundBrokerSvc: onBind: Intent { act=com.google.android.gms.notifications.registration.service.NotificationsRegistrationTaskBoundService.ACTION_TASK_READY dat=chimera-action:/... cmp=com.google.android.gms/.chimera.GmsInternalBoundBrokerService }
07-30 08:42:59.839  1573  1573 D BoundBrokerSvc: Loading bound service for intent: Intent { act=com.google.android.gms.notifications.registration.service.NotificationsRegistrationTaskBoundService.ACTION_TASK_READY dat=chimera-action:/... cmp=com.google.android.gms/.chimera.GmsInternalBoundBrokerService }
07-30 08:42:59.843  1444  1827 W ModernMediaScanner: Failed to visit /data/data/com.android.providers.downloads/cache/08202014-metadata.txt: java.nio.file.NoSuchFileException: /data/data/com.android.providers.downloads/cache/08202014-metadata.txt
07-30 08:42:59.846  1573  1573 I GmsCoreXrpcWrapper: Returning a channel provider with trafficStatsTag=67175169 trafficStatsUid=-1
07-30 08:42:59.861  1444  1827 I MediaProvider: Scanned internal due to REASON_DEMAND, found 0 items in 50ms, 0 inserts 0 updates 0 deletes
07-30 08:42:59.876   559   662 D ActivityManager: freezing 2789 com.google.android.onetimeinitializer
07-30 08:42:59.882  2127  2816 W libc    : Access denied finding property "persist.adb.tls_server.enable"
07-30 08:42:59.886   559   830 D InetDiagMessage: Destroyed 0 sockets, proto=IPPROTO_TCP, family=AF_INET, states=14
07-30 08:42:59.887   559   830 D InetDiagMessage: Destroyed 0 sockets, proto=IPPROTO_TCP, family=AF_INET6, states=14
07-30 08:42:59.887   559   830 D InetDiagMessage: Destroyed live tcp sockets for uids={10128} in 1ms
07-30 08:42:59.868  2127  2127 W binder:2127_4: type=1400 audit(0.0:48): avc:  denied  { read } for  name="u:object_r:system_adbd_prop:s0" dev="tmpfs" ino=318 scontext=u:r:gmscore_app:s0:c512,c768 tcontext=u:object_r:system_adbd_prop:s0 tclass=file permissive=0 app=com.google.android.gms
07-30 08:42:59.893  2127  2816 W libc    : Access denied finding property "service.adb.tls.port"
07-30 08:42:59.880  2127  2127 W binder:2127_4: type=1400 audit(0.0:49): avc:  denied  { read } for  name="u:object_r:adbd_prop:s0" dev="tmpfs" ino=63 scontext=u:r:gmscore_app:s0:c512,c768 tcontext=u:object_r:adbd_prop:s0 tclass=file permissive=0 app=com.google.android.gms
07-30 08:42:59.897  1230  3432 I NetworkScheduler.Stats: Task com.google.android.gms/com.google.android.gms.notifications.registration.service.NotificationsRegistrationTaskBoundService started execution. cause:5 exec_start_elapsed_seconds: 87 [CONTEXT service_id=218 ]
07-30 08:42:59.910  2127  2816 W SystemServiceRegistry: No service published for: persistent_data_block
07-30 08:42:59.912  1719  1732 V DownloadManager: Deleting /data/data/com.android.providers.downloads/cache/08202014-pins.txt via provider delete
07-30 08:42:59.914  1444  1827 W ModernMediaScanner: Failed to visit /data/data/com.android.providers.downloads/cache/08202014-pins.txt: java.nio.file.NoSuchFileException: /data/data/com.android.providers.downloads/cache/08202014-pins.txt
07-30 08:42:59.930  1444  1827 I MediaProvider: Scanned internal due to REASON_DEMAND, found 0 items in 18ms, 0 inserts 0 updates 0 deletes
07-30 08:42:59.959  2922  3639 I ConfigUpdater: Update downloaded, starting installation
07-30 08:42:59.968  2922  3639 I ConfigUpdater: doneInstall
07-30 08:42:59.970  1719  1732 V DownloadManager: Deleting /data/data/com.android.providers.downloads/cache/05132026-sms-denylist-metadata.txt via provider delete
07-30 08:42:59.972  1444  1827 W ModernMediaScanner: Failed to visit /data/data/com.android.providers.downloads/cache/05132026-sms-denylist-metadata.txt: java.nio.file.NoSuchFileException: /data/data/com.android.providers.downloads/cache/05132026-sms-denylist-metadata.txt
07-30 08:42:59.973  1444  1827 I MediaProvider: Scanned internal due to REASON_DEMAND, found 0 items in 1ms, 0 inserts 0 updates 0 deletes
07-30 08:42:59.975  1719  1732 V DownloadManager: Deleting /data/data/com.android.providers.downloads/cache/05132026-sms-denylist.txt via provider delete
07-30 08:42:59.977  1444  1466 W ModernMediaScanner: Failed to visit /data/data/com.android.providers.downloads/cache/05132026-sms-denylist.txt: java.nio.file.NoSuchFileException: /data/data/com.android.providers.downloads/cache/05132026-sms-denylist.txt
07-30 08:42:59.987  1444  1466 I MediaProvider: Scanned internal due to REASON_DEMAND, found 0 items in 10ms, 0 inserts 0 updates 0 deletes
07-30 08:42:59.997  2127  2139 I EGL_emulation: Opening libGLESv1_CM_emulation.so
07-30 08:42:59.997  2127  2139 I EGL_emulation: Opening libGLESv2_emulation.so
07-30 08:43:00.039  1450  1706 I AiAiEcho: Predicting[0]:  [CONTEXT sampling_count=5 ]
07-30 08:43:00.040  1450  1706 I AiAiEcho: EchoTargets: 
07-30 08:43:00.040  1450  1706 I AiAiEcho: Filtered by AiAi flag check: 
07-30 08:43:00.040  1450  1706 I AiAiEcho: [CONTEXT ratelimit_period="10 SECONDS" ]
07-30 08:43:00.041  1450  1706 I AiAiEcho: Ranked targets strategy: SORT, count: 0, ranking metadata:  [CONTEXT ratelimit_period="10 SECONDS" ]
07-30 08:43:00.041  1450  1706 I AiAiEcho: #remoteViewsTwiddler: feature disabled.
07-30 08:43:00.041  1450  1706 I AiAiEcho: Predicting[0]:  [CONTEXT sampling_count=5 ]
07-30 08:43:00.041  1450  1706 I AiAiEcho: EchoTargets: 
07-30 08:43:00.041  1450  1706 I AiAiEcho: Filtered by AiAi flag check: 
07-30 08:43:00.041  1450  1706 I AiAiEcho: [CONTEXT ratelimit_period="10 SECONDS" ]
07-30 08:43:00.041  1450  1706 I AiAiEcho: Ranked targets strategy: SORT, count: 0, ranking metadata:  [CONTEXT ratelimit_period="10 SECONDS" ]
07-30 08:43:00.043  1450  1706 I AiAiEcho: #remoteViewsTwiddler: feature disabled.
07-30 08:43:00.045  1450  1706 I AiAiEcho: #postPredictionTargets: Sending updates to UISurface lockscreen with targets# 0 (types=[])
07-30 08:43:00.046  1450  1706 I AiAiEcho: #postPredictionTargets: Sending updates to UISurface home with targets# 0 (types=[])
07-30 08:43:00.046  1186  1186 D SsBaseTemplateCard: No text view can be set up
07-30 08:43:00.046  1186  1186 D SsBaseTemplateCard: Passed-in item info is null
07-30 08:43:00.046  1186  1186 D SsBaseTemplateCard: Passed-in item info is null
07-30 08:43:00.046  1186  1186 D SsBaseTemplateCard: Passed-in item info is null
07-30 08:43:00.046  1186  1186 I SsBaseTemplateCard: Secondary card pane is null
07-30 08:43:00.060   559  3658 I ConfigUpdateInstallReceiver: Couldn't find current metadata, assuming first update
07-30 08:43:00.061   559  3658 I ConfigUpdateInstallReceiver: Failed to read current content, assuming first update!
07-30 08:43:00.061   559  3658 I ConfigUpdateInstallReceiver: Found new update, installing...
07-30 08:43:00.065   359   408 I netd    : tetherGetStats() -> {[]} <2.17ms>
07-30 08:43:00.066   559  3660 I ConfigUpdateInstallReceiver: Couldn't find current metadata, assuming first update
07-30 08:43:00.066   559  3660 I ConfigUpdateInstallReceiver: Failed to read current content, assuming first update!
07-30 08:43:00.066   559  3660 I ConfigUpdateInstallReceiver: Found new update, installing...
07-30 08:43:00.081   559  3660 I ConfigUpdateInstallReceiver: Installation successful
07-30 08:43:00.084   916   916 W PageIndicator: Total number of pages invalid: 0. Assuming 1 page.
07-30 08:43:00.085   559  3658 I ConfigUpdateInstallReceiver: Installation successful
07-30 08:43:00.123   559   662 D ActivityManager: freezing 2227 com.android.imsserviceentitlement
07-30 08:43:00.128   559   830 D InetDiagMessage: Destroyed 0 sockets, proto=IPPROTO_TCP, family=AF_INET, states=14
07-30 08:43:00.129   559   830 D InetDiagMessage: Destroyed 0 sockets, proto=IPPROTO_TCP, family=AF_INET6, states=14
07-30 08:43:00.131   559   830 D InetDiagMessage: Destroyed live tcp sockets for uids={10138} in 3ms
07-30 08:43:00.171   559   662 D ActivityManager: freezing 2346 com.android.managedprovisioning
07-30 08:43:00.176   559   830 D InetDiagMessage: Destroyed 0 sockets, proto=IPPROTO_TCP, family=AF_INET, states=14
07-30 08:43:00.184   559   830 D InetDiagMessage: Destroyed 0 sockets, proto=IPPROTO_TCP, family=AF_INET6, states=14
07-30 08:43:00.184   559   830 D InetDiagMessage: Destroyed live tcp sockets for uids={10103} in 8ms
07-30 08:43:00.246   916  1047 D EGL_emulation: app_time_stats: avg=2141.58ms min=2141.58ms max=2141.58ms count=1
07-30 08:43:00.260  2127  2139 W SystemServiceRegistry: No service published for: persistent_data_block
07-30 08:43:00.280   559   662 D ActivityManager: freezing 1583 com.android.providers.calendar
07-30 08:43:00.283   559   830 D InetDiagMessage: Destroyed 0 sockets, proto=IPPROTO_TCP, family=AF_INET, states=14
07-30 08:43:00.285   559   830 D InetDiagMessage: Destroyed 0 sockets, proto=IPPROTO_TCP, family=AF_INET6, states=14
07-30 08:43:00.286   559   830 D InetDiagMessage: Destroyed live tcp sockets for uids={10101} in 3ms
07-30 08:43:00.371   559   662 D ActivityManager: freezing 2140 com.google.android.apps.wallpaper
07-30 08:43:00.372   559   830 D InetDiagMessage: Destroyed 0 sockets, proto=IPPROTO_TCP, family=AF_INET, states=14
07-30 08:43:00.372   559   830 D InetDiagMessage: Destroyed 0 sockets, proto=IPPROTO_TCP, family=AF_INET6, states=14
07-30 08:43:00.373   559   830 D InetDiagMessage: Destroyed live tcp sockets for uids={10176} in 3ms
07-30 08:43:00.374  2127  2139 W libc    : Access denied finding property "persist.adb.tls_server.enable"
07-30 08:43:00.360  2127  2127 W binder:2127_2: type=1400 audit(0.0:50): avc:  denied  { read } for  name="u:object_r:system_adbd_prop:s0" dev="tmpfs" ino=318 scontext=u:r:gmscore_app:s0:c512,c768 tcontext=u:object_r:system_adbd_prop:s0 tclass=file permissive=0 app=com.google.android.gms
07-30 08:43:00.379  2127  2139 W libc    : Access denied finding property "service.adb.tls.port"
07-30 08:43:00.380   559   989 D FileUtils: Rounded bytes from 2593193984 to 4000000000
07-30 08:43:00.382  1230  1828 W GLSUser : [DeviceKeyStore] Cannot load key: Device key file not found.
07-30 08:43:00.382  1230  1828 W GLSUser : [DeviceKeyStore] Cannot load key: Device key file not found.
07-30 08:43:00.368  2127  2127 W binder:2127_2: type=1400 audit(0.0:51): avc:  denied  { read } for  name="u:object_r:adbd_prop:s0" dev="tmpfs" ino=63 scontext=u:r:gmscore_app:s0:c512,c768 tcontext=u:object_r:adbd_prop:s0 tclass=file permissive=0 app=com.google.android.gms
07-30 08:43:00.385  1573  3092 I Checkin : [CheckinOperation] Starting Checkin: Default Task Reason : 8 Force : false UserId : 0 Start time : 88069
07-30 08:43:00.388  1573  3092 I CheckinUtil: Classify the device as Phone. [CONTEXT service_id=130 ]
07-30 08:43:00.420   359  3664 I resolv  : GetAddrInfoHandler::run: {100 786532 100 983140 10143 0}
07-30 08:43:00.420   359  3666 I resolv  : res_nmkquery: (QUERY, IN, A)
07-30 08:43:00.420   359  3665 I resolv  : res_nmkquery: (QUERY, IN, AAAA)
07-30 08:43:00.439  1573  3092 I Checkin : [AndroidCheckinProtoModule] Checkin reason type: 8 attempt count: 1.
07-30 08:43:00.470   559   989 D FileUtils: Rounded bytes from 2593193984 to 4000000000
07-30 08:43:00.487   559   989 D FileUtils: Rounded bytes from 2593193984 to 4000000000
07-30 08:43:00.496   559   662 D ActivityManager: freezing 2825 com.android.camera2
07-30 08:43:00.497   559   830 D InetDiagMessage: Destroyed 0 sockets, proto=IPPROTO_TCP, family=AF_INET, states=14
07-30 08:43:00.498   559   830 D InetDiagMessage: Destroyed 0 sockets, proto=IPPROTO_TCP, family=AF_INET6, states=14
07-30 08:43:00.499   559   830 D InetDiagMessage: Destroyed live tcp sockets for uids={10157} in 3ms
07-30 08:43:00.524  1444  1914 W ModernMediaScanner: Failed to apply ContentProviderOperation(type=insert uri=content://media/internal/file values={instance_id=null, compilation=null, disc_number=null, duration=1000, is_ringtone=0, album_artist=null, resolution=null, orientation=null, artist=Unknown, author=null, height=null, is_drm=0, is_audiobook=0, date_modified=1737651906, writer=null, composer=null, _modifier=3, is_recording=0, datetaken=null, mime_type=audio/ogg, is_notification=1, bitrate=80000, cd_track_number=null, xmp=[], year=null, _data=/product/media/audio/notifications/Arcturus.ogg, _size=7933, album=notifications, genre=Unknown, is_alarm=0, title=Arcturus, track=null, width=null, is_music=0, document_id=null, is_podcast=0, capture_framerate=null, num_tracks=1, original_document_id=null, media_type=2} exceptionAllowed)
07-30 08:43:00.524  1444  1914 W ModernMediaScanner: android.database.sqlite.SQLiteConstraintException: UNIQUE constraint failed: files._data (code 2067 SQLITE_CONSTRAINT_UNIQUE)
07-30 08:43:00.524  1444  1914 W ModernMediaScanner: 	at android.database.sqlite.SQLiteConnection.nativeExecuteForLastInsertedRowId(Native Method)
07-30 08:43:00.524  1444  1914 W ModernMediaScanner: 	at android.database.sqlite.SQLiteConnection.executeForLastInsertedRowId(SQLiteConnection.java:974)
07-30 08:43:00.524  1444  1914 W ModernMediaScanner: 	at android.database.sqlite.SQLiteSession.executeForLastInsertedRowId(SQLiteSession.java:814)
07-30 08:43:00.524  1444  1914 W ModernMediaScanner: 	at android.database.sqlite.SQLiteStatement.executeInsert(SQLiteStatement.java:89)
07-30 08:43:00.524  1444  1914 W ModernMediaScanner: 	at com.android.providers.media.util.DatabaseUtils.executeInsert(DatabaseUtils.java:488)
07-30 08:43:00.524  1444  1914 W ModernMediaScanner: 	at com.android.providers.media.util.SQLiteQueryBuilder.insert(SQLiteQueryBuilder.java:640)
07-30 08:43:00.524  1444  1914 W ModernMediaScanner: 	at com.android.providers.media.util.SQLiteQueryBuilder.lambda$insert$1(SQLiteQueryBuilder.java:604)
07-30 08:43:00.524  1444  1914 W ModernMediaScanner: 	at com.android.providers.media.util.SQLiteQueryBuilder.$r8$lambda$1_sr46pjM8wwFdSQpMjCTR4_wfk(SQLiteQueryBuilder.java:0)
07-30 08:43:00.524  1444  1914 W ModernMediaScanner: 	at com.android.providers.media.util.SQLiteQueryBuilder$$ExternalSyntheticLambda4.apply(R8$$SyntheticClass:0)
07-30 08:43:00.524  1444  1914 W ModernMediaScanner: 	at com.android.providers.media.DatabaseHelper.runWithTransaction(DatabaseHelper.java:891)
07-30 08:43:00.524  1444  1914 W ModernMediaScanner: 	at com.android.providers.media.util.SQLiteQueryBuilder.insert(SQLiteQueryBuilder.java:603)
07-30 08:43:00.524  1444  1914 W ModernMediaScanner: 	at com.android.providers.media.MediaProvider.lambda$insertAllowingUpsert$22(MediaProvider.java:5196)
07-30 08:43:00.524  1444  1914 W ModernMediaScanner: 	at com.android.providers.media.MediaProvider.$r8$lambda$mZGNBB-NL1wGl2XhivazUsuTbqM(MediaProvider.java:0)
07-30 08:43:00.524  1444  1914 W ModernMediaScanner: 	at com.android.providers.media.MediaProvider$$ExternalSyntheticLambda46.apply(R8$$SyntheticClass:0)
07-30 08:43:00.524  1444  1914 W ModernMediaScanner: 	at com.android.providers.media.DatabaseHelper.runWithTransaction(DatabaseHelper.java:891)
07-30 08:43:00.524  1444  1914 W ModernMediaScanner: 	at com.android.providers.media.MediaProvider.insertAllowingUpsert(MediaProvider.java:5186)
07-30 08:43:00.524  1444  1914 W ModernMediaScanner: 	at com.android.providers.media.MediaProvider.insertFile(MediaProvider.java:5168)
07-30 08:43:00.524  1444  1914 W ModernMediaScanner: 	at com.android.providers.media.MediaProvider.insertInternal(MediaProvider.java:5637)
07-30 08:43:00.524  1444  1914 W ModernMediaScanner: 	at com.android.providers.media.MediaProvider.insert(MediaProvider.java:5330)
07-30 08:43:00.524  1444  1914 W ModernMediaScanner: 	at android.content.ContentProviderOperation.applyInternal(ContentProviderOperation.java:375)
07-30 08:43:00.524  1444  1914 W ModernMediaScanner: 	at android.content.ContentProviderOperation.apply(ContentProviderOperation.java:347)
07-30 08:43:00.524  1444  1914 W ModernMediaScanner: 	at android.content.ContentProvider.applyBatch(ContentProvider.java:2678)
07-30 08:43:00.524  1444  1914 W ModernMediaScanner: 	at com.android.providers.media.MediaProvider.applyBatch(MediaProvider.java:5689)
07-30 08:43:00.524  1444  1914 W ModernMediaScanner: 	at android.content.ContentProvider.applyBatch(ContentProvider.java:2669)
07-30 08:43:00.524  1444  1914 W ModernMediaScanner: 	at android.content.ContentResolver.applyBatch(ContentResolver.java:2246)
07-30 08:43:00.524  1444  1914 W ModernMediaScanner: 	at com.android.providers.media.scan.ModernMediaScanner$Scan.applyPending(ModernMediaScanner.java:973)
07-30 08:43:00.524  1444  1914 W ModernMediaScanner: 	at com.android.providers.media.scan.ModernMediaScanner$Scan.maybeApplyPending(ModernMediaScanner.java:963)
07-30 08:43:00.524  1444  1914 W ModernMediaScanner: 	at com.android.providers.media.scan.ModernMediaScanner$Scan.visitFile(ModernMediaScanner.java:868)
07-30 08:43:00.524  1444  1914 W ModernMediaScanner: 	at com.android.providers.media.scan.ModernMediaScanner$Scan.visitFile(ModernMediaScanner.java:351)
07-30 08:43:00.524  1444  1914 W ModernMediaScanner: 	at java.nio.file.Files.walkFileTree(Files.java:2670)
07-30 08:43:00.524  1444  1914 W ModernMediaScanner: 	at java.nio.file.Files.walkFileTree(Files.java:2742)
07-30 08:43:00.524  1444  1914 W ModernMediaScanner: 	at com.android.providers.media.scan.ModernMediaScanner$Scan.walkFileTree(ModernMediaScanner.java:467)
07-30 08:43:00.524  1444  1914 W ModernMediaScanner: 	at com.android.providers.media.scan.ModernMediaScanner$Scan.runInternal(ModernMediaScanner.java:430)
07-30 08:43:00.524  1444  1914 W ModernMediaScanner: 	at com.android.providers.media.scan.ModernMediaScanner$Scan.run(ModernMediaScanner.java:419)
07-30 08:43:00.524  1444  1914 W ModernMediaScanner: 	at com.android.providers.media.scan.ModernMediaScanner.scanDirectory(ModernMediaScanner.java:265)
07-30 08:43:00.524  1444  1914 W ModernMediaScanner: 	at com.android.providers.media.MediaProvider.scanDirectory(MediaProvider.java:2150)
07-30 08:43:00.524  1444  1914 W ModernMediaScanner: 	at com.android.providers.media.MediaService.onScanVolume(MediaService.java:204)
07-30 08:43:00.524  1444  1914 W ModernMediaScanner: 	at com.android.providers.media.MediaService.onScanVolume(MediaService.java:172)
07-30 08:43:00.524  1444  1914 W ModernMediaScanner: 	at com.android.providers.media.MediaService.onHandleWork(MediaService.java:95)
07-30 08:43:00.524  1444  1914 W ModernMediaScanner: 	at androidx.core.app.JobIntentService$CommandProcessor.doInBackground(JobIntentService.java:396)
07-30 08:43:00.524  1444  1914 W ModernMediaScanner: 	at androidx.core.app.JobIntentService$CommandProcessor.doInBackground(JobIntentService.java:387)
07-30 08:43:00.524  1444  1914 W ModernMediaScanner: 	at android.os.AsyncTask$3.call(AsyncTask.java:394)
07-30 08:43:00.524  1444  1914 W ModernMediaScanner: 	at java.util.concurrent.FutureTask.run(FutureTask.java:264)
07-30 08:43:00.524  1444  1914 W ModernMediaScanner: 	at java.util.concurrent.ThreadPoolExecutor.runWorker(ThreadPoolExecutor.java:1145)
07-30 08:43:00.524  1444  1914 W ModernMediaScanner: 	at java.util.concurrent.ThreadPoolExecutor$Worker.run(ThreadPoolExecutor.java:644)
07-30 08:43:00.524  1444  1914 W ModernMediaScanner: 	at java.lang.Thread.run(Thread.java:1012)
07-30 08:43:00.561   359  3667 I resolv  : GetAddrInfoHandler::run: {100 786532 100 983140 10143 0}
07-30 08:43:00.562   359  3668 I resolv  : res_nmkquery: (QUERY, IN, AAAA)
07-30 08:43:00.562   359  3668 I resolv  : resolv_cache_lookup: FOUND IN CACHE entry=0x7c463e49c290
07-30 08:43:00.562   359  3668 I resolv  : doQuery: rcode=0, ancount=8, return value=264
07-30 08:43:00.562   359  3669 I resolv  : res_nmkquery: (QUERY, IN, A)
07-30 08:43:00.562   359  3669 I resolv  : resolv_cache_lookup: FOUND IN CACHE entry=0x7c45be49eb10
07-30 08:43:00.563   359  3669 I resolv  : doQuery: rcode=0, ancount=8, return value=168
07-30 08:43:00.568  1573  3092 D TrafficStats: tagSocket(223) with statsTag=0x30000408, statsUid=-1
07-30 08:43:00.588  2127  2816 D TrafficStats: tagSocket(133) with statsTag=0x1809, statsUid=-1
07-30 08:43:00.593  2127  2816 D TrafficStats: tagSocket(133) with statsTag=0x1809, statsUid=-1
07-30 08:43:00.596  2127  2816 D TrafficStats: tagSocket(133) with statsTag=0x1809, statsUid=-1
07-30 08:43:00.615   559   662 D ActivityManager: freezing 3504 com.google.android.webview:webview_apk
07-30 08:43:00.616   559   662 D ActivityManager: freezing 3462 com.google.android.webview:webview_service
07-30 08:43:00.649   559   830 D InetDiagMessage: Destroyed 0 sockets, proto=IPPROTO_TCP, family=AF_INET, states=14
07-30 08:43:00.649   559   830 D InetDiagMessage: Destroyed 0 sockets, proto=IPPROTO_TCP, family=AF_INET6, states=14
07-30 08:43:00.649   559   830 D InetDiagMessage: Destroyed live tcp sockets for uids={10151} in 2ms
07-30 08:43:00.662  3134  3298 I BugleNetwork: Creating gRPC Managed channel with Cronet: instantmessaging-pa.googleapis.com:443
07-30 08:43:00.672   359  3670 I resolv  : GetAddrInfoHandler::run: {100 786532 100 983140 10133 0}
07-30 08:43:00.672   359  3671 I resolv  : res_nmkquery: (QUERY, IN, AAAA)
07-30 08:43:00.673   359  3672 I resolv  : res_nmkquery: (QUERY, IN, A)
07-30 08:43:00.729  1573  1578 I gle.android.gms: Background concurrent mark compact GC freed 7797KB AllocSpace bytes, 73(3516KB) LOS objects, 49% free, 14MB/29MB, paused 3.206ms,2.782ms total 197.706ms
07-30 08:43:00.734   559   662 D ActivityManager: freezing 2865 com.android.dynsystem:dynsystem
07-30 08:43:00.737  1573  1580 W gle.android.gms: ApkAssets: Deleting an ApkAssets object '<empty> and /system_ext/priv-app/GoogleServicesFramework/GoogleServicesFramework.apk' with 1 weak references
07-30 08:43:00.756  1230  2553 I HeterodyneSyncScheduler: Scheduling Phenotype for a PhenotypeSyncImmediately(6, com.google.android.libraries.mdi.sync#com.google.android.youtube) one off with window [1, 2] in seconds [CONTEXT service_id=51 ]
07-30 08:43:00.763   359  3671 I resolv  : res_nsend: used send_dg 276 terrno: 0
07-30 08:43:00.763   359  3665 I resolv  : res_nsend: used send_dg 273 terrno: 0
07-30 08:43:00.764   359  3671 I resolv  : doQuery: rcode=0, ancount=8, return value=276
07-30 08:43:00.764   359  3666 I resolv  : res_nsend: used send_dg 177 terrno: 0
07-30 08:43:00.764   359  3666 I resolv  : doQuery: rcode=0, ancount=8, return value=177
07-30 08:43:00.764   359  3672 I resolv  : res_nsend: used send_dg 180 terrno: 0
07-30 08:43:00.764   359  3672 I resolv  : doQuery: rcode=0, ancount=8, return value=180
07-30 08:43:00.765   359  3665 I resolv  : doQuery: rcode=0, ancount=8, return value=273
07-30 08:43:00.765  3134  3615 D TrafficStats: tagSocket(155) with statsTag=0x1, statsUid=-1
07-30 08:43:00.766  3134  3615 D TrafficStats: tagSocket(153) with statsTag=0x1, statsUid=-1
07-30 08:43:00.771   559   662 D ActivityManager: freezing 2849 com.android.dynsystem
07-30 08:43:00.771   559   662 D ActivityManager: freezing 1613 com.android.keychain
07-30 08:43:00.772   559   662 D ActivityManager: freezing 1860 com.android.localtransport
07-30 08:43:00.779   559   989 D ShortcutService: Getting shortcuts for launcher= com.google.android.asuser=0 pkg=com.google.android.googlequicksearchbox
07-30 08:43:00.780  1230  2553 I HeterodyneSyncer: Removed 0 invalid users [CONTEXT service_id=51 ]
07-30 08:43:00.780  1230  2010 E czvx    : Phenotype API error. Event: # fozr@2f0d721b, EventCode: COMMIT_CONFIG [CONTEXT service_id=51 ]
07-30 08:43:00.780  1230  2010 E czvx    : czue: 29501: Stale snapshot (committed configuration changed) for com.google.android.partnersetup#com.google.android.partnersetup
07-30 08:43:00.780  1230  2010 E czvx    : 	at czwc.b(:com.google.android.gms@242335041@24.23.35 (190800-646585959):817)
07-30 08:43:00.780  1230  2010 E czvx    : 	at czwb.i(:com.google.android.gms@242335041@24.23.35 (190800-646585959):3)
07-30 08:43:00.780  1230  2010 E czvx    : 	at czvx.h(:com.google.android.gms@242335041@24.23.35 (190800-646585959):18)
07-30 08:43:00.780  1230  2010 E czvx    : 	at czvx.f(:com.google.android.gms@242335041@24.23.35 (190800-646585959):11)
07-30 08:43:00.780  1230  2010 E czvx    : 	at boey.hj(:com.google.android.gms@242335041@24.23.35 (190800-646585959):1)
07-30 08:43:00.780  1230  2010 E czvx    : 	at bofh.run(:com.google.android.gms@242335041@24.23.35 (190800-646585959):97)
07-30 08:43:00.780  1230  2010 E czvx    : 	at emsz.run(:com.google.android.gms@242335041@24.23.35 (190800-646585959):21)
07-30 08:43:00.780  1230  2010 E czvx    : 	at angs.c(:com.google.android.gms@242335041@24.23.35 (190800-646585959):50)
07-30 08:43:00.780  1230  2010 E czvx    : 	at angs.run(:com.google.android.gms@242335041@24.23.35 (190800-646585959):97)
07-30 08:43:00.780  1230  2010 E czvx    : 	at java.util.concurrent.ThreadPoolExecutor.runWorker(ThreadPoolExecutor.java:1145)
07-30 08:43:00.780  1230  2010 E czvx    : 	at java.util.concurrent.ThreadPoolExecutor$Worker.run(ThreadPoolExecutor.java:644)
07-30 08:43:00.780  1230  2010 E czvx    : 	at anmg.run(:com.google.android.gms@242335041@24.23.35 (190800-646585959):8)
07-30 08:43:00.780  1230  2010 E czvx    : 	at java.lang.Thread.run(Thread.java:1012)
07-30 08:43:00.781  1230  2010 W AsyncOperation: operation=CommitToConfigurationOperationCall, opStatusCode=29501 [CONTEXT service_id=51 ]
07-30 08:43:00.781  1230  2010 W AsyncOperation: OperationException[Status{statusCode=Stale snapshot (committed configuration changed) for com.google.android.partnersetup#com.google.android.partnersetup, resolution=null}]
07-30 08:43:00.781  1230  2010 W AsyncOperation: 	at czvx.h(:com.google.android.gms@242335041@24.23.35 (190800-646585959):48)
07-30 08:43:00.781  1230  2010 W AsyncOperation: 	at czvx.f(:com.google.android.gms@242335041@24.23.35 (190800-646585959):11)
07-30 08:43:00.781  1230  2010 W AsyncOperation: 	at boey.hj(:com.google.android.gms@242335041@24.23.35 (190800-646585959):1)
07-30 08:43:00.781  1230  2010 W AsyncOperation: 	at bofh.run(:com.google.android.gms@242335041@24.23.35 (190800-646585959):97)
07-30 08:43:00.781  1230  2010 W AsyncOperation: 	at emsz.run(:com.google.android.gms@242335041@24.23.35 (190800-646585959):21)
07-30 08:43:00.781  1230  2010 W AsyncOperation: 	at angs.c(:com.google.android.gms@242335041@24.23.35 (190800-646585959):50)
07-30 08:43:00.781  1230  2010 W AsyncOperation: 	at angs.run(:com.google.android.gms@242335041@24.23.35 (190800-646585959):97)
07-30 08:43:00.781  1230  2010 W AsyncOperation: 	at java.util.concurrent.ThreadPoolExecutor.runWorker(ThreadPoolExecutor.java:1145)
07-30 08:43:00.781  1230  2010 W AsyncOperation: 	at java.util.concurrent.ThreadPoolExecutor$Worker.run(ThreadPoolExecutor.java:644)
07-30 08:43:00.781  1230  2010 W AsyncOperation: 	at anmg.run(:com.google.android.gms@242335041@24.23.35 (190800-646585959):8)
07-30 08:43:00.781  1230  2010 W AsyncOperation: 	at java.lang.Thread.run(Thread.java:1012)
07-30 08:43:00.783  2033  2033 W PhenotypeFlagCommitter: Committing snapshot for com.google.android.partnersetup#com.google.android.partnersetup failed, retrying
07-30 08:43:00.784  1573  3092 W Conscrypt: Could not set socket write timeout: java.net.SocketException: Socket closed
07-30 08:43:00.785  1573  3092 W Conscrypt: 	at com.google.android.gms.org.conscrypt.Platform.setSocketWriteTimeout(:com.google.android.gms@242335041@24.23.35 (190800-646585959):204)
07-30 08:43:00.785  1573  3092 W Conscrypt: 	at com.google.android.gms.org.conscrypt.ConscryptFileDescriptorSocket.setSoWriteTimeout(:com.google.android.gms@242335041@24.23.35 (190800-646585959):4)
07-30 08:43:00.788  1573  3576 D TrafficStats: tagSocket(224) with statsTag=0x3c010301, statsUid=-1
07-30 08:43:00.806  1573  3576 D TrafficStats: tagSocket(224) with statsTag=0x3c010301, statsUid=-1
07-30 08:43:00.818  1573  3576 D TrafficStats: tagSocket(224) with statsTag=0x3c010301, statsUid=-1
07-30 08:43:00.839  1573  3576 D TrafficStats: tagSocket(224) with statsTag=0x3c010301, statsUid=-1
07-30 08:43:00.841  1573  3576 D TrafficStats: tagSocket(224) with statsTag=0x3c010301, statsUid=-1
07-30 08:43:00.845  1573  3576 D TrafficStats: tagSocket(224) with statsTag=0x3c010301, statsUid=-1
07-30 08:43:00.846  1515  2273 W TimedProcessReaper: Scheduling killing of process to refresh configuration
07-30 08:43:00.866   559   989 D ShortcutService: Getting shortcuts for launcher= com.google.android.asuser=0 pkg=com.google.android.googlequicksearchbox
07-30 08:43:00.870  1573  3092 W Conscrypt: Could not set socket write timeout: java.net.SocketException: Socket closed
07-30 08:43:00.872  1573  3092 W Conscrypt: 	at com.google.android.gms.org.conscrypt.Platform.setSocketWriteTimeout(:com.google.android.gms@242335041@24.23.35 (190800-646585959):204)
07-30 08:43:00.872  1573  3092 W Conscrypt: 	at com.google.android.gms.org.conscrypt.ConscryptFileDescriptorSocket.setSoWriteTimeout(:com.google.android.gms@242335041@24.23.35 (190800-646585959):4)
07-30 08:43:00.873  1230  2010 E czvx    : Phenotype API error. Event: # fozr@6f1289ee, EventCode: COMMIT_CONFIG [CONTEXT service_id=51 ]
07-30 08:43:00.873  1230  2010 E czvx    : czue: 29500: Empty (package not registered?) or malformed snapshot token for null: 
07-30 08:43:00.873  1230  2010 E czvx    : 	at czwc.b(:com.google.android.gms@242335041@24.23.35 (190800-646585959):1536)
07-30 08:43:00.873  1230  2010 E czvx    : 	at czwb.i(:com.google.android.gms@242335041@24.23.35 (190800-646585959):3)
07-30 08:43:00.873  1230  2010 E czvx    : 	at czvx.h(:com.google.android.gms@242335041@24.23.35 (190800-646585959):18)
07-30 08:43:00.873  1230  2010 E czvx    : 	at czvx.f(:com.google.android.gms@242335041@24.23.35 (190800-646585959):11)
07-30 08:43:00.873  1230  2010 E czvx    : 	at boey.hj(:com.google.android.gms@242335041@24.23.35 (190800-646585959):1)
07-30 08:43:00.873  1230  2010 E czvx    : 	at bofh.run(:com.google.android.gms@242335041@24.23.35 (190800-646585959):97)
07-30 08:43:00.873  1230  2010 E czvx    : 	at emsz.run(:com.google.android.gms@242335041@24.23.35 (190800-646585959):21)
07-30 08:43:00.873  1230  2010 E czvx    : 	at angs.c(:com.google.android.gms@242335041@24.23.35 (190800-646585959):50)
07-30 08:43:00.873  1230  2010 E czvx    : 	at angs.run(:com.google.android.gms@242335041@24.23.35 (190800-646585959):97)
07-30 08:43:00.873  1230  2010 E czvx    : 	at java.util.concurrent.ThreadPoolExecutor.runWorker(ThreadPoolExecutor.java:1145)
07-30 08:43:00.873  1230  2010 E czvx    : 	at java.util.concurrent.ThreadPoolExecutor$Worker.run(ThreadPoolExecutor.java:644)
07-30 08:43:00.873  1230  2010 E czvx    : 	at anmg.run(:com.google.android.gms@242335041@24.23.35 (190800-646585959):8)
07-30 08:43:00.873  1230  2010 E czvx    : 	at java.lang.Thread.run(Thread.java:1012)
07-30 08:43:00.873  1230  2010 W AsyncOperation: operation=CommitToConfigurationOperationCall, opStatusCode=29500 [CONTEXT service_id=51 ]
07-30 08:43:00.873  1230  2010 W AsyncOperation: OperationException[Status{statusCode=Empty (package not registered?) or malformed snapshot token for null: , resolution=null}]
07-30 08:43:00.873  1230  2010 W AsyncOperation: 	at czvx.h(:com.google.android.gms@242335041@24.23.35 (190800-646585959):48)
07-30 08:43:00.873  1230  2010 W AsyncOperation: 	at czvx.f(:com.google.android.gms@242335041@24.23.35 (190800-646585959):11)
07-30 08:43:00.873  1230  2010 W AsyncOperation: 	at boey.hj(:com.google.android.gms@242335041@24.23.35 (190800-646585959):1)
07-30 08:43:00.873  1230  2010 W AsyncOperation: 	at bofh.run(:com.google.android.gms@242335041@24.23.35 (190800-646585959):97)
07-30 08:43:00.873  1230  2010 W AsyncOperation: 	at emsz.run(:com.google.android.gms@242335041@24.23.35 (190800-646585959):21)
07-30 08:43:00.873  1230  2010 W AsyncOperation: 	at angs.c(:com.google.android.gms@242335041@24.23.35 (190800-646585959):50)
07-30 08:43:00.873  1230  2010 W AsyncOperation: 	at angs.run(:com.google.android.gms@242335041@24.23.35 (190800-646585959):97)
07-30 08:43:00.873  1230  2010 W AsyncOperation: 	at java.util.concurrent.ThreadPoolExecutor.runWorker(ThreadPoolExecutor.java:1145)
07-30 08:43:00.873  1230  2010 W AsyncOperation: 	at java.util.concurrent.ThreadPoolExecutor$Worker.run(ThreadPoolExecutor.java:644)
07-30 08:43:00.873  1230  2010 W AsyncOperation: 	at anmg.run(:com.google.android.gms@242335041@24.23.35 (190800-646585959):8)
07-30 08:43:00.873  1230  2010 W AsyncOperation: 	at java.lang.Thread.run(Thread.java:1012)
07-30 08:43:00.875  1573  3576 D TrafficStats: tagSocket(224) with statsTag=0x3c010301, statsUid=-1
07-30 08:43:00.881   559   663 I RescueParty: Starting to observe: [com.google.android.providers.media.module, android], updated namespace: storage_native_boot
07-30 08:43:00.881  1573  3576 D TrafficStats: tagSocket(224) with statsTag=0x3c010301, statsUid=-1
07-30 08:43:00.886  1573  3576 D TrafficStats: tagSocket(224) with statsTag=0x3c010301, statsUid=-1
07-30 08:43:00.886   559   589 I PackageWatchdog: Syncing state, reason: observing new packages
07-30 08:43:00.886   559   589 I PackageWatchdog: Not pruning observers, elapsed time: 0ms
07-30 08:43:00.886   559   589 I PackageWatchdog: Cancelling state sync, nothing to sync
07-30 08:43:00.886   559   589 D PackageWatchdog: rescue-party-observer added the following packages to monitor [com.google.android.providers.media.module, android]
07-30 08:43:00.886   559   589 I PackageWatchdog: Syncing state, reason: updated observers
07-30 08:43:00.886   559   589 I PackageWatchdog: Not pruning observers, elapsed time: 0ms
07-30 08:43:00.886   559   589 I PackageWatchdog: Saving observer state to file
07-30 08:43:00.888  1230  3308 W .gms.persistent: Long monitor contention with owner [com.google.android.gms.chimera.container.intentoperation.PersistentIntentOperationChimeraService-Executor] processing com.google.android.gms.platformconfigurator.PhenotypeConfigurationUpdateListener for action com.google.android.gms.phenotype.UPDATE (2515) at void pkf.run()(:com.google.android.gms@242335041@24.23.35 (190800-646585959):73) waiters=0 in void pkf.run() for 5.943s
07-30 08:43:00.891  1444  1664 D PickerSyncLockManager: Trying to acquire lock com.android.providers.media.photopicker.sync.CloseableReentrantLock@a80c858[Unlocked]. Lock Name = CLOUD_PROVIDER_LOCK. Threads that may be waiting to acquire this lock = []
07-30 08:43:00.891  1444  1664 D CloseableReentrantLock: Successfully acquired lock com.android.providers.media.photopicker.sync.CloseableReentrantLock@a80c858[Locked by thread fg]. Lock Name = CLOUD_PROVIDER_LOCK. Threads that may be waiting to acquire this lock = []
07-30 08:43:00.891  1444  1664 D CloseableReentrantLock: Successfully released lock com.android.providers.media.photopicker.sync.CloseableReentrantLock@a80c858[Unlocked]. Lock Name = CLOUD_PROVIDER_LOCK. Threads that may be waiting to acquire this lock = []
07-30 08:43:00.891  1444  1664 D PickerDataLayer: Cloud provider allowlist was changed, and the current cloud provider is no longer on the allowlist. Allowlist: [] Current Provider: null
07-30 08:43:00.891  1444  1664 D PickerSyncLockManager: Trying to acquire lock com.android.providers.media.photopicker.sync.CloseableReentrantLock@a80c858[Unlocked]. Lock Name = CLOUD_PROVIDER_LOCK. Threads that may be waiting to acquire this lock = []
07-30 08:43:00.891  1444  1664 D CloseableReentrantLock: Successfully acquired lock com.android.providers.media.photopicker.sync.CloseableReentrantLock@a80c858[Locked by thread fg]. Lock Name = CLOUD_PROVIDER_LOCK. Threads that may be waiting to acquire this lock = []
07-30 08:43:00.891  1444  1664 D CloseableReentrantLock: Successfully released lock com.android.providers.media.photopicker.sync.CloseableReentrantLock@a80c858[Unlocked]. Lock Name = CLOUD_PROVIDER_LOCK. Threads that may be waiting to acquire this lock = []
07-30 08:43:00.891  1444  1603 I MediaApplication: PhotoPickerSettingsActivity is now disabled.
07-30 08:43:00.892  1444  1603 I MediaProvider: Changed PhotoPickerActivity component state to STATE_ENABLED ( 1 )
07-30 08:43:00.892  1444  1603 I MediaProvider: Changed PhotoPickerGetContentActivity component state to STATE_ENABLED ( 1 )
07-30 08:43:00.892  1348  1558 W TimedProcessReaper: Scheduling killing of process to refresh configuration
07-30 08:43:00.894  1444  1603 I MediaProvider: Changed PhotoPickerUserSelectActivity component state to STATE_ENABLED ( 1 )
07-30 08:43:00.903   559   559 I PackageWatchdog: Syncing health check requests for packages: {com.google.android.providers.media.module, android}
07-30 08:43:00.904   559   559 I ExplicitHealthCheckController: Service not ready to get health check supported packages. Binding...
07-30 08:43:00.905   559   559 V GrammaticalInflectionUtils: AttributionSource: AttributionSource { uid = 10185, packageName = null, attributionTag = null, token = android.os.Binder@13d65be, deviceId = 0, next = null } does not have READ_SYSTEM_GRAMMATICAL_GENDER permission.
07-30 08:43:00.911   559   559 I ExplicitHealthCheckController: Explicit health check service is bound
07-30 08:43:00.914  1230  1907 I HeterodyneSyncScheduler: Scheduling Phenotype for a PhenotypeSyncImmediately(6, com.google.android.gms.lockbox) one off with window [1, 2] in seconds [CONTEXT service_id=51 ]
07-30 08:43:00.922   360   360 D Zygote  : Forked child process 3674
07-30 08:43:00.925   559   591 I ActivityManager: Start proc 3674:com.google.android.ext.services/u0a185 for service {com.google.android.ext.services/android.ext.services.watchdog.ExplicitHealthCheckServiceImpl}
07-30 08:43:00.937   559  2859 E SettingsToPropertiesMapper: key=persist.device_config.storage_native_boot.transcode_compat_manifest value=com.yelp.android,0,com.yy.biu,0,com.groupme.android,0,air.tv.douyu.android,0,com.baidu.mbaby,0,com.vlocker.locker,0,com.znxh.hyhuo,0,com.yixia.xiaokaxiu,0 exceeds system property max length.
07-30 08:43:00.940   559  2859 E SettingsToPropertiesMapper: key=persist.device_config.aconfig_flags.storage_native_boot.transcode_compat_manifest value=com.yelp.android,0,com.yy.biu,0,com.groupme.android,0,air.tv.douyu.android,0,com.baidu.mbaby,0,com.vlocker.locker,0,com.znxh.hyhuo,0,com.yixia.xiaokaxiu,0 exceeds system property max length.
07-30 08:43:00.943  3674  3674 I id.ext.services: Using CollectorTypeCMC GC.
07-30 08:43:00.944  3674  3674 W id.ext.services: Unexpected CPU variant for x86: x86_64.
07-30 08:43:00.944  3674  3674 W id.ext.services: Known variants: atom, sandybridge, silvermont, goldmont, goldmont-plus, goldmont-without-sha-xsaves, tremont, kabylake, default
07-30 08:43:00.945  3674  3674 E id.ext.services: Not starting debugger since process cannot load the jdwp agent.
07-30 08:43:00.948  3674  3674 D nativeloader: Load libframework-connectivity-tiramisu-jni.so using APEX ns com_android_tethering for caller /apex/com.android.tethering/javalib/framework-connectivity-t.jar: ok
07-30 08:43:00.971  1348  1348 I PhenotypeBackgroundRecv: Skipping com.google.android.apps.wellbeing.device#com.google.android.apps.wellbeing which doesn't use ProcessStable flags.
07-30 08:43:00.974  1444  1603 I TranscodeHelper: Empty transcode compat stale
07-30 08:43:00.981  1444  1603 I TranscodeHelper: Parsed 0 packages from resource
07-30 08:43:00.981  1444  1603 I TranscodeHelper: Parsed 8 packages from device config
07-30 08:43:00.981  1444  1603 D PickerSyncLockManager: Trying to acquire lock com.android.providers.media.photopicker.sync.CloseableReentrantLock@a80c858[Unlocked]. Lock Name = CLOUD_PROVIDER_LOCK. Threads that may be waiting to acquire this lock = []
07-30 08:43:00.988  1444  1603 D CloseableReentrantLock: Successfully acquired lock com.android.providers.media.photopicker.sync.CloseableReentrantLock@a80c858[Locked by thread com.android.providers.media.internal.modules.utils.BackgroundThread]. Lock Name = CLOUD_PROVIDER_LOCK. Threads that may be waiting to acquire this lock = []
07-30 08:43:00.988  1444  1603 D PickerSyncController: Cloud-Media-in-Photo-Picker feature is disabled during PickerSyncController construction.
07-30 08:43:00.989  1515  2365 W TimedProcessReaper: Scheduling killing of process to refresh configuration
07-30 08:43:00.989  1444  1603 D PickerSyncLockManager: Trying to acquire lock com.android.providers.media.photopicker.sync.CloseableReentrantLock@a80c858[Locked by thread com.android.providers.media.internal.modules.utils.BackgroundThread]. Lock Name = CLOUD_PROVIDER_LOCK. Threads that may be waiting to acquire this lock = []
07-30 08:43:00.992  1515  1515 I PhenotypeBackgroundRecv: Skipping assistant_auto_tng_libraries_device#com.google.android.googlequicksearchbox which doesn't use ProcessStable flags.
07-30 08:43:01.011  3674  3674 D nativeloader: Configuring clns-shared-7 for other apk /apex/com.android.extservices/priv-app/GoogleExtServices@350820300/GoogleExtServices.apk. target_sdk_version=35, uses_libraries=, library_path=/apex/com.android.extservices/priv-app/GoogleExtServices@350820300/lib/x86_64:/apex/com.android.extservices/priv-app/GoogleExtServices@350820300/GoogleExtServices.apk!/lib/x86_64:/system/lib64:/system_ext/lib64, permitted_path=/data:/mnt/expand:/data/user/0/com.google.android.ext.services:/apex/com.android.extservices/priv-app/GoogleExtServices@350820300:/system/lib64:/system_ext/lib64
07-30 08:43:01.014  1444  1603 D CloseableReentrantLock: Successfully acquired lock com.android.providers.media.photopicker.sync.CloseableReentrantLock@a80c858[Locked by thread com.android.providers.media.internal.modules.utils.BackgroundThread]. Lock Name = CLOUD_PROVIDER_LOCK. Threads that may be waiting to acquire this lock = []
07-30 08:43:01.014  1444  1603 D PickerSyncLockManager: Trying to acquire lock com.android.providers.media.photopicker.sync.CloseableReentrantLock@a80c858[Locked by thread com.android.providers.media.internal.modules.utils.BackgroundThread]. Lock Name = CLOUD_PROVIDER_LOCK. Threads that may be waiting to acquire this lock = []
07-30 08:43:01.015  3674  3674 D nativeloader: InitApexLibraries:
07-30 08:43:01.015  3674  3674 D nativeloader:   com_android_adservices: libhpke_jni.so:libtflite_support_classifiers_native.so
07-30 08:43:01.015  3674  3674 D nativeloader:   com_android_appsearch: libicing.so
07-30 08:43:01.015  3674  3674 D nativeloader:   com_android_art: libartservice.so
07-30 08:43:01.015  3674  3674 D nativeloader:   com_android_btservices: libbluetooth_jni.so
07-30 08:43:01.015  3674  3674 D nativeloader:   com_android_conscrypt: libjavacrypto.so
07-30 08:43:01.015  3674  3674 D nativeloader:   com_android_mediaprovider: libpdfclient.so
07-30 08:43:01.015  3674  3674 D nativeloader:   com_android_nfcservices: libnfc_nci_jni.so
07-30 08:43:01.015  3674  3674 D nativeloader:   com_android_ondevicepersonalization: libfcp_cpp_dep_jni.so:libfcp_hpke_jni.so
07-30 08:43:01.015  3674  3674 D nativeloader:   com_android_os_statsd: libstats_jni.so
07-30 08:43:01.015  3674  3674 D nativeloader:   com_android_tethering: libandroid_net_connectivity_com_android_net_module_util_jni.so:libcrypto.so:libframework-connectivity-jni.so:libframework-connectivity-tiramisu-jni.so:libmainlinecronet.121.0.6167.71.so:libservice-connectivity.so:libservice-thread-jni.so:libssl.so
07-30 08:43:01.015  3674  3674 D nativeloader:   com_android_uwb: libuwb_uci_jni_rust.so
07-30 08:43:01.015  3674  3674 D nativeloader:   com_android_virt: libvirtualizationservice_jni.so:libvirtualmachine_jni.so
07-30 08:43:01.015  1444  1603 D CloseableReentrantLock: Successfully acquired lock com.android.providers.media.photopicker.sync.CloseableReentrantLock@a80c858[Locked by thread com.android.providers.media.internal.modules.utils.BackgroundThread]. Lock Name = CLOUD_PROVIDER_LOCK. Threads that may be waiting to acquire this lock = []
07-30 08:43:01.015  1444  1603 D CloseableReentrantLock: Successfully released lock com.android.providers.media.photopicker.sync.CloseableReentrantLock@a80c858[Locked by thread com.android.providers.media.internal.modules.utils.BackgroundThread]. Lock Name = CLOUD_PROVIDER_LOCK. Threads that may be waiting to acquire this lock = []
07-30 08:43:01.019  1444  1603 D PickerSyncController: Updated cloud provider to: null
07-30 08:43:01.019  1444  1603 D PickerSyncController: Ignoring cache media info for null authority with bundle: null
07-30 08:43:01.019  3674  3674 D CompatChangeReporter: Compat change id reported: 202956589; UID 10185; state: ENABLED
07-30 08:43:01.029  3674  3674 V GraphicsEnvironment: Currently set values for:
07-30 08:43:01.029  3674  3674 V GraphicsEnvironment:   angle_gl_driver_selection_pkgs=[]
07-30 08:43:01.029  3674  3674 V GraphicsEnvironment:   angle_gl_driver_selection_values=[]
07-30 08:43:01.029  3674  3674 V GraphicsEnvironment: Global.Settings values are invalid: number of packages: 0, number of values: 0
07-30 08:43:01.029  3674  3674 V GraphicsEnvironment: Neither updatable production driver nor prerelease driver is supported.
07-30 08:43:01.042   559   559 I ExplicitHealthCheckController: Explicit health check service is connected ComponentInfo{com.google.android.ext.services/android.ext.services.watchdog.ExplicitHealthCheckServiceImpl}
07-30 08:43:01.042   559   559 I ExplicitHealthCheckController: Service initialized, syncing requests
07-30 08:43:01.042   559   559 I PackageWatchdog: Syncing health check requests for packages: {com.google.android.providers.media.module, android}
07-30 08:43:01.042   559   559 D ExplicitHealthCheckController: Getting health check supported packages
07-30 08:43:01.045  1444  1603 D PickerNotificationSender: Sending a notification for available providers update
07-30 08:43:01.046  1444  1603 D CloseableReentrantLock: Successfully released lock com.android.providers.media.photopicker.sync.CloseableReentrantLock@a80c858[Locked by thread com.android.providers.media.internal.modules.utils.BackgroundThread]. Lock Name = CLOUD_PROVIDER_LOCK. Threads that may be waiting to acquire this lock = []
07-30 08:43:01.046  1444  1603 D CloseableReentrantLock: Successfully released lock com.android.providers.media.photopicker.sync.CloseableReentrantLock@a80c858[Unlocked]. Lock Name = CLOUD_PROVIDER_LOCK. Threads that may be waiting to acquire this lock = []
07-30 08:43:01.048  1573  3576 D TrafficStats: tagSocket(226) with statsTag=0x3c010301, statsUid=-1
07-30 08:43:01.049   559   989 I ExplicitHealthCheckController: Explicit health check supported packages [PackageConfig{com.google.android.networkstack, 86400000}]
07-30 08:43:01.049   559   989 D PackageWatchdog: Received supported packages [PackageConfig{com.google.android.networkstack, 86400000}]
07-30 08:43:01.051   559   989 I PackageWatchdog: Updated health check state for package com.google.android.providers.media.module: INACTIVE -> PASSED
07-30 08:43:01.051   559   989 I PackageWatchdog: Updated health check state for package android: INACTIVE -> PASSED
07-30 08:43:01.051   559   989 I PackageWatchdog: Syncing state, reason: updated health check supported packages [PackageConfig{com.google.android.networkstack, 86400000}]
07-30 08:43:01.052   559   559 I PackageWatchdog: Syncing health check requests for packages: {}
07-30 08:43:01.052   559   559 D ExplicitHealthCheckController: Getting health check supported packages
07-30 08:43:01.052   559   989 D ExplicitHealthCheckController: Getting health check requested packages
07-30 08:43:01.052   559  2254 I ExplicitHealthCheckController: Explicit health check supported packages [PackageConfig{com.google.android.networkstack, 86400000}]
07-30 08:43:01.052   559  2254 D PackageWatchdog: Received supported packages [PackageConfig{com.google.android.networkstack, 86400000}]
07-30 08:43:01.052   559  2254 D ExplicitHealthCheckController: Getting health check requested packages
07-30 08:43:01.053   559  2254 I ExplicitHealthCheckController: Explicit health check requested packages []
07-30 08:43:01.053   559  2254 I ExplicitHealthCheckController: No more health check requests, unbinding...
07-30 08:43:01.053   559  2254 D CompatChangeReporter: Compat change id reported: 311208629; UID 10185; state: ENABLED
07-30 08:43:01.054   559  2254 I ExplicitHealthCheckController: Explicit health check service is unbound
07-30 08:43:01.055   559  2023 I ExplicitHealthCheckController: Explicit health check requested packages []
07-30 08:43:01.055   559  2023 I ExplicitHealthCheckController: No more health check requests, unbinding...
07-30 08:43:01.055   559  2023 I ExplicitHealthCheckController: Explicit health check service is unbound
07-30 08:43:01.056   559   589 I PackageWatchdog: Saving observer state to file
07-30 08:43:01.068  1573  3576 D TrafficStats: tagSocket(225) with statsTag=0x3c010301, statsUid=-1
07-30 08:43:01.072  1573  3576 D TrafficStats: tagSocket(225) with statsTag=0x3c010301, statsUid=-1
07-30 08:43:01.076   359   408 I netd    : tetherGetStats() -> {[]} <0.60ms>
07-30 08:43:01.080  1515  2153 W SearchServiceCore: Abort, client detached.
07-30 08:43:01.081  1230  1230 D BoundBrokerSvc: onUnbind: Intent { act=com.google.android.gms.common.telemetry.service.START dat=chimera-action:/... cmp=com.google.android.gms/.chimera.PersistentApiService }
07-30 08:43:01.087  1468  1865 I BistoIntentUtil: (REDACTED) isGrpcDeviceIntent: %s
07-30 08:43:01.088  1573  3576 D TrafficStats: tagSocket(225) with statsTag=0x3c010301, statsUid=-1
07-30 08:43:01.093   559   989 W JobScheduler: Job didn't exist in JobStore: ee9dae7 #u0a144/-151 com.google.android.googlequicksearchbox/com.google.android.apps.gsa.tasks.BackgroundTasksJobService
07-30 08:43:01.112  1573  3576 D TrafficStats: tagSocket(225) with statsTag=0x3c010301, statsUid=-1
07-30 08:43:01.124  1573  3576 D TrafficStats: tagSocket(111) with statsTag=0x3c010301, statsUid=-1
07-30 08:43:01.128   559  1928 D ShortcutService: Getting shortcuts for launcher= com.google.android.asuser=0 pkg=com.google.android.apps.messaging
07-30 08:43:01.132  1230  2010 I HeterodyneSyncScheduler: Scheduling Phenotype for a PhenotypeSyncImmediately(16, com.google.android.gms.icing.mdd) one off with window [1, 2] in seconds [CONTEXT service_id=51 ]
07-30 08:43:01.137   559  1928 D ShortcutService: Getting shortcuts for launcher= com.google.android.asuser=0 pkg=com.google.android.apps.messaging
07-30 08:43:01.137  1573  3092 I Checkin : [CheckinRequestProcessor] updateCheckinIdTokenFileFromResponse, Reading existing AID
07-30 08:43:01.138  1573  3092 I Checkin : [CheckinRequestProcessor] Default Task : Checkin Succeeded: https://android.googleapis.com/checkin (fragment #1).
07-30 08:43:01.138  1573  3576 D TrafficStats: tagSocket(111) with statsTag=0x3c010301, statsUid=-1
07-30 08:43:01.140  1573  3576 D TrafficStats: tagSocket(111) with statsTag=0x3c010301, statsUid=-1
07-30 08:43:01.160  1573  3566 I AccountSeedingPrefetchI: AccountSeedingPrefetchInit intent operation started. [CONTEXT service_id=42 ]
07-30 08:43:01.163  1573  3092 I Checkin : [CheckinOperation] Checkin Operation finished with result: SUCCESS finish time: 88847.
07-30 08:43:01.170  1573  3576 D TrafficStats: tagSocket(111) with statsTag=0x3c010301, statsUid=-1
07-30 08:43:01.177  1230  1907 I HeterodyneSyncScheduler: Scheduling Phenotype for a PhenotypeSyncImmediately(7, com.google.lighter.android#com.google.android.gms) one off with window [1, 2] in seconds [CONTEXT service_id=51 ]
07-30 08:43:01.181  1573  1573 I LT_PhenotypeApiImplV12: Phenotype registration succeeded
07-30 08:43:01.186  1230  2010 I HeterodyneSyncScheduler: Scheduling Phenotype for a PhenotypeSyncImmediately(6, com.google.android.gms.people) one off with window [1, 2] in seconds [CONTEXT service_id=51 ]
07-30 08:43:01.217  3134  3615 I cr_CronetUrlRequestContext: destroyNativeStreamLocked org.chromium.net.impl.CronetBidirectionalStream@9cf5356
07-30 08:43:01.226  3134  3298 I Bugle   : VerifiedSmsEnabledCheckerImpl: VSMS is disabled via Phenotype flag.
07-30 08:43:01.227  3134  3230 I Bugle   : VerifiedSmsStartupTask: Checking if Verified SMS tasks should be enqueued. feature supported: false, feature enabled: false, eligible / has registered key: false, C11N: false
07-30 08:43:01.228  3134  3230 I Bugle   : VerifiedSmsStartupTask: Not enqueuing VSMS periodic task, VSMS is disabled or not supported.
07-30 08:43:01.228  3134  3304 I Bugle   : VerifiedSmsStartupTask: Not calling C11N to get phone numbers.
07-30 08:43:01.241   559  1928 D ShortcutService: Getting shortcuts for launcher= com.google.android.asuser=0 pkg=com.google.android.as
07-30 08:43:01.245   559  1120 D ShortcutService: Getting shortcuts for launcher= com.google.android.asuser=0 pkg=com.google.android.gms
07-30 08:43:01.260  3134  3211 W BugleRcsEngine: Unable to send RCS extension log [CONTEXT thread_id=42 ]
07-30 08:43:01.269  3134  3298 W TimedProcessReaper: Scheduling killing of process to refresh configuration
07-30 08:43:01.279  1573  3576 I cr_CronetUrlRequestContext: destroyNativeStreamLocked org.chromium.net.impl.CronetBidirectionalStream@f08ffbf
07-30 08:43:01.293  1230  1907 I HeterodyneSyncScheduler: Scheduling Phenotype for a PhenotypeSyncImmediately(6, com.google.android.westworld) one off with window [1, 2] in seconds [CONTEXT service_id=51 ]
07-30 08:43:01.308  1573  3405 I NotificationsModuleTask: Registering accounts to Chime Failed & Rescheduled for later. [CONTEXT service_id=358 ]
07-30 08:43:01.319  1573  1573 D BoundBrokerSvc: onUnbind: Intent { act=com.google.android.gms.notifications.registration.service.NotificationsRegistrationTaskBoundService.ACTION_TASK_READY dat=chimera-action:/... cmp=com.google.android.gms/.chimera.GmsInternalBoundBrokerService }
07-30 08:43:01.321  1230  3536 I NetworkScheduler.Stats: Task com.google.android.gms/com.google.android.gms.notifications.registration.service.NotificationsRegistrationTaskBoundService finished executing. cause:5 result: 3 elapsed_millis: 1476 uptime_millis: 1476 exec_start_elapsed_seconds: 87 [CONTEXT service_id=218 ]
07-30 08:43:01.330  3134  3298 I BugleRcsProvisioning: BugleSystemBindingManager: onBuglePhenotypeFlagChanged
07-30 08:43:01.334  3134  3273 W BugleRcsEngine: Unable to send diagnostic log [CONTEXT thread_id=56 ]
07-30 08:43:01.338  3134  3211 I BugleRcsEngine: SystemBinding enabled: true [CONTEXT log_prefix="SystemBindingManager" thread_id=42 ]
07-30 08:43:01.339  3134  3273 W BugleRcsEngine: Unable to send diagnostic log [CONTEXT thread_id=56 ]
07-30 08:43:01.343  3134  3211 I BugleRcsEngine: System Binding updated [CONTEXT thread_id=42 ]
07-30 08:43:01.380  3134  3298 I BugleTransport: onBuglePhenotypeFlagChanged: kicking off updateActiveTransport
07-30 08:43:01.383  3134  3607 W BugleAction: Failed to get msisdn from Bugle
07-30 08:43:01.384   559  1120 D PackageManager: Instant App installer not found with android.intent.action.INSTALL_INSTANT_APP_PACKAGE
07-30 08:43:01.384   559  1120 D PackageManager: Clear ephemeral installer activity
07-30 08:43:01.384   559   662 D ActivityManager: freezing 2900 com.android.shell
07-30 08:43:01.386  3134  3607 W Bugle   : Bugle: SubscriptionMetadataUtils get: unexpected subId = -2, replacing with -1
07-30 08:43:01.387   559   830 D InetDiagMessage: Destroyed 0 sockets, proto=IPPROTO_TCP, family=AF_INET, states=14
07-30 08:43:01.387   559   830 D InetDiagMessage: Destroyed 0 sockets, proto=IPPROTO_TCP, family=AF_INET6, states=14
07-30 08:43:01.387   559   830 D InetDiagMessage: Destroyed live tcp sockets for uids={2000} in 1ms
07-30 08:43:01.388  3134  3243 I BugleTransport: isChatAvailable: RcsAvailability is DISABLED_VIA_GSERVICES (RCS is disabled for this carrier by Google)
07-30 08:43:01.389  3134  3607 W Bugle   : Bugle: SubscriptionMetadataUtils get: unexpected subId = -2, replacing with -1
07-30 08:43:01.391  3134  3607 W Bugle   : Bugle: SubscriptionMetadataUtils get: unexpected subId = -2, replacing with -1
07-30 08:43:01.439  3134  3607 I Bugle   : getRawTelephonyPhoneNumber redacted-pii[0-chars] [CONTEXT sub_id=-1 ]
07-30 08:43:01.440  3134  3607 W BugleAction: No default number, returning empty msisdn
07-30 08:43:01.440  3134  3607 I BugleRcsEngine: isRcsAvailableForSubId called with an invalid sub id: -2 [CONTEXT log_prefix="RcsProvisioningManager" thread_id=96 ]
07-30 08:43:01.441  3134  3272 I BugleTransport: updateActiveTransport: refreshing chat transport
07-30 08:43:01.442  3134  3272 I BugleTransport: Tachygram is disabled because the RCS Configuration is empty [CONTEXT ratelimit_period="5 SECONDS" skipped=2 ]
07-30 08:43:01.442  3134  3272 I BugleTransport: Enabled chat transport is TRANSPORT_RCS [CONTEXT group_by="TRANSPORT_RCS" ratelimit_period="5 SECONDS" skipped=2 ]
07-30 08:43:01.442  3134  3272 I BugleTransport: refreshChatTransport: isChatAvailable: false, enabledTransport: 1, configuration: <empty>
07-30 08:43:01.443  3134  3273 I RcsClientLib: Connecting RcsEngineLifecycleService
07-30 08:43:01.445  3134  3607 D MddListenableWorkerFactory: createWorker for class: com.google.android.apps.messaging.shared.datamodel.workqueue.WorkQueueWorkerShim
07-30 08:43:01.445  3134  3273 W RcsClientLib: No CS.apk RCS service found. Is RCS running in Bugle?
07-30 08:43:01.452  3134  3298 I WM-WorkerWrapper: Worker result SUCCESS for Work [ id=3979aa4e-221b-4ea0-a125-de30b1f41b5a, tags={ com.google.android.apps.messaging.shared.datamodel.workqueue.WorkQueueWorkerShim,data_upgrade- } ]
07-30 08:43:01.458  3134  3273 I RcsClientLib: shouldUseCarrierServicesJibeService: false, CarrierServices rcs service found: false
07-30 08:43:01.462  2213  2213 I PhenotypeBackgroundRecv: Skipping com.google.android.libraries.search.device#com.google.android.tts which doesn't use ProcessStable flags.
07-30 08:43:01.464  3134  3273 I RcsClientLib: com.google.android.rcs.client.lifecycle.RcsEngineLifecycleService connected
07-30 08:43:01.477  3366  3560 I BugleRcsEngine: triggerStopRcsStack for msisdn:redacted-pii:phone_number[chars:0,last2:] [CONTEXT log_prefix="RcsEngineImpl[DUAL_REG]:[cbde4af9-688f]" thread_id=66 ]
07-30 08:43:01.491  1230  2515 W .gms.persistent: Long monitor contention with owner [com.google.android.gms.chimera.container.intentoperation.PersistentIntentOperationChimeraService-Executor] processing com.google.android.gms.platformconfigurator.PhenotypeConfigurationUpdateListener for action android.intent.action.BOOT_COMPLETED (3308) at void pkf.run()(:com.google.android.gms@242335041@24.23.35 (190800-646585959):73) waiters=0 in void pkf.run() for 602ms
07-30 08:43:01.499  3366  3425 I BugleRcsEngine: handleMessage processing message:[STOP_RCS_STACK] with [non-null]:RcsEngineImpl reference [CONTEXT log_prefix="RcsEngineImpl[DUAL_REG]:[cbde4af9-688f]>Handler" thread_id=63 ]
07-30 08:43:01.500  3366  3425 I BugleRcsEngine: RCS engine STOP RCS stack [CONTEXT log_prefix="RcsEngineImpl[DUAL_REG]:[cbde4af9-688f]>Handler" thread_id=63 ]
07-30 08:43:01.500  3366  3425 I BugleRcsEngine: imsModule is null, shutdown not required [CONTEXT log_prefix="RcsEngineImpl[DUAL_REG]:[cbde4af9-688f]" thread_id=63 ]
07-30 08:43:01.500  3366  3425 I BugleRcsEngine: skipping imsModule.stop [CONTEXT log_prefix="RcsEngineImpl[DUAL_REG]:[cbde4af9-688f]" thread_id=63 ]
07-30 08:43:01.500  3366  3425 I BugleRcsEngine: handleMessage processing message:[NOTIFY_UPTIME_IGNORE_STATE_CHANGED] with [non-null]:RcsEngineImpl reference [CONTEXT log_prefix="RcsEngineImpl[DUAL_REG]:[cbde4af9-688f]>Handler" thread_id=63 ]
07-30 08:43:01.500  3134  3291 I RcsClientLib: Disconnecting RcsEngineLifecycleService
07-30 08:43:01.509  3366  3425 I BugleRcsEngine: RCS Configuration storage in Bugle is disabled by p/h flag, using ProvisioningEngineStateCacheUtil.getProvisioningConfigurationForGivenSimIfExist() [CONTEXT log_prefix="ProvisioningEngineDataRetriever" thread_id=63 ]
07-30 08:43:01.527  1573  3572 I Pay     : Device does not support HCE. [CONTEXT service_id=198 ]
07-30 08:43:01.530  1230  2404 I NetworkScheduler.Stats: Task com.google.android.gms/com.google.android.gms.pay.gcmtask.PayGcmTaskService started execution. cause:5 exec_start_elapsed_seconds: 89 [CONTEXT service_id=218 ]
07-30 08:43:01.535  1230  3537 I NetworkScheduler.Stats: Task com.google.android.gms/com.google.android.gms.pay.gcmtask.PayGcmTaskService finished executing. cause:5 result: 2 elapsed_millis: 63 uptime_millis: 63 exec_start_elapsed_seconds: 89 [CONTEXT service_id=218 ]
07-30 08:43:01.555  1230  2010 I HeterodyneSyncScheduler: Scheduling Phenotype for a PhenotypeSyncImmediately(6, com.google.android.ims.library) one off with window [1, 2] in seconds [CONTEXT service_id=51 ]
07-30 08:43:01.573  3134  3273 I BugleRcsProvisioning: BugleSystemBindingManager: onBuglePhenotypeFlagChanged
07-30 08:43:01.573  1515  2273 W TimedProcessReaper: Scheduling killing of process to refresh configuration
07-30 08:43:01.588  1515  1515 I PhenotypeBackgroundRecv: Skipping com.google.android.googlequicksearchbox which doesn't use ProcessStable flags.
07-30 08:43:01.594  3134  3607 W BugleRcsEngine: Unable to send diagnostic log [CONTEXT thread_id=96 ]
07-30 08:43:01.594  3134  3231 I BugleRcsEngine: SystemBinding enabled: true [CONTEXT log_prefix="SystemBindingManager" thread_id=48 ]
07-30 08:43:01.596  3134  3211 I BugleRcsEngine: System Binding updated [CONTEXT thread_id=42 ]
07-30 08:43:01.600  3134  3607 W BugleRcsEngine: Unable to send diagnostic log [CONTEXT thread_id=96 ]
07-30 08:43:01.602  3134  3273 I BugleTransport: onBuglePhenotypeFlagChanged: kicking off updateActiveTransport
07-30 08:43:01.603  3134  3272 W BugleAction: Failed to get msisdn from Bugle
07-30 08:43:01.604  3134  3272 W Bugle   : Bugle: SubscriptionMetadataUtils get: unexpected subId = -2, replacing with -1
07-30 08:43:01.608  3134  3243 I BugleTransport: isChatAvailable: RcsAvailability is DISABLED_VIA_GSERVICES (RCS is disabled for this carrier by Google)
07-30 08:43:01.609  3134  3272 W Bugle   : Bugle: SubscriptionMetadataUtils get: unexpected subId = -2, replacing with -1
07-30 08:43:01.610  3134  3272 I Bugle   : getRawTelephonyPhoneNumber redacted-pii[0-chars] [CONTEXT sub_id=-1 ]
07-30 08:43:01.610  3134  3272 W BugleAction: No default number, returning empty msisdn
07-30 08:43:01.611  3134  3272 I BugleRcsEngine: isRcsAvailableForSubId called with an invalid sub id: -2 [CONTEXT log_prefix="RcsProvisioningManager" thread_id=55 ]
07-30 08:43:01.612  3134  3607 I BugleTransport: updateActiveTransport: refreshing chat transport
07-30 08:43:01.612  3134  3607 I BugleTransport: refreshChatTransport: isChatAvailable: false, enabledTransport: 1, configuration: <empty>
07-30 08:43:01.616  3134  3272 I RcsClientLib: Connecting RcsEngineLifecycleService
07-30 08:43:01.617  3134  3272 W RcsClientLib: No CS.apk RCS service found. Is RCS running in Bugle?
07-30 08:43:01.618  3134  3272 I RcsClientLib: shouldUseCarrierServicesJibeService: false, CarrierServices rcs service found: false
07-30 08:43:01.621  1515  1515 W JobInfo : Job 'com.google.android.googlequicksearchbox/com.google.android.apps.gsa.tasks.BackgroundTasksJobService#-43' has a deadline with no functional constraints. The deadline won't improve job execution latency. Consider removing the deadline.
07-30 08:43:01.622   559  2023 W JobInfo : Job 'com.google.android.googlequicksearchbox/com.google.android.apps.gsa.tasks.BackgroundTasksJobService#-43' has a deadline with no functional constraints. The deadline won't improve job execution latency. Consider removing the deadline.
07-30 08:43:01.623  3134  3243 I RcsClientLib: com.google.android.rcs.client.lifecycle.RcsEngineLifecycleService connected
07-30 08:43:01.633  3366  3560 I BugleRcsEngine: triggerStopRcsStack for msisdn:redacted-pii:phone_number[chars:0,last2:] [CONTEXT log_prefix="RcsEngineImpl[DUAL_REG]:[cbde4af9-688f]" thread_id=66 ]
07-30 08:43:01.634  3134  3304 I RcsClientLib: Disconnecting RcsEngineLifecycleService
07-30 08:43:01.634  3366  3425 I BugleRcsEngine: handleMessage processing message:[STOP_RCS_STACK] with [non-null]:RcsEngineImpl reference [CONTEXT log_prefix="RcsEngineImpl[DUAL_REG]:[cbde4af9-688f]>Handler" thread_id=63 ]
07-30 08:43:01.634  3366  3425 I BugleRcsEngine: RCS engine STOP RCS stack [CONTEXT log_prefix="RcsEngineImpl[DUAL_REG]:[cbde4af9-688f]>Handler" thread_id=63 ]
07-30 08:43:01.635  3366  3425 I BugleRcsEngine: imsModule is null, shutdown not required [CONTEXT log_prefix="RcsEngineImpl[DUAL_REG]:[cbde4af9-688f]" thread_id=63 ]
07-30 08:43:01.636  3366  3425 I BugleRcsEngine: skipping imsModule.stop [CONTEXT log_prefix="RcsEngineImpl[DUAL_REG]:[cbde4af9-688f]" thread_id=63 ]
07-30 08:43:01.636  3366  3425 I BugleRcsEngine: handleMessage processing message:[NOTIFY_UPTIME_IGNORE_STATE_CHANGED] with [non-null]:RcsEngineImpl reference [CONTEXT log_prefix="RcsEngineImpl[DUAL_REG]:[cbde4af9-688f]>Handler" thread_id=63 ]
07-30 08:43:01.642  3366  3425 I BugleRcsEngine: RCS Configuration storage in Bugle is disabled by p/h flag, using ProvisioningEngineStateCacheUtil.getProvisioningConfigurationForGivenSimIfExist() [CONTEXT log_prefix="ProvisioningEngineDataRetriever" thread_id=63 ]
07-30 08:43:01.648  3366  3372 I s.messaging:rcs: Background concurrent mark compact GC freed 4067KB AllocSpace bytes, 15(684KB) LOS objects, 49% free, 3099KB/6198KB, paused 224us,1.211ms total 147.134ms
07-30 08:43:01.660  3134  3147 I .apps.messaging: Compiler allocated 5094KB to compile java.lang.Object aflc.l()
07-30 08:43:01.673  3134  3134 I BugleDataModel: ActionExecutorImpl: Starting ActionService
07-30 08:43:01.690  1515  1515 I BgTaskExecutorImpl: (REDACTED) Starting %s background task %s.
07-30 08:43:01.693  3134  3273 D MddListenableWorkerFactory: createWorker for class: com.google.android.apps.messaging.shared.datamodel.workqueue.WorkQueueWorkerShim
07-30 08:43:01.700  3134  3134 I BugleDataModel: ActionExecutorImpl: ACTION_EXECUTE_QUEUED_FixupMessageStatusOnStartupAction
07-30 08:43:01.700  3134  3134 I BugleDataModel: ActionExecutorImpl: ACTION_EXECUTE_QUEUED_ProcessPendingMessagesAction
07-30 08:43:01.700  3134  3243 I BugleDataModel: ExecuteActionRunnable: running action FixupMessageStatusOnStartupAction
07-30 08:43:01.717  1348  1546 W TimedProcessReaper: Scheduling killing of process to refresh configuration
07-30 08:43:01.737  3134  3243 I BugleDataModel: FixupMessageStatusOnStartupAction: sendFailedCnt: 0, downloadFailedCnt: 0, partsProcessingFailedCnt: 0
07-30 08:43:01.739  3134  3273 I WM-WorkerWrapper: Worker result SUCCESS for Work [ id=b6c3fdc4-ea42-4857-8979-a2d51e2e65ab, tags={ com.google.android.apps.messaging.shared.datamodel.workqueue.WorkQueueWorkerShim,data_upgrade- } ]
07-30 08:43:01.752  2213  2217 W gle.android.tts: Missing inline cache for hip czg.a(java.lang.Object)
07-30 08:43:01.765  3134  3243 I BugleDataModel: PendingMessagesProcessor process from FixupMessageStatusOnStartupAction due to connectivity changed  with delay 0s with queues smsMessagesToSend:0 mmsMessagesToSend:0 rcsMessagesToSend:0 rcsFTMessagesToSend:0 messagesToDownload:0
07-30 08:43:01.766  3134  3243 I BugleDataModel: ProcessPendingMessagesTimers: cleared next retry time for channel sms_send 
07-30 08:43:01.766  3134  3243 I BugleDataModel: ProcessPendingMessagesTimers: cleared next retry time for channel mms_send 
07-30 08:43:01.767  3134  3243 I BugleDataModel: ProcessPendingMessagesTimers: cleared next retry time for channel mms_download 
07-30 08:43:01.767  3134  3243 I BugleDataModel: ProcessPendingMessagesTimers: cleared next retry time for channel rcs_send 
07-30 08:43:01.767  3134  3243 I BugleDataModel: ProcessPendingMessagesTimers: cleared next retry time for channel rcs_ft_upload 
07-30 08:43:01.768  3134  3243 I BugleDataModel: ProcessPendingMessagesTimers: cleared next retry time for channel rcs_ft_download 
07-30 08:43:01.769  3134  3243 I BugleDataModel: ProcessPendingMessagesTimers: cleared next retry time for channel cloud_sync_send 
07-30 08:43:01.769  3134  3243 I BugleDataModel: ProcessPendingMessagesTimers: cleared next retry time for channel cloud_sync_attachment_download 
07-30 08:43:01.772  3134  3243 I BugleDataModel: ExecuteActionRunnable: running action ProcessPendingMessagesAction
07-30 08:43:01.774  3134  3243 I BugleDataModel: PendingMessagesProcessor process from ProcessPendingMessagesAction due to scheduled processing  with delay 0s with queues smsMessagesToSend:0 mmsMessagesToSend:0 rcsMessagesToSend:0 rcsFTMessagesToSend:0 messagesToDownload:0
07-30 08:43:01.777  3134  3243 I BugleDataModel: ActionExecutorImpl: Stopping ActionService
07-30 08:43:01.795   359   408 I netd    : tetherGetStats() -> {[]} <2.69ms>
07-30 08:43:01.803   359   408 I netd    : bandwidthSetGlobalAlert(2097152) <0.23ms>
07-30 08:43:01.803  1230  3308 W .gms.persistent: Long monitor contention with owner [com.google.android.gms.chimera.container.intentoperation.PersistentIntentOperationChimeraService-Executor] processing com.google.android.gms.platformconfigurator.PhenotypeConfigurationUpdateListener for action com.google.android.gms.phenotype.UPDATE (2515) at void pkf.run()(:com.google.android.gms@242335041@24.23.35 (190800-646585959):73) waiters=0 in void pkf.run() for 312ms
07-30 08:43:01.817  3134  3273 I BugleRcsProvisioning: BugleSystemBindingManager: onBuglePhenotypeFlagChanged
07-30 08:43:01.819  3134  3607 W BugleRcsEngine: Unable to send diagnostic log [CONTEXT thread_id=96 ]
07-30 08:43:01.832  1230  1234 I .gms.persistent: Background concurrent mark compact GC freed 13MB AllocSpace bytes, 12(880KB) LOS objects, 49% free, 19MB/38MB, paused 1.125ms,64.359ms total 418.390ms
07-30 08:43:01.833   359   408 I netd    : bandwidthRemoveInterfaceQuota(eth0) <10.56ms>
07-30 08:43:01.837  3134  3211 I BugleRcsEngine: SystemBinding enabled: true [CONTEXT log_prefix="SystemBindingManager" thread_id=42 ]
07-30 08:43:01.837  3134  3230 I BugleRcsEngine: System Binding updated [CONTEXT thread_id=47 ]
07-30 08:43:01.838  3134  3607 W BugleRcsEngine: Unable to send diagnostic log [CONTEXT thread_id=96 ]
07-30 08:43:01.840   359   408 I netd    : bandwidthSetInterfaceQuota(eth0, 9223372036854775807) <4.93ms>
07-30 08:43:01.844  3134  3273 I BugleTransport: onBuglePhenotypeFlagChanged: kicking off updateActiveTransport
07-30 08:43:01.849  3134  3243 W BugleAction: Failed to get msisdn from Bugle
07-30 08:43:01.850  3134  3243 W Bugle   : Bugle: SubscriptionMetadataUtils get: unexpected subId = -2, replacing with -1
07-30 08:43:01.852  3134  3298 I BugleTransport: isChatAvailable: RcsAvailability is DISABLED_VIA_GSERVICES (RCS is disabled for this carrier by Google)
07-30 08:43:01.853  3134  3243 W Bugle   : Bugle: SubscriptionMetadataUtils get: unexpected subId = -2, replacing with -1
07-30 08:43:01.863  1230  1236 W .gms.persistent: ApkAssets: Deleting an ApkAssets object '<empty> and /product/priv-app/Velvet/Velvet.apk' with 1 weak references
07-30 08:43:01.864  1230  1236 W .gms.persistent: ApkAssets: Deleting an ApkAssets object '<empty> and /product/priv-app/PrebuiltBugle/PrebuiltBugle.apk' with 1 weak references
07-30 08:43:01.871   359   408 I netd    : bandwidthRemoveInterfaceQuota(eth0) <0.72ms>
07-30 08:43:01.872   359   408 I netd    : bandwidthSetInterfaceQuota(eth0, 9223372036854775807) <0.61ms>
07-30 08:43:01.880  1230  1236 W .gms.persistent: ApkAssets: Deleting an ApkAssets object '<empty> and /product/app/SoundPickerPrebuilt/SoundPickerPrebuilt.apk' with 1 weak references
07-30 08:43:01.880  3134  3243 I Bugle   : getRawTelephonyPhoneNumber redacted-pii[0-chars] [CONTEXT sub_id=-1 ]
07-30 08:43:01.880  1230  1236 W .gms.persistent: ApkAssets: Deleting an ApkAssets object '<empty> and /product/priv-app/SafetyHubPrebuilt/SafetyHubPrebuilt.apk' with 1 weak references
07-30 08:43:01.880  1230  1236 W .gms.persistent: ApkAssets: Deleting an ApkAssets object '<empty> and /product/app/talkback/talkback.apk' with 1 weak references
07-30 08:43:01.880  3134  3243 W BugleAction: No default number, returning empty msisdn
07-30 08:43:01.880  1230  1236 W .gms.persistent: ApkAssets: Deleting an ApkAssets object '/vendor/overlay/EmulatorTalkBackOverlay/EmulatorTalkBackOverlay.apk' with 1 weak references
07-30 08:43:01.880  1230  1236 W .gms.persistent: ApkAssets: Deleting an ApkAssets object '<empty> and /product/app/PrebuiltDeskClockGoogle/PrebuiltDeskClockGoogle.apk' with 1 weak references
07-30 08:43:01.881  1230  1236 W .gms.persistent: ApkAssets: Deleting an ApkAssets object '<empty> and /product/priv-app/DevicePersonalizationPrebuiltPixel2021-aiai_20240329.00_RC16/DevicePersonalizationPrebuiltPixel2021-aiai_20240329.00_RC16.apk' with 1 weak references
07-30 08:43:01.881  3134  3243 I BugleRcsEngine: isRcsAvailableForSubId called with an invalid sub id: -2 [CONTEXT log_prefix="RcsProvisioningManager" thread_id=50 ]
07-30 08:43:01.881  3134  3607 I BugleTransport: updateActiveTransport: refreshing chat transport
07-30 08:43:01.882  3134  3607 I BugleTransport: refreshChatTransport: isChatAvailable: false, enabledTransport: 1, configuration: <empty>
07-30 08:43:01.884  3134  3243 I RcsClientLib: Connecting RcsEngineLifecycleService
07-30 08:43:01.885  3134  3243 W RcsClientLib: No CS.apk RCS service found. Is RCS running in Bugle?
07-30 08:43:01.885  3134  3243 I RcsClientLib: shouldUseCarrierServicesJibeService: false, CarrierServices rcs service found: false
07-30 08:43:01.889  3134  3607 I RcsClientLib: com.google.android.rcs.client.lifecycle.RcsEngineLifecycleService connected
07-30 08:43:01.891   559   821 D NetworkStatsObservers: Registering observer for RequestInfo from pid/uid:559/1000(android) for DataUsageRequest [ requestId=12, networkTemplate=NetworkTemplate: matchRule=MOBILE, matchSubscriberIds=[310260...], matchWifiNetworkKeys=[], metered=YES, defaultNetwork=NO, thresholdInBytes=3428756 ] accessLevel:3
07-30 08:43:01.893   559   913 D NetworkStatsObservers: Unregistering RequestInfo from pid/uid:559/1000(android) for DataUsageRequest [ requestId=11, networkTemplate=NetworkTemplate: matchRule=MOBILE, matchSubscriberIds=[310260...], matchWifiNetworkKeys=[], metered=YES, defaultNetwork=NO, thresholdInBytes=3431989 ] accessLevel:3
07-30 08:43:01.899  3134  3607 D MddListenableWorkerFactory: createWorker for class: com.google.android.apps.messaging.shared.datamodel.workqueue.WorkQueueWorkerShim
07-30 08:43:01.902  3366  3560 I BugleRcsEngine: triggerStopRcsStack for msisdn:redacted-pii:phone_number[chars:0,last2:] [CONTEXT log_prefix="RcsEngineImpl[DUAL_REG]:[cbde4af9-688f]" thread_id=66 ]
07-30 08:43:01.905  1230  1236 W .gms.persistent: ApkAssets: Deleting an ApkAssets object '<empty> and /product/app/PrebuiltGmail/PrebuiltGmail.apk' with 1 weak references
07-30 08:43:01.911  1230  1236 W .gms.persistent: ApkAssets: Deleting an ApkAssets object '<empty> and /product/priv-app/WellbeingPrebuilt/WellbeingPrebuilt.apk' with 1 weak references
07-30 08:43:01.911  1230  1236 W .gms.persistent: ApkAssets: Deleting an ApkAssets object '<empty> and /product/priv-app/GoogleDialer/GoogleDialer.apk' with 1 weak references
07-30 08:43:01.923  1230  1236 W .gms.persistent: ApkAssets: Deleting an ApkAssets object '<empty> and /product/app/Drive/Drive.apk' with 1 weak references
07-30 08:43:01.924  3366  3425 I BugleRcsEngine: handleMessage processing message:[STOP_RCS_STACK] with [non-null]:RcsEngineImpl reference [CONTEXT log_prefix="RcsEngineImpl[DUAL_REG]:[cbde4af9-688f]>Handler" thread_id=63 ]
07-30 08:43:01.924  3366  3425 I BugleRcsEngine: RCS engine STOP RCS stack [CONTEXT log_prefix="RcsEngineImpl[DUAL_REG]:[cbde4af9-688f]>Handler" thread_id=63 ]
07-30 08:43:01.925  3134  3304 I RcsClientLib: Disconnecting RcsEngineLifecycleService
07-30 08:43:01.926  3134  3607 I WM-WorkerWrapper: Worker result SUCCESS for Work [ id=a3c89c92-c756-4a5a-b2a3-5cf6b24d1281, tags={ com.google.android.apps.messaging.shared.datamodel.workqueue.WorkQueueWorkerShim,data_upgrade- } ]
07-30 08:43:01.928  2213  2282 I PhenotypeBackgroundRecv: Successfully updated snapshot for com.google.android.libraries.consentverifier#com.google.android.tts
07-30 08:43:01.941  2213  2213 I PhenotypeBackgroundRecv: Skipping com.google.android.libraries.search.audio.device#com.google.android.tts which doesn't use ProcessStable flags.
07-30 08:43:01.958  3366  3425 I BugleRcsEngine: imsModule is null, shutdown not required [CONTEXT log_prefix="RcsEngineImpl[DUAL_REG]:[cbde4af9-688f]" thread_id=63 ]
07-30 08:43:01.958  3366  3425 I BugleRcsEngine: skipping imsModule.stop [CONTEXT log_prefix="RcsEngineImpl[DUAL_REG]:[cbde4af9-688f]" thread_id=63 ]
07-30 08:43:01.959  3366  3425 I BugleRcsEngine: handleMessage processing message:[NOTIFY_UPTIME_IGNORE_STATE_CHANGED] with [non-null]:RcsEngineImpl reference [CONTEXT log_prefix="RcsEngineImpl[DUAL_REG]:[cbde4af9-688f]>Handler" thread_id=63 ]
07-30 08:43:01.960  1230  1236 W .gms.persistent: ApkAssets: Deleting an ApkAssets object '<empty> and /product/app/Maps/Maps.apk' with 1 weak references
07-30 08:43:01.964  1230  1236 W .gms.persistent: ApkAssets: Deleting an ApkAssets object '<empty> and /product/app/GoogleContacts/GoogleContacts.apk' with 1 weak references
07-30 08:43:01.968  3366  3425 I BugleRcsEngine: RCS Configuration storage in Bugle is disabled by p/h flag, using ProvisioningEngineStateCacheUtil.getProvisioningConfigurationForGivenSimIfExist() [CONTEXT log_prefix="ProvisioningEngineDataRetriever" thread_id=63 ]
07-30 08:43:01.972  1444  1459 I FuseDaemon: Background concurrent mark compact GC freed 2542KB AllocSpace bytes, 25(496KB) LOS objects, 49% free, 3077KB/6155KB, paused 156us,602us total 142.074ms
07-30 08:43:01.974  1230  1236 W .gms.persistent: ApkAssets: Deleting an ApkAssets object '<empty> and /product/app/GoogleTTS/GoogleTTS.apk' with 1 weak references
07-30 08:43:01.974  1230  1236 W .gms.persistent: ApkAssets: Deleting an ApkAssets object '<empty> and /product/priv-app/PartnerSetupPrebuilt/PartnerSetupPrebuilt.apk' with 1 weak references
07-30 08:43:01.974  1230  1236 W .gms.persistent: ApkAssets: Deleting an ApkAssets object '<empty> and /product/app/Photos/Photos.apk' with 1 weak references
07-30 08:43:01.974  1230  1236 W .gms.persistent: ApkAssets: Deleting an ApkAssets object '<empty> and /product/app/CalendarGooglePrebuilt/CalendarGooglePrebuilt.apk' with 1 weak references
07-30 08:43:01.982   359   408 I netd    : tetherGetStats() -> {[]} <0.49ms>
07-30 08:43:01.990  1348  1558 I PhenotypeBackgroundRecv: Successfully updated snapshot for com.google.android.libraries.consentverifier#com.google.android.apps.wellbeing
07-30 08:43:02.000  1348  1558 W TimedProcessReaper: Scheduling killing of process to refresh configuration
07-30 08:43:02.012  1230  1236 W .gms.persistent: ApkAssets: Deleting an ApkAssets object '<empty> and /product/priv-app/SettingsIntelligenceGooglePrebuilt/SettingsIntelligenceGooglePrebuilt.apk' with 1 weak references
07-30 08:43:02.013  1230  1236 W .gms.persistent: ApkAssets: Deleting an ApkAssets object '<empty> and /product/priv-app/AndroidAutoStubPrebuilt/AndroidAutoStubPrebuilt.apk' with 1 weak references
07-30 08:43:02.014  1230  1236 W .gms.persistent: ApkAssets: Deleting an ApkAssets object '<empty> and /product/app/YouTubeMusicPrebuilt/YouTubeMusicPrebuilt.apk' with 1 weak references
07-30 08:43:02.024  1230  1236 W .gms.persistent: ApkAssets: Deleting an ApkAssets object '<empty> and /product/app/LatinIMEGooglePrebuilt/LatinIMEGooglePrebuilt.apk' with 1 weak references
07-30 08:43:02.024  1230  1236 W .gms.persistent: ApkAssets: Deleting an ApkAssets object '<empty> and /product/priv-app/GoogleRestorePrebuilt-v526684/GoogleRestorePrebuilt-v526684.apk' with 1 weak references
07-30 08:43:02.026   559   570 I system_server: Background concurrent mark compact GC freed 25MB AllocSpace bytes, 53(3444KB) LOS objects, 46% free, 27MB/51MB, paused 10.748ms,10.646ms total 955.632ms
07-30 08:43:02.033  1230  2494 W .gms.persistent: Long monitor contention with owner netscheduler-queue-handler (2290) at void dbyt.o(int)(:com.google.android.gms@242335041@24.23.35 (190800-646585959):27) waiters=0 in void dbyt.u(dbus, int) for 356ms
07-30 08:43:02.034  1230  2404 I NetworkScheduler.Stats: Task com.google.android.gms/com.google.android.gms.pay.gcmtask.PayGcmTaskService started execution. cause:5 exec_start_elapsed_seconds: 89 [CONTEXT service_id=218 ]
07-30 08:43:02.048  1573  2036 I ebvk$a  : Unable to retrieve flag snapshot for com.google.android.gms.westworldfeatures#com.google.android.gms, using defaults.
07-30 08:43:02.050  3134  3211 I BugleRcsProvisioning: RcsProvisioningTrigger: onCsLibPhenotypeUpdated, enableProvisioningTaskInBugle = true
07-30 08:43:02.050  3134  3211 I BugleRcsProvisioning: RcsProvisioningTrigger: updateAvailabilityForAllSimsAsync : hint = CSLIB_PHENOTYPE_UPDATE logTriggerEvent = true
07-30 08:43:02.051  3134  3231 I BugleRcsEngine: SystemBinding enabled: true [CONTEXT log_prefix="SystemBindingManager" thread_id=48 ]
07-30 08:43:02.051  3134  3231 I BugleRcsEngine: System Binding updated [CONTEXT thread_id=48 ]
07-30 08:43:02.052  3134  3607 W BugleRcsEngine: Unable to send diagnostic log [CONTEXT thread_id=96 ]
07-30 08:43:02.052  3134  3273 W BugleRcsEngine: Unable to send diagnostic log [CONTEXT thread_id=56 ]
07-30 08:43:02.053  3134  3211 I Bugle   : RcsAvailabilityUtilForProvisioningEngineV2: updateAvailabilityForAllSimsAsync, hint: CSLIB_PHENOTYPE_UPDATE
07-30 08:43:02.053  3134  3211 I RcsAvailabilityUpdaterL: updateAvailabilityForAllSimsAsync: scheduling updateAvailabilityForRcsProvisioningId call. Hint: CSLIB_PHENOTYPE_UPDATE, enableWelcomePopupWithoutGoogleTos: false, reshowSuccessPopup: false
07-30 08:43:02.054  3134  3211 I Bugle   : RcsAvailabilityUtilForProvisioningEngineV2: onCsLibPhenotypeUpdated
07-30 08:43:02.056  3134  3607 I RcsAvailabilityUpdaterL: updateRcsAvailabilityForDefaultCallSim: hint: CSLIB_PHENOTYPE_UPDATE, canReshowWelcomeMessage: false
07-30 08:43:02.059  3134  3607 I BugleRcsEngine: [SR]: Single Registration is disabled. Skipping Single Registration capability check for subId: 1, OS.isAtLeastS:[true], enableSingleRegistrationProvisioning:[false] [CONTEXT thread_id=96 ]
07-30 08:43:02.059  3134  3607 I RcsAvailabilityUpdaterL: RcsAvailability configuration availability and enabled status: simId: redacted-pii:sim_id[chars:20,last3:897], SipConnectionType: DUAL_REG, isConfigurationAvailableAndEnabled: false
07-30 08:43:02.061  2213  2277 I PhenotypeBackgroundRecv: Successfully updated snapshot for com.google.android.libraries.consentverifier#com.google.android.tts
07-30 08:43:02.065  3134  3243 W BugleRcsEngine: Unable to send diagnostic log [CONTEXT thread_id=50 ]
07-30 08:43:02.065  3134  3230 I BugleRcsEngine: SystemBinding enabled: true [CONTEXT log_prefix="SystemBindingManager" thread_id=47 ]
07-30 08:43:02.066  3134  3230 I BugleRcsEngine: System Binding updated [CONTEXT thread_id=47 ]
07-30 08:43:02.067  3134  3273 W BugleRcsEngine: Unable to send diagnostic log [CONTEXT thread_id=56 ]
07-30 08:43:02.071  1230  2010 I TapAndPay: Disabling TapAndPay HCE service [CONTEXT service_id=79 ]
07-30 08:43:02.074   559   572 W system_server: ApkAssets: Deleting an ApkAssets object '<empty> and /product/priv-app/PrebuiltGmsCore/PrebuiltGmsCore.apk' with 1 weak references
07-30 08:43:02.078   559   572 W system_server: ApkAssets: Deleting an ApkAssets object '<empty> and /product/app/PrebuiltGmail/PrebuiltGmail.apk' with 1 weak references
07-30 08:43:02.079   559   572 W system_server: ApkAssets: Deleting an ApkAssets object '<empty> and /product/app/LatinIMEGooglePrebuilt/LatinIMEGooglePrebuilt.apk' with 1 weak references
07-30 08:43:02.079   559   572 W system_server: ApkAssets: Deleting an ApkAssets object '<empty> and /product/app/GoogleTTS/GoogleTTS.apk' with 1 weak references
07-30 08:43:02.079   559   572 W system_server: ApkAssets: Deleting an ApkAssets object '<empty> and /system/priv-app/InputDevices/InputDevices.apk' with 1 weak references
07-30 08:43:02.086  3134  3607 I RcsAvailabilityUpdaterL: updateAvailabilityForRcsProvisioningId. SimId: redacted-pii:sim_id[chars:20,last3:897], currentAvailability: 2, newAvailability: 2, hint: CSLIB_PHENOTYPE_UPDATE
07-30 08:43:02.087  3134  3609 I BugleRcsProvisioning: scheduleProvisioningForEligibleSims
07-30 08:43:02.087  3134  3609 I BugleRcsProvisioning: scheduleProvisioning using legacy code path
07-30 08:43:02.088  3134  3272 I BugleRcsProvisioning: RcsProvisioningTrigger: onRcsAvailabilityUpdate : availability is updated to RCS is disabled for this carrier by Google, lastAvailabilityLocal is RCS is disabled for this carrier by Google, simId hash = -4774490514625236642, simId = redacted-pii:sim_id[chars:20,last3:897], isPev3Enabled = true
07-30 08:43:02.088  3134  3609 I BugleRcsEngine: [SR]: Single Registration is disabled. Skipping Single Registration capability check for subId: 1, OS.isAtLeastS:[true], enableSingleRegistrationProvisioning:[false] [CONTEXT thread_id=98 ]
07-30 08:43:02.089  3134  3609 I BugleRcsProvisioning: RcsProvisioningTrigger: DR is active, initializing DR provisioning. DUAL_REG
07-30 08:43:02.090  3134  3272 I BugleRcsEngine: [SR]: Single Registration is disabled. Skipping Single Registration capability check for subId: 1, OS.isAtLeastS:[true], enableSingleRegistrationProvisioning:[false] [CONTEXT thread_id=55 ]
07-30 08:43:02.094  3134  3272 I BugleRcsEngine: Skipping provisioning scheduling since RCS is disabled [CONTEXT thread_id=55 ]
07-30 08:43:02.095   359   408 I netd    : tetherGetStats() -> {[]} <1.34ms>
07-30 08:43:02.097  1230  2404 I NetworkScheduler.Stats: Task com.google.android.gms/com.google.android.gms.pay.gcmtask.PayGcmTaskService finished executing. cause:5 result: 1 elapsed_millis: 232 uptime_millis: 232 exec_start_elapsed_seconds: 89 [CONTEXT service_id=218 ]
07-30 08:43:02.100   559   572 W system_server: ApkAssets: Deleting an ApkAssets object '<empty> and /product/app/Drive/Drive.apk' with 1 weak references
07-30 08:43:02.100   559   572 W system_server: ApkAssets: Deleting an ApkAssets object '<empty> and /product/app/CalendarGooglePrebuilt/CalendarGooglePrebuilt.apk' with 1 weak references
07-30 08:43:02.101   559   572 W system_server: ApkAssets: Deleting an ApkAssets object '<empty> and /product/priv-app/PrebuiltBugle/PrebuiltBugle.apk' with 1 weak references
07-30 08:43:02.105   559   572 W system_server: ApkAssets: Deleting an ApkAssets object '<empty> and /system_ext/app/AccessibilityMenu/AccessibilityMenu.apk' with 1 weak references
07-30 08:43:02.105   559   572 W system_server: ApkAssets: Deleting an ApkAssets object '/product/overlay/AccessibilityMenu__sdk_gphone64_x86_64__auto_generated_rro_product.apk' with 1 weak references
07-30 08:43:02.105   559   572 W system_server: ApkAssets: Deleting an ApkAssets object '<empty> and /product/app/talkback/talkback.apk' with 1 weak references
07-30 08:43:02.106   559   572 W system_server: ApkAssets: Deleting an ApkAssets object '/vendor/overlay/EmulatorTalkBackOverlay/EmulatorTalkBackOverlay.apk' with 1 weak references
07-30 08:43:02.108  1230  3323 I HeterodyneSyncScheduler: Scheduling Phenotype for a PhenotypeSyncImmediately(16, com.google.android.westworld) one off with window [1, 2] in seconds [CONTEXT service_id=51 ]
07-30 08:43:02.111   559   572 W system_server: ApkAssets: Deleting an ApkAssets object '<empty> and /product/priv-app/Velvet/Velvet.apk' with 1 weak references
07-30 08:43:02.120  1230  1233 W .gms.persistent: Missing inline cache for void aktq.g()
07-30 08:43:02.139  1573  3564 E WorkSourceUtil: Could not find package: com.google.android.gms.westworld
07-30 08:43:02.186  1515  1693 W A       : (REDACTED) Can't format flag %s to integer.
07-30 08:43:02.186  1515  1693 W A       : (REDACTED) Can't format flag %s to integer.
07-30 08:43:02.186  1515  1693 W A       : (REDACTED) Can't format flag %s to integer.
07-30 08:43:02.186  1515  1693 W A       : (REDACTED) Can't format flag %s to integer.
07-30 08:43:02.186  1515  1693 W A       : (REDACTED) Can't format flag %s to integer.
07-30 08:43:02.186  1515  1693 W A       : (REDACTED) Can't format flag %s to integer.
07-30 08:43:02.186  1515  1693 W A       : (REDACTED) Can't format flag %s to integer.
07-30 08:43:02.186  1515  1693 W A       : (REDACTED) Can't format flag %s to integer.
07-30 08:43:02.186  1515  1693 W A       : (REDACTED) Can't format flag %s to integer.
07-30 08:43:02.186  1515  1693 W A       : (REDACTED) Can't format flag %s to integer.
07-30 08:43:02.186  1515  1693 W A       : (REDACTED) Can't format flag %s to integer.
07-30 08:43:02.186  1515  1693 W A       : (REDACTED) Can't format flag %s to integer.
07-30 08:43:02.193  1515  1693 W A       : (REDACTED) Can't format flag %s to integer.
07-30 08:43:02.193  1515  1693 W A       : (REDACTED) Can't format flag %s to integer.
07-30 08:43:02.193  1515  1693 W A       : (REDACTED) Can't format flag %s to integer.
07-30 08:43:02.193  1515  1693 W A       : (REDACTED) Can't format flag %s to integer.
07-30 08:43:02.193  1515  1693 W A       : (REDACTED) Can't format flag %s to integer.
07-30 08:43:02.193  1515  1693 W A       : (REDACTED) Can't format flag %s to integer.
07-30 08:43:02.193  1515  1693 W A       : (REDACTED) Can't format flag %s to integer.
07-30 08:43:02.193  1515  1693 W A       : (REDACTED) Can't format flag %s to integer.
07-30 08:43:02.193  1515  1693 W A       : (REDACTED) Can't format flag %s to integer.
07-30 08:43:02.193  1515  1693 W A       : (REDACTED) Can't format flag %s to integer.
07-30 08:43:02.263  1515  1720 I A       : (REDACTED) Refusing EXCLUSIVE task %s, it is already pending. Try again in %d seconds.
07-30 08:43:02.268  1515  1921 I Ma      : #handleFlagUpdate()
07-30 08:43:02.274  1515  1720 I OpaEligibilityChecker: send OpaEligibilityChange broadcast to CommonBroadcastReceiver
07-30 08:43:02.277  1230  3308 I PlatformConfigurator: updateFromConfigurations using legacy put method [CONTEXT service_id=204 ]
07-30 08:43:02.279  1515  1722 I A       : NGA enabled in interactor.
07-30 08:43:02.281  1230  3536 W .gms.persistent: Long monitor contention with owner netscheduler-queue-handler (2290) at void dbyt.o(int)(:com.google.android.gms@242335041@24.23.35 (190800-646585959):27) waiters=0 in int dbyt.r(dbus) for 159ms
07-30 08:43:02.282  1230  3536 I NetworkScheduler.Stats: Task com.google.android.gms/com.google.android.gms.pay.gcmtask.PayGcmTaskService started execution. cause:5 exec_start_elapsed_seconds: 89 [CONTEXT service_id=218 ]
07-30 08:43:02.283  1515  2153 W SearchServiceCore: Abort, client detached.
07-30 08:43:02.283  1515  2153 W SearchServiceCore: Abort, client detached.
07-30 08:43:02.284  1468  1863 I A       : (REDACTED) #handleFlagsUpdate: changed %s
07-30 08:43:02.286  1468  1863 I A       : #handleFlagsUpdate: listeners notified
07-30 08:43:02.301  1230  3432 I NetworkScheduler.Stats: Task com.google.android.gms/com.google.android.gms.pay.gcmtask.PayGcmTaskService finished executing. cause:5 result: 2 elapsed_millis: 75 uptime_millis: 75 exec_start_elapsed_seconds: 89 [CONTEXT service_id=218 ]
07-30 08:43:02.310  1515  1921 I SettingsDataLayer.AE: Set Assistant eligibility status
07-30 08:43:02.323  1515  1921 I SettingsDataLayer.AE: Set isHotwordOpaEligible
07-30 08:43:02.340  1573  2036 I Icing   : IndexChimeraService.getServiceInterface callingPackage=com.google.android.googlequicksearchbox componentName=agsa_icing_connection serviceId=32
07-30 08:43:02.343  1573  2760 I Icing   : IndexChimeraService.getServiceInterface callingPackage=com.google.android.googlequicksearchbox componentName=agsa_icing_connection serviceId=33
07-30 08:43:02.352  1573  3405 I Icing   : Usage reports ok 0, Failed Usage reports 0, indexed 0, rejected 0
07-30 08:43:02.365  1573  3405 I Icing   : Usage reports ok 0, Failed Usage reports 0, indexed 0, rejected 0
07-30 08:43:02.389   559   614 I AppsFilter: interaction: PackageSetting{6d03b2e com.android.microdroid.empty_payload/10206} -> PackageSetting{c2837b1 com.google.android.apps.messaging/10133} BLOCKED
07-30 08:43:02.389   559   614 I AppsFilter: interaction: PackageSetting{a388206 com.example.moneymap/10209} -> PackageSetting{c2837b1 com.google.android.apps.messaging/10133} BLOCKED
07-30 08:43:02.400   916   916 D ControlsListingControllerImpl: ServiceConfig reloaded, count: 0
07-30 08:43:02.402  1078  1078 D CarrierSvcBindHelper: onPackageModified: com.google.android.apps.messaging
07-30 08:43:02.404   559   861 I AppWidgetServiceImpl: Received broadcast: android.intent.action.PACKAGE_CHANGED on user 0
07-30 08:43:02.404   559   873 D ShortcutService: received package broadcast intent: Intent { act=android.intent.action.PACKAGE_CHANGED dat=package: flg=0x45000010 (has extras) }
07-30 08:43:02.404   559   873 D ShortcutService: changing package: com.google.android.apps.messaging userId0
07-30 08:43:02.405   559   873 D ShortcutService: handlePackageChanged: com.google.android.apps.messaging user=0
07-30 08:43:02.405   559   873 D ShortcutService: rescanPackageIfNeeded 0@com.google.android.apps.messaging, forceRescan=true , isNewApp=false
07-30 08:43:02.406  1078  1078 D CarrierSvcBindHelper: No carrier app for: 0
07-30 08:43:02.412   918  3344 I PermissionControllerServiceImpl: Updating user sensitive for uid 10133
07-30 08:43:02.414   559   665 I RoleService: Granting default roles...
07-30 08:43:02.417  1186  1216 D PackageUpdatedTask: Package updated: mOp=UPDATE packages=[com.google.android.apps.messaging]
07-30 08:43:02.419  1450  1450 I AiAiEcho: AppFetcherImpl onPackageChanged com.google.android.apps.messaging.
07-30 08:43:02.420  1450  2308 I AiAiEcho: AppIndexer Package:[com.google.android.apps.messaging] UserProfile:[0] Enabled:[true].
07-30 08:43:02.420  1450  2308 I AiAiEcho: AppFetcherImplV2 updateApps package:[com.google.android.apps.messaging], userId:[0], reason:[package is updated.].
07-30 08:43:02.431  1078  1078 E SmsApplication: com.google.android.apps.messaging lost android:read_cell_broadcasts:  (fixing)
07-30 08:43:02.431   559  2023 W AppOpService: Ignored setUidMode call for runtime permission app op: uid = 10133, code = READ_CELL_BROADCASTS, mode = allow, callingUid = 1001, oldMode = allow
07-30 08:43:02.435   559  1016 W Role    : Default holder doesn't have required signing certificate: com.google.android.retaildemo:6547c73dee150c103980bfdffe55cc9a011d785dd694a5f99afd8205bcaf1f80
07-30 08:43:02.435   559  1016 E RoleControllerServiceImpl: Default/fallback role holder package doesn't qualify for the role, package: com.google.android.gms.supervision, role: android.app.role.SYSTEM_SUPERVISION
07-30 08:43:02.440  1078  1078 E CellBroadcastUtils: getDefaultCellBroadcastReceiverPackageName: no package found
07-30 08:43:02.440   559  2023 W AppOpService: Ignored setUidMode call for runtime permission app op: uid = 1001, code = READ_SMS, mode = allow, callingUid = 1001, oldMode = allow
07-30 08:43:02.441   559  2023 W AppOpService: Ignored setUidMode call for runtime permission app op: uid = 1001, code = RECEIVE_SMS, mode = allow, callingUid = 1001, oldMode = allow
07-30 08:43:02.441   559  2023 W AppOpService: Ignored setUidMode call for runtime permission app op: uid = 1001, code = RECEIVE_WAP_PUSH, mode = allow, callingUid = 1001, oldMode = allow
07-30 08:43:02.441   559  2023 W AppOpService: Ignored setUidMode call for runtime permission app op: uid = 1001, code = SEND_SMS, mode = allow, callingUid = 1001, oldMode = allow
07-30 08:43:02.441   559  2023 W AppOpService: Ignored setUidMode call for runtime permission app op: uid = 1001, code = READ_CELL_BROADCASTS, mode = allow, callingUid = 1001, oldMode = allow
07-30 08:43:02.444  1078  1285 D ImsResolver: maybeAddedImsService, packageName: com.google.android.apps.messaging
07-30 08:43:02.457  1186  1186 D StatsLog: LAUNCHER_ALLAPPS_COUNT
07-30 08:43:02.459   559   873 E system_server: No package ID 7f found for resource ID 0x7f0803ff.
07-30 08:43:02.476   559   873 E system_server: No package ID 7f found for resource ID 0x7f1510ad.
07-30 08:43:02.476   559   873 E system_server: No package ID 7f found for resource ID 0x7f1510ad.
07-30 08:43:02.476   559   873 E system_server: No package ID 7f found for resource ID 0x7f1510ac.
07-30 08:43:02.476   559  1016 W Role    : Default holder doesn't have required signing certificate: com.google.android.apps.work.clouddpc:23962F4B43B9857638EA66F4D419518EAE282491ACDA4B94707BD59003C45E58
07-30 08:43:02.485   559   873 D ShortcutService: Package com.google.android.apps.messaging has 1 manifest shortcut(s), and 2 share target(s)
07-30 08:43:02.485   559   873 D ShortcutService: Package com.google.android.apps.messaging updated, version 235003880 -> 235003880
07-30 08:43:02.485   559   873 D ShortcutService: Package com.google.android.apps.messaging: publishing manifest shortcuts
07-30 08:43:02.489  1230  3432 I NetworkScheduler.Stats: Task com.google.android.gms/com.google.android.gms.pay.gcmtask.PayGcmTaskService started execution. cause:5 exec_start_elapsed_seconds: 90 [CONTEXT service_id=218 ]
07-30 08:43:02.492  1186  1571 D EGL_emulation: app_time_stats: avg=4407.09ms min=4407.09ms max=4407.09ms count=1
07-30 08:43:02.502   559   662 D ActivityManager: freezing 2950 com.google.android.federatedcompute
07-30 08:43:02.506   559  1016 E RoleControllerServiceImpl: Default/fallback role holder package doesn't qualify for the role, package: com.google.android.gms, role: android.app.role.WALLET
07-30 08:43:02.512   559  1016 E RoleControllerServiceImpl: Default/fallback role holder package doesn't qualify for the role, package: com.google.android.devicelockcontroller, role: android.app.role.SYSTEM_FINANCED_DEVICE_CONTROLLER
07-30 08:43:02.516  1230  3536 I NetworkScheduler.Stats: Task com.google.android.gms/com.google.android.gms.pay.gcmtask.PayGcmTaskService finished executing. cause:5 result: 1 elapsed_millis: 137 uptime_millis: 137 exec_start_elapsed_seconds: 90 [CONTEXT service_id=218 ]
07-30 08:43:02.528  3134  3134 I BugleDataModel: ActionExecutorImpl: Starting ActionService
07-30 08:43:02.540   559   830 D InetDiagMessage: Destroyed 0 sockets, proto=IPPROTO_TCP, family=AF_INET, states=14
07-30 08:43:02.541   559   830 D InetDiagMessage: Destroyed 0 sockets, proto=IPPROTO_TCP, family=AF_INET6, states=14
07-30 08:43:02.541   559   830 D InetDiagMessage: Destroyed live tcp sockets for uids={10197} in 1ms
07-30 08:43:02.541  3134  3272 I BugleDataModel: ExecuteActionRunnable: running action GenericWorkerQueueAction
07-30 08:43:02.542  3134  3134 I BugleDataModel: ActionExecutorImpl: ACTION_EXECUTE_QUEUED_GenericWorkerQueueAction
07-30 08:43:02.548  3134  3272 I BugleDataModel: ActionExecutorImpl: ACTION_BACKGROUND_QUEUED_GenericWorkerQueueAction
07-30 08:43:02.551  3134  3609 I BugleJobs: GenericWorkerQueueAction: Work found
07-30 08:43:02.578  1515  2153 W SearchServiceCore: Abort, client detached.
07-30 08:43:02.583   559  2254 W JobScheduler: Job didn't exist in JobStore: c347097 #u0a144/-43 com.google.android.googlequicksearchbox/com.google.android.apps.gsa.tasks.BackgroundTasksJobService
07-30 08:43:02.596  3142  3173 W System  : A resource failed to call AbstractCursor.close. 
07-30 08:43:02.603   559   873 D ShortcutService: Saving package item com.google.android.apps.messaging to /data/system_ce/0/shortcut_service/packages/com.google.android.apps.messaging.xml
07-30 08:43:02.606  1348  1360 I .apps.wellbeing: Background concurrent mark compact GC freed 5135KB AllocSpace bytes, 0(0B) LOS objects, 49% free, 6258KB/12MB, paused 170us,511us total 233.146ms
07-30 08:43:02.612  1348  1362 W .apps.wellbeing: ApkAssets: Deleting an ApkAssets object '<empty> and /product/app/YouTube/YouTube.apk' with 1 weak references
07-30 08:43:02.613  1348  1362 W .apps.wellbeing: ApkAssets: Deleting an ApkAssets object '<empty> and /product/overlay/DisplayCutoutEmulationCorner/DisplayCutoutEmulationCornerOverlay.apk' with 1 weak references
07-30 08:43:02.614  1348  1362 W .apps.wellbeing: ApkAssets: Deleting an ApkAssets object '<empty> and /apex/com.android.extservices/priv-app/GoogleExtServices@350820300/GoogleExtServices.apk' with 1 weak references
07-30 08:43:02.614  1348  1362 W .apps.wellbeing: ApkAssets: Deleting an ApkAssets object '<empty> and /product/overlay/DisplayCutoutEmulationDouble/DisplayCutoutEmulationDoubleOverlay.apk' with 1 weak references
07-30 08:43:02.614  1348  1362 W .apps.wellbeing: ApkAssets: Deleting an ApkAssets object '<empty> and /system/priv-app/TelephonyProvider/TelephonyProvider.apk' with 1 weak references
07-30 08:43:02.614  1348  1362 W .apps.wellbeing: ApkAssets: Deleting an ApkAssets object '/product/overlay/TelephonyProvider__sdk_gphone64_x86_64__auto_generated_rro_product.apk' with 1 weak references
07-30 08:43:02.615  1348  1362 W .apps.wellbeing: ApkAssets: Deleting an ApkAssets object '<empty> and /system/priv-app/DynamicSystemInstallationService/DynamicSystemInstallationService.apk' with 1 weak references
07-30 08:43:02.619  1230  2438 I NetworkScheduler.Stats: Task com.google.android.gms/com.google.android.gms.udc.service.UdcContextInitService started execution. cause:5 exec_start_elapsed_seconds: 90 [CONTEXT service_id=218 ]
07-30 08:43:02.619  1348  1362 W .apps.wellbeing: ApkAssets: Deleting an ApkAssets object '<empty> and /product/priv-app/Velvet/Velvet.apk' with 1 weak references
07-30 08:43:02.620  1348  1362 W .apps.wellbeing: ApkAssets: Deleting an ApkAssets object '<empty> and /system/priv-app/CalendarProvider/CalendarProvider.apk' with 1 weak references
07-30 08:43:02.620  1348  1362 W .apps.wellbeing: ApkAssets: Deleting an ApkAssets object '<empty> and /product/priv-app/GoogleOneTimeInitializer/GoogleOneTimeInitializer.apk' with 1 weak references
07-30 08:43:02.622  1348  1362 W .apps.wellbeing: ApkAssets: Deleting an ApkAssets object '<empty> and /system/app/GoogleExtShared/GoogleExtShared.apk' with 1 weak references
07-30 08:43:02.623  1348  1362 W .apps.wellbeing: ApkAssets: Deleting an ApkAssets object '<empty> and /system/priv-app/ExternalStorageProvider/ExternalStorageProvider.apk' with 1 weak references
07-30 08:43:02.624  1348  1362 W .apps.wellbeing: ApkAssets: Deleting an ApkAssets object '<empty> and /system/app/HTMLViewer/HTMLViewer.apk' with 1 weak references
07-30 08:43:02.626  1348  1362 W .apps.wellbeing: ApkAssets: Deleting an ApkAssets object '<empty> and /system/app/CompanionDeviceManager/CompanionDeviceManager.apk' with 1 weak references
07-30 08:43:02.626  1348  1362 W .apps.wellbeing: ApkAssets: Deleting an ApkAssets object '<empty> and /system/priv-app/DownloadProvider/DownloadProvider.apk' with 1 weak references
07-30 08:43:02.626  1348  1362 W .apps.wellbeing: ApkAssets: Deleting an ApkAssets object '<empty> and /product/priv-app/PrebuiltBugle/PrebuiltBugle.apk' with 1 weak references
07-30 08:43:02.627  1348  1362 W .apps.wellbeing: ApkAssets: Deleting an ApkAssets object '<empty> and /product/app/SoundPickerPrebuilt/SoundPickerPrebuilt.apk' with 1 weak references
07-30 08:43:02.627  3134  3272 I BugleJobs: GenericWorkerQueueAction: Rescheduling immediately to continue processing since we didn't yet reach the end.
07-30 08:43:02.627  3134  3272 W JobInfo : Job 'com.google.android.apps.messaging/.shared.datamodel.action.execution.ActionJobService#302' has a deadline with no functional constraints. The deadline won't improve job execution latency. Consider removing the deadline.
07-30 08:43:02.629  1230  2438 I NetworkScheduler.Stats: Task com.google.android.gms/com.google.android.gms.udc.service.UdcContextInitService finished executing. cause:5 result: 1 elapsed_millis: 29 uptime_millis: 29 exec_start_elapsed_seconds: 90 [CONTEXT service_id=218 ]
07-30 08:43:02.630   559  2632 W JobInfo : Job 'com.google.android.apps.messaging/.shared.datamodel.action.execution.ActionJobService#302' has a deadline with no functional constraints. The deadline won't improve job execution latency. Consider removing the deadline.
07-30 08:43:02.640  1348  1362 W .apps.wellbeing: ApkAssets: Deleting an ApkAssets object '<empty> and /apex/com.android.mediaprovider/priv-app/MediaProviderGoogle@350820300/MediaProviderGoogle.apk' with 1 weak references
07-30 08:43:02.643  1348  1362 W .apps.wellbeing: ApkAssets: Deleting an ApkAssets object '<empty> and /product/priv-app/SafetyHubPrebuilt/SafetyHubPrebuilt.apk' with 1 weak references
07-30 08:43:02.643  1348  1362 W .apps.wellbeing: ApkAssets: Deleting an ApkAssets object '<empty> and /system/priv-app/DownloadProviderUi/DownloadProviderUi.apk' with 1 weak references
07-30 08:43:02.643  1348  1362 W .apps.wellbeing: ApkAssets: Deleting an ApkAssets object '<empty> and /apex/com.android.wifi/app/OsuLoginGoogle@350820300/OsuLoginGoogle.apk' with 1 weak references
07-30 08:43:02.643  1348  1362 W .apps.wellbeing: ApkAssets: Deleting an ApkAssets object '<empty> and /system/app/PacProcessor/PacProcessor.apk' with 1 weak references
07-30 08:43:02.643  1348  1362 W .apps.wellbeing: ApkAssets: Deleting an ApkAssets object '<empty> and /system/app/SimAppDialog/SimAppDialog.apk' with 1 weak references
07-30 08:43:02.643  1348  1362 W .apps.wellbeing: ApkAssets: Deleting an ApkAssets object '/product/overlay/SimAppDialog__sdk_gphone64_x86_64__auto_generated_rro_product.apk' with 1 weak references
07-30 08:43:02.643  1348  1362 W .apps.wellbeing: ApkAssets: Deleting an ApkAssets object '<empty> and /apex/com.android.adservices/priv-app/AdServicesApkGoogle@350820260/AdServicesApkGoogle.apk' with 1 weak references
07-30 08:43:02.644  3134  3609 I BugleDataModel: ActionExecutorImpl: ACTION_RESPONSE_QUEUED_GenericWorkerQueueAction
07-30 08:43:02.648  3134  3272 I BugleDataModel: ActionExecutorImpl: Stopping ActionService
07-30 08:43:02.648  1348  1362 W .apps.wellbeing: ApkAssets: Deleting an ApkAssets object '<empty> and /product/overlay/DisplayCutoutEmulationHole/DisplayCutoutEmulationHoleOverlay.apk' with 1 weak references
07-30 08:43:02.648  1348  1362 W .apps.wellbeing: ApkAssets: Deleting an ApkAssets object '<empty> and /product/overlay/DisplayCutoutEmulationTall/DisplayCutoutEmulationTallOverlay.apk' with 1 weak references
07-30 08:43:02.648  1348  1362 W .apps.wellbeing: ApkAssets: Deleting an ApkAssets object '<empty> and /system/app/CertInstaller/CertInstaller.apk' with 1 weak references
07-30 08:43:02.648  1348  1362 W .apps.wellbeing: ApkAssets: Deleting an ApkAssets object '<empty> and /product/app/talkback/talkback.apk' with 1 weak references
07-30 08:43:02.648  1348  1362 W .apps.wellbeing: ApkAssets: Deleting an ApkAssets object '/vendor/overlay/EmulatorTalkBackOverlay/EmulatorTalkBackOverlay.apk' with 1 weak references
07-30 08:43:02.648  1348  1362 W .apps.wellbeing: ApkAssets: Deleting an ApkAssets object '<empty> and /product/overlay/NavigationBarMode3Button/NavigationBarMode3ButtonOverlay.apk' with 1 weak references
07-30 08:43:02.648  1348  1362 W .apps.wellbeing: ApkAssets: Deleting an ApkAssets object '<empty> and /product/app/Camera2/Camera2.apk' with 1 weak references
07-30 08:43:02.649  1348  1362 W .apps.wellbeing: ApkAssets: Deleting an ApkAssets object '<empty> and /system/app/EasterEgg/EasterEgg.apk' with 1 weak references
07-30 08:43:02.649  1348  1362 W .apps.wellbeing: ApkAssets: Deleting an ApkAssets object '<empty> and /system/priv-app/MtpService/MtpService.apk' with 1 weak references
07-30 08:43:02.649  1348  1362 W .apps.wellbeing: ApkAssets: Deleting an ApkAssets object '<empty> and /apex/com.android.nfcservices/priv-app/NfcNciApexGoogle@AE3A.240806.043/NfcNciApexGoogle.apk' with 1 weak references
07-30 08:43:02.649  1348  1362 W .apps.wellbeing: ApkAssets: Deleting an ApkAssets object '<empty> and /system/app/Stk/Stk.apk' with 1 weak references
07-30 08:43:02.649  1348  1362 W .apps.wellbeing: ApkAssets: Deleting an ApkAssets object '<empty> and /product/app/PrebuiltDeskClockGoogle/PrebuiltDeskClockGoogle.apk' with 1 weak references
07-30 08:43:02.649  1348  1362 W .apps.wellbeing: ApkAssets: Deleting an ApkAssets object '<empty> and /product/overlay/NavigationBarMode2Button/NavigationBarMode2ButtonOverlay.apk' with 1 weak references
07-30 08:43:02.649  1348  1362 W .apps.wellbeing: ApkAssets: Deleting an ApkAssets object '<empty> and /product/priv-app/DevicePersonalizationPrebuiltPixel2021-aiai_20240329.00_RC16/DevicePersonalizationPrebuiltPixel2021-aiai_20240329.00_RC16.apk' with 1 weak references
07-30 08:43:02.649  1348  1362 W .apps.wellbeing: ApkAssets: Deleting an ApkAssets object '<empty> and /product/app/PrebuiltGmail/PrebuiltGmail.apk' with 1 weak references
07-30 08:43:02.650   559   589 W MagnificationConnectionManager: requestConnection duplicated request: connect=false, mConnectionState=DISCONNECTED
07-30 08:43:02.650   559   589 I AppBindingService: Stopping: com.google.android.apps.messaging/com.google.android.ims.binding.SystemBindingService u0
07-30 08:43:02.650   559   559 W IPCThreadState: Sending oneway calls to frozen process.
07-30 08:43:02.650  3134  3134 I BugleDataModel: ActionExecutorImpl: Starting ActionService
07-30 08:43:02.651   559   559 W IPCThreadState: Sending oneway calls to frozen process.
07-30 08:43:02.657  3366  3366 I CarrierServices: SystemBindingService onDestroy
07-30 08:43:02.659   559   589 D ShortcutService: Getting shortcuts for launcher= com.google.android.asuser=0 pkg=com.google.android.apps.messaging
07-30 08:43:02.660   559   589 D ShortcutService: Getting shortcuts for launcher= com.google.android.apps.nexuslauncheruser=0 pkg=com.google.android.apps.messaging
07-30 08:43:02.660   559   589 D ShortcutService: Getting shortcuts for launcher= com.android.systemuiuser=0 pkg=com.google.android.apps.messaging
07-30 08:43:02.678  1348  1362 W .apps.wellbeing: ApkAssets: Deleting an ApkAssets object '<empty> and /apex/com.android.permission/priv-app/GooglePermissionController@350820360/GooglePermissionController.apk' with 1 weak references
07-30 08:43:02.679  1348  1362 W .apps.wellbeing: ApkAssets: Deleting an ApkAssets object '/product/overlay/GooglePermissionControllerOverlay.apk' with 1 weak references
07-30 08:43:02.679  3134  3134 I BugleDataModel: ActionExecutorImpl: ACTION_EXECUTE_QUEUED_GenericWorkerQueueAction
07-30 08:43:02.681  3134  3272 I BugleDataModel: ExecuteActionRunnable: running action GenericWorkerQueueAction
07-30 08:43:02.685  1348  1362 W .apps.wellbeing: ApkAssets: Deleting an ApkAssets object '<empty> and /apex/com.android.btservices/app/BluetoothGoogle@342010060/BluetoothGoogle.apk' with 1 weak references
07-30 08:43:02.685  1348  1362 W .apps.wellbeing: ApkAssets: Deleting an ApkAssets object '<empty> and /system/priv-app/SettingsProvider/SettingsProvider.apk' with 1 weak references
07-30 08:43:02.685  1348  1362 W .apps.wellbeing: ApkAssets: Deleting an ApkAssets object '/product/overlay/LargeScreenSettingsProviderOverlay.apk' with 1 weak references
07-30 08:43:02.685  1348  1362 W .apps.wellbeing: ApkAssets: Deleting an ApkAssets object '/product/overlay/SettingsProvider__sdk_gphone64_x86_64__auto_generated_rro_product.apk' with 1 weak references
07-30 08:43:02.685  1348  1362 W .apps.wellbeing: ApkAssets: Deleting an ApkAssets object '<empty> and /system/app/PrintSpooler/PrintSpooler.apk' with 1 weak references
07-30 08:43:02.685  1348  1362 W .apps.wellbeing: ApkAssets: Deleting an ApkAssets object '<empty> and /system/app/BasicDreams/BasicDreams.apk' with 1 weak references
07-30 08:43:02.685  1348  1362 W .apps.wellbeing: ApkAssets: Deleting an ApkAssets object '<empty> and /product/priv-app/DeviceIntelligenceNetworkPrebuilt-astrea_20240329.00_RC02/DeviceIntelligenceNetworkPrebuilt-astrea_20240329.00_RC02.apk' with 1 weak references
07-30 08:43:02.685  1348  1362 W .apps.wellbeing: ApkAssets: Deleting an ApkAssets object '<empty> and /system/priv-app/InputDevices/InputDevices.apk' with 1 weak references
07-30 08:43:02.685  1348  1362 W .apps.wellbeing: ApkAssets: Deleting an ApkAssets object '<empty> and /apex/com.android.devicelock/priv-app/DeviceLockControllerGoogle@AE3A.240806.043/DeviceLockControllerGoogle.apk' with 1 weak references
07-30 08:43:02.685  1348  1362 W .apps.wellbeing: ApkAssets: Deleting an ApkAssets object '<empty> and /product/priv-app/GoogleDialer/GoogleDialer.apk' with 1 weak references
07-30 08:43:02.685  1348  1362 W .apps.wellbeing: ApkAssets: Deleting an ApkAssets object '<empty> and /system/priv-app/BuiltInPrintService/BuiltInPrintService.apk' with 1 weak references
07-30 08:43:02.685  1348  1362 W .apps.wellbeing: ApkAssets: Deleting an ApkAssets object '/product/overlay/BuiltInPrintService__sdk_gphone64_x86_64__auto_generated_rro_product.apk' with 1 weak references
07-30 08:43:02.685  1348  1362 W .apps.wellbeing: ApkAssets: Deleting an ApkAssets object '<empty> and /system/app/CaptivePortalLoginGoogle/CaptivePortalLoginGoogle.apk' with 1 weak references
07-30 08:43:02.686  3134  3272 I BugleDataModel: ActionExecutorImpl: ACTION_BACKGROUND_QUEUED_GenericWorkerQueueAction
07-30 08:43:02.688  3134  3609 I BugleJobs: GenericWorkerQueueAction: Bailing early, no work found, no failed work found
07-30 08:43:02.688  3134  3147 I .apps.messaging: Compiler allocated 5914KB to compile java.lang.Object aflc.x()
07-30 08:43:02.689  3134  3609 I BugleDataModel: ActionExecutorImpl: ACTION_RESPONSE_QUEUED_GenericWorkerQueueAction
07-30 08:43:02.690  3134  3272 I BugleDataModel: ActionExecutorImpl: Stopping ActionService
07-30 08:43:02.692  1348  1362 W .apps.wellbeing: ApkAssets: Deleting an ApkAssets object '<empty> and /system/priv-app/MusicFX/MusicFX.apk' with 1 weak references
07-30 08:43:02.692  1348  1362 W .apps.wellbeing: ApkAssets: Deleting an ApkAssets object '<empty> and /product/app/Drive/Drive.apk' with 1 weak references
07-30 08:43:02.692  1348  1362 W .apps.wellbeing: ApkAssets: Deleting an ApkAssets object '<empty> and /product/app/Maps/Maps.apk' with 1 weak references
07-30 08:43:02.692  1348  1362 W .apps.wellbeing: ApkAssets: Deleting an ApkAssets object '<empty> and /product/app/ModuleMetadataGoogle/ModuleMetadataGoogle.apk' with 1 weak references
07-30 08:43:02.692  1348  1362 W .apps.wellbeing: ApkAssets: Deleting an ApkAssets object '<empty> and /product/overlay/DisplayCutoutEmulationEmu01/DisplayCutoutEmulationEmu01Overlay.apk' with 1 weak references
07-30 08:43:02.692  3366  3366 I CarrierServices: SystemBindingService onCreate
07-30 08:43:02.694  3366  3404 I CarrierServices: SystemBindingService: Starting JibeService
07-30 08:43:02.695   559  1918 D ConnectivityService: requestNetwork for uid/pid:10133/3366 activeRequest: null callbackRequest: 129 [NetworkRequest [ TRACK_DEFAULT id=130, [ Capabilities: INTERNET&NOT_RESTRICTED&TRUSTED&NOT_VCN_MANAGED&NOT_BANDWIDTH_CONSTRAINED Uid: 10133 RequestorUid: 10133 RequestorPkg: com.google.android.apps.messaging UnderlyingNetworks: Null] ], NetworkRequest [ REQUEST id=131, [ Transports: SATELLITE Capabilities: INTERNET&TRUSTED&NOT_VCN_MANAGED Uid: 10133 RequestorUid: 10133 RequestorPkg: com.google.android.apps.messaging UnderlyingNetworks: Null] ]] callback flags: 0 order: 2147483647 isUidTracked: false
07-30 08:43:02.697   559   830 D ConnectivityService: NetReassign [130 : null → 100] [c 0] [a 1] [i 0]
07-30 08:43:02.698  3366  3404 I BugleRcsEngine: Broadcasting provisioning intent rcs.intent.action.rcsSystemBinding to Bugle with extras redacted-pii:[null] from source SYSTEM_BINDING_SERVICE [CONTEXT log_prefix="EngineBroadcaster" thread_id=50 ]
07-30 08:43:02.700  1348  1362 W .apps.wellbeing: ApkAssets: Deleting an ApkAssets object '<empty> and /system_ext/priv-app/AvatarPickerGoogle/AvatarPickerGoogle.apk' with 1 weak references
07-30 08:43:02.702  1348  1362 W .apps.wellbeing: ApkAssets: Deleting an ApkAssets object '<empty> and /product/app/MarkupGoogle_v2/MarkupGoogle_v2.apk' with 1 weak references
07-30 08:43:02.702  1348  1362 W .apps.wellbeing: ApkAssets: Deleting an ApkAssets object '<empty> and /system/priv-app/NetworkStackGoogle/NetworkStackGoogle.apk' with 1 weak references
07-30 08:43:02.702  1348  1362 W .apps.wellbeing: ApkAssets: Deleting an ApkAssets object '<empty> and /apex/com.android.rkpd/priv-app/rkpdapp.google@350820300/rkpdapp.google.apk' with 1 weak references
07-30 08:43:02.702  1348  1362 W .apps.wellbeing: ApkAssets: Deleting an ApkAssets object '<empty> and /product/app/GoogleContacts/GoogleContacts.apk' with 1 weak references
07-30 08:43:02.703  1348  1362 W .apps.wellbeing: ApkAssets: Deleting an ApkAssets object '<empty> and /system/priv-app/Telecom/Telecom.apk' with 1 weak references
07-30 08:43:02.703  1348  1362 W .apps.wellbeing: ApkAssets: Deleting an ApkAssets object '/product/overlay/Telecom__sdk_gphone64_x86_64__auto_generated_rro_product.apk' with 1 weak references
07-30 08:43:02.703  1348  1362 W .apps.wellbeing: ApkAssets: Deleting an ApkAssets object '<empty> and /system/app/KeyChain/KeyChain.apk' with 1 weak references
07-30 08:43:02.703  1348  1362 W .apps.wellbeing: ApkAssets: Deleting an ApkAssets object '<empty> and /data/app/~~npUeGToILfs_PXAQE6kGZQ==/com.android.chrome-Q1Coan2srNC9S9drwQ82ZA==/Chrome.apk' with 1 weak references
07-30 08:43:02.703  1348  1362 W .apps.wellbeing: ApkAssets: Deleting an ApkAssets object '<empty> and /data/app/~~3EdOLBx5H1Q-C3VQmsbgYQ==/com.google.android.trichromelibrary_636771938-oL2pGe-xFbUtgUUQl4TEUQ==/TrichromeLibrary.apk' with 1 weak references
07-30 08:43:02.705   559   589 I AppBindingService: Connected: com.google.android.apps.messaging/com.google.android.ims.binding.SystemBindingService u0
07-30 08:43:02.707  3366  3399 W BugleRcsEngine: Unable to send diagnostic log [CONTEXT thread_id=46 ]
07-30 08:43:02.707  3134  3291 I Bugle   : BroadcastReceiverAsyncWorkTracker: Acknowledging broadcast of buoi@c050820
07-30 08:43:02.707  3134  3609 I BugleTransport: onSystemBound: kicking off updateActiveTransport
07-30 08:43:02.709  3134  3609 I BugleRcsProvisioning: RcsProvisioningTrigger: System bound to :rcs process. Schedule provisioning.
07-30 08:43:02.709  3134  3272 W BugleAction: Failed to get msisdn from Bugle
07-30 08:43:02.711  3134  3273 I BugleTransport: isChatAvailable: RcsAvailability is DISABLED_VIA_GSERVICES (RCS is disabled for this carrier by Google)
07-30 08:43:02.712  3134  3609 I BugleRcsProvisioning: scheduleProvisioning using legacy code path
07-30 08:43:02.712  3134  3272 W Bugle   : Bugle: SubscriptionMetadataUtils get: unexpected subId = -2, replacing with -1
07-30 08:43:02.713  3134  3609 I BugleRcsEngine: [SR]: Single Registration is disabled. Skipping Single Registration capability check for subId: 1, OS.isAtLeastS:[true], enableSingleRegistrationProvisioning:[false] [CONTEXT thread_id=98 ]
07-30 08:43:02.713  3134  3272 W Bugle   : Bugle: SubscriptionMetadataUtils get: unexpected subId = -2, replacing with -1
07-30 08:43:02.714  3134  3609 I BugleRcsProvisioning: RcsProvisioningTrigger: DR is active, initializing DR provisioning. DUAL_REG
07-30 08:43:02.715  3134  3273 I BugleRcsEngine: [SR]: Single Registration is disabled. Skipping Single Registration capability check for subId: 1, OS.isAtLeastS:[true], enableSingleRegistrationProvisioning:[false] [CONTEXT thread_id=56 ]
07-30 08:43:02.716  3134  3273 I BugleRcsEngine: Skipping provisioning scheduling since RCS is disabled [CONTEXT thread_id=56 ]
07-30 08:43:02.716  3134  3272 I Bugle   : getRawTelephonyPhoneNumber redacted-pii[0-chars] [CONTEXT sub_id=-1 ]
07-30 08:43:02.719  3134  3272 W BugleAction: No default number, returning empty msisdn
07-30 08:43:02.719  3134  3304 I Bugle   : BroadcastReceiverAsyncWorkTracker: Acknowledging broadcast of com.google.android.apps.messaging.rcsprovisioning.RcsProvisioningBroadcastReceiver@ec3a1e4
07-30 08:43:02.720  3134  3272 I BugleRcsEngine: isRcsAvailableForSubId called with an invalid sub id: -2 [CONTEXT log_prefix="RcsProvisioningManager" thread_id=55 ]
07-30 08:43:02.722  3134  3273 I BugleTransport: updateActiveTransport: refreshing chat transport
07-30 08:43:02.723  3134  3273 I BugleTransport: refreshChatTransport: isChatAvailable: false, enabledTransport: 1, configuration: <empty>
07-30 08:43:02.724  3134  3272 I RcsClientLib: Connecting RcsEngineLifecycleService
07-30 08:43:02.724  3134  3272 W RcsClientLib: No CS.apk RCS service found. Is RCS running in Bugle?
07-30 08:43:02.725  3134  3272 I RcsClientLib: shouldUseCarrierServicesJibeService: false, CarrierServices rcs service found: false
07-30 08:43:02.726  3134  3273 I RcsClientLib: com.google.android.rcs.client.lifecycle.RcsEngineLifecycleService connected
07-30 08:43:02.728  3366  3523 I BugleRcsEngine: triggerStopRcsStack for msisdn:redacted-pii:phone_number[chars:0,last2:] [CONTEXT log_prefix="RcsEngineImpl[DUAL_REG]:[cbde4af9-688f]" thread_id=64 ]
07-30 08:43:02.731  1348  1362 W .apps.wellbeing: ApkAssets: Deleting an ApkAssets object '<empty> and /system/priv-app/GooglePackageInstaller/GooglePackageInstaller.apk' with 1 weak references
07-30 08:43:02.731  1348  1362 W .apps.wellbeing: ApkAssets: Deleting an ApkAssets object '<empty> and /product/app/PixelThemesStub/PixelThemesStub.apk' with 1 weak references
07-30 08:43:02.731  1348  1362 W .apps.wellbeing: ApkAssets: Deleting an ApkAssets object '<empty> and /system_ext/priv-app/GoogleServicesFramework/GoogleServicesFramework.apk' with 1 weak references
07-30 08:43:02.731  3134  3304 I RcsClientLib: Disconnecting RcsEngineLifecycleService
07-30 08:43:02.732  3366  3425 I BugleRcsEngine: handleMessage processing message:[STOP_RCS_STACK] with [non-null]:RcsEngineImpl reference [CONTEXT log_prefix="RcsEngineImpl[DUAL_REG]:[cbde4af9-688f]>Handler" thread_id=63 ]
07-30 08:43:02.732  3366  3425 I BugleRcsEngine: RCS engine STOP RCS stack [CONTEXT log_prefix="RcsEngineImpl[DUAL_REG]:[cbde4af9-688f]>Handler" thread_id=63 ]
07-30 08:43:02.732  3366  3425 I BugleRcsEngine: imsModule is null, shutdown not required [CONTEXT log_prefix="RcsEngineImpl[DUAL_REG]:[cbde4af9-688f]" thread_id=63 ]
07-30 08:43:02.732  3366  3425 I BugleRcsEngine: skipping imsModule.stop [CONTEXT log_prefix="RcsEngineImpl[DUAL_REG]:[cbde4af9-688f]" thread_id=63 ]
07-30 08:43:02.733  3366  3425 I BugleRcsEngine: handleMessage processing message:[NOTIFY_UPTIME_IGNORE_STATE_CHANGED] with [non-null]:RcsEngineImpl reference [CONTEXT log_prefix="RcsEngineImpl[DUAL_REG]:[cbde4af9-688f]>Handler" thread_id=63 ]
07-30 08:43:02.734  1348  1362 W .apps.wellbeing: ApkAssets: Deleting an ApkAssets object '<empty> and /system/priv-app/TagGoogle/TagGoogle.apk' with 1 weak references
07-30 08:43:02.734  3366  3425 I BugleRcsEngine: RCS Configuration storage in Bugle is disabled by p/h flag, using ProvisioningEngineStateCacheUtil.getProvisioningConfigurationForGivenSimIfExist() [CONTEXT log_prefix="ProvisioningEngineDataRetriever" thread_id=63 ]
07-30 08:43:02.734  1348  1362 W .apps.wellbeing: ApkAssets: Deleting an ApkAssets object '<empty> and /product/app/GoogleTTS/GoogleTTS.apk' with 1 weak references
07-30 08:43:02.734  1348  1362 W .apps.wellbeing: ApkAssets: Deleting an ApkAssets object '<empty> and /system/priv-app/CallLogBackup/CallLogBackup.apk' with 1 weak references
07-30 08:43:02.734  1348  1362 W .apps.wellbeing: ApkAssets: Deleting an ApkAssets object '<empty> and /product/priv-app/PartnerSetupPrebuilt/PartnerSetupPrebuilt.apk' with 1 weak references
07-30 08:43:02.734  1348  1362 W .apps.wellbeing: ApkAssets: Deleting an ApkAssets object '<empty> and /system/app/CameraExtensionsProxy/CameraExtensionsProxy.apk' with 1 weak references
07-30 08:43:02.734  1348  1362 W .apps.wellbeing: ApkAssets: Deleting an ApkAssets object '<empty> and /product/app/NexusWallpapersStubPrebuilt2018/NexusWallpapersStubPrebuilt2018.apk' with 1 weak references
07-30 08:43:02.734  1348  1362 W .apps.wellbeing: ApkAssets: Deleting an ApkAssets object '<empty> and /system_ext/priv-app/NexusLauncherRelease/NexusLauncherRelease.apk' with 1 weak references
07-30 08:43:02.734  1348  1362 W .apps.wellbeing: ApkAssets: Deleting an ApkAssets object '<empty> and /system/app/CarrierDefaultApp/CarrierDefaultApp.apk' with 1 weak references
07-30 08:43:02.734  1348  1362 W .apps.wellbeing: ApkAssets: Deleting an ApkAssets object '<empty> and /system/priv-app/CredentialManager/CredentialManager.apk' with 1 weak references
07-30 08:43:02.735  1348  1362 W .apps.wellbeing: ApkAssets: Deleting an ApkAssets object '<empty> and /product/overlay/FontNotoSerifSource/FontNotoSerifSourceOverlay.apk' with 1 weak references
07-30 08:43:02.735  1348  1362 W .apps.wellbeing: ApkAssets: Deleting an ApkAssets object '<empty> and /system/priv-app/DeviceAsWebcam/DeviceAsWebcam.apk' with 1 weak references
07-30 08:43:02.735  1348  1362 W .apps.wellbeing: ApkAssets: Deleting an ApkAssets object '<empty> and /system/priv-app/ProxyHandler/ProxyHandler.apk' with 1 weak references
07-30 08:43:02.735  1348  1362 W .apps.wellbeing: ApkAssets: Deleting an ApkAssets object '<empty> and /apex/com.android.permission/priv-app/GoogleSafetyCenterResources@350820360/GoogleSafetyCenterResources.apk' with 1 weak references
07-30 08:43:02.735  1348  1362 W .apps.wellbeing: ApkAssets: Deleting an ApkAssets object '<empty> and /product/overlay/DisplayCutoutEmulationWaterfall/DisplayCutoutEmulationWaterfallOverlay.apk' with 1 weak references
07-30 08:43:02.735  1348  1362 W .apps.wellbeing: ApkAssets: Deleting an ApkAssets object '<empty> and /system/priv-app/IntentResolver/IntentResolver.apk' with 1 weak references
07-30 08:43:02.735  1348  1362 W .apps.wellbeing: ApkAssets: Deleting an ApkAssets object '<empty> and /product/overlay/TransparentNavigationBar/TransparentNavigationBarOverlay.apk' with 1 weak references
07-30 08:43:02.735  1348  1362 W .apps.wellbeing: ApkAssets: Deleting an ApkAssets object '<empty> and /system/priv-app/E2eeContactKeysProvider/E2eeContactKeysProvider.apk' with 1 weak references
07-30 08:43:02.735  1348  1362 W .apps.wellbeing: ApkAssets: Deleting an ApkAssets object '<empty> and /apex/com.android.tethering/priv-app/ServiceConnectivityResourcesGoogle@350820300/ServiceConnectivityResourcesGoogle.apk' with 1 weak references
07-30 08:43:02.735  1348  1362 W .apps.wellbeing: ApkAssets: Deleting an ApkAssets object '/vendor/overlay/goldfish_overlay_connectivity_google.apk' with 1 weak references
07-30 08:43:02.735  1348  1362 W .apps.wellbeing: ApkAssets: Deleting an ApkAssets object '<empty> and /system_ext/priv-app/GoogleFeedback/GoogleFeedback.apk' with 1 weak references
07-30 08:43:02.735  1348  1362 W .apps.wellbeing: ApkAssets: Deleting an ApkAssets object '<empty> and /system/app/GooglePrintRecommendationService/GooglePrintRecommendationService.apk' with 1 weak references
07-30 08:43:02.735  1348  1362 W .apps.wellbeing: ApkAssets: Deleting an ApkAssets object '<empty> and /product/app/Photos/Photos.apk' with 1 weak references
07-30 08:43:02.739  1348  1362 W .apps.wellbeing: ApkAssets: Deleting an ApkAssets object '<empty> and /product/app/CalendarGooglePrebuilt/CalendarGooglePrebuilt.apk' with 1 weak references
07-30 08:43:02.739  1348  1362 W .apps.wellbeing: ApkAssets: Deleting an ApkAssets object '<empty> and /system/priv-app/ManagedProvisioning/ManagedProvisioning.apk' with 1 weak references
07-30 08:43:02.741  1348  1362 W .apps.wellbeing: ApkAssets: Deleting an ApkAssets object '<empty> and /system/priv-app/SoundPicker/SoundPicker.apk' with 1 weak references
07-30 08:43:02.741  1348  1362 W .apps.wellbeing: ApkAssets: Deleting an ApkAssets object '<empty> and /system/priv-app/DocumentsUIGoogle/DocumentsUIGoogle.apk' with 1 weak references
07-30 08:43:02.741  1348  1362 W .apps.wellbeing: ApkAssets: Deleting an ApkAssets object '<empty> and /product/app/PrebuiltGoogleTelemetryTvp/PrebuiltGoogleTelemetryTvp.apk' with 1 weak references
07-30 08:43:02.741  1348  1362 W .apps.wellbeing: ApkAssets: Deleting an ApkAssets object '<empty> and /system_ext/priv-app/MultiDisplayProvider/MultiDisplayProvider.apk' with 1 weak references
07-30 08:43:02.741  1348  1362 W .apps.wellbeing: ApkAssets: Deleting an ApkAssets object '<empty> and /system/priv-app/DeviceDiagnostics/DeviceDiagnostics.apk' with 1 weak references
07-30 08:43:02.741  1348  1362 W .apps.wellbeing: ApkAssets: Deleting an ApkAssets object '/product/overlay/DeviceDiagnostics__sdk_gphone64_x86_64__auto_generated_rro_product.apk' with 1 weak references
07-30 08:43:02.741  1348  1362 W .apps.wellbeing: ApkAssets: Deleting an ApkAssets object '<empty> and /product/overlay/NotesRoleEnabled/NotesRoleEnabledOverlay.apk' with 1 weak references
07-30 08:43:02.741  1348  1362 W .apps.wellbeing: ApkAssets: Deleting an ApkAssets object '<empty> and /system/priv-app/LiveWallpapersPicker/LiveWallpapersPicker.apk' with 1 weak references
07-30 08:43:02.741  1348  1362 W .apps.wellbeing: ApkAssets: Deleting an ApkAssets object '<empty> and /product/app/PrebuiltGoogleAdservicesTvp/PrebuiltGoogleAdservicesTvp.apk' with 1 weak references
07-30 08:43:02.742  1348  1362 W .apps.wellbeing: ApkAssets: Deleting an ApkAssets object '<empty> and /apex/com.android.healthfitness/priv-app/HealthConnectControllerGoogle@350820300/HealthConnectControllerGoogle.apk' with 1 weak references
07-30 08:43:02.743  1348  1362 W .apps.wellbeing: ApkAssets: Deleting an ApkAssets object '<empty> and /product/priv-app/KidsSupervisionStub/KidsSupervisionStub.apk' with 1 weak references
07-30 08:43:02.744  1348  1362 W .apps.wellbeing: ApkAssets: Deleting an ApkAssets object '<empty> and /system_ext/priv-app/StorageManager/StorageManager.apk' with 1 weak references
07-30 08:43:02.745  1348  1362 W .apps.wellbeing: ApkAssets: Deleting an ApkAssets object '/product/overlay/StorageManager__sdk_gphone64_x86_64__auto_generated_rro_product.apk' with 1 weak references
07-30 08:43:02.745  1348  1362 W .apps.wellbeing: ApkAssets: Deleting an ApkAssets object '<empty> and /system/app/BookmarkProvider/BookmarkProvider.apk' with 1 weak references
07-30 08:43:02.745  1348  1362 W .apps.wellbeing: ApkAssets: Deleting an ApkAssets object '<empty> and /system_ext/priv-app/SettingsGoogle/SettingsGoogle.apk' with 1 weak references
07-30 08:43:02.745  1348  1362 W .apps.wellbeing: ApkAssets: Deleting an ApkAssets object '/product/overlay/SettingsGoogle__sdk_gphone64_x86_64__auto_generated_rro_product.apk' with 1 weak references
07-30 08:43:02.745  1348  1362 W .apps.wellbeing: ApkAssets: Deleting an ApkAssets object '<empty> and /product/priv-app/SettingsIntelligenceGooglePrebuilt/SettingsIntelligenceGooglePrebuilt.apk' with 1 weak references
07-30 08:43:02.746  1348  1362 W .apps.wellbeing: ApkAssets: Deleting an ApkAssets object '<empty> and /apex/com.android.uwb/priv-app/ServiceUwbResourcesGoogle@350820300/ServiceUwbResourcesGoogle.apk' with 1 weak references
07-30 08:43:02.746  1348  1362 W .apps.wellbeing: ApkAssets: Deleting an ApkAssets object '<empty> and /apex/com.android.wifi/priv-app/ServiceWifiResourcesGoogle@350820300/ServiceWifiResourcesGoogle.apk' with 1 weak references
07-30 08:43:02.746  1348  1362 W .apps.wellbeing: ApkAssets: Deleting an ApkAssets object '<empty> and /data/app/~~zcRTMDBHCFmvXf8r38AiZw==/com.example.moneymap-CuSRJu6ifrYmiu8K4CSGAQ==/base.apk' with 1 weak references
07-30 08:43:02.746  1348  1362 W .apps.wellbeing: ApkAssets: Deleting an ApkAssets object '<empty> and /system_ext/priv-app/ThemePicker/ThemePicker.apk' with 1 weak references
07-30 08:43:02.747  1348  1362 W .apps.wellbeing: ApkAssets: Deleting an ApkAssets object '<empty> and /system_ext/priv-app/WallpaperPickerGoogleRelease/WallpaperPickerGoogleRelease.apk' with 1 weak references
07-30 08:43:02.747  1348  1362 W .apps.wellbeing: ApkAssets: Deleting an ApkAssets object '<empty> and /product/priv-app/OdadPrebuilt/OdadPrebuilt.apk' with 1 weak references
07-30 08:43:02.747  1348  1362 W .apps.wellbeing: ApkAssets: Deleting an ApkAssets object '<empty> and /system/priv-app/TeleService/TeleService.apk' with 1 weak references
07-30 08:43:02.747  1348  1362 W .apps.wellbeing: ApkAssets: Deleting an ApkAssets object '/vendor/overlay/TeleService__sdk_gphone64_x86_64__auto_generated_rro_vendor.apk' with 1 weak references
07-30 08:43:02.748  1348  1362 W .apps.wellbeing: ApkAssets: Deleting an ApkAssets object '/product/overlay/TeleService__sdk_gphone64_x86_64__auto_generated_rro_product.apk' with 1 weak references
07-30 08:43:02.748  1348  1362 W .apps.wellbeing: ApkAssets: Deleting an ApkAssets object '<empty> and /system/priv-app/Shell/Shell.apk' with 1 weak references
07-30 08:43:02.748  1348  1362 W .apps.wellbeing: ApkAssets: Deleting an ApkAssets object '<empty> and /system/priv-app/BlockedNumberProvider/BlockedNumberProvider.apk' with 1 weak references
07-30 08:43:02.750  1348  1362 W .apps.wellbeing: ApkAssets: Deleting an ApkAssets object '<empty> and /system/priv-app/UserDictionaryProvider/UserDictionaryProvider.apk' with 1 weak references
07-30 08:43:02.750  1348  1362 W .apps.wellbeing: ApkAssets: Deleting an ApkAssets object '<empty> and /system_ext/app/EmergencyInfoGoogleNoUi/EmergencyInfoGoogleNoUi.apk' with 1 weak references
07-30 08:43:02.750  1348  1362 W .apps.wellbeing: ApkAssets: Deleting an ApkAssets object '<empty> and /product/overlay/NavigationBarModeGestural/NavigationBarModeGesturalOverlay.apk' with 1 weak references
07-30 08:43:02.750  1348  1362 W .apps.wellbeing: ApkAssets: Deleting an ApkAssets object '<empty> and /system/priv-app/FusedLocation/FusedLocation.apk' with 1 weak references
07-30 08:43:02.750  1348  1362 W .apps.wellbeing: ApkAssets: Deleting an ApkAssets object '<empty> and /system_ext/priv-app/SystemUIGoogle/SystemUIGoogle.apk' with 1 weak references
07-30 08:43:02.750  1348  1362 W .apps.wellbeing: ApkAssets: Deleting an ApkAssets object '/vendor/overlay/SystemUIGoogle__sdk_gphone64_x86_64__auto_generated_rro_vendor.apk' with 1 weak references
07-30 08:43:02.750  1348  1362 W .apps.wellbeing: ApkAssets: Deleting an ApkAssets object '/product/overlay/SystemUIGoogle__sdk_gphone64_x86_64__auto_generated_rro_product.apk' with 1 weak references
07-30 08:43:02.750  1348  1362 W .apps.wellbeing: ApkAssets: Deleting an ApkAssets object '<empty> and /product/app/YouTubeMusicPrebuilt/YouTubeMusicPrebuilt.apk' with 1 weak references
07-30 08:43:02.750  1348  1362 W .apps.wellbeing: ApkAssets: Deleting an ApkAssets object '<empty> and /system/app/BluetoothMidiService/BluetoothMidiService.apk' with 1 weak references
07-30 08:43:02.750  1348  1362 W .apps.wellbeing: ApkAssets: Deleting an ApkAssets object '<empty> and /system/app/Traceur/Traceur.apk' with 1 weak references
07-30 08:43:02.750  1348  1362 W .apps.wellbeing: ApkAssets: Deleting an ApkAssets object '<empty> and /apex/com.android.cellbroadcast/priv-app/GoogleCellBroadcastApp@350820300/GoogleCellBroadcastApp.apk' with 1 weak references
07-30 08:43:02.751  1348  1362 W .apps.wellbeing: ApkAssets: Deleting an ApkAssets object '<empty> and /system/priv-app/ContactsProvider/ContactsProvider.apk' with 1 weak references
07-30 08:43:02.751  1348  1362 W .apps.wellbeing: ApkAssets: Deleting an ApkAssets object '/product/overlay/ContactsProvider__sdk_gphone64_x86_64__auto_generated_rro_product.apk' with 1 weak references
07-30 08:43:02.751  1348  1362 W .apps.wellbeing: ApkAssets: Deleting an ApkAssets object '<empty> and /product/app/LatinIMEGooglePrebuilt/LatinIMEGooglePrebuilt.apk' with 1 weak references
07-30 08:43:02.751  1348  1362 W .apps.wellbeing: ApkAssets: Deleting an ApkAssets object '<empty> and /product/priv-app/GoogleRestorePrebuilt-v526684/GoogleRestorePrebuilt-v526684.apk' with 1 weak references
07-30 08:43:02.763   918  3344 I PermissionControllerServiceImpl: Updating user sensitive for user 0
07-30 08:43:02.798   559  2254 W ParceledListSlice: Element #63 is 140128 bytes.
07-30 08:43:02.798   559  2254 W ParceledListSlice: Overly large reply size: 160468
07-30 08:43:02.803   559  2254 W ParceledListSlice: Element #137 is 59768 bytes.
07-30 08:43:02.803   559  2254 W ParceledListSlice: Overly large reply size: 104380
07-30 08:43:02.804   559  2254 W ParceledListSlice: Element #138 is 17044 bytes.
07-30 08:43:02.812   559   989 W ParceledListSlice: Element #187 is 21768 bytes.
07-30 08:43:02.818   559  2254 W ParceledListSlice: Element #217 is 29268 bytes.
07-30 08:43:02.823  3366  3407 I BugleRcsEngine: Connected state: [1], networkType: [WIFI] [CONTEXT thread_id=52 ]
07-30 08:43:02.826  3366  3425 I BugleRcsEngine: handleMessage processing message:[NOTIFY_UPTIME_IGNORE_STATE_CHANGED] with [non-null]:RcsEngineImpl reference [CONTEXT log_prefix="RcsEngineImpl[DUAL_REG]:[cbde4af9-688f]>Handler" thread_id=63 ]
07-30 08:43:02.828  3366  3425 I BugleRcsEngine: RCS Configuration storage in Bugle is disabled by p/h flag, using ProvisioningEngineStateCacheUtil.getProvisioningConfigurationForGivenSimIfExist() [CONTEXT log_prefix="ProvisioningEngineDataRetriever" thread_id=63 ]
07-30 08:43:02.834  1230  1828 I ChimeraSrvcProxy: NullBinder for android.net.action.RECOMMEND_NETWORKS triggering remote TransactionTooLargeException due to Service without Chimera impl
07-30 08:43:02.834  1230  1828 W .gms.persistent: Large reply transaction of 1056768 bytes, interface descriptor , code 1
07-30 08:43:02.953   559   663 I RescueParty: Starting to observe: [android], updated namespace: clipboard
07-30 08:43:02.953   559   589 I PackageWatchdog: Syncing state, reason: observing new packages
07-30 08:43:02.954   559   589 D PackageWatchdog: rescue-party-observer added the following packages to monitor [android]
07-30 08:43:02.954   559   589 I PackageWatchdog: Syncing state, reason: updated observers
07-30 08:43:02.954   559   589 I PackageWatchdog: Not pruning observers, elapsed time: 0ms
07-30 08:43:02.954   559   589 I PackageWatchdog: Saving observer state to file
07-30 08:43:02.986   559   559 I PackageWatchdog: Syncing health check requests for packages: {}
07-30 08:43:02.986   559   559 I ExplicitHealthCheckController: Service not ready to get health check supported packages. Binding...
07-30 08:43:02.989   559   559 I ExplicitHealthCheckController: Explicit health check service is bound
07-30 08:43:02.989   559   559 I PackageWatchdog: Syncing health check requests for packages: {}
07-30 08:43:02.989   559   559 I ExplicitHealthCheckController: Service not ready to get health check supported packages. Binding...
07-30 08:43:02.989   559   559 I ExplicitHealthCheckController: Not binding to service, service already connecting
07-30 08:43:02.989   559   559 I ExplicitHealthCheckController: Explicit health check service is connected ComponentInfo{com.google.android.ext.services/android.ext.services.watchdog.ExplicitHealthCheckServiceImpl}
07-30 08:43:02.989   559   559 I ExplicitHealthCheckController: Service initialized, syncing requests
07-30 08:43:02.989   559   559 I PackageWatchdog: Syncing health check requests for packages: {}
07-30 08:43:02.989   559   559 D ExplicitHealthCheckController: Getting health check supported packages
07-30 08:43:02.990   559   989 I ExplicitHealthCheckController: Explicit health check supported packages [PackageConfig{com.google.android.networkstack, 86400000}]
07-30 08:43:02.990   559   989 D PackageWatchdog: Received supported packages [PackageConfig{com.google.android.networkstack, 86400000}]
07-30 08:43:02.990   559   989 D ExplicitHealthCheckController: Getting health check requested packages
07-30 08:43:02.990   559  2632 I ExplicitHealthCheckController: Explicit health check requested packages []
07-30 08:43:02.990   559  2632 I ExplicitHealthCheckController: No more health check requests, unbinding...
07-30 08:43:02.993   559  2632 I ExplicitHealthCheckController: Explicit health check service is unbound
07-30 08:43:03.065  1230  1234 I .gms.persistent: Background concurrent mark compact GC freed 12MB AllocSpace bytes, 27(3052KB) LOS objects, 49% free, 24MB/48MB, paused 791us,1.430ms total 203.172ms
07-30 08:43:03.427   559   662 D ActivityManager: freezing 2480 com.google.android.packageinstaller
07-30 08:43:03.429   559   830 D InetDiagMessage: Destroyed 0 sockets, proto=IPPROTO_TCP, family=AF_INET, states=14
07-30 08:43:03.429   559   830 D InetDiagMessage: Destroyed 0 sockets, proto=IPPROTO_TCP, family=AF_INET6, states=14
07-30 08:43:03.429   559   830 D InetDiagMessage: Destroyed live tcp sockets for uids={10100} in 2ms
07-30 08:43:03.738   559   663 I RescueParty: Starting to observe: [android], updated namespace: nearby
07-30 08:43:03.741   559   589 I PackageWatchdog: Syncing state, reason: observing new packages
07-30 08:43:03.741   559   589 D PackageWatchdog: rescue-party-observer added the following packages to monitor [android]
07-30 08:43:03.741   559   589 I PackageWatchdog: Syncing state, reason: updated observers
07-30 08:43:03.741   559   589 I PackageWatchdog: Not pruning observers, elapsed time: 0ms
07-30 08:43:03.741   559   589 I PackageWatchdog: Saving observer state to file
07-30 08:43:03.744   559   559 I PackageWatchdog: Syncing health check requests for packages: {}
07-30 08:43:03.744   559   559 I ExplicitHealthCheckController: Service not ready to get health check supported packages. Binding...
07-30 08:43:03.744   559   559 D OomAdjuster: Not killing cached processes
07-30 08:43:03.747   559   559 I ExplicitHealthCheckController: Explicit health check service is bound
07-30 08:43:03.748   559   559 I ExplicitHealthCheckController: Explicit health check service is connected ComponentInfo{com.google.android.ext.services/android.ext.services.watchdog.ExplicitHealthCheckServiceImpl}
07-30 08:43:03.748   559   559 I ExplicitHealthCheckController: Service initialized, syncing requests
07-30 08:43:03.748   559   559 I PackageWatchdog: Syncing health check requests for packages: {}
07-30 08:43:03.748   559   559 D ExplicitHealthCheckController: Getting health check supported packages
07-30 08:43:03.750   559  1928 I ExplicitHealthCheckController: Explicit health check supported packages [PackageConfig{com.google.android.networkstack, 86400000}]
07-30 08:43:03.750   559  1928 D PackageWatchdog: Received supported packages [PackageConfig{com.google.android.networkstack, 86400000}]
07-30 08:43:03.750   559  1928 D ExplicitHealthCheckController: Getting health check requested packages
07-30 08:43:03.751   559  2254 I ExplicitHealthCheckController: Explicit health check requested packages []
07-30 08:43:03.751   559  2254 I ExplicitHealthCheckController: No more health check requests, unbinding...
07-30 08:43:03.752   559  2254 I ExplicitHealthCheckController: Explicit health check service is unbound
07-30 08:43:03.761   359   408 I netd    : tetherGetStats() -> {[]} <0.43ms>
07-30 08:43:03.847   559   663 I RescueParty: Starting to observe: [com.google.android.networkstack], updated namespace: connectivity
07-30 08:43:03.847   559   589 I PackageWatchdog: Syncing state, reason: observing new packages
07-30 08:43:03.847   559   589 D PackageWatchdog: rescue-party-observer added the following packages to monitor [com.google.android.networkstack]
07-30 08:43:03.847   559   589 I PackageWatchdog: Syncing state, reason: updated observers
07-30 08:43:03.847   559   589 I PackageWatchdog: Not pruning observers, elapsed time: 0ms
07-30 08:43:03.847   559   589 I PackageWatchdog: Saving observer state to file
07-30 08:43:03.870   559   559 I PackageWatchdog: Syncing health check requests for packages: {com.google.android.networkstack}
07-30 08:43:03.870   559   559 I ExplicitHealthCheckController: Service not ready to get health check supported packages. Binding...
07-30 08:43:03.882   559   559 I ExplicitHealthCheckController: Explicit health check service is bound
07-30 08:43:03.883   559   559 I ExplicitHealthCheckController: Explicit health check service is connected ComponentInfo{com.google.android.ext.services/android.ext.services.watchdog.ExplicitHealthCheckServiceImpl}
07-30 08:43:03.883   559   559 I ExplicitHealthCheckController: Service initialized, syncing requests
07-30 08:43:03.883   559   559 I PackageWatchdog: Syncing health check requests for packages: {com.google.android.networkstack}
07-30 08:43:03.883   559   559 D ExplicitHealthCheckController: Getting health check supported packages
07-30 08:43:03.886   559   989 I ExplicitHealthCheckController: Explicit health check supported packages [PackageConfig{com.google.android.networkstack, 86400000}]
07-30 08:43:03.886   559   989 D PackageWatchdog: Received supported packages [PackageConfig{com.google.android.networkstack, 86400000}]
07-30 08:43:03.886   559   989 I PackageWatchdog: Updated health check state for package com.google.android.networkstack: INACTIVE -> ACTIVE
07-30 08:43:03.886   559   989 I PackageWatchdog: Syncing state, reason: updated health check supported packages [PackageConfig{com.google.android.networkstack, 86400000}]
07-30 08:43:03.886   559   989 D ExplicitHealthCheckController: Getting health check requested packages
07-30 08:43:03.886   559   589 I PackageWatchdog: Saving observer state to file
07-30 08:43:03.886   559  1928 I ExplicitHealthCheckController: Explicit health check requested packages []
07-30 08:43:03.886   559  1928 I ExplicitHealthCheckController: Requesting health check for package com.google.android.networkstack
07-30 08:43:03.888   559   989 D CompatChangeReporter: Compat change id reported: 319212206; UID 10185; state: ENABLED
07-30 08:43:03.890   559   830 D ConnectivityService: NetReassign [no changes] [c 0] [a 1] [i 0]
07-30 08:43:03.893  1348  1348 I PhenotypeBackgroundRecv: Skipping com.google.android.apps.wellbeing.device#com.google.android.apps.wellbeing which doesn't use ProcessStable flags.
07-30 08:43:03.899   559  2254 I PackageWatchdog: Health check passed for package: com.google.android.networkstack
07-30 08:43:03.907   559  2254 I PackageWatchdog: Updated health check state for package com.google.android.networkstack: ACTIVE -> PASSED
07-30 08:43:03.907   559  2254 I PackageWatchdog: Syncing state, reason: health check passed for com.google.android.networkstack
07-30 08:43:03.907   559   559 I PackageWatchdog: Syncing health check requests for packages: {}
07-30 08:43:03.909   559   559 D ExplicitHealthCheckController: Getting health check supported packages
07-30 08:43:03.909   559   989 I ExplicitHealthCheckController: Explicit health check supported packages [PackageConfig{com.google.android.networkstack, 86400000}]
07-30 08:43:03.909   559   989 D PackageWatchdog: Received supported packages [PackageConfig{com.google.android.networkstack, 86400000}]
07-30 08:43:03.909   559   989 D ExplicitHealthCheckController: Getting health check requested packages
07-30 08:43:03.910   559  2254 I ExplicitHealthCheckController: Explicit health check requested packages []
07-30 08:43:03.910   559  2254 I ExplicitHealthCheckController: No more health check requests, unbinding...
07-30 08:43:03.913   559  2254 I ExplicitHealthCheckController: Explicit health check service is unbound
07-30 08:43:03.924   559   589 I PackageWatchdog: Saving observer state to file
07-30 08:43:03.942   559   663 I RescueParty: Starting to observe: [android, com.google.android.permissioncontroller], updated namespace: permissions
07-30 08:43:03.943   559   589 I PackageWatchdog: Syncing state, reason: observing new packages
07-30 08:43:03.945   559   589 D PackageWatchdog: rescue-party-observer added the following packages to monitor [android, com.google.android.permissioncontroller]
07-30 08:43:03.945   559   589 I PackageWatchdog: Syncing state, reason: updated observers
07-30 08:43:03.945   559   589 I PackageWatchdog: Not pruning observers, elapsed time: 0ms
07-30 08:43:03.945   559   589 I PackageWatchdog: Saving observer state to file
07-30 08:43:03.947   559   559 I PackageWatchdog: Syncing health check requests for packages: {com.google.android.permissioncontroller}
07-30 08:43:03.947   559   559 I ExplicitHealthCheckController: Service not ready to get health check supported packages. Binding...
07-30 08:43:03.954   559   559 I ExplicitHealthCheckController: Explicit health check service is bound
07-30 08:43:03.955   559   559 I ExplicitHealthCheckController: Explicit health check service is connected ComponentInfo{com.google.android.ext.services/android.ext.services.watchdog.ExplicitHealthCheckServiceImpl}
07-30 08:43:03.956   559   559 I ExplicitHealthCheckController: Service initialized, syncing requests
07-30 08:43:03.956   559   559 I PackageWatchdog: Syncing health check requests for packages: {com.google.android.permissioncontroller}
07-30 08:43:03.956   559   559 D ExplicitHealthCheckController: Getting health check supported packages
07-30 08:43:03.957   559   987 I ExplicitHealthCheckController: Explicit health check supported packages [PackageConfig{com.google.android.networkstack, 86400000}]
07-30 08:43:03.957   559   987 D PackageWatchdog: Received supported packages [PackageConfig{com.google.android.networkstack, 86400000}]
07-30 08:43:03.957   559   987 I PackageWatchdog: Updated health check state for package com.google.android.permissioncontroller: INACTIVE -> PASSED
07-30 08:43:03.958   559   987 I PackageWatchdog: Syncing state, reason: updated health check supported packages [PackageConfig{com.google.android.networkstack, 86400000}]
07-30 08:43:03.958   559   987 D ExplicitHealthCheckController: Getting health check requested packages
07-30 08:43:03.958   559   559 I PackageWatchdog: Syncing health check requests for packages: {}
07-30 08:43:03.958   559   559 D ExplicitHealthCheckController: Getting health check supported packages
07-30 08:43:03.959   559  1928 I ExplicitHealthCheckController: Explicit health check supported packages [PackageConfig{com.google.android.networkstack, 86400000}]
07-30 08:43:03.959   559  1928 D PackageWatchdog: Received supported packages [PackageConfig{com.google.android.networkstack, 86400000}]
07-30 08:43:03.959   559  1928 D ExplicitHealthCheckController: Getting health check requested packages
07-30 08:43:03.959   559   987 I ExplicitHealthCheckController: Explicit health check requested packages []
07-30 08:43:03.959   559   987 I ExplicitHealthCheckController: No more health check requests, unbinding...
07-30 08:43:03.960   559   987 I ExplicitHealthCheckController: Explicit health check service is unbound
07-30 08:43:03.960   559  1928 I ExplicitHealthCheckController: Explicit health check requested packages []
07-30 08:43:03.960   559  1928 I ExplicitHealthCheckController: No more health check requests, unbinding...
07-30 08:43:03.960   559  1928 I ExplicitHealthCheckController: Explicit health check service is unbound
07-30 08:43:03.965   559   830 D InetDiagMessage: Destroyed 0 sockets, proto=IPPROTO_TCP, family=AF_INET, states=14
07-30 08:43:03.966   559   830 D InetDiagMessage: Destroyed 1 sockets, proto=IPPROTO_TCP, family=AF_INET6, states=14
07-30 08:43:03.969   559   830 D InetDiagMessage: Destroyed live tcp sockets for uids={10184} in 5ms
07-30 08:43:03.971   559   830 D InetDiagMessage: Destroyed 0 sockets, proto=IPPROTO_TCP, family=AF_INET, states=14
07-30 08:43:03.972   559   830 D InetDiagMessage: Destroyed 0 sockets, proto=IPPROTO_TCP, family=AF_INET6, states=14
07-30 08:43:03.974   559   830 D InetDiagMessage: Destroyed live tcp sockets for uids={20184} in 6ms
07-30 08:43:03.975   559   589 I PackageWatchdog: Saving observer state to file
07-30 08:43:04.003  1444  1914 I MediaProvider: Scanned internal due to REASON_MOUNTED, found 227 items in 51380ms, 221 inserts 6 updates 0 deletes
07-30 08:43:04.052  1348  1558 W TimedProcessReaper: Scheduling killing of process to refresh configuration
07-30 08:43:04.077  3134  3291 I Bugle   : BroadcastReceiverAsyncWorkTracker: Acknowledging broadcast of com.google.android.apps.messaging.shared.experiments.receiver.BuglePhenotypeBroadcastReceiver@65c0f4e
07-30 08:43:04.083  3134  3134 I PhenotypeBackgroundRecv: Skipping com.google.android.apps.messaging.auto#com.google.android.apps.messaging which doesn't use ProcessStable flags.
07-30 08:43:04.133  1515  1515 I PhenotypeBackgroundRecv: Skipping assistant_auto_tng_libraries_device#com.google.android.googlequicksearchbox which doesn't use ProcessStable flags.
07-30 08:43:04.136  3134  3273 W TimedProcessReaper: Scheduling killing of process to refresh configuration
07-30 08:43:04.140  3134  3304 I Bugle   : BroadcastReceiverAsyncWorkTracker: Acknowledging broadcast of com.google.android.apps.messaging.shared.experiments.receiver.BuglePhenotypeBroadcastReceiver@c95f981
07-30 08:43:04.140   559  2632 E Binder  : Outgoing transactions from this process must be FLAG_ONEWAY
07-30 08:43:04.140   559  2632 E Binder  : java.lang.Throwable
07-30 08:43:04.140   559  2632 E Binder  : 	at android.os.BinderProxy.transact(BinderProxy.java:543)
07-30 08:43:04.140   559  2632 E Binder  : 	at android.content.ContentProviderProxy.openTypedAssetFile(ContentProviderNative.java:812)
07-30 08:43:04.140   559  2632 E Binder  : 	at android.content.ContentResolver.openTypedAssetFileDescriptor(ContentResolver.java:2043)
07-30 08:43:04.140   559  2632 E Binder  : 	at android.content.ContentResolver.openAssetFileDescriptor(ContentResolver.java:1858)
07-30 08:43:04.140   559  2632 E Binder  : 	at android.content.ContentResolver.openInputStream(ContentResolver.java:1528)
07-30 08:43:04.140   559  2632 E Binder  : 	at com.android.providers.settings.SettingsProvider.openRingtone(SettingsProvider.java:865)
07-30 08:43:04.140   559  2632 E Binder  : 	at com.android.providers.settings.SettingsProvider.lambda$mutateSystemSetting$1(SettingsProvider.java:2041)
07-30 08:43:04.140   559  2632 E Binder  : 	at com.android.providers.settings.SettingsProvider.$r8$lambda$GoSUyNcBSpTkjjY_Ryr8POnmkTA(SettingsProvider.java:0)
07-30 08:43:04.140   559  2632 E Binder  : 	at com.android.providers.settings.SettingsProvider$$ExternalSyntheticLambda0.runOrThrow(R8$$SyntheticClass:0)
07-30 08:43:04.140   559  2632 E Binder  : 	at android.os.Binder.withCleanCallingIdentity(Binder.java:550)
07-30 08:43:04.140   559  2632 E Binder  : 	at com.android.providers.settings.SettingsProvider.mutateSystemSetting(SettingsProvider.java:2040)
07-30 08:43:04.140   559  2632 E Binder  : 	at com.android.providers.settings.SettingsProvider.insertSystemSetting(SettingsProvider.java:1916)
07-30 08:43:04.140   559  2632 E Binder  : 	at com.android.providers.settings.SettingsProvider.call(SettingsProvider.java:477)
07-30 08:43:04.140   559  2632 E Binder  : 	at android.content.ContentProvider.call(ContentProvider.java:2704)
07-30 08:43:04.140   559  2632 E Binder  : 	at android.content.ContentProvider$Transport.call(ContentProvider.java:633)
07-30 08:43:04.140   559  2632 E Binder  : 	at android.content.ContentProviderNative.onTransact(ContentProviderNative.java:307)
07-30 08:43:04.140   559  2632 E Binder  : 	at android.os.Binder.execTransactInternal(Binder.java:1500)
07-30 08:43:04.140   559  2632 E Binder  : 	at android.os.Binder.execTransact(Binder.java:1444)
07-30 08:43:04.147  1444  1914 W MediaProvider: Didn't find any volume for getVolume(/product/media/audio/ringtones/Ring_Synth_04.ogg)
07-30 08:43:04.149  3134  3273 I PhenotypeBackgroundRecv: Successfully updated snapshot for com.google.android.libraries.consentverifier#com.google.android.apps.messaging
07-30 08:43:04.150  1444  1914 I MediaProvider: Open with lower FS for /product/media/audio/ringtones/Ring_Synth_04.ogg. Uid: 1000
07-30 08:43:04.159   559   662 D ActivityManager: freezing 2979 com.google.android.ondevicepersonalization.services
07-30 08:43:04.160   559   830 D InetDiagMessage: Destroyed 0 sockets, proto=IPPROTO_TCP, family=AF_INET, states=14
07-30 08:43:04.161   559   830 D InetDiagMessage: Destroyed 0 sockets, proto=IPPROTO_TCP, family=AF_INET6, states=14
07-30 08:43:04.161   559   830 D InetDiagMessage: Destroyed live tcp sockets for uids={10196} in 1ms
07-30 08:43:04.162  3134  3291 I BuglePhenotype: onReceive for bugle package [CONTEXT package_name="com.google.android.apps.messaging#com.google.android.apps.messaging" ]
07-30 08:43:04.162  3134  3291 I Bugle   : BroadcastReceiverAsyncWorkTracker: Acknowledging broadcast of com.google.android.apps.messaging.shared.experiments.receiver.BuglePhenotypeBroadcastReceiver@7d65b5f
07-30 08:43:04.163  3134  3134 I PhenotypeBackgroundRecv: Skipping com.google.android.apps.messaging#com.google.android.apps.messaging which doesn't use ProcessStable flags.
07-30 08:43:04.175  3134  3304 I Bugle   : BroadcastReceiverAsyncWorkTracker: Acknowledging broadcast of com.google.android.apps.messaging.shared.experiments.receiver.BuglePhenotypeBroadcastReceiver@92f4e7b
07-30 08:43:04.195  1515  2365 W TimedProcessReaper: Scheduling killing of process to refresh configuration
07-30 08:43:04.197  1515  1515 I PhenotypeBackgroundRecv: Skipping com.google.android.googlequicksearchbox which doesn't use ProcessStable flags.
07-30 08:43:04.199  3134  3273 W TimedProcessReaper: Scheduling killing of process to refresh configuration
07-30 08:43:04.200  1515  1515 W JobInfo : Job 'com.google.android.googlequicksearchbox/com.google.android.apps.gsa.tasks.BackgroundTasksJobService#-43' has a deadline with no functional constraints. The deadline won't improve job execution latency. Consider removing the deadline.
07-30 08:43:04.200   559  2254 W JobInfo : Job 'com.google.android.googlequicksearchbox/com.google.android.apps.gsa.tasks.BackgroundTasksJobService#-43' has a deadline with no functional constraints. The deadline won't improve job execution latency. Consider removing the deadline.
07-30 08:43:04.210  1515  1515 I BgTaskExecutorImpl: (REDACTED) Starting %s background task %s.
07-30 08:43:04.212  1645  1645 I wpa_supplicant: wlan0: CTRL-EVENT-BEACON-LOSS 
07-30 08:43:04.228  3031  3703 D CompatChangeReporter: Compat change id reported: 312399441; UID 10140; state: ENABLED
07-30 08:43:04.241  3134  3273 I PhenotypeBackgroundRecv: Successfully updated snapshot for com.google.android.libraries.surveys#com.google.android.apps.messaging
07-30 08:43:04.246  3134  3304 I Bugle   : BroadcastReceiverAsyncWorkTracker: Acknowledging broadcast of com.google.android.apps.messaging.shared.experiments.receiver.BuglePhenotypeBroadcastReceiver@b82cc62
07-30 08:43:04.260  1348  1558 I PhenotypeBackgroundRecv: Successfully updated snapshot for com.google.android.libraries.surveys#com.google.android.apps.wellbeing
07-30 08:43:04.267  1444  1914 W MediaProvider: Didn't find any volume for getVolume(/product/media/audio/notifications/pixiedust.ogg)
07-30 08:43:04.274  1444  1914 I MediaProvider: Open with lower FS for /product/media/audio/notifications/pixiedust.ogg. Uid: 1000
07-30 08:43:04.293  1348  1509 I PhenotypeBackgroundRecv: Successfully updated snapshot for com.google.android.libraries.mdi.sync#com.google.android.apps.wellbeing
07-30 08:43:04.472     0     0 I binder_alloc: 3134: pid 1230 spamming oneway? 1 buffers allocated for a total size of 424440
07-30 08:43:04.308  1230  1907 E IPCThreadState: Process seems to be sending too many oneway calls.
07-30 08:43:04.308  1230  1907 W IPCThreadState: CallStack::getCurrentInternal not linked, returning null
07-30 08:43:04.308  1230  1907 W oneway spamming: CallStack::logStackInternal not linked
07-30 08:43:04.308  1230  1907 W BpBinder: Large outgoing transaction of 424440 bytes, interface descriptor , code 4
07-30 08:43:04.488     0     0 I binder_alloc: 3134: pid 1230 spamming oneway? 1 buffers allocated for a total size of 424440
07-30 08:43:04.331  3134  3243 I PhenotypeBackgroundRecv: Successfully updated snapshot for com.google.android.libraries.mdi.sync#com.google.android.apps.messaging
07-30 08:43:04.343  3134  3304 I Bugle   : BroadcastReceiverAsyncWorkTracker: Acknowledging broadcast of com.google.android.apps.messaging.shared.experiments.receiver.BuglePhenotypeBroadcastReceiver@79d85ba
07-30 08:43:04.344  1348  1546 W TimedProcessReaper: Scheduling killing of process to refresh configuration
07-30 08:43:04.347  1515  2399 I PhenotypeBackgroundRecv: Successfully updated snapshot for com.google.android.libraries.surveys#com.google.android.googlequicksearchbox
07-30 08:43:04.348  1348  1509 I PhenotypeBackgroundRecv: Successfully updated snapshot for com.google.android.libraries.performance.primes#com.google.android.apps.wellbeing
07-30 08:43:04.368  1348  1509 W TimedProcessReaper: Scheduling killing of process to refresh configuration
07-30 08:43:04.377  1444  1914 W MediaProvider: Didn't find any volume for getVolume(/product/media/audio/alarms/Alarm_Classic.ogg)
07-30 08:43:04.383  1444  1914 I MediaProvider: Open with lower FS for /product/media/audio/alarms/Alarm_Classic.ogg. Uid: 1000
07-30 08:43:04.391  1444  1914 V MediaProvider: attachVolume() called for external_primary with state:null
07-30 08:43:04.393  1573  1573 D BoundBrokerSvc: onUnbind: Intent { act=com.google.android.gms.safetynet.service.START pkg=com.google.android.gms }
07-30 08:43:04.407  1348  1348 I PhenotypeBackgroundRecv: Skipping com.google.android.gms.kids#com.google.android.apps.wellbeing which doesn't use ProcessStable flags.
07-30 08:43:04.412  1515  1693 W A       : (REDACTED) Can't format flag %s to integer.
07-30 08:43:04.413  1515  1693 W A       : (REDACTED) Can't format flag %s to integer.
07-30 08:43:04.413  1515  1693 W A       : (REDACTED) Can't format flag %s to integer.
07-30 08:43:04.413  1515  1693 W A       : (REDACTED) Can't format flag %s to integer.
07-30 08:43:04.413  1515  1693 W A       : (REDACTED) Can't format flag %s to integer.
07-30 08:43:04.413  1515  1693 W A       : (REDACTED) Can't format flag %s to integer.
07-30 08:43:04.413  1515  1693 W A       : (REDACTED) Can't format flag %s to integer.
07-30 08:43:04.413  1515  1693 W A       : (REDACTED) Can't format flag %s to integer.
07-30 08:43:04.413  1515  1693 W A       : (REDACTED) Can't format flag %s to integer.
07-30 08:43:04.413  1515  1693 W A       : (REDACTED) Can't format flag %s to integer.
07-30 08:43:04.413  1515  1693 W A       : (REDACTED) Can't format flag %s to integer.
07-30 08:43:04.413  1515  1693 W A       : (REDACTED) Can't format flag %s to integer.
07-30 08:43:04.413  1515  1693 W A       : (REDACTED) Can't format flag %s to integer.
07-30 08:43:04.413  1515  1693 W A       : (REDACTED) Can't format flag %s to integer.
07-30 08:43:04.413  1515  1693 W A       : (REDACTED) Can't format flag %s to integer.
07-30 08:43:04.413  1515  1693 W A       : (REDACTED) Can't format flag %s to integer.
07-30 08:43:04.413  1515  1693 W A       : (REDACTED) Can't format flag %s to integer.
07-30 08:43:04.413  1515  1693 W A       : (REDACTED) Can't format flag %s to integer.
07-30 08:43:04.413  1515  1693 W A       : (REDACTED) Can't format flag %s to integer.
07-30 08:43:04.413  1515  1693 W A       : (REDACTED) Can't format flag %s to integer.
07-30 08:43:04.413  1515  1693 W A       : (REDACTED) Can't format flag %s to integer.
07-30 08:43:04.413  1515  1693 W A       : (REDACTED) Can't format flag %s to integer.
07-30 08:43:04.429  1515  1720 I A       : (REDACTED) Refusing EXCLUSIVE task %s, it is already pending. Try again in %d seconds.
07-30 08:43:04.432  1515  1712 I Ma      : #handleFlagUpdate()
07-30 08:43:04.436  1515  1720 I OpaEligibilityChecker: send OpaEligibilityChange broadcast to CommonBroadcastReceiver
07-30 08:43:04.445  1468  1863 I A       : (REDACTED) #handleFlagsUpdate: changed %s
07-30 08:43:04.445  1468  1863 I A       : #handleFlagsUpdate: listeners notified
07-30 08:43:04.458   559   663 I RescueParty: Starting to observe: [android], updated namespace: ota
07-30 08:43:04.461   559   589 I PackageWatchdog: Syncing state, reason: observing new packages
07-30 08:43:04.461   559   589 D PackageWatchdog: rescue-party-observer added the following packages to monitor [android]
07-30 08:43:04.462   559   589 I PackageWatchdog: Syncing state, reason: updated observers
07-30 08:43:04.462   559   589 I PackageWatchdog: Saving observer state to file
07-30 08:43:04.463  1444  1914 W MediaProvider: isAppCloneUserPair for user 0: false
07-30 08:43:04.465  1444  1914 W MediaProvider: isAppCloneUserPair for user 0: false
07-30 08:43:04.494  1230  2553 I PackageUpdateTaskChimer: Scheduling Phenotype config package catchup updates to be 86400 seconds from now (1785400984491) [CONTEXT service_id=51 ]
07-30 08:43:04.500   559   559 I PackageWatchdog: Syncing health check requests for packages: {}
07-30 08:43:04.500   559   559 I ExplicitHealthCheckController: Service not ready to get health check supported packages. Binding...
07-30 08:43:04.508  1515  1721 I A       : NGA enabled in interactor.
07-30 08:43:04.509   559   559 I ExplicitHealthCheckController: Explicit health check service is bound
07-30 08:43:04.509   559   559 I PackageWatchdog: Syncing health check requests for packages: {}
07-30 08:43:04.509   559   559 I ExplicitHealthCheckController: Service not ready to get health check supported packages. Binding...
07-30 08:43:04.509   559   559 I ExplicitHealthCheckController: Not binding to service, service already connecting
07-30 08:43:04.510  1444  1603 E StorageManager: Failed to set extended attributes for /storage/emulated/0/Android to set project id.: Operation not permitted
07-30 08:43:04.510   559   559 I ExplicitHealthCheckController: Explicit health check service is connected ComponentInfo{com.google.android.ext.services/android.ext.services.watchdog.ExplicitHealthCheckServiceImpl}
07-30 08:43:04.511   559   559 I ExplicitHealthCheckController: Service initialized, syncing requests
07-30 08:43:04.511   559   559 I PackageWatchdog: Syncing health check requests for packages: {}
07-30 08:43:04.512   559   559 D ExplicitHealthCheckController: Getting health check supported packages
07-30 08:43:04.512   559  2632 I ExplicitHealthCheckController: Explicit health check supported packages [PackageConfig{com.google.android.networkstack, 86400000}]
07-30 08:43:04.512   559  2632 D PackageWatchdog: Received supported packages [PackageConfig{com.google.android.networkstack, 86400000}]
07-30 08:43:04.512   559  2632 D ExplicitHealthCheckController: Getting health check requested packages
07-30 08:43:04.513   559  1928 I ExplicitHealthCheckController: Explicit health check requested packages []
07-30 08:43:04.513   559  1928 I ExplicitHealthCheckController: No more health check requests, unbinding...
07-30 08:43:04.515  1444  1603 W MediaProvider: Failed to update quota type for /storage/emulated/0/Android
07-30 08:43:04.515  1444  1603 W MediaProvider: java.io.IOException: Failed to update quota type for /storage/emulated/0/Android
07-30 08:43:04.515  1444  1603 W MediaProvider: 	at android.os.storage.StorageManager.updateExternalStorageFileQuotaType(StorageManager.java:2598)
07-30 08:43:04.515  1444  1603 W MediaProvider: 	at com.android.providers.media.MediaProvider.updateQuotaTypeForFileInternal(MediaProvider.java:976)
07-30 08:43:04.515  1444  1603 W MediaProvider: 	at com.android.providers.media.MediaProvider.updateQuotaTypeForUri(MediaProvider.java:951)
07-30 08:43:04.515  1444  1603 W MediaProvider: 	at com.android.providers.media.MediaProvider$5.lambda$onInsert$0(MediaProvider.java:1010)
07-30 08:43:04.515  1444  1603 W MediaProvider: 	at com.android.providers.media.MediaProvider$5.$r8$lambda$4KU7YPdO1inr9tOLVzprJ5YcfCE(MediaProvider.java:0)
07-30 08:43:04.515  1444  1603 W MediaProvider: 	at com.android.providers.media.MediaProvider$5$$ExternalSyntheticLambda2.run(R8$$SyntheticClass:0)
07-30 08:43:04.515  1444  1603 W MediaProvider: 	at android.os.Handler.handleCallback(Handler.java:959)
07-30 08:43:04.515  1444  1603 W MediaProvider: 	at android.os.Handler.dispatchMessage(Handler.java:100)
07-30 08:43:04.515  1444  1603 W MediaProvider: 	at android.os.Looper.loopOnce(Looper.java:232)
07-30 08:43:04.515  1444  1603 W MediaProvider: 	at android.os.Looper.loop(Looper.java:317)
07-30 08:43:04.515  1444  1603 W MediaProvider: 	at android.os.HandlerThread.run(HandlerThread.java:85)
07-30 08:43:04.517   559  1928 I ExplicitHealthCheckController: Explicit health check service is unbound
07-30 08:43:04.517  1444  1603 E StorageManager: Failed to set extended attributes for /storage/emulated/0/Android/media to set project id.: Operation not permitted
07-30 08:43:04.518  1444  1603 W MediaProvider: Failed to update quota type for /storage/emulated/0/Android/media
07-30 08:43:04.518  1444  1603 W MediaProvider: java.io.IOException: Failed to update quota type for /storage/emulated/0/Android/media
07-30 08:43:04.518  1444  1603 W MediaProvider: 	at android.os.storage.StorageManager.updateExternalStorageFileQuotaType(StorageManager.java:2598)
07-30 08:43:04.518  1444  1603 W MediaProvider: 	at com.android.providers.media.MediaProvider.updateQuotaTypeForFileInternal(MediaProvider.java:976)
07-30 08:43:04.518  1444  1603 W MediaProvider: 	at com.android.providers.media.MediaProvider.updateQuotaTypeForUri(MediaProvider.java:951)
07-30 08:43:04.518  1444  1603 W MediaProvider: 	at com.android.providers.media.MediaProvider$5.lambda$onInsert$0(MediaProvider.java:1010)
07-30 08:43:04.518  1444  1603 W MediaProvider: 	at com.android.providers.media.MediaProvider$5.$r8$lambda$4KU7YPdO1inr9tOLVzprJ5YcfCE(MediaProvider.java:0)
07-30 08:43:04.518  1444  1603 W MediaProvider: 	at com.android.providers.media.MediaProvider$5$$ExternalSyntheticLambda2.run(R8$$SyntheticClass:0)
07-30 08:43:04.518  1444  1603 W MediaProvider: 	at android.os.Handler.handleCallback(Handler.java:959)
07-30 08:43:04.518  1444  1603 W MediaProvider: 	at android.os.Handler.dispatchMessage(Handler.java:100)
07-30 08:43:04.518  1444  1603 W MediaProvider: 	at android.os.Looper.loopOnce(Looper.java:232)
07-30 08:43:04.518  1444  1603 W MediaProvider: 	at android.os.Looper.loop(Looper.java:317)
07-30 08:43:04.518  1444  1603 W MediaProvider: 	at android.os.HandlerThread.run(HandlerThread.java:85)
07-30 08:43:04.540  1444  1914 I MediaProvider: Scanned external_primary due to REASON_MOUNTED, found 15 items in 98ms, 2 inserts 0 updates 0 deletes
07-30 08:43:04.542  1515  1921 I SettingsDataLayer.AE: Set Assistant eligibility status
07-30 08:43:04.543  1444  1914 I MediaProvider: End Intent { act=com.android.providers.media.action.SCAN_VOLUME (has extras) }
07-30 08:43:04.551  1515  1712 I SettingsDataLayer.AE: Set isHotwordOpaEligible
07-30 08:43:04.554  1444  1914 I MediaProvider: Begin Intent { act=android.intent.action.MEDIA_MOUNTED dat=file:///... flg=0x5000010 cmp=com.google.android.providers.media.module/com.android.providers.media.MediaService (has extras) }
07-30 08:43:04.555  1444  1914 I MediaProvider: Volume MediaVolume name: [external_primary] id: [emulated;0] user: [UserHandle{0}] path: [/storage/emulated/0] externallyManaged: [false] mPublicVolume: [false] already attached
07-30 08:43:04.555  1444  1914 I MediaProvider: End Intent { act=android.intent.action.MEDIA_MOUNTED dat=file:///... flg=0x5000010 cmp=com.google.android.providers.media.module/com.android.providers.media.MediaService (has extras) }
07-30 08:43:04.556  1230  2553 I HeterodyneSyncScheduler: Scheduling a periodic sync task every 14400 seconds, with flex of 1800 seconds [CONTEXT service_id=51 ]
07-30 08:43:04.562   559  1928 D TelephonyManager: requestModemActivityInfo: Sending result to app: ModemActivityInfo{ mTimestamp=92236 mSleepTimeMs=0 mIdleTimeMs=92229 mActivityStatsTechSpecificInfo=[{mRat=UNKNOWN,mFrequencyRange=UNKNOWN,mTxTimeMs[]=[0, 0, 0, 0, 0],mRxTimeMs=0}]}
07-30 08:43:04.563  1573  2760 I Icing   : IndexChimeraService.getServiceInterface callingPackage=com.google.android.googlequicksearchbox componentName=agsa_icing_connection serviceId=32
07-30 08:43:04.566  1444  1914 I MediaProvider: Begin Intent { act=android.intent.action.MEDIA_MOUNTED dat=file:///... flg=0x5000010 cmp=com.google.android.providers.media.module/com.android.providers.media.MediaService (has extras) }
07-30 08:43:04.566  1573  2036 I Icing   : IndexChimeraService.getServiceInterface callingPackage=com.google.android.googlequicksearchbox componentName=agsa_icing_connection serviceId=33
07-30 08:43:04.568  1444  1914 I MediaProvider: Volume MediaVolume name: [external_primary] id: [emulated;0] user: [UserHandle{0}] path: [/storage/emulated/0] externallyManaged: [false] mPublicVolume: [false] already attached
07-30 08:43:04.568  1444  1914 I MediaProvider: End Intent { act=android.intent.action.MEDIA_MOUNTED dat=file:///... flg=0x5000010 cmp=com.google.android.providers.media.module/com.android.providers.media.MediaService (has extras) }
07-30 08:43:04.575   559  1928 D CompatChangeReporter: Compat change id reported: 311208629; UID 10208; state: ENABLED
07-30 08:43:04.584  1230  2553 I HeterodyneSyncScheduler: Scheduling adaptive one off task with window [14400, 604800] in seconds [CONTEXT service_id=51 ]
07-30 08:43:04.595  1573  3571 I Icing   : Usage reports ok 0, Failed Usage reports 0, indexed 0, rejected 0
07-30 08:43:04.597  1230  3432 W CCTFlatFileLogStore: Excessive logging: 512 events, 325351 bytes from log source PHENOTYPE last 16s
07-30 08:43:04.599  3702  3702 W BpBinder: Linking to death on android.gui.ISurfaceComposer but there are no threads (yet?) listening to incoming transactions. See ProcessState::startThreadPool and ProcessState::setThreadPoolMaxThreadCount. Generally you should setup the binder threadpool before other initialization steps.
07-30 08:43:04.600  3702  3702 W ProcessState: Extra binder thread started, but 0 threads requested. Do not use *startThreadPool when zero threads are requested.
07-30 08:43:04.607   359   408 I netd    : tetherGetStats() -> {[]} <0.33ms>
07-30 08:43:04.787     0     0 I servicemanager: Caller(pid=3702,uid=2000,sid=u:r:shell:s0) Could not find android.hardware.graphics.allocator.IAllocator/default in the VINTF manifest. No alternative instances declared in VINTF.
07-30 08:43:04.620   147   147 I hwservicemanager: getTransport: Cannot find entry android.hardware.graphics.mapper@4.0::IMapper/default in either framework or device VINTF manifest.
07-30 08:43:04.621  3702  3704 I Gralloc4: mapper 4.x is not supported
07-30 08:43:04.622  1573  3571 I Icing   : Usage reports ok 0, Failed Usage reports 0, indexed 0, rejected 0
07-30 08:43:04.631  3134  3272 I BugleRcsProvisioning: BugleSystemBindingManager: onBuglePhenotypeFlagChanged
07-30 08:43:04.633  3134  3231 I BugleRcsEngine: SystemBinding enabled: true [CONTEXT log_prefix="SystemBindingManager" thread_id=48 ]
07-30 08:43:04.633  3134  3231 I BugleRcsEngine: System Binding updated [CONTEXT thread_id=48 ]
07-30 08:43:04.644  3134  3273 W BugleRcsEngine: Unable to send diagnostic log [CONTEXT thread_id=56 ]
07-30 08:43:04.644  3134  3243 W BugleRcsEngine: Unable to send diagnostic log [CONTEXT thread_id=50 ]
07-30 08:43:04.664  3134  3272 I BugleTransport: onBuglePhenotypeFlagChanged: kicking off updateActiveTransport
07-30 08:43:04.671  3134  3273 W BugleAction: Failed to get msisdn from Bugle
07-30 08:43:04.673  3134  3273 W Bugle   : Bugle: SubscriptionMetadataUtils get: unexpected subId = -2, replacing with -1
07-30 08:43:04.687  3134  3607 I BugleTransport: isChatAvailable: RcsAvailability is DISABLED_VIA_GSERVICES (RCS is disabled for this carrier by Google)
07-30 08:43:04.695  3134  3607 I PhenotypeBackgroundRecv: Successfully updated snapshot for com.google.android.apps.messaging.onboarding#com.google.android.apps.messaging
07-30 08:43:04.703  1515  2153 W SearchServiceCore: Abort, client detached.
07-30 08:43:04.704  3134  3304 I Bugle   : BroadcastReceiverAsyncWorkTracker: Acknowledging broadcast of com.google.android.apps.messaging.shared.experiments.receiver.BuglePhenotypeBroadcastReceiver@664f53f
07-30 08:43:04.704  3134  3273 W Bugle   : Bugle: SubscriptionMetadataUtils get: unexpected subId = -2, replacing with -1
07-30 08:43:04.705  3134  3134 I PhenotypeBackgroundRecv: Skipping com.google.lighter.android#com.google.android.apps.messaging which doesn't use ProcessStable flags.
07-30 08:43:04.714  3134  3291 I Bugle   : BroadcastReceiverAsyncWorkTracker: Acknowledging broadcast of com.google.android.apps.messaging.shared.experiments.receiver.BuglePhenotypeBroadcastReceiver@a264d37
07-30 08:43:04.730  3134  3273 W Bugle   : Bugle: SubscriptionMetadataUtils get: unexpected subId = -2, replacing with -1
07-30 08:43:04.738  1573  1573 D BoundBrokerSvc: onUnbind: Intent { act=com.google.android.gms.ocr.service.internal.START dat=chimera-action:/... cmp=com.google.android.gms/.chimera.GmsInternalApiService }
07-30 08:43:04.740  3134  3273 I Bugle   : getRawTelephonyPhoneNumber redacted-pii[0-chars] [CONTEXT sub_id=-1 ]
07-30 08:43:04.746  3134  3243 D MddListenableWorkerFactory: createWorker for class: com.google.android.apps.messaging.shared.datamodel.workqueue.WorkQueueWorkerShim
07-30 08:43:04.748  1230  1791 W .gms.persistent: Long monitor contention with owner netscheduler-queue-handler (2290) at void dbyt.o(int)(:com.google.android.gms@242335041@24.23.35 (190800-646585959):27) waiters=0 in int dbyt.r(dbus) for 116ms
07-30 08:43:04.759  3134  3273 W BugleAction: No default number, returning empty msisdn
07-30 08:43:04.764  3134  3273 I BugleRcsEngine: isRcsAvailableForSubId called with an invalid sub id: -2 [CONTEXT log_prefix="RcsProvisioningManager" thread_id=56 ]
07-30 08:43:04.768  3134  3243 I WM-WorkerWrapper: Worker result SUCCESS for Work [ id=b5f12ffd-8695-43fc-abd6-954c9a779b1b, tags={ com.google.android.apps.messaging.shared.datamodel.workqueue.WorkQueueWorkerShim,data_upgrade- } ]
07-30 08:43:04.769  3134  3271 I BugleTransport: updateActiveTransport: refreshing chat transport
07-30 08:43:04.769  3134  3271 I BugleTransport: refreshChatTransport: isChatAvailable: false, enabledTransport: 1, configuration: <empty>
07-30 08:43:04.779  1230  1791 I NetworkScheduler.Stats: Task com.google.android.gms/com.google.android.gms.ipa.base.IpaGcmTaskService started execution. cause:9 exec_start_elapsed_seconds: 92 [CONTEXT service_id=218 ]
07-30 08:43:04.784  3134  3273 I RcsClientLib: Connecting RcsEngineLifecycleService
07-30 08:43:04.784  1515  2399 I PhenotypeBackgroundRecv: Successfully updated snapshot for com.google.android.libraries.mdi.sync#com.google.android.googlequicksearchbox
07-30 08:43:04.786  3134  3273 W RcsClientLib: No CS.apk RCS service found. Is RCS running in Bugle?
07-30 08:43:04.788  3134  3273 I RcsClientLib: shouldUseCarrierServicesJibeService: false, CarrierServices rcs service found: false
07-30 08:43:04.829  3134  3271 I RcsClientLib: com.google.android.rcs.client.lifecycle.RcsEngineLifecycleService connected
07-30 08:43:04.835   559  2632 W JobScheduler: Job didn't exist in JobStore: 4665b3d #u0a144/-43 com.google.android.googlequicksearchbox/com.google.android.apps.gsa.tasks.BackgroundTasksJobService
07-30 08:43:04.838  1515  1515 I PhenotypeBackgroundRecv: Skipping com.google.android.libraries.search.audio.device#com.google.android.googlequicksearchbox which doesn't use ProcessStable flags.
07-30 08:43:04.840  3366  3636 I BugleRcsEngine: triggerStopRcsStack for msisdn:redacted-pii:phone_number[chars:0,last2:] [CONTEXT log_prefix="RcsEngineImpl[DUAL_REG]:[cbde4af9-688f]" thread_id=68 ]
07-30 08:43:04.841  3366  3425 I BugleRcsEngine: handleMessage processing message:[STOP_RCS_STACK] with [non-null]:RcsEngineImpl reference [CONTEXT log_prefix="RcsEngineImpl[DUAL_REG]:[cbde4af9-688f]>Handler" thread_id=63 ]
07-30 08:43:04.841  3134  3304 I RcsClientLib: Disconnecting RcsEngineLifecycleService
07-30 08:43:04.841  3366  3425 I BugleRcsEngine: RCS engine STOP RCS stack [CONTEXT log_prefix="RcsEngineImpl[DUAL_REG]:[cbde4af9-688f]>Handler" thread_id=63 ]
07-30 08:43:04.842  3366  3425 I BugleRcsEngine: imsModule is null, shutdown not required [CONTEXT log_prefix="RcsEngineImpl[DUAL_REG]:[cbde4af9-688f]" thread_id=63 ]
07-30 08:43:04.842  3366  3425 I BugleRcsEngine: skipping imsModule.stop [CONTEXT log_prefix="RcsEngineImpl[DUAL_REG]:[cbde4af9-688f]" thread_id=63 ]
07-30 08:43:04.843  3366  3425 I BugleRcsEngine: handleMessage processing message:[NOTIFY_UPTIME_IGNORE_STATE_CHANGED] with [non-null]:RcsEngineImpl reference [CONTEXT log_prefix="RcsEngineImpl[DUAL_REG]:[cbde4af9-688f]>Handler" thread_id=63 ]
07-30 08:43:04.849  3366  3425 I BugleRcsEngine: RCS Configuration storage in Bugle is disabled by p/h flag, using ProvisioningEngineStateCacheUtil.getProvisioningConfigurationForGivenSimIfExist() [CONTEXT log_prefix="ProvisioningEngineDataRetriever" thread_id=63 ]
07-30 08:43:04.864   559   663 I RescueParty: Starting to observe: [android, com.android.settings, com.android.systemui], updated namespace: wifi
07-30 08:43:04.865   559   589 I PackageWatchdog: Syncing state, reason: observing new packages
07-30 08:43:04.865   559   589 D PackageWatchdog: rescue-party-observer added the following packages to monitor [android, com.android.settings, com.android.systemui]
07-30 08:43:04.865   559   589 I PackageWatchdog: Syncing state, reason: updated observers
07-30 08:43:04.865   559   589 I PackageWatchdog: Not pruning observers, elapsed time: 0ms
07-30 08:43:04.865   559   589 I PackageWatchdog: Saving observer state to file
07-30 08:43:04.876  1230  2494 I NetworkScheduler.Stats: Task com.google.android.gms/com.google.android.gms.ipa.base.IpaGcmTaskService finished executing. cause:9 result: 1 elapsed_millis: 177 uptime_millis: 177 exec_start_elapsed_seconds: 92 [CONTEXT service_id=218 ]
07-30 08:43:04.893   559   559 I PackageWatchdog: Syncing health check requests for packages: {com.android.settings, com.android.systemui}
07-30 08:43:04.893   559   559 I ExplicitHealthCheckController: Service not ready to get health check supported packages. Binding...
07-30 08:43:04.896   559   559 I ExplicitHealthCheckController: Explicit health check service is bound
07-30 08:43:04.896   559   559 I ExplicitHealthCheckController: Explicit health check service is connected ComponentInfo{com.google.android.ext.services/android.ext.services.watchdog.ExplicitHealthCheckServiceImpl}
07-30 08:43:04.896   559   559 I ExplicitHealthCheckController: Service initialized, syncing requests
07-30 08:43:04.896   559   559 I PackageWatchdog: Syncing health check requests for packages: {com.android.settings, com.android.systemui}
07-30 08:43:04.896   559   559 D ExplicitHealthCheckController: Getting health check supported packages
07-30 08:43:04.896   559  2575 I ExplicitHealthCheckController: Explicit health check supported packages [PackageConfig{com.google.android.networkstack, 86400000}]
07-30 08:43:04.896   559  2575 D PackageWatchdog: Received supported packages [PackageConfig{com.google.android.networkstack, 86400000}]
07-30 08:43:04.896   559  2575 I PackageWatchdog: Updated health check state for package com.android.settings: INACTIVE -> PASSED
07-30 08:43:04.897   559  2575 I PackageWatchdog: Updated health check state for package com.android.systemui: INACTIVE -> PASSED
07-30 08:43:04.897   559  2575 I PackageWatchdog: Syncing state, reason: updated health check supported packages [PackageConfig{com.google.android.networkstack, 86400000}]
07-30 08:43:04.897   559  2575 D ExplicitHealthCheckController: Getting health check requested packages
07-30 08:43:04.897   559   559 I PackageWatchdog: Syncing health check requests for packages: {}
07-30 08:43:04.897   559  2575 I ExplicitHealthCheckController: Explicit health check requested packages []
07-30 08:43:04.897   559  2575 I ExplicitHealthCheckController: No more health check requests, unbinding...
07-30 08:43:04.898   559  2575 I ExplicitHealthCheckController: Explicit health check service is unbound
07-30 08:43:04.899   559   559 I ExplicitHealthCheckController: Service not ready to get health check supported packages. Binding...
07-30 08:43:04.900   559   559 I ExplicitHealthCheckController: Explicit health check service is bound
07-30 08:43:04.900   559   559 I ExplicitHealthCheckController: Explicit health check service is connected ComponentInfo{com.google.android.ext.services/android.ext.services.watchdog.ExplicitHealthCheckServiceImpl}
07-30 08:43:04.900   559   559 I ExplicitHealthCheckController: Service initialized, syncing requests
07-30 08:43:04.900   559   559 I PackageWatchdog: Syncing health check requests for packages: {}
07-30 08:43:04.900   559   559 D ExplicitHealthCheckController: Getting health check supported packages
07-30 08:43:04.901   559   589 I PackageWatchdog: Saving observer state to file
07-30 08:43:04.901   559  2632 I ExplicitHealthCheckController: Explicit health check supported packages [PackageConfig{com.google.android.networkstack, 86400000}]
07-30 08:43:04.905   559  2632 D PackageWatchdog: Received supported packages [PackageConfig{com.google.android.networkstack, 86400000}]
07-30 08:43:04.906   559  2632 D ExplicitHealthCheckController: Getting health check requested packages
07-30 08:43:04.907   559  2632 I ExplicitHealthCheckController: Explicit health check requested packages []
07-30 08:43:04.907   559  2632 I ExplicitHealthCheckController: No more health check requests, unbinding...
07-30 08:43:04.910   359   408 I netd    : tetherGetStats() -> {[]} <0.36ms>
07-30 08:43:04.912   559  2632 I ExplicitHealthCheckController: Explicit health check service is unbound
07-30 08:43:04.926  1348  1558 I PhenotypeBackgroundRecv: Successfully updated snapshot for com.google.android.libraries.onegoogle#com.google.android.apps.wellbeing
07-30 08:43:04.977  3134  3271 I PhenotypeBackgroundRecv: Successfully updated snapshot for com.google.android.gms.icing.mdd#com.google.android.apps.messaging
