=== Device Logcat for TC_AUTH_002 ===
Captured at: Thu Jul 30 09:01:22 UTC 2026
Entry count: 2059
===========================================
Thu Jul 30 09:00:41 UTC 2026 | ALL | 07-30 09:00:40.111   560   576 D ActivityManager: sync unfroze 2201 com.google.android.gms.unstable for 6
Thu Jul 30 09:00:41 UTC 2026 | ALL | 07-30 09:00:40.120  3232  3241 I .apps.messaging: Background concurrent mark compact GC freed 8696KB AllocSpace bytes, 174(9048KB) LOS objects, 49% free, 16MB/32MB, paused 466us,5.468ms total 120.694ms
Thu Jul 30 09:00:41 UTC 2026 | ALL | 07-30 09:00:40.126   560   576 W ProcessStats: Tracking association SourceState{ebbfaad com.google.android.apps.messaging/10134 ImpBg #6653} whose proc state 6 is better than process ProcessState{29aeeff com.google.android.gms.unstable/10143 pkg=com.google.android.gms} proc state 14 (1 skipped)
Thu Jul 30 09:00:41 UTC 2026 | ALL | 07-30 09:00:40.133  3232  3384 E MDD     : DownloadProgressMonitor: Can't find file group for uri: android://com.google.android.apps.messaging/files/datadownload/shared/public/datadownloadfile_1785401964738
Thu Jul 30 09:00:41 UTC 2026 | ALL | 07-30 09:00:40.139  3232  3370 D dasx    : Starting download: https://fonts.gstatic.com/s/e/notoemoji/16.0/1f31c/lottie.json
Thu Jul 30 09:00:41 UTC 2026 | ALL | 07-30 09:00:40.139  3232  3370 V dasx    : Is http uri, downloading (uri: https://fonts.gstatic.com/s/e/notoemoji/16.0/1f31c/lottie.json)
Thu Jul 30 09:00:41 UTC 2026 | ALL | 07-30 09:00:40.156  3232  3370 E MDD     : DownloadProgressMonitor: Can't find file group for uri: android://com.google.android.apps.messaging/files/datadownload/shared/public/datadownloadfile_1785401964739
Thu Jul 30 09:00:41 UTC 2026 | ALL | 07-30 09:00:40.164  3232  3434 D dasx    : Starting download: https://fonts.gstatic.com/s/e/notoemoji/16.0/1f63a/lottie.json
Thu Jul 30 09:00:41 UTC 2026 | ALL | 07-30 09:00:40.164  3232  3434 V dasx    : Is http uri, downloading (uri: https://fonts.gstatic.com/s/e/notoemoji/16.0/1f63a/lottie.json)
Thu Jul 30 09:00:41 UTC 2026 | ALL | 07-30 09:00:40.166  3232  3378 D dasx    : Starting download: https://fonts.gstatic.com/s/e/notoemoji/16.0/1f638/lottie.json
Thu Jul 30 09:00:41 UTC 2026 | ALL | 07-30 09:00:40.166  3232  3378 V dasx    : Is http uri, downloading (uri: https://fonts.gstatic.com/s/e/notoemoji/16.0/1f638/lottie.json)
Thu Jul 30 09:00:41 UTC 2026 | ALL | 07-30 09:00:40.177  2201  4459 W libc    : Access denied finding property "persist.adb.tls_server.enable"
Thu Jul 30 09:00:41 UTC 2026 | ALL | 07-30 09:00:40.177  2201  4459 W libc    : Access denied finding property "service.adb.tls.port"
Thu Jul 30 09:00:41 UTC 2026 | ALL | 07-30 09:00:40.179   560   576 D FileUtils: Rounded bytes from 2593193984 to 4000000000
Thu Jul 30 09:00:41 UTC 2026 | ALL | 07-30 09:00:40.180   361  4462 I resolv  : GetAddrInfoHandler::run: {100 786532 100 983140 10143 0}
Thu Jul 30 09:00:41 UTC 2026 | ALL | 07-30 09:00:40.181  2201  4459 D TrafficStats: tagSocket(118) with statsTag=0x1809, statsUid=-1
Thu Jul 30 09:00:41 UTC 2026 | ALL | 07-30 09:00:40.176  2201  2201 W binder:2201_7: type=1400 audit(0.0:76): avc:  denied  { read } for  name="u:object_r:system_adbd_prop:s0" dev="tmpfs" ino=318 scontext=u:r:gmscore_app:s0:c512,c768 tcontext=u:object_r:system_adbd_prop:s0 tclass=file permissive=0 app=com.google.android.gms
Thu Jul 30 09:00:41 UTC 2026 | ALL | 07-30 09:00:40.189  3232  3378 E MDD     : DownloadProgressMonitor: Can't find file group for uri: android://com.google.android.apps.messaging/files/datadownload/shared/public/datadownloadfile_1785401964741
Thu Jul 30 09:00:41 UTC 2026 | ALL | 07-30 09:00:40.176  2201  2201 W binder:2201_7: type=1400 audit(0.0:77): avc:  denied  { read } for  name="u:object_r:adbd_prop:s0" dev="tmpfs" ino=63 scontext=u:r:gmscore_app:s0:c512,c768 tcontext=u:object_r:adbd_prop:s0 tclass=file permissive=0 app=com.google.android.gms
Thu Jul 30 09:00:41 UTC 2026 | ALL | 07-30 09:00:40.192  4162  4193 D TrafficStats: tagSocket(6) with statsTag=0xffffffff, statsUid=-1
Thu Jul 30 09:00:41 UTC 2026 | ALL | 07-30 09:00:40.195  3232  3434 E MDD     : DownloadProgressMonitor: Can't find file group for uri: android://com.google.android.apps.messaging/files/datadownload/shared/public/datadownloadfile_1785401964740
Thu Jul 30 09:00:41 UTC 2026 | ALL | 07-30 09:00:40.199  3232  3384 W BugleRcsEngine: Unable to send diagnostic log [CONTEXT thread_id=61 ]
Thu Jul 30 09:00:41 UTC 2026 | ALL | 07-30 09:00:40.201  3232  3384 D dasx    : Starting download: https://fonts.gstatic.com/s/e/notoemoji/16.0/1f639/lottie.json
Thu Jul 30 09:00:41 UTC 2026 | ALL | 07-30 09:00:40.201  3232  3384 V dasx    : Is http uri, downloading (uri: https://fonts.gstatic.com/s/e/notoemoji/16.0/1f639/lottie.json)
Thu Jul 30 09:00:41 UTC 2026 | ALL | 07-30 09:00:40.201  3232  3434 D dasx    : Starting download: https://fonts.gstatic.com/s/e/notoemoji/16.0/1f63b/lottie.json
Thu Jul 30 09:00:41 UTC 2026 | ALL | 07-30 09:00:40.201  3232  3434 V dasx    : Is http uri, downloading (uri: https://fonts.gstatic.com/s/e/notoemoji/16.0/1f63b/lottie.json)
Thu Jul 30 09:00:41 UTC 2026 | ALL | 07-30 09:00:40.213  3232  3434 E MDD     : DownloadProgressMonitor: Can't find file group for uri: android://com.google.android.apps.messaging/files/datadownload/shared/public/datadownloadfile_1785401964743
Thu Jul 30 09:00:41 UTC 2026 | ALL | 07-30 09:00:40.223  3232  3370 D dasx    : Starting download: https://fonts.gstatic.com/s/e/notoemoji/16.0/1f63c/lottie.json
Thu Jul 30 09:00:41 UTC 2026 | ALL | 07-30 09:00:40.223  3232  3370 V dasx    : Is http uri, downloading (uri: https://fonts.gstatic.com/s/e/notoemoji/16.0/1f63c/lottie.json)
Thu Jul 30 09:00:41 UTC 2026 | ALL | 07-30 09:00:40.234  3232  3384 E MDD     : DownloadProgressMonitor: Can't find file group for uri: android://com.google.android.apps.messaging/files/datadownload/shared/public/datadownloadfile_1785401964742
Thu Jul 30 09:00:41 UTC 2026 | ALL | 07-30 09:00:40.246  3232  3370 E MDD     : DownloadProgressMonitor: Can't find file group for uri: android://com.google.android.apps.messaging/files/datadownload/shared/public/datadownloadfile_1785401964744
Thu Jul 30 09:00:41 UTC 2026 | ALL | 07-30 09:00:40.246  3232  4458 E BugleRcsEngine: Could not create DroidGuard token creation event [CONTEXT log_prefix="DroidGuardLogger" thread_id=133 ]
Thu Jul 30 09:00:41 UTC 2026 | ALL | 07-30 09:00:40.247  3232  4458 I BugleRcsEngine: RequestWithImsiState: event Send config request [ff6ec634-a2bd-48b4-abaa-e2df54113335] [CONTEXT log_prefix="(PEv2-SM202938899-DefaultCallSmsData-1-934)" thread_id=133 ]
Thu Jul 30 09:00:41 UTC 2026 | ALL | 07-30 09:00:40.247  3232  4458 I BugleRcsEngine: InProgressState: event Send config request [ff6ec634-a2bd-48b4-abaa-e2df54113335] [CONTEXT log_prefix="(PEv2-SM202938899-DefaultCallSmsData-1-934)" thread_id=133 ]
Thu Jul 30 09:00:41 UTC 2026 | ALL | 07-30 09:00:40.251  3232  3378 D dasx    : Starting download: https://fonts.gstatic.com/s/e/notoemoji/16.0/1f63d/lottie.json
Thu Jul 30 09:00:41 UTC 2026 | ALL | 07-30 09:00:40.251  3232  3378 V dasx    : Is http uri, downloading (uri: https://fonts.gstatic.com/s/e/notoemoji/16.0/1f63d/lottie.json)
Thu Jul 30 09:00:41 UTC 2026 | ALL | 07-30 09:00:40.252  3232  4458 W BugleRcsEngine: Unable to send diagnostic log [CONTEXT thread_id=133 ]
Thu Jul 30 09:00:41 UTC 2026 | ALL | 07-30 09:00:40.252  3232  3434 W BugleRcsEngine: Unable to send diagnostic log [CONTEXT thread_id=68 ]
Thu Jul 30 09:00:41 UTC 2026 | ALL | 07-30 09:00:40.255   361  4463 I resolv  : GetAddrInfoHandler::run: {100 786532 100 983140 10134 0}
Thu Jul 30 09:00:41 UTC 2026 | ALL | 07-30 09:00:40.256   361  4464 I resolv  : res_nmkquery: (QUERY, IN, AAAA)
Thu Jul 30 09:00:41 UTC 2026 | ALL | 07-30 09:00:40.256   361  4464 I resolv  : resolv_cache_lookup: FOUND IN CACHE entry=0x79bc5712cdd0
Thu Jul 30 09:00:41 UTC 2026 | ALL | 07-30 09:00:40.256   361  4464 I resolv  : doQuery: rcode=0, ancount=1, return value=76
Thu Jul 30 09:00:41 UTC 2026 | ALL | 07-30 09:00:40.256   361  4465 I resolv  : res_nmkquery: (QUERY, IN, A)
Thu Jul 30 09:00:41 UTC 2026 | ALL | 07-30 09:00:40.256   361  4465 I resolv  : resolv_cache_lookup: FOUND IN CACHE entry=0x79bc5712bd30
Thu Jul 30 09:00:41 UTC 2026 | ALL | 07-30 09:00:40.256   361  4465 I resolv  : doQuery: rcode=0, ancount=1, return value=64
Thu Jul 30 09:00:41 UTC 2026 | ALL | 07-30 09:00:40.257  3232  3434 D TrafficStats: tagSocket(177) with statsTag=0xca0, statsUid=-1
Thu Jul 30 09:00:41 UTC 2026 | ALL | 07-30 09:00:40.258  3232  3524 D dasx    : Starting download: https://fonts.gstatic.com/s/e/notoemoji/16.0/1f640/lottie.json
Thu Jul 30 09:00:41 UTC 2026 | ALL | 07-30 09:00:40.258  3232  3524 V dasx    : Is http uri, downloading (uri: https://fonts.gstatic.com/s/e/notoemoji/16.0/1f640/lottie.json)
Thu Jul 30 09:00:41 UTC 2026 | ALL | 07-30 09:00:40.266   560   576 D WindowManager: captureDisplay
Thu Jul 30 09:00:41 UTC 2026 | ALL | 07-30 09:00:40.267  3232  3524 E MDD     : DownloadProgressMonitor: Can't find file group for uri: android://com.google.android.apps.messaging/files/datadownload/shared/public/datadownloadfile_1785401964746
Thu Jul 30 09:00:41 UTC 2026 | ALL | 07-30 09:00:40.271  3232  3378 E MDD     : DownloadProgressMonitor: Can't find file group for uri: android://com.google.android.apps.messaging/files/datadownload/shared/public/datadownloadfile_1785401964745
Thu Jul 30 09:00:41 UTC 2026 | ALL | 07-30 09:00:40.272  3232  3370 W BugleRcsEngine: Unable to send diagnostic log [CONTEXT thread_id=50 ]
Thu Jul 30 09:00:41 UTC 2026 | ALL | 07-30 09:00:40.278  3232  3370 D dasx    : Starting download: https://fonts.gstatic.com/s/e/notoemoji/16.0/1f63f/lottie.json
Thu Jul 30 09:00:41 UTC 2026 | ALL | 07-30 09:00:40.278  3232  3370 V dasx    : Is http uri, downloading (uri: https://fonts.gstatic.com/s/e/notoemoji/16.0/1f63f/lottie.json)
Thu Jul 30 09:00:41 UTC 2026 | ALL | 07-30 09:00:40.296  4162  4195 I appium  : Screenshot broadcast client opened a connection 127.0.0.1:46576
Thu Jul 30 09:00:41 UTC 2026 | ALL | 07-30 09:00:40.303  3232  3384 D dasx    : Starting download: https://fonts.gstatic.com/s/e/notoemoji/16.0/1f63e/lottie.json
Thu Jul 30 09:00:41 UTC 2026 | ALL | 07-30 09:00:40.303  3232  3384 V dasx    : Is http uri, downloading (uri: https://fonts.gstatic.com/s/e/notoemoji/16.0/1f63e/lottie.json)
Thu Jul 30 09:00:41 UTC 2026 | ALL | 07-30 09:00:40.306  3232  3370 E MDD     : DownloadProgressMonitor: Can't find file group for uri: android://com.google.android.apps.messaging/files/datadownload/shared/public/datadownloadfile_1785401964747
Thu Jul 30 09:00:41 UTC 2026 | ALL | 07-30 09:00:40.308  3232  3524 D dasx    : Starting download: https://fonts.gstatic.com/s/e/notoemoji/16.0/1f648/lottie.json
Thu Jul 30 09:00:41 UTC 2026 | ALL | 07-30 09:00:40.308  3232  3524 V dasx    : Is http uri, downloading (uri: https://fonts.gstatic.com/s/e/notoemoji/16.0/1f648/lottie.json)
Thu Jul 30 09:00:41 UTC 2026 | ALL | 07-30 09:00:40.316  3232  3384 E MDD     : DownloadProgressMonitor: Can't find file group for uri: android://com.google.android.apps.messaging/files/datadownload/shared/public/datadownloadfile_1785401964748
Thu Jul 30 09:00:41 UTC 2026 | ALL | 07-30 09:00:40.318  3232  3370 D dasx    : Starting download: https://fonts.gstatic.com/s/e/notoemoji/16.0/1f649/lottie.json
Thu Jul 30 09:00:41 UTC 2026 | ALL | 07-30 09:00:40.318  3232  3370 V dasx    : Is http uri, downloading (uri: https://fonts.gstatic.com/s/e/notoemoji/16.0/1f649/lottie.json)
Thu Jul 30 09:00:41 UTC 2026 | ALL | 07-30 09:00:40.323  3232  3524 E MDD     : DownloadProgressMonitor: Can't find file group for uri: android://com.google.android.apps.messaging/files/datadownload/shared/public/datadownloadfile_1785401964749
Thu Jul 30 09:00:41 UTC 2026 | ALL | 07-30 09:00:40.328  3232  3384 D dasx    : Starting download: https://fonts.gstatic.com/s/e/notoemoji/16.0/1f64a/lottie.json
Thu Jul 30 09:00:41 UTC 2026 | ALL | 07-30 09:00:40.328  3232  3384 V dasx    : Is http uri, downloading (uri: https://fonts.gstatic.com/s/e/notoemoji/16.0/1f64a/lottie.json)
Thu Jul 30 09:00:41 UTC 2026 | ALL | 07-30 09:00:40.337  3232  3370 E MDD     : DownloadProgressMonitor: Can't find file group for uri: android://com.google.android.apps.messaging/files/datadownload/shared/public/datadownloadfile_1785401964750
Thu Jul 30 09:00:41 UTC 2026 | ALL | 07-30 09:00:40.341  3232  3524 D dasx    : Starting download: https://fonts.gstatic.com/s/e/notoemoji/16.0/1f31f/lottie.json
Thu Jul 30 09:00:41 UTC 2026 | ALL | 07-30 09:00:40.342  3232  3524 V dasx    : Is http uri, downloading (uri: https://fonts.gstatic.com/s/e/notoemoji/16.0/1f31f/lottie.json)
Thu Jul 30 09:00:41 UTC 2026 | ALL | 07-30 09:00:40.343  3232  3384 E MDD     : DownloadProgressMonitor: Can't find file group for uri: android://com.google.android.apps.messaging/files/datadownload/shared/public/datadownloadfile_1785401964751
Thu Jul 30 09:00:41 UTC 2026 | ALL | 07-30 09:00:40.347  3232  3370 D dasx    : Starting download: https://fonts.gstatic.com/s/e/notoemoji/16.0/2728/lottie.json
Thu Jul 30 09:00:41 UTC 2026 | ALL | 07-30 09:00:40.347  3232  3370 V dasx    : Is http uri, downloading (uri: https://fonts.gstatic.com/s/e/notoemoji/16.0/2728/lottie.json)
Thu Jul 30 09:00:41 UTC 2026 | ALL | 07-30 09:00:40.349  3232  3524 E MDD     : DownloadProgressMonitor: Can't find file group for uri: android://com.google.android.apps.messaging/files/datadownload/shared/public/datadownloadfile_1785401964752
Thu Jul 30 09:00:41 UTC 2026 | ALL | 07-30 09:00:40.357  3232  3370 E MDD     : DownloadProgressMonitor: Can't find file group for uri: android://com.google.android.apps.messaging/files/datadownload/shared/public/datadownloadfile_1785401964753
Thu Jul 30 09:00:41 UTC 2026 | ALL | 07-30 09:00:40.357  3232  3384 D dasx    : Starting download: https://fonts.gstatic.com/s/e/notoemoji/16.0/26a1/lottie.json
Thu Jul 30 09:00:41 UTC 2026 | ALL | 07-30 09:00:40.357  3232  3384 V dasx    : Is http uri, downloading (uri: https://fonts.gstatic.com/s/e/notoemoji/16.0/26a1/lottie.json)
Thu Jul 30 09:00:41 UTC 2026 | ALL | 07-30 09:00:40.359  3232  3524 D dasx    : Starting download: https://fonts.gstatic.com/s/e/notoemoji/16.0/1f4a5/lottie.json
Thu Jul 30 09:00:41 UTC 2026 | ALL | 07-30 09:00:40.359  3232  3524 V dasx    : Is http uri, downloading (uri: https://fonts.gstatic.com/s/e/notoemoji/16.0/1f4a5/lottie.json)
Thu Jul 30 09:00:41 UTC 2026 | ALL | 07-30 09:00:40.394  3232  3434 W BugleRcsEngine: Unable to send diagnostic log [CONTEXT thread_id=68 ]
Thu Jul 30 09:00:41 UTC 2026 | ALL | 07-30 09:00:40.394  3232  4458 I BugleRcsEngine: RequestWithImsiState: event HTTP Response [ff6ec634-a2bd-48b4-abaa-e2df54113335] [CONTEXT log_prefix="(PEv2-SM202938899-DefaultCallSmsData-1-934)" thread_id=133 ]
Thu Jul 30 09:00:41 UTC 2026 | ALL | 07-30 09:00:40.396  3232  4458 I BugleRcsEngine: InProgressState: event HTTP Response [ff6ec634-a2bd-48b4-abaa-e2df54113335] [CONTEXT log_prefix="(PEv2-SM202938899-DefaultCallSmsData-1-934)" thread_id=133 ]
Thu Jul 30 09:00:41 UTC 2026 | ALL | 07-30 09:00:40.396  3232  4458 W BugleRcsEngine: Unable to send diagnostic log [CONTEXT thread_id=133 ]
Thu Jul 30 09:00:41 UTC 2026 | ALL | 07-30 09:00:40.396  3232  4458 I BugleRcsEngine: RequestWithImsiState: event HTTP 400 (Bad request) [ff6ec634-a2bd-48b4-abaa-e2df54113335] [CONTEXT log_prefix="(PEv2-SM202938899-DefaultCallSmsData-1-934)" thread_id=133 ]
Thu Jul 30 09:00:41 UTC 2026 | ALL | 07-30 09:00:40.397  3232  4458 I BugleRcsEngine: InProgressState: event HTTP 400 (Bad request) [ff6ec634-a2bd-48b4-abaa-e2df54113335] [CONTEXT log_prefix="(PEv2-SM202938899-DefaultCallSmsData-1-934)" thread_id=133 ]
Thu Jul 30 09:00:41 UTC 2026 | ALL | 07-30 09:00:40.397  3232  4458 W BugleRcsEngine: Unable to send diagnostic log [CONTEXT thread_id=133 ]
Thu Jul 30 09:00:41 UTC 2026 | ALL | 07-30 09:00:40.398   560   576 D WindowManager: captureDisplay
Thu Jul 30 09:00:41 UTC 2026 | ALL | 07-30 09:00:40.406  3232  4458 I BugleRcsEngine: transitionTo: destState=RetryState [ff6ec634-a2bd-48b4-abaa-e2df54113335] [CONTEXT log_prefix="(PEv2-SM202938899-DefaultCallSmsData-1-934)" thread_id=133 ]
Thu Jul 30 09:00:41 UTC 2026 | ALL | 07-30 09:00:40.406  3232  4458 I BugleRcsEngine: onTransitionRequested RequestWithImsiState [ff6ec634-a2bd-48b4-abaa-e2df54113335] [CONTEXT log_prefix="(PEv2-SM202938899-DefaultCallSmsData-1-934)" thread_id=133 ]
Thu Jul 30 09:00:41 UTC 2026 | ALL | 07-30 09:00:40.412  3232  4458 I BugleRcsEngine: Exit RequestWithImsiState [ff6ec634-a2bd-48b4-abaa-e2df54113335] [CONTEXT log_prefix="(PEv2-SM202938899-DefaultCallSmsData-1-934)" thread_id=133 ]
Thu Jul 30 09:00:41 UTC 2026 | ALL | 07-30 09:00:40.420  4162  4195 I appium  : Screenshot broadcast client opened a connection 127.0.0.1:46576
Thu Jul 30 09:00:41 UTC 2026 | ALL | 07-30 09:00:40.420  3232  4458 W BugleRcsEngine: Unable to send diagnostic log [CONTEXT thread_id=133 ]
Thu Jul 30 09:00:41 UTC 2026 | ALL | 07-30 09:00:40.421  3232  4458 I BugleRcsEngine: Exit InProgressState [ff6ec634-a2bd-48b4-abaa-e2df54113335] [CONTEXT log_prefix="(PEv2-SM202938899-DefaultCallSmsData-1-934)" thread_id=133 ]
Thu Jul 30 09:00:41 UTC 2026 | ALL | 07-30 09:00:40.421  3232  4458 W BugleRcsEngine: Unable to send diagnostic log [CONTEXT thread_id=133 ]
Thu Jul 30 09:00:41 UTC 2026 | ALL | 07-30 09:00:40.421  3232  4458 I BugleRcsEngine: Enter RetryState [ff6ec634-a2bd-48b4-abaa-e2df54113335] [CONTEXT log_prefix="(PEv2-SM202938899-DefaultCallSmsData-1-934)" thread_id=133 ]
Thu Jul 30 09:00:41 UTC 2026 | ALL | 07-30 09:00:40.427  3232  3434 W BugleRcsEngine: Unable to send diagnostic log [CONTEXT thread_id=68 ]
Thu Jul 30 09:00:41 UTC 2026 | ALL | 07-30 09:00:40.428  3232  3384 E MDD     : DownloadProgressMonitor: Can't find file group for uri: android://com.google.android.apps.messaging/files/datadownload/shared/public/datadownloadfile_1785401964754
Thu Jul 30 09:00:41 UTC 2026 | ALL | 07-30 09:00:40.428  3232  3524 E MDD     : DownloadProgressMonitor: Can't find file group for uri: android://com.google.android.apps.messaging/files/datadownload/shared/public/datadownloadfile_1785401964755
Thu Jul 30 09:00:41 UTC 2026 | ALL | 07-30 09:00:40.431  3232  4458 W BugleRcsEngine: Unable to send diagnostic log [CONTEXT thread_id=133 ]
Thu Jul 30 09:00:41 UTC 2026 | ALL | 07-30 09:00:40.432  3232  4458 I BugleRcsEngine: nextRetry = 0 [ff6ec634-a2bd-48b4-abaa-e2df54113335] [CONTEXT log_prefix="(PEv2-SM202938899-DefaultCallSmsData-1-934)" thread_id=133 ]
Thu Jul 30 09:00:41 UTC 2026 | ALL | 07-30 09:00:40.432  3232  4458 I BugleRcsEngine: scheduleRetry, currentRetry = 0, retryMillis = 240000 [ff6ec634-a2bd-48b4-abaa-e2df54113335] [CONTEXT log_prefix="(PEv2-SM202938899-DefaultCallSmsData-1-934)" thread_id=133 ]
Thu Jul 30 09:00:41 UTC 2026 | ALL | 07-30 09:00:40.437  3232  3521 D dasx    : Starting download: https://fonts.gstatic.com/s/e/notoemoji/16.0/1f525/lottie.json
Thu Jul 30 09:00:41 UTC 2026 | ALL | 07-30 09:00:40.437  3232  3521 V dasx    : Is http uri, downloading (uri: https://fonts.gstatic.com/s/e/notoemoji/16.0/1f525/lottie.json)
Thu Jul 30 09:00:41 UTC 2026 | ALL | 07-30 09:00:40.443  3232  4458 I BugleRcsWorker: [seqId=2][workId=003ee7c9-e312-4417-9896-d6da408bbbc4] Received a provisioning state changed event from the provisioning engine RETRY
Thu Jul 30 09:00:41 UTC 2026 | ALL | 07-30 09:00:40.444  3232  4458 I BugleRcsWorker: [seqId=2][workId=003ee7c9-e312-4417-9896-d6da408bbbc4] Provisioning Engine entered RetryState, provisioning task will be rescheduled with exponential backoff
Thu Jul 30 09:00:41 UTC 2026 | ALL | 07-30 09:00:40.445  3232  4458 I BugleRcsWorker: [seqId=2][workId=003ee7c9-e312-4417-9896-d6da408bbbc4] finish provisioning task with result Success {mOutputData=Data {}}
Thu Jul 30 09:00:41 UTC 2026 | ALL | 07-30 09:00:40.445  3232  4458 I BugleRcsWorker: [seqId=2][workId=003ee7c9-e312-4417-9896-d6da408bbbc4] RCS provisioning task has finished with result Success {mOutputData=Data {}}
Thu Jul 30 09:00:41 UTC 2026 | ALL | 07-30 09:00:40.447  3232  3521 E MDD     : DownloadProgressMonitor: Can't find file group for uri: android://com.google.android.apps.messaging/files/datadownload/shared/public/datadownloadfile_1785401964756
Thu Jul 30 09:00:41 UTC 2026 | ALL | 07-30 09:00:40.449  3232  3352 I WM-WorkerWrapper: Worker result SUCCESS for Work [ id=ec35f340-e09c-4420-8086-51fbd93c0463, tags={ com.google.android.apps.messaging.rcsprovisioning.RcsProvisioningListenableWorker,provisioning } ]
Thu Jul 30 09:00:41 UTC 2026 | ALL | 07-30 09:00:40.455  3232  3526 I BugleRcsEngine: quit [null] [CONTEXT log_prefix="(PEv2-SM202938899-DefaultCallSmsData-1-934)" thread_id=90 ]
Thu Jul 30 09:00:41 UTC 2026 | ALL | 07-30 09:00:40.455  3232  4458 I BugleRcsEngine: transitionTo: destState=ciru [null] [CONTEXT log_prefix="(PEv2-SM202938899-DefaultCallSmsData-1-934)" thread_id=133 ]
Thu Jul 30 09:00:41 UTC 2026 | ALL | 07-30 09:00:40.455  3232  4458 I BugleRcsEngine: Exit RetryState [null] [CONTEXT log_prefix="(PEv2-SM202938899-DefaultCallSmsData-1-934)" thread_id=133 ]
Thu Jul 30 09:00:41 UTC 2026 | ALL | 07-30 09:00:40.456  3232  4458 W BugleRcsEngine: Unable to send diagnostic log [CONTEXT thread_id=133 ]
Thu Jul 30 09:00:41 UTC 2026 | ALL | 07-30 09:00:40.456  3232  4458 W BugleRcsEngine: onQuitting [null] [CONTEXT log_prefix="(PEv2-SM202938899-DefaultCallSmsData-1-934)" thread_id=133 ]
Thu Jul 30 09:00:41 UTC 2026 | ALL | 07-30 09:00:40.463  3232  3334 I Bugle   : Scheduling custom retry
Thu Jul 30 09:00:41 UTC 2026 | ALL | 07-30 09:00:40.463  3232  3370 D dasx    : Starting download: https://fonts.gstatic.com/s/e/notoemoji/16.0/1f389/lottie.json
Thu Jul 30 09:00:41 UTC 2026 | ALL | 07-30 09:00:40.463  3232  3370 V dasx    : Is http uri, downloading (uri: https://fonts.gstatic.com/s/e/notoemoji/16.0/1f389/lottie.json)
Thu Jul 30 09:00:41 UTC 2026 | ALL | 07-30 09:00:40.464  3232  3524 W BugleRcsEngine: Unable to send diagnostic log [CONTEXT thread_id=88 ]
Thu Jul 30 09:00:41 UTC 2026 | ALL | 07-30 09:00:40.464  3232  3524 W BugleRcsEngine: Unable to send diagnostic log [CONTEXT thread_id=88 ]
Thu Jul 30 09:00:41 UTC 2026 | ALL | 07-30 09:00:40.466  3232  3378 D dasx    : Starting download: https://fonts.gstatic.com/s/e/notoemoji/16.0/1f4af/lottie.json
Thu Jul 30 09:00:41 UTC 2026 | ALL | 07-30 09:00:40.466  3232  3378 V dasx    : Is http uri, downloading (uri: https://fonts.gstatic.com/s/e/notoemoji/16.0/1f4af/lottie.json)
Thu Jul 30 09:00:41 UTC 2026 | ALL | 07-30 09:00:40.466  3232  3521 I BugleRcsEngine: [SR]: Single Registration is disabled. Skipping Single Registration capability check for subId: 1, OS.isAtLeastS:[true], enableSingleRegistrationProvisioning:[false] [CONTEXT thread_id=85 ]
Thu Jul 30 09:00:41 UTC 2026 | ALL | 07-30 09:00:40.481  3232  3378 E MDD     : DownloadProgressMonitor: Can't find file group for uri: android://com.google.android.apps.messaging/files/datadownload/shared/public/datadownloadfile_1785401964757
Thu Jul 30 09:00:41 UTC 2026 | ALL | 07-30 09:00:40.481  3232  3521 I BugleRcsEngine: No RCS Configuration was found in Bugle for simID: redacted-pii:sim_id[chars:20,last3:897] [CONTEXT log_prefix="ProvisioningEngineDataRetriever" thread_id=85 ]
Thu Jul 30 09:00:41 UTC 2026 | ALL | 07-30 09:00:40.482  3232  3370 E MDD     : DownloadProgressMonitor: Can't find file group for uri: android://com.google.android.apps.messaging/files/datadownload/shared/public/datadownloadfile_1785401964758
Thu Jul 30 09:00:41 UTC 2026 | ALL | 07-30 09:00:40.487  3232  3434 D dasx    : Starting download: https://fonts.gstatic.com/s/e/notoemoji/16.0/1f38a/lottie.json
Thu Jul 30 09:00:41 UTC 2026 | ALL | 07-30 09:00:40.487  3232  3434 V dasx    : Is http uri, downloading (uri: https://fonts.gstatic.com/s/e/notoemoji/16.0/1f38a/lottie.json)
Thu Jul 30 09:00:41 UTC 2026 | ALL | 07-30 09:00:40.488  3232  3378 D dasx    : Starting download: https://fonts.gstatic.com/s/e/notoemoji/16.0/2764_fe0f/lottie.json
Thu Jul 30 09:00:41 UTC 2026 | ALL | 07-30 09:00:40.488  3232  3378 V dasx    : Is http uri, downloading (uri: https://fonts.gstatic.com/s/e/notoemoji/16.0/2764_fe0f/lottie.json)
Thu Jul 30 09:00:41 UTC 2026 | ALL | 07-30 09:00:40.499  3232  3521 I BugleRcsEngine: Scheduled provisioning task with 60 seconds delay, APPEND policy, trigger is STATE_MACHINE_RETRY, workerId is f5fa8bf1-64ac-4e6a-951e-d64e81d714a4 [CONTEXT thread_id=85 ]
Thu Jul 30 09:00:41 UTC 2026 | ALL | 07-30 09:00:40.502  3232  3434 E MDD     : DownloadProgressMonitor: Can't find file group for uri: android://com.google.android.apps.messaging/files/datadownload/shared/public/datadownloadfile_1785401964759
Thu Jul 30 09:00:41 UTC 2026 | ALL | 07-30 09:00:40.517  3232  3521 D dasx    : Starting download: https://fonts.gstatic.com/s/e/notoemoji/16.0/1f9e1/lottie.json
Thu Jul 30 09:00:41 UTC 2026 | ALL | 07-30 09:00:40.517  3232  3521 V dasx    : Is http uri, downloading (uri: https://fonts.gstatic.com/s/e/notoemoji/16.0/1f9e1/lottie.json)
Thu Jul 30 09:00:41 UTC 2026 | ALL | 07-30 09:00:40.520  4162  4195 W appium  : Client socket connection not writable. Closing... java.net.SocketException: Broken pipe
Thu Jul 30 09:00:41 UTC 2026 | ALL | 07-30 09:00:40.523   560   993 D WindowManager: captureDisplay
Thu Jul 30 09:00:41 UTC 2026 | ALL | 07-30 09:00:40.644  4162  4220 I appium  : channel read: POST /session/0ec58237-84ed-40bd-bf67-28bb2b70cae2/element
Thu Jul 30 09:00:41 UTC 2026 | ALL | 07-30 09:00:40.644  4162  4220 I appium  : FindElement command
Thu Jul 30 09:00:41 UTC 2026 | ALL | 07-30 09:00:40.645  4162  4220 I appium  : method: 'xpath', selector: '//android.widget.EditText[@text='your.email@example.com' or @hint='your.email@example.com' or @text='Email Address' or @index='0']'
Thu Jul 30 09:00:41 UTC 2026 | ALL | 07-30 09:00:40.646  4162  4220 I appium  : Waiting up to 10000ms for the device to idle
Thu Jul 30 09:00:41 UTC 2026 | ALL | 07-30 09:00:40.647  4162  4220 I appium  : The following attributes will be included to the page source: [index, text, hint]
Thu Jul 30 09:00:41 UTC 2026 | ALL | 07-30 09:00:40.652  4162  4170 I tomator2.server: Method exceeds compiler instruction limit: 19264 in java_cup.runtime.Symbol org.eclipse.wst.xml.xpath2.processor.internal.CUP$XPathCup$actions.CUP$XPathCup$do_action(int, java_cup.runtime.lr_parser, java.util.Stack, int)
Thu Jul 30 09:00:41 UTC 2026 | ALL | 07-30 09:00:40.663  4162  4220 I appium  : Took 0ms to retrieve 0 matches for '//android.widget.EditText[@text='your.email@example.com' or @hint='your.email@example.com' or @text='Email Address' or @index='0']' XPath2 query
Thu Jul 30 09:00:41 UTC 2026 | ALL | 07-30 09:00:40.664  4162  4220 I appium  : AppiumResponse: {"sessionId":"0ec58237-84ed-40bd-bf67-28bb2b70cae2","value":{"error":"no such element","message":"An element could not be located on the page using the given search parameters","stacktrace":"io.appium.uiautomator2.common.exceptions.ElementNotFoundException: An element could not be located on the page using the given search parameters\n\tat io.appium.uiautomator2.utils.ElementLocationHelpers.findElement(ElementLocationHelpers.java:156)\n\tat io.appium.uiautomator2.handler.FindElement.safeHandle(FindElement.java:60)\n\tat io.appium.uiautomator2.handler.request.SafeRequestHandler.handle(SafeRequestHandler.java:59)\n\tat io.appium.uiautomator2.server.AppiumServlet.handleRequest(AppiumServlet.java:259)\n\tat io.appium.uiautomator2.server.AppiumServlet.handleHttpRequest(AppiumServlet.java:253)\n\tat io.appium.uiautomator2.http.ServerHandler.channelRead(ServerHandler.java:77)\n\tat io.netty.channel.AbstractChannelHandlerContext.invokeChannelRead(AbstractChannelHandlerContext.java:374)\n\tat io.netty.channel.AbstractChannelHandlerContext.invokeChannelRead(AbstractChannelHandlerContext.java:360)\n\tat io.netty.channel.AbstractChannelHandlerContext.fireChannelRead(AbstractChannelHandlerContext.java:352)\n\tat io.netty.handler.codec.MessageToMessageDecoder.channelRead(MessageToMessageDecoder.java:102)\n\tat io.netty.channel.AbstractChannelHandlerContext.invokeChannelRead(AbstractChannelHandlerContext.java:374)\n\tat io.netty.channel.AbstractChannelHandlerContext.invokeChannelRead(AbstractChannelHandlerContext.java:360)\n\tat io.netty.channel.AbstractChannelHandlerContext.fireChannelRead(AbstractChannelHandlerContext.java:352)\n\tat io.netty.channel.CombinedChannelDuplexHandler$DelegatingChannelHandlerContext.fireChannelRead(CombinedChannelDuplexHandler.java:438)\n\tat io.netty.handler.codec.ByteToMessageDecoder.fireChannelRead(ByteToMessageDecoder.java:328)\n\tat io.netty.handler.codec.ByteToMessageDecoder.channelRead(ByteToMessageDecoder.java:302)\n\tat io.netty.channel.CombinedChannelDuplexHandler.channelRead(CombinedChannelDuplexHandler.java:253)\n\tat io.netty.channel.AbstractChannelHandlerContext.invokeChannelRead(AbstractChannelHandlerContext.java:374)\n\tat io.netty.channel.AbstractChannelHandlerContext.invokeChannelRead(AbstractChannelHandlerContext.java:360)\n\tat io.netty.channel.AbstractChannelHandlerContext.fireChannelRead(AbstractChannelHandlerContext.java:352)\n\tat io.netty.handler.timeout.IdleStateHandler.channelRead(IdleStateHandler.java:287)\n\tat io.netty.channel.AbstractChannelHandlerContext.invokeChannelRead(AbstractChannelHandlerContext.java:374)\n\tat io.netty.channel.AbstractChannelHandlerContext.invokeChannelRead(AbstractChannelHandlerContext.java:360)\n\tat io.netty.channel.AbstractChannelHandlerContext.fireChannelRead(AbstractChannelHandlerContext.java:352)\n\tat io.netty.channel.DefaultChannelPipeline$HeadContext.channelRead(DefaultChannelPipeline.java:1422)\n\tat io.netty.channel.AbstractChannelHandlerContext.invokeChannelRead(AbstractChannelHandlerContext.java:374)\n\tat io.netty.channel.AbstractChannelHandlerContext.invokeChannelRead(AbstractChannelHandlerContext.java:360)\n\tat io.netty.channel.DefaultChannelPipeline.fireChannelRead(DefaultChannelPipeline.java:931)\n\tat io.netty.channel.nio.AbstractNioByteChannel$NioByteUnsafe.read(AbstractNioByteChannel.java:163)\n\tat io.netty.channel.nio.NioEventLoop.processSelectedKey(NioEventLoop.java:700)\n\tat io.netty.channel.nio.NioEventLoop.processSelectedKeysOptimized(NioEventLoop.java:635)\n\tat io.netty.channel.nio.NioEventLoop.processSelectedKeys(NioEventLoop.java:552)\n\tat io.netty.channel.nio.NioEventLoop.run(NioEventLoop.java:514)\n\tat io.netty.util.concurrent.SingleThreadEventExecutor$6.run(SingleThreadEventExecutor.java:1044)\n\tat io.netty.util.internal.ThreadExecutorMap$2.run(ThreadExecutorMap.java:74)\n\tat io.netty.util.concurrent.FastThreadLocalRunnable.run(FastThreadLocalRunnable.java:30)\n\tat java.lang.Thread.run(Thread.java:1012)\n"}}
Thu Jul 30 09:00:41 UTC 2026 | ALL | 07-30 09:00:40.714  3232  3521 E MDD     : DownloadProgressMonitor: Can't find file group for uri: android://com.google.android.apps.messaging/files/datadownload/shared/public/datadownloadfile_1785401964761
Thu Jul 30 09:00:41 UTC 2026 | ALL | 07-30 09:00:40.715  3232  3378 E MDD     : DownloadProgressMonitor: Can't find file group for uri: android://com.google.android.apps.messaging/files/datadownload/shared/public/datadownloadfile_1785401964760
Thu Jul 30 09:00:41 UTC 2026 | ALL | 07-30 09:00:40.717  3232  3378 D dasx    : Starting download: https://fonts.gstatic.com/s/e/notoemoji/16.0/1f49a/lottie.json
Thu Jul 30 09:00:41 UTC 2026 | ALL | 07-30 09:00:40.717  3232  3378 V dasx    : Is http uri, downloading (uri: https://fonts.gstatic.com/s/e/notoemoji/16.0/1f49a/lottie.json)
Thu Jul 30 09:00:41 UTC 2026 | ALL | 07-30 09:00:40.717  3232  3434 D dasx    : Starting download: https://fonts.gstatic.com/s/e/notoemoji/16.0/1f49b/lottie.json
Thu Jul 30 09:00:41 UTC 2026 | ALL | 07-30 09:00:40.717  3232  3434 V dasx    : Is http uri, downloading (uri: https://fonts.gstatic.com/s/e/notoemoji/16.0/1f49b/lottie.json)
Thu Jul 30 09:00:41 UTC 2026 | ALL | 07-30 09:00:40.931  3232  3378 E MDD     : DownloadProgressMonitor: Can't find file group for uri: android://com.google.android.apps.messaging/files/datadownload/shared/public/datadownloadfile_1785401964763
Thu Jul 30 09:00:41 UTC 2026 | ALL | 07-30 09:00:40.932  3232  3434 E MDD     : DownloadProgressMonitor: Can't find file group for uri: android://com.google.android.apps.messaging/files/datadownload/shared/public/datadownloadfile_1785401964762
Thu Jul 30 09:00:41 UTC 2026 | ALL | 07-30 09:00:40.934  3232  3521 D dasx    : Starting download: https://fonts.gstatic.com/s/e/notoemoji/16.0/1fa75/lottie.json
Thu Jul 30 09:00:41 UTC 2026 | ALL | 07-30 09:00:40.934  3232  3521 V dasx    : Is http uri, downloading (uri: https://fonts.gstatic.com/s/e/notoemoji/16.0/1fa75/lottie.json)
Thu Jul 30 09:00:41 UTC 2026 | ALL | 07-30 09:00:40.935  3232  3434 D dasx    : Starting download: https://fonts.gstatic.com/s/e/notoemoji/16.0/1f499/lottie.json
Thu Jul 30 09:00:41 UTC 2026 | ALL | 07-30 09:00:40.935  3232  3434 V dasx    : Is http uri, downloading (uri: https://fonts.gstatic.com/s/e/notoemoji/16.0/1f499/lottie.json)
Thu Jul 30 09:00:41 UTC 2026 | ALL | 07-30 09:00:40.941  3232  3521 E MDD     : DownloadProgressMonitor: Can't find file group for uri: android://com.google.android.apps.messaging/files/datadownload/shared/public/datadownloadfile_1785401964764
Thu Jul 30 09:00:41 UTC 2026 | ALL | 07-30 09:00:40.942  3232  3434 E MDD     : DownloadProgressMonitor: Can't find file group for uri: android://com.google.android.apps.messaging/files/datadownload/shared/public/datadownloadfile_1785401964765
Thu Jul 30 09:00:41 UTC 2026 | ALL | 07-30 09:00:40.943  3232  3378 D dasx    : Starting download: https://fonts.gstatic.com/s/e/notoemoji/16.0/1f49c/lottie.json
Thu Jul 30 09:00:41 UTC 2026 | ALL | 07-30 09:00:40.943  3232  3378 V dasx    : Is http uri, downloading (uri: https://fonts.gstatic.com/s/e/notoemoji/16.0/1f49c/lottie.json)
Thu Jul 30 09:00:41 UTC 2026 | ALL | 07-30 09:00:40.944  3232  3370 D dasx    : Starting download: https://fonts.gstatic.com/s/e/notoemoji/16.0/1f90e/lottie.json
Thu Jul 30 09:00:41 UTC 2026 | ALL | 07-30 09:00:40.944  3232  3370 V dasx    : Is http uri, downloading (uri: https://fonts.gstatic.com/s/e/notoemoji/16.0/1f90e/lottie.json)
Thu Jul 30 09:00:41 UTC 2026 | ALL | 07-30 09:00:40.949  3232  3378 E MDD     : DownloadProgressMonitor: Can't find file group for uri: android://com.google.android.apps.messaging/files/datadownload/shared/public/datadownloadfile_1785401964766
Thu Jul 30 09:00:41 UTC 2026 | ALL | 07-30 09:00:40.950  3232  3434 D dasx    : Starting download: https://fonts.gstatic.com/s/e/notoemoji/16.0/1f5a4/lottie.json
Thu Jul 30 09:00:41 UTC 2026 | ALL | 07-30 09:00:40.950  3232  3434 V dasx    : Is http uri, downloading (uri: https://fonts.gstatic.com/s/e/notoemoji/16.0/1f5a4/lottie.json)
Thu Jul 30 09:00:41 UTC 2026 | ALL | 07-30 09:00:40.953  3232  3370 E MDD     : DownloadProgressMonitor: Can't find file group for uri: android://com.google.android.apps.messaging/files/datadownload/shared/public/datadownloadfile_1785401964767
Thu Jul 30 09:00:41 UTC 2026 | ALL | 07-30 09:00:40.954  3232  3378 D dasx    : Starting download: https://fonts.gstatic.com/s/e/notoemoji/16.0/1fa76/lottie.json
Thu Jul 30 09:00:41 UTC 2026 | ALL | 07-30 09:00:40.954  3232  3378 V dasx    : Is http uri, downloading (uri: https://fonts.gstatic.com/s/e/notoemoji/16.0/1fa76/lottie.json)
Thu Jul 30 09:00:41 UTC 2026 | ALL | 07-30 09:00:40.956  3232  3434 E MDD     : DownloadProgressMonitor: Can't find file group for uri: android://com.google.android.apps.messaging/files/datadownload/shared/public/datadownloadfile_1785401964768
Thu Jul 30 09:00:41 UTC 2026 | ALL | 07-30 09:00:40.959  3232  3370 D dasx    : Starting download: https://fonts.gstatic.com/s/e/notoemoji/16.0/1f90d/lottie.json
Thu Jul 30 09:00:41 UTC 2026 | ALL | 07-30 09:00:40.959  3232  3370 V dasx    : Is http uri, downloading (uri: https://fonts.gstatic.com/s/e/notoemoji/16.0/1f90d/lottie.json)
Thu Jul 30 09:00:41 UTC 2026 | ALL | 07-30 09:00:40.960  3232  3378 E MDD     : DownloadProgressMonitor: Can't find file group for uri: android://com.google.android.apps.messaging/files/datadownload/shared/public/datadownloadfile_1785401964769
Thu Jul 30 09:00:41 UTC 2026 | ALL | 07-30 09:00:40.961  3232  3434 D dasx    : Starting download: https://fonts.gstatic.com/s/e/notoemoji/16.0/1fa77/lottie.json
Thu Jul 30 09:00:41 UTC 2026 | ALL | 07-30 09:00:40.962  3232  3434 V dasx    : Is http uri, downloading (uri: https://fonts.gstatic.com/s/e/notoemoji/16.0/1fa77/lottie.json)
Thu Jul 30 09:00:42 UTC 2026 | ALL | 07-30 09:00:41.170  3232  3370 E MDD     : DownloadProgressMonitor: Can't find file group for uri: android://com.google.android.apps.messaging/files/datadownload/shared/public/datadownloadfile_1785401964770
Thu Jul 30 09:00:42 UTC 2026 | ALL | 07-30 09:00:41.171  3232  3434 E MDD     : DownloadProgressMonitor: Can't find file group for uri: android://com.google.android.apps.messaging/files/datadownload/shared/public/datadownloadfile_1785401964771
Thu Jul 30 09:00:42 UTC 2026 | ALL | 07-30 09:00:41.172  3232  3378 D dasx    : Starting download: https://fonts.gstatic.com/s/e/notoemoji/16.0/1f498/lottie.json
Thu Jul 30 09:00:42 UTC 2026 | ALL | 07-30 09:00:41.172  3232  3378 V dasx    : Is http uri, downloading (uri: https://fonts.gstatic.com/s/e/notoemoji/16.0/1f498/lottie.json)
Thu Jul 30 09:00:42 UTC 2026 | ALL | 07-30 09:00:41.174  3232  3370 D dasx    : Starting download: https://fonts.gstatic.com/s/e/notoemoji/16.0/1f49d/lottie.json
Thu Jul 30 09:00:42 UTC 2026 | ALL | 07-30 09:00:41.174  3232  3370 V dasx    : Is http uri, downloading (uri: https://fonts.gstatic.com/s/e/notoemoji/16.0/1f49d/lottie.json)
Thu Jul 30 09:00:42 UTC 2026 | ALL | 07-30 09:00:41.174  4162  4220 I appium  : channel read: POST /session/0ec58237-84ed-40bd-bf67-28bb2b70cae2/element
Thu Jul 30 09:00:42 UTC 2026 | ALL | 07-30 09:00:41.175  4162  4220 I appium  : FindElement command
Thu Jul 30 09:00:42 UTC 2026 | ALL | 07-30 09:00:41.177  4162  4220 I appium  : method: 'xpath', selector: '//android.widget.EditText[@text='your.email@example.com' or @hint='your.email@example.com' or @text='Email Address' or @index='0']'
Thu Jul 30 09:00:42 UTC 2026 | ALL | 07-30 09:00:41.177  4162  4220 I appium  : Waiting up to 10000ms for the device to idle
Thu Jul 30 09:00:42 UTC 2026 | ALL | 07-30 09:00:41.178  4162  4220 I appium  : The following attributes will be included to the page source: [index, text, hint]
Thu Jul 30 09:00:42 UTC 2026 | ALL | 07-30 09:00:41.193  4162  4220 I appium  : Took 0ms to retrieve 0 matches for '//android.widget.EditText[@text='your.email@example.com' or @hint='your.email@example.com' or @text='Email Address' or @index='0']' XPath2 query
Thu Jul 30 09:00:42 UTC 2026 | ALL | 07-30 09:00:41.194  4162  4220 I appium  : AppiumResponse: {"sessionId":"0ec58237-84ed-40bd-bf67-28bb2b70cae2","value":{"error":"no such element","message":"An element could not be located on the page using the given search parameters","stacktrace":"io.appium.uiautomator2.common.exceptions.ElementNotFoundException: An element could not be located on the page using the given search parameters\n\tat io.appium.uiautomator2.utils.ElementLocationHelpers.findElement(ElementLocationHelpers.java:156)\n\tat io.appium.uiautomator2.handler.FindElement.safeHandle(FindElement.java:60)\n\tat io.appium.uiautomator2.handler.request.SafeRequestHandler.handle(SafeRequestHandler.java:59)\n\tat io.appium.uiautomator2.server.AppiumServlet.handleRequest(AppiumServlet.java:259)\n\tat io.appium.uiautomator2.server.AppiumServlet.handleHttpRequest(AppiumServlet.java:253)\n\tat io.appium.uiautomator2.http.ServerHandler.channelRead(ServerHandler.java:77)\n\tat io.netty.channel.AbstractChannelHandlerContext.invokeChannelRead(AbstractChannelHandlerContext.java:374)\n\tat io.netty.channel.AbstractChannelHandlerContext.invokeChannelRead(AbstractChannelHandlerContext.java:360)\n\tat io.netty.channel.AbstractChannelHandlerContext.fireChannelRead(AbstractChannelHandlerContext.java:352)\n\tat io.netty.handler.codec.MessageToMessageDecoder.channelRead(MessageToMessageDecoder.java:102)\n\tat io.netty.channel.AbstractChannelHandlerContext.invokeChannelRead(AbstractChannelHandlerContext.java:374)\n\tat io.netty.channel.AbstractChannelHandlerContext.invokeChannelRead(AbstractChannelHandlerContext.java:360)\n\tat io.netty.channel.AbstractChannelHandlerContext.fireChannelRead(AbstractChannelHandlerContext.java:352)\n\tat io.netty.channel.CombinedChannelDuplexHandler$DelegatingChannelHandlerContext.fireChannelRead(CombinedChannelDuplexHandler.java:438)\n\tat io.netty.handler.codec.ByteToMessageDecoder.fireChannelRead(ByteToMessageDecoder.java:328)\n\tat io.netty.handler.codec.ByteToMessageDecoder.channelRead(ByteToMessageDecoder.java:302)\n\tat io.netty.channel.CombinedChannelDuplexHandler.channelRead(CombinedChannelDuplexHandler.java:253)\n\tat io.netty.channel.AbstractChannelHandlerContext.invokeChannelRead(AbstractChannelHandlerContext.java:374)\n\tat io.netty.channel.AbstractChannelHandlerContext.invokeChannelRead(AbstractChannelHandlerContext.java:360)\n\tat io.netty.channel.AbstractChannelHandlerContext.fireChannelRead(AbstractChannelHandlerContext.java:352)\n\tat io.netty.handler.timeout.IdleStateHandler.channelRead(IdleStateHandler.java:287)\n\tat io.netty.channel.AbstractChannelHandlerContext.invokeChannelRead(AbstractChannelHandlerContext.java:374)\n\tat io.netty.channel.AbstractChannelHandlerContext.invokeChannelRead(AbstractChannelHandlerContext.java:360)\n\tat io.netty.channel.AbstractChannelHandlerContext.fireChannelRead(AbstractChannelHandlerContext.java:352)\n\tat io.netty.channel.DefaultChannelPipeline$HeadContext.channelRead(DefaultChannelPipeline.java:1422)\n\tat io.netty.channel.AbstractChannelHandlerContext.invokeChannelRead(AbstractChannelHandlerContext.java:374)\n\tat io.netty.channel.AbstractChannelHandlerContext.invokeChannelRead(AbstractChannelHandlerContext.java:360)\n\tat io.netty.channel.DefaultChannelPipeline.fireChannelRead(DefaultChannelPipeline.java:931)\n\tat io.netty.channel.nio.AbstractNioByteChannel$NioByteUnsafe.read(AbstractNioByteChannel.java:163)\n\tat io.netty.channel.nio.NioEventLoop.processSelectedKey(NioEventLoop.java:700)\n\tat io.netty.channel.nio.NioEventLoop.processSelectedKeysOptimized(NioEventLoop.java:635)\n\tat io.netty.channel.nio.NioEventLoop.processSelectedKeys(NioEventLoop.java:552)\n\tat io.netty.channel.nio.NioEventLoop.run(NioEventLoop.java:514)\n\tat io.netty.util.concurrent.SingleThreadEventExecutor$6.run(SingleThreadEventExecutor.java:1044)\n\tat io.netty.util.internal.ThreadExecutorMap$2.run(ThreadExecutorMap.java:74)\n\tat io.netty.util.concurrent.FastThreadLocalRunnable.run(FastThreadLocalRunnable.java:30)\n\tat java.lang.Thread.run(Thread.java:1012)\n"}}
Thu Jul 30 09:00:42 UTC 2026 | ALL | 07-30 09:00:41.385  3232  3370 E MDD     : DownloadProgressMonitor: Can't find file group for uri: android://com.google.android.apps.messaging/files/datadownload/shared/public/datadownloadfile_1785401964773
Thu Jul 30 09:00:42 UTC 2026 | ALL | 07-30 09:00:41.387  3232  3378 E MDD     : DownloadProgressMonitor: Can't find file group for uri: android://com.google.android.apps.messaging/files/datadownload/shared/public/datadownloadfile_1785401964772
Thu Jul 30 09:00:42 UTC 2026 | ALL | 07-30 09:00:41.393  3232  3434 D dasx    : Starting download: https://fonts.gstatic.com/s/e/notoemoji/16.0/1f496/lottie.json
Thu Jul 30 09:00:42 UTC 2026 | ALL | 07-30 09:00:41.393  3232  3434 V dasx    : Is http uri, downloading (uri: https://fonts.gstatic.com/s/e/notoemoji/16.0/1f496/lottie.json)
Thu Jul 30 09:00:42 UTC 2026 | ALL | 07-30 09:00:41.394  3232  3378 D dasx    : Starting download: https://fonts.gstatic.com/s/e/notoemoji/16.0/1f497/lottie.json
Thu Jul 30 09:00:42 UTC 2026 | ALL | 07-30 09:00:41.394  3232  3378 V dasx    : Is http uri, downloading (uri: https://fonts.gstatic.com/s/e/notoemoji/16.0/1f497/lottie.json)
Thu Jul 30 09:00:42 UTC 2026 | ALL | 07-30 09:00:41.398  3232  3434 E MDD     : DownloadProgressMonitor: Can't find file group for uri: android://com.google.android.apps.messaging/files/datadownload/shared/public/datadownloadfile_1785401964774
Thu Jul 30 09:00:42 UTC 2026 | ALL | 07-30 09:00:41.401  3232  3378 E MDD     : DownloadProgressMonitor: Can't find file group for uri: android://com.google.android.apps.messaging/files/datadownload/shared/public/datadownloadfile_1785401964775
Thu Jul 30 09:00:42 UTC 2026 | ALL | 07-30 09:00:41.403  3232  3434 D dasx    : Starting download: https://fonts.gstatic.com/s/e/notoemoji/16.0/1f49e/lottie.json
Thu Jul 30 09:00:42 UTC 2026 | ALL | 07-30 09:00:41.403  3232  3434 V dasx    : Is http uri, downloading (uri: https://fonts.gstatic.com/s/e/notoemoji/16.0/1f49e/lottie.json)
Thu Jul 30 09:00:42 UTC 2026 | ALL | 07-30 09:00:41.404  3232  3370 D dasx    : Starting download: https://fonts.gstatic.com/s/e/notoemoji/16.0/1f493/lottie.json
Thu Jul 30 09:00:42 UTC 2026 | ALL | 07-30 09:00:41.404  3232  3370 V dasx    : Is http uri, downloading (uri: https://fonts.gstatic.com/s/e/notoemoji/16.0/1f493/lottie.json)
Thu Jul 30 09:00:42 UTC 2026 | ALL | 07-30 09:00:41.613  3232  3434 E MDD     : DownloadProgressMonitor: Can't find file group for uri: android://com.google.android.apps.messaging/files/datadownload/shared/public/datadownloadfile_1785401964777
Thu Jul 30 09:00:42 UTC 2026 | ALL | 07-30 09:00:41.615  3232  3370 E MDD     : DownloadProgressMonitor: Can't find file group for uri: android://com.google.android.apps.messaging/files/datadownload/shared/public/datadownloadfile_1785401964776
Thu Jul 30 09:00:42 UTC 2026 | ALL | 07-30 09:00:41.616  3232  3378 D dasx    : Starting download: https://fonts.gstatic.com/s/e/notoemoji/16.0/1f495/lottie.json
Thu Jul 30 09:00:42 UTC 2026 | ALL | 07-30 09:00:41.616  3232  3378 V dasx    : Is http uri, downloading (uri: https://fonts.gstatic.com/s/e/notoemoji/16.0/1f495/lottie.json)
Thu Jul 30 09:00:42 UTC 2026 | ALL | 07-30 09:00:41.619  3232  3434 D dasx    : Starting download: https://fonts.gstatic.com/s/e/notoemoji/16.0/1f48c/lottie.json
Thu Jul 30 09:00:42 UTC 2026 | ALL | 07-30 09:00:41.619  3232  3434 V dasx    : Is http uri, downloading (uri: https://fonts.gstatic.com/s/e/notoemoji/16.0/1f48c/lottie.json)
Thu Jul 30 09:00:42 UTC 2026 | ALL | 07-30 09:00:41.622  3232  3378 E MDD     : DownloadProgressMonitor: Can't find file group for uri: android://com.google.android.apps.messaging/files/datadownload/shared/public/datadownloadfile_1785401964778
Thu Jul 30 09:00:42 UTC 2026 | ALL | 07-30 09:00:41.624  3232  3434 E MDD     : DownloadProgressMonitor: Can't find file group for uri: android://com.google.android.apps.messaging/files/datadownload/shared/public/datadownloadfile_1785401964779
Thu Jul 30 09:00:42 UTC 2026 | ALL | 07-30 09:00:41.626  3232  3370 D dasx    : Starting download: https://fonts.gstatic.com/s/e/notoemoji/16.0/1f49f/lottie.json
Thu Jul 30 09:00:42 UTC 2026 | ALL | 07-30 09:00:41.626  3232  3370 V dasx    : Is http uri, downloading (uri: https://fonts.gstatic.com/s/e/notoemoji/16.0/1f49f/lottie.json)
Thu Jul 30 09:00:42 UTC 2026 | ALL | 07-30 09:00:41.629  3232  3378 D dasx    : Starting download: https://fonts.gstatic.com/s/e/notoemoji/16.0/2763_fe0f/lottie.json
Thu Jul 30 09:00:42 UTC 2026 | ALL | 07-30 09:00:41.629  3232  3378 V dasx    : Is http uri, downloading (uri: https://fonts.gstatic.com/s/e/notoemoji/16.0/2763_fe0f/lottie.json)
Thu Jul 30 09:00:42 UTC 2026 | ALL | 07-30 09:00:41.631  3232  3370 E MDD     : DownloadProgressMonitor: Can't find file group for uri: android://com.google.android.apps.messaging/files/datadownload/shared/public/datadownloadfile_1785401964780
Thu Jul 30 09:00:42 UTC 2026 | ALL | 07-30 09:00:41.635  3232  3434 D dasx    : Starting download: https://fonts.gstatic.com/s/e/notoemoji/16.0/2764_fe0f_200d_1fa79/lottie.json
Thu Jul 30 09:00:42 UTC 2026 | ALL | 07-30 09:00:41.635  3232  3434 V dasx    : Is http uri, downloading (uri: https://fonts.gstatic.com/s/e/notoemoji/16.0/2764_fe0f_200d_1fa79/lottie.json)
Thu Jul 30 09:00:42 UTC 2026 | ALL | 07-30 09:00:41.636  3232  3378 E MDD     : DownloadProgressMonitor: Can't find file group for uri: android://com.google.android.apps.messaging/files/datadownload/shared/public/datadownloadfile_1785401964781
Thu Jul 30 09:00:42 UTC 2026 | ALL | 07-30 09:00:41.638  3232  3370 D dasx    : Starting download: https://fonts.gstatic.com/s/e/notoemoji/16.0/1f494/lottie.json
Thu Jul 30 09:00:42 UTC 2026 | ALL | 07-30 09:00:41.638  3232  3370 V dasx    : Is http uri, downloading (uri: https://fonts.gstatic.com/s/e/notoemoji/16.0/1f494/lottie.json)
Thu Jul 30 09:00:42 UTC 2026 | ALL | 07-30 09:00:41.699  4162  4220 I appium  : channel read: POST /session/0ec58237-84ed-40bd-bf67-28bb2b70cae2/element
Thu Jul 30 09:00:42 UTC 2026 | ALL | 07-30 09:00:41.700  4162  4220 I appium  : FindElement command
Thu Jul 30 09:00:42 UTC 2026 | ALL | 07-30 09:00:41.701  4162  4220 I appium  : method: 'xpath', selector: '//android.widget.EditText[@text='your.email@example.com' or @hint='your.email@example.com' or @text='Email Address' or @index='0']'
Thu Jul 30 09:00:42 UTC 2026 | ALL | 07-30 09:00:41.701  4162  4220 I appium  : Waiting up to 10000ms for the device to idle
Thu Jul 30 09:00:42 UTC 2026 | ALL | 07-30 09:00:41.702  4162  4220 I appium  : The following attributes will be included to the page source: [index, text, hint]
Thu Jul 30 09:00:42 UTC 2026 | ALL | 07-30 09:00:41.705  4162  4170 I tomator2.server: Method exceeds compiler instruction limit: 19264 in java_cup.runtime.Symbol org.eclipse.wst.xml.xpath2.processor.internal.CUP$XPathCup$actions.CUP$XPathCup$do_action(int, java_cup.runtime.lr_parser, java.util.Stack, int)
Thu Jul 30 09:00:42 UTC 2026 | ALL | 07-30 09:00:41.714  4162  4220 I appium  : Took 0ms to retrieve 0 matches for '//android.widget.EditText[@text='your.email@example.com' or @hint='your.email@example.com' or @text='Email Address' or @index='0']' XPath2 query
Thu Jul 30 09:00:42 UTC 2026 | ALL | 07-30 09:00:41.715  4162  4220 I appium  : AppiumResponse: {"sessionId":"0ec58237-84ed-40bd-bf67-28bb2b70cae2","value":{"error":"no such element","message":"An element could not be located on the page using the given search parameters","stacktrace":"io.appium.uiautomator2.common.exceptions.ElementNotFoundException: An element could not be located on the page using the given search parameters\n\tat io.appium.uiautomator2.utils.ElementLocationHelpers.findElement(ElementLocationHelpers.java:156)\n\tat io.appium.uiautomator2.handler.FindElement.safeHandle(FindElement.java:60)\n\tat io.appium.uiautomator2.handler.request.SafeRequestHandler.handle(SafeRequestHandler.java:59)\n\tat io.appium.uiautomator2.server.AppiumServlet.handleRequest(AppiumServlet.java:259)\n\tat io.appium.uiautomator2.server.AppiumServlet.handleHttpRequest(AppiumServlet.java:253)\n\tat io.appium.uiautomator2.http.ServerHandler.channelRead(ServerHandler.java:77)\n\tat io.netty.channel.AbstractChannelHandlerContext.invokeChannelRead(AbstractChannelHandlerContext.java:374)\n\tat io.netty.channel.AbstractChannelHandlerContext.invokeChannelRead(AbstractChannelHandlerContext.java:360)\n\tat io.netty.channel.AbstractChannelHandlerContext.fireChannelRead(AbstractChannelHandlerContext.java:352)\n\tat io.netty.handler.codec.MessageToMessageDecoder.channelRead(MessageToMessageDecoder.java:102)\n\tat io.netty.channel.AbstractChannelHandlerContext.invokeChannelRead(AbstractChannelHandlerContext.java:374)\n\tat io.netty.channel.AbstractChannelHandlerContext.invokeChannelRead(AbstractChannelHandlerContext.java:360)\n\tat io.netty.channel.AbstractChannelHandlerContext.fireChannelRead(AbstractChannelHandlerContext.java:352)\n\tat io.netty.channel.CombinedChannelDuplexHandler$DelegatingChannelHandlerContext.fireChannelRead(CombinedChannelDuplexHandler.java:438)\n\tat io.netty.handler.codec.ByteToMessageDecoder.fireChannelRead(ByteToMessageDecoder.java:328)\n\tat io.netty.handler.codec.ByteToMessageDecoder.channelRead(ByteToMessageDecoder.java:302)\n\tat io.netty.channel.CombinedChannelDuplexHandler.channelRead(CombinedChannelDuplexHandler.java:253)\n\tat io.netty.channel.AbstractChannelHandlerContext.invokeChannelRead(AbstractChannelHandlerContext.java:374)\n\tat io.netty.channel.AbstractChannelHandlerContext.invokeChannelRead(AbstractChannelHandlerContext.java:360)\n\tat io.netty.channel.AbstractChannelHandlerContext.fireChannelRead(AbstractChannelHandlerContext.java:352)\n\tat io.netty.handler.timeout.IdleStateHandler.channelRead(IdleStateHandler.java:287)\n\tat io.netty.channel.AbstractChannelHandlerContext.invokeChannelRead(AbstractChannelHandlerContext.java:374)\n\tat io.netty.channel.AbstractChannelHandlerContext.invokeChannelRead(AbstractChannelHandlerContext.java:360)\n\tat io.netty.channel.AbstractChannelHandlerContext.fireChannelRead(AbstractChannelHandlerContext.java:352)\n\tat io.netty.channel.DefaultChannelPipeline$HeadContext.channelRead(DefaultChannelPipeline.java:1422)\n\tat io.netty.channel.AbstractChannelHandlerContext.invokeChannelRead(AbstractChannelHandlerContext.java:374)\n\tat io.netty.channel.AbstractChannelHandlerContext.invokeChannelRead(AbstractChannelHandlerContext.java:360)\n\tat io.netty.channel.DefaultChannelPipeline.fireChannelRead(DefaultChannelPipeline.java:931)\n\tat io.netty.channel.nio.AbstractNioByteChannel$NioByteUnsafe.read(AbstractNioByteChannel.java:163)\n\tat io.netty.channel.nio.NioEventLoop.processSelectedKey(NioEventLoop.java:700)\n\tat io.netty.channel.nio.NioEventLoop.processSelectedKeysOptimized(NioEventLoop.java:635)\n\tat io.netty.channel.nio.NioEventLoop.processSelectedKeys(NioEventLoop.java:552)\n\tat io.netty.channel.nio.NioEventLoop.run(NioEventLoop.java:514)\n\tat io.netty.util.concurrent.SingleThreadEventExecutor$6.run(SingleThreadEventExecutor.java:1044)\n\tat io.netty.util.internal.ThreadExecutorMap$2.run(ThreadExecutorMap.java:74)\n\tat io.netty.util.concurrent.FastThreadLocalRunnable.run(FastThreadLocalRunnable.java:30)\n\tat java.lang.Thread.run(Thread.java:1012)\n"}}
Thu Jul 30 09:00:42 UTC 2026 | ALL | 07-30 09:00:41.846  3232  3434 E MDD     : DownloadProgressMonitor: Can't find file group for uri: android://com.google.android.apps.messaging/files/datadownload/shared/public/datadownloadfile_1785401964782
Thu Jul 30 09:00:42 UTC 2026 | ALL | 07-30 09:00:41.846  3232  3370 E MDD     : DownloadProgressMonitor: Can't find file group for uri: android://com.google.android.apps.messaging/files/datadownload/shared/public/datadownloadfile_1785401964783
Thu Jul 30 09:00:42 UTC 2026 | ALL | 07-30 09:00:41.852  3232  3378 D dasx    : Starting download: https://fonts.gstatic.com/s/e/notoemoji/16.0/2764_fe0f_200d_1f525/lottie.json
Thu Jul 30 09:00:42 UTC 2026 | ALL | 07-30 09:00:41.852  3232  3378 V dasx    : Is http uri, downloading (uri: https://fonts.gstatic.com/s/e/notoemoji/16.0/2764_fe0f_200d_1f525/lottie.json)
Thu Jul 30 09:00:42 UTC 2026 | ALL | 07-30 09:00:41.853  3232  3370 D dasx    : Starting download: https://fonts.gstatic.com/s/e/notoemoji/16.0/1f48b/lottie.json
Thu Jul 30 09:00:42 UTC 2026 | ALL | 07-30 09:00:41.853  3232  3370 V dasx    : Is http uri, downloading (uri: https://fonts.gstatic.com/s/e/notoemoji/16.0/1f48b/lottie.json)
Thu Jul 30 09:00:42 UTC 2026 | ALL | 07-30 09:00:41.861  3232  3378 E MDD     : DownloadProgressMonitor: Can't find file group for uri: android://com.google.android.apps.messaging/files/datadownload/shared/public/datadownloadfile_1785401964784
Thu Jul 30 09:00:42 UTC 2026 | ALL | 07-30 09:00:41.862  3232  3370 E MDD     : DownloadProgressMonitor: Can't find file group for uri: android://com.google.android.apps.messaging/files/datadownload/shared/public/datadownloadfile_1785401964785
Thu Jul 30 09:00:42 UTC 2026 | ALL | 07-30 09:00:41.864  3232  3434 D dasx    : Starting download: https://fonts.gstatic.com/s/e/notoemoji/16.0/1f463/lottie.json
Thu Jul 30 09:00:42 UTC 2026 | ALL | 07-30 09:00:41.865  3232  3434 V dasx    : Is http uri, downloading (uri: https://fonts.gstatic.com/s/e/notoemoji/16.0/1f463/lottie.json)
Thu Jul 30 09:00:42 UTC 2026 | ALL | 07-30 09:00:41.867  3232  3370 D dasx    : Starting download: https://fonts.gstatic.com/s/e/notoemoji/16.0/1fac0/lottie.json
Thu Jul 30 09:00:42 UTC 2026 | ALL | 07-30 09:00:41.867  3232  3370 V dasx    : Is http uri, downloading (uri: https://fonts.gstatic.com/s/e/notoemoji/16.0/1fac0/lottie.json)
Thu Jul 30 09:00:42 UTC 2026 | ALL | 07-30 09:00:41.870  3232  3434 E MDD     : DownloadProgressMonitor: Can't find file group for uri: android://com.google.android.apps.messaging/files/datadownload/shared/public/datadownloadfile_1785401964786
Thu Jul 30 09:00:42 UTC 2026 | ALL | 07-30 09:00:41.875  3232  3370 E MDD     : DownloadProgressMonitor: Can't find file group for uri: android://com.google.android.apps.messaging/files/datadownload/shared/public/datadownloadfile_1785401964787
Thu Jul 30 09:00:42 UTC 2026 | ALL | 07-30 09:00:41.876  3232  3378 D dasx    : Starting download: https://fonts.gstatic.com/s/e/notoemoji/16.0/1fa78/lottie.json
Thu Jul 30 09:00:42 UTC 2026 | ALL | 07-30 09:00:41.877  3232  3378 V dasx    : Is http uri, downloading (uri: https://fonts.gstatic.com/s/e/notoemoji/16.0/1fa78/lottie.json)
Thu Jul 30 09:00:42 UTC 2026 | ALL | 07-30 09:00:41.877  3232  3434 D dasx    : Starting download: https://fonts.gstatic.com/s/e/notoemoji/16.0/1f9a0/lottie.json
Thu Jul 30 09:00:42 UTC 2026 | ALL | 07-30 09:00:41.877  3232  3434 V dasx    : Is http uri, downloading (uri: https://fonts.gstatic.com/s/e/notoemoji/16.0/1f9a0/lottie.json)
Thu Jul 30 09:00:42 UTC 2026 | ALL | 07-30 09:00:41.884  3232  3434 E MDD     : DownloadProgressMonitor: Can't find file group for uri: android://com.google.android.apps.messaging/files/datadownload/shared/public/datadownloadfile_1785401964789
Thu Jul 30 09:00:42 UTC 2026 | ALL | 07-30 09:00:41.886  3232  3378 E MDD     : DownloadProgressMonitor: Can't find file group for uri: android://com.google.android.apps.messaging/files/datadownload/shared/public/datadownloadfile_1785401964788
Thu Jul 30 09:00:42 UTC 2026 | ALL | 07-30 09:00:41.886  3232  3370 D dasx    : Starting download: https://fonts.gstatic.com/s/e/notoemoji/16.0/1f440/lottie.json
Thu Jul 30 09:00:42 UTC 2026 | ALL | 07-30 09:00:41.886  3232  3370 V dasx    : Is http uri, downloading (uri: https://fonts.gstatic.com/s/e/notoemoji/16.0/1f440/lottie.json)
Thu Jul 30 09:00:42 UTC 2026 | ALL | 07-30 09:00:41.888  3232  3434 D dasx    : Starting download: https://fonts.gstatic.com/s/e/notoemoji/16.0/1f441_fe0f/lottie.json
Thu Jul 30 09:00:42 UTC 2026 | ALL | 07-30 09:00:41.888  3232  3434 V dasx    : Is http uri, downloading (uri: https://fonts.gstatic.com/s/e/notoemoji/16.0/1f441_fe0f/lottie.json)
Thu Jul 30 09:00:43 UTC 2026 | ALL | 07-30 09:00:42.093  3232  3370 E MDD     : DownloadProgressMonitor: Can't find file group for uri: android://com.google.android.apps.messaging/files/datadownload/shared/public/datadownloadfile_1785401964790
Thu Jul 30 09:00:43 UTC 2026 | ALL | 07-30 09:00:42.093  3232  3434 E MDD     : DownloadProgressMonitor: Can't find file group for uri: android://com.google.android.apps.messaging/files/datadownload/shared/public/datadownloadfile_1785401964791
Thu Jul 30 09:00:43 UTC 2026 | ALL | 07-30 09:00:42.096  3232  3378 D dasx    : Starting download: https://fonts.gstatic.com/s/e/notoemoji/16.0/1fae6/lottie.json
Thu Jul 30 09:00:43 UTC 2026 | ALL | 07-30 09:00:42.096  3232  3378 V dasx    : Is http uri, downloading (uri: https://fonts.gstatic.com/s/e/notoemoji/16.0/1fae6/lottie.json)
Thu Jul 30 09:00:43 UTC 2026 | ALL | 07-30 09:00:42.096  3232  3370 D dasx    : Starting download: https://fonts.gstatic.com/s/e/notoemoji/16.0/1f9bf/lottie.json
Thu Jul 30 09:00:43 UTC 2026 | ALL | 07-30 09:00:42.097  3232  3370 V dasx    : Is http uri, downloading (uri: https://fonts.gstatic.com/s/e/notoemoji/16.0/1f9bf/lottie.json)
Thu Jul 30 09:00:43 UTC 2026 | ALL | 07-30 09:00:42.103  3232  3378 E MDD     : DownloadProgressMonitor: Can't find file group for uri: android://com.google.android.apps.messaging/files/datadownload/shared/public/datadownloadfile_1785401964792
Thu Jul 30 09:00:43 UTC 2026 | ALL | 07-30 09:00:42.104  3232  3370 E MDD     : DownloadProgressMonitor: Can't find file group for uri: android://com.google.android.apps.messaging/files/datadownload/shared/public/datadownloadfile_1785401964793
Thu Jul 30 09:00:43 UTC 2026 | ALL | 07-30 09:00:42.106  3232  3434 D dasx    : Starting download: https://fonts.gstatic.com/s/e/notoemoji/16.0/1f9be/lottie.json
Thu Jul 30 09:00:43 UTC 2026 | ALL | 07-30 09:00:42.106  3232  3434 V dasx    : Is http uri, downloading (uri: https://fonts.gstatic.com/s/e/notoemoji/16.0/1f9be/lottie.json)
Thu Jul 30 09:00:43 UTC 2026 | ALL | 07-30 09:00:42.108  3232  3378 D dasx    : Starting download: https://fonts.gstatic.com/s/e/notoemoji/16.0/1f4aa/lottie.json
Thu Jul 30 09:00:43 UTC 2026 | ALL | 07-30 09:00:42.108  3232  3378 V dasx    : Is http uri, downloading (uri: https://fonts.gstatic.com/s/e/notoemoji/16.0/1f4aa/lottie.json)
Thu Jul 30 09:00:43 UTC 2026 | ALL | 07-30 09:00:42.111  3232  3434 E MDD     : DownloadProgressMonitor: Can't find file group for uri: android://com.google.android.apps.messaging/files/datadownload/shared/public/datadownloadfile_1785401964794
Thu Jul 30 09:00:43 UTC 2026 | ALL | 07-30 09:00:42.114  3232  3378 E MDD     : DownloadProgressMonitor: Can't find file group for uri: android://com.google.android.apps.messaging/files/datadownload/shared/public/datadownloadfile_1785401964795
Thu Jul 30 09:00:43 UTC 2026 | ALL | 07-30 09:00:42.119  3232  3370 D dasx    : Starting download: https://fonts.gstatic.com/s/e/notoemoji/16.0/1f4aa_1f3fb/lottie.json
Thu Jul 30 09:00:43 UTC 2026 | ALL | 07-30 09:00:42.119  3232  3370 V dasx    : Is http uri, downloading (uri: https://fonts.gstatic.com/s/e/notoemoji/16.0/1f4aa_1f3fb/lottie.json)
Thu Jul 30 09:00:43 UTC 2026 | ALL | 07-30 09:00:42.121  3232  3434 D dasx    : Starting download: https://fonts.gstatic.com/s/e/notoemoji/16.0/1f4aa_1f3fc/lottie.json
Thu Jul 30 09:00:43 UTC 2026 | ALL | 07-30 09:00:42.122  3232  3434 V dasx    : Is http uri, downloading (uri: https://fonts.gstatic.com/s/e/notoemoji/16.0/1f4aa_1f3fc/lottie.json)
Thu Jul 30 09:00:43 UTC 2026 | ALL | 07-30 09:00:42.127  3232  3370 E MDD     : DownloadProgressMonitor: Can't find file group for uri: android://com.google.android.apps.messaging/files/datadownload/shared/public/datadownloadfile_1785401964796
Thu Jul 30 09:00:43 UTC 2026 | ALL | 07-30 09:00:42.130  3232  3434 E MDD     : DownloadProgressMonitor: Can't find file group for uri: android://com.google.android.apps.messaging/files/datadownload/shared/public/datadownloadfile_1785401964797
Thu Jul 30 09:00:43 UTC 2026 | ALL | 07-30 09:00:42.135  3232  3378 D dasx    : Starting download: https://fonts.gstatic.com/s/e/notoemoji/16.0/1f4aa_1f3fd/lottie.json
Thu Jul 30 09:00:43 UTC 2026 | ALL | 07-30 09:00:42.135  3232  3378 V dasx    : Is http uri, downloading (uri: https://fonts.gstatic.com/s/e/notoemoji/16.0/1f4aa_1f3fd/lottie.json)
Thu Jul 30 09:00:43 UTC 2026 | ALL | 07-30 09:00:42.136  3232  3370 D dasx    : Starting download: https://fonts.gstatic.com/s/e/notoemoji/16.0/1f4aa_1f3fe/lottie.json
Thu Jul 30 09:00:43 UTC 2026 | ALL | 07-30 09:00:42.136  3232  3370 V dasx    : Is http uri, downloading (uri: https://fonts.gstatic.com/s/e/notoemoji/16.0/1f4aa_1f3fe/lottie.json)
Thu Jul 30 09:00:43 UTC 2026 | ALL | 07-30 09:00:42.221  4162  4220 I appium  : channel read: POST /session/0ec58237-84ed-40bd-bf67-28bb2b70cae2/element
Thu Jul 30 09:00:43 UTC 2026 | ALL | 07-30 09:00:42.221  4162  4220 I appium  : FindElement command
Thu Jul 30 09:00:43 UTC 2026 | ALL | 07-30 09:00:42.222  4162  4220 I appium  : method: 'xpath', selector: '//android.widget.EditText[@text='your.email@example.com' or @hint='your.email@example.com' or @text='Email Address' or @index='0']'
Thu Jul 30 09:00:43 UTC 2026 | ALL | 07-30 09:00:42.222  4162  4220 I appium  : Waiting up to 10000ms for the device to idle
Thu Jul 30 09:00:43 UTC 2026 | ALL | 07-30 09:00:42.223  4162  4220 I appium  : The following attributes will be included to the page source: [index, text, hint]
Thu Jul 30 09:00:43 UTC 2026 | ALL | 07-30 09:00:42.245  4162  4220 I appium  : Took 0ms to retrieve 0 matches for '//android.widget.EditText[@text='your.email@example.com' or @hint='your.email@example.com' or @text='Email Address' or @index='0']' XPath2 query
Thu Jul 30 09:00:43 UTC 2026 | ALL | 07-30 09:00:42.247  4162  4220 I appium  : AppiumResponse: {"sessionId":"0ec58237-84ed-40bd-bf67-28bb2b70cae2","value":{"error":"no such element","message":"An element could not be located on the page using the given search parameters","stacktrace":"io.appium.uiautomator2.common.exceptions.ElementNotFoundException: An element could not be located on the page using the given search parameters\n\tat io.appium.uiautomator2.utils.ElementLocationHelpers.findElement(ElementLocationHelpers.java:156)\n\tat io.appium.uiautomator2.handler.FindElement.safeHandle(FindElement.java:60)\n\tat io.appium.uiautomator2.handler.request.SafeRequestHandler.handle(SafeRequestHandler.java:59)\n\tat io.appium.uiautomator2.server.AppiumServlet.handleRequest(AppiumServlet.java:259)\n\tat io.appium.uiautomator2.server.AppiumServlet.handleHttpRequest(AppiumServlet.java:253)\n\tat io.appium.uiautomator2.http.ServerHandler.channelRead(ServerHandler.java:77)\n\tat io.netty.channel.AbstractChannelHandlerContext.invokeChannelRead(AbstractChannelHandlerContext.java:374)\n\tat io.netty.channel.AbstractChannelHandlerContext.invokeChannelRead(AbstractChannelHandlerContext.java:360)\n\tat io.netty.channel.AbstractChannelHandlerContext.fireChannelRead(AbstractChannelHandlerContext.java:352)\n\tat io.netty.handler.codec.MessageToMessageDecoder.channelRead(MessageToMessageDecoder.java:102)\n\tat io.netty.channel.AbstractChannelHandlerContext.invokeChannelRead(AbstractChannelHandlerContext.java:374)\n\tat io.netty.channel.AbstractChannelHandlerContext.invokeChannelRead(AbstractChannelHandlerContext.java:360)\n\tat io.netty.channel.AbstractChannelHandlerContext.fireChannelRead(AbstractChannelHandlerContext.java:352)\n\tat io.netty.channel.CombinedChannelDuplexHandler$DelegatingChannelHandlerContext.fireChannelRead(CombinedChannelDuplexHandler.java:438)\n\tat io.netty.handler.codec.ByteToMessageDecoder.fireChannelRead(ByteToMessageDecoder.java:328)\n\tat io.netty.handler.codec.ByteToMessageDecoder.channelRead(ByteToMessageDecoder.java:302)\n\tat io.netty.channel.CombinedChannelDuplexHandler.channelRead(CombinedChannelDuplexHandler.java:253)\n\tat io.netty.channel.AbstractChannelHandlerContext.invokeChannelRead(AbstractChannelHandlerContext.java:374)\n\tat io.netty.channel.AbstractChannelHandlerContext.invokeChannelRead(AbstractChannelHandlerContext.java:360)\n\tat io.netty.channel.AbstractChannelHandlerContext.fireChannelRead(AbstractChannelHandlerContext.java:352)\n\tat io.netty.handler.timeout.IdleStateHandler.channelRead(IdleStateHandler.java:287)\n\tat io.netty.channel.AbstractChannelHandlerContext.invokeChannelRead(AbstractChannelHandlerContext.java:374)\n\tat io.netty.channel.AbstractChannelHandlerContext.invokeChannelRead(AbstractChannelHandlerContext.java:360)\n\tat io.netty.channel.AbstractChannelHandlerContext.fireChannelRead(AbstractChannelHandlerContext.java:352)\n\tat io.netty.channel.DefaultChannelPipeline$HeadContext.channelRead(DefaultChannelPipeline.java:1422)\n\tat io.netty.channel.AbstractChannelHandlerContext.invokeChannelRead(AbstractChannelHandlerContext.java:374)\n\tat io.netty.channel.AbstractChannelHandlerContext.invokeChannelRead(AbstractChannelHandlerContext.java:360)\n\tat io.netty.channel.DefaultChannelPipeline.fireChannelRead(DefaultChannelPipeline.java:931)\n\tat io.netty.channel.nio.AbstractNioByteChannel$NioByteUnsafe.read(AbstractNioByteChannel.java:163)\n\tat io.netty.channel.nio.NioEventLoop.processSelectedKey(NioEventLoop.java:700)\n\tat io.netty.channel.nio.NioEventLoop.processSelectedKeysOptimized(NioEventLoop.java:635)\n\tat io.netty.channel.nio.NioEventLoop.processSelectedKeys(NioEventLoop.java:552)\n\tat io.netty.channel.nio.NioEventLoop.run(NioEventLoop.java:514)\n\tat io.netty.util.concurrent.SingleThreadEventExecutor$6.run(SingleThreadEventExecutor.java:1044)\n\tat io.netty.util.internal.ThreadExecutorMap$2.run(ThreadExecutorMap.java:74)\n\tat io.netty.util.concurrent.FastThreadLocalRunnable.run(FastThreadLocalRunnable.java:30)\n\tat java.lang.Thread.run(Thread.java:1012)\n"}}
Thu Jul 30 09:00:43 UTC 2026 | ALL | 07-30 09:00:42.342  3232  3370 E MDD     : DownloadProgressMonitor: Can't find file group for uri: android://com.google.android.apps.messaging/files/datadownload/shared/public/datadownloadfile_1785401964799
Thu Jul 30 09:00:43 UTC 2026 | ALL | 07-30 09:00:42.344  3232  3378 E MDD     : DownloadProgressMonitor: Can't find file group for uri: android://com.google.android.apps.messaging/files/datadownload/shared/public/datadownloadfile_1785401964798
Thu Jul 30 09:00:43 UTC 2026 | ALL | 07-30 09:00:42.348  3232  3434 D dasx    : Starting download: https://fonts.gstatic.com/s/e/notoemoji/16.0/1f4aa_1f3ff/lottie.json
Thu Jul 30 09:00:43 UTC 2026 | ALL | 07-30 09:00:42.348  3232  3434 V dasx    : Is http uri, downloading (uri: https://fonts.gstatic.com/s/e/notoemoji/16.0/1f4aa_1f3ff/lottie.json)
Thu Jul 30 09:00:43 UTC 2026 | ALL | 07-30 09:00:42.348  3232  3521 D dasx    : Starting download: https://fonts.gstatic.com/s/e/notoemoji/16.0/1f44f/lottie.json
Thu Jul 30 09:00:43 UTC 2026 | ALL | 07-30 09:00:42.349  3232  3521 V dasx    : Is http uri, downloading (uri: https://fonts.gstatic.com/s/e/notoemoji/16.0/1f44f/lottie.json)
Thu Jul 30 09:00:43 UTC 2026 | ALL | 07-30 09:00:42.557  3232  3434 E MDD     : DownloadProgressMonitor: Can't find file group for uri: android://com.google.android.apps.messaging/files/datadownload/shared/public/datadownloadfile_1785401964800
Thu Jul 30 09:00:43 UTC 2026 | ALL | 07-30 09:00:42.561  3232  3521 E MDD     : DownloadProgressMonitor: Can't find file group for uri: android://com.google.android.apps.messaging/files/datadownload/shared/public/datadownloadfile_1785401964801
Thu Jul 30 09:00:43 UTC 2026 | ALL | 07-30 09:00:42.565  3232  3378 D dasx    : Starting download: https://fonts.gstatic.com/s/e/notoemoji/16.0/1f44f_1f3fb/lottie.json
Thu Jul 30 09:00:43 UTC 2026 | ALL | 07-30 09:00:42.565  3232  3378 V dasx    : Is http uri, downloading (uri: https://fonts.gstatic.com/s/e/notoemoji/16.0/1f44f_1f3fb/lottie.json)
Thu Jul 30 09:00:43 UTC 2026 | ALL | 07-30 09:00:42.568  3232  3434 D dasx    : Starting download: https://fonts.gstatic.com/s/e/notoemoji/16.0/1f44f_1f3fc/lottie.json
Thu Jul 30 09:00:43 UTC 2026 | ALL | 07-30 09:00:42.568  3232  3434 V dasx    : Is http uri, downloading (uri: https://fonts.gstatic.com/s/e/notoemoji/16.0/1f44f_1f3fc/lottie.json)
Thu Jul 30 09:00:43 UTC 2026 | ALL | 07-30 09:00:42.571  3232  3378 E MDD     : DownloadProgressMonitor: Can't find file group for uri: android://com.google.android.apps.messaging/files/datadownload/shared/public/datadownloadfile_1785401964802
Thu Jul 30 09:00:43 UTC 2026 | ALL | 07-30 09:00:42.574  3232  3434 E MDD     : DownloadProgressMonitor: Can't find file group for uri: android://com.google.android.apps.messaging/files/datadownload/shared/public/datadownloadfile_1785401964803
Thu Jul 30 09:00:43 UTC 2026 | ALL | 07-30 09:00:42.578  3232  3521 D dasx    : Starting download: https://fonts.gstatic.com/s/e/notoemoji/16.0/1f44f_1f3fd/lottie.json
Thu Jul 30 09:00:43 UTC 2026 | ALL | 07-30 09:00:42.578  3232  3521 V dasx    : Is http uri, downloading (uri: https://fonts.gstatic.com/s/e/notoemoji/16.0/1f44f_1f3fd/lottie.json)
Thu Jul 30 09:00:43 UTC 2026 | ALL | 07-30 09:00:42.584  3232  3521 E MDD     : DownloadProgressMonitor: Can't find file group for uri: android://com.google.android.apps.messaging/files/datadownload/shared/public/datadownloadfile_1785401964804
Thu Jul 30 09:00:43 UTC 2026 | ALL | 07-30 09:00:42.588  3232  3378 D dasx    : Starting download: https://fonts.gstatic.com/s/e/notoemoji/16.0/1f44f_1f3fe/lottie.json
Thu Jul 30 09:00:43 UTC 2026 | ALL | 07-30 09:00:42.588  3232  3378 V dasx    : Is http uri, downloading (uri: https://fonts.gstatic.com/s/e/notoemoji/16.0/1f44f_1f3fe/lottie.json)
Thu Jul 30 09:00:43 UTC 2026 | ALL | 07-30 09:00:42.590  3232  3434 D dasx    : Starting download: https://fonts.gstatic.com/s/e/notoemoji/16.0/1f44f_1f3ff/lottie.json
Thu Jul 30 09:00:43 UTC 2026 | ALL | 07-30 09:00:42.590  3232  3434 V dasx    : Is http uri, downloading (uri: https://fonts.gstatic.com/s/e/notoemoji/16.0/1f44f_1f3ff/lottie.json)
Thu Jul 30 09:00:43 UTC 2026 | ALL | 07-30 09:00:42.593  3232  3378 E MDD     : DownloadProgressMonitor: Can't find file group for uri: android://com.google.android.apps.messaging/files/datadownload/shared/public/datadownloadfile_1785401964805
Thu Jul 30 09:00:43 UTC 2026 | ALL | 07-30 09:00:42.598  3232  3434 E MDD     : DownloadProgressMonitor: Can't find file group for uri: android://com.google.android.apps.messaging/files/datadownload/shared/public/datadownloadfile_1785401964806
Thu Jul 30 09:00:43 UTC 2026 | ALL | 07-30 09:00:42.605  3232  3521 D dasx    : Starting download: https://fonts.gstatic.com/s/e/notoemoji/16.0/1f44d/lottie.json
Thu Jul 30 09:00:43 UTC 2026 | ALL | 07-30 09:00:42.605  3232  3521 V dasx    : Is http uri, downloading (uri: https://fonts.gstatic.com/s/e/notoemoji/16.0/1f44d/lottie.json)
Thu Jul 30 09:00:43 UTC 2026 | ALL | 07-30 09:00:42.611  3232  3521 E MDD     : DownloadProgressMonitor: Can't find file group for uri: android://com.google.android.apps.messaging/files/datadownload/shared/public/datadownloadfile_1785401964807
Thu Jul 30 09:00:43 UTC 2026 | ALL | 07-30 09:00:42.616  3232  3378 D dasx    : Starting download: https://fonts.gstatic.com/s/e/notoemoji/16.0/1f44d_1f3fb/lottie.json
Thu Jul 30 09:00:43 UTC 2026 | ALL | 07-30 09:00:42.616  3232  3378 V dasx    : Is http uri, downloading (uri: https://fonts.gstatic.com/s/e/notoemoji/16.0/1f44d_1f3fb/lottie.json)
Thu Jul 30 09:00:43 UTC 2026 | ALL | 07-30 09:00:42.620  3232  3434 D dasx    : Starting download: https://fonts.gstatic.com/s/e/notoemoji/16.0/1f44d_1f3fc/lottie.json
Thu Jul 30 09:00:43 UTC 2026 | ALL | 07-30 09:00:42.620  3232  3434 V dasx    : Is http uri, downloading (uri: https://fonts.gstatic.com/s/e/notoemoji/16.0/1f44d_1f3fc/lottie.json)
Thu Jul 30 09:00:43 UTC 2026 | ALL | 07-30 09:00:42.625  3232  3378 E MDD     : DownloadProgressMonitor: Can't find file group for uri: android://com.google.android.apps.messaging/files/datadownload/shared/public/datadownloadfile_1785401964808
Thu Jul 30 09:00:43 UTC 2026 | ALL | 07-30 09:00:42.629  3232  3434 E MDD     : DownloadProgressMonitor: Can't find file group for uri: android://com.google.android.apps.messaging/files/datadownload/shared/public/datadownloadfile_1785401964809
Thu Jul 30 09:00:43 UTC 2026 | ALL | 07-30 09:00:42.631  3232  3521 D dasx    : Starting download: https://fonts.gstatic.com/s/e/notoemoji/16.0/1f44d_1f3fd/lottie.json
Thu Jul 30 09:00:43 UTC 2026 | ALL | 07-30 09:00:42.632  3232  3378 D dasx    : Starting download: https://fonts.gstatic.com/s/e/notoemoji/16.0/1f44d_1f3fe/lottie.json
Thu Jul 30 09:00:43 UTC 2026 | ALL | 07-30 09:00:42.632  3232  3378 V dasx    : Is http uri, downloading (uri: https://fonts.gstatic.com/s/e/notoemoji/16.0/1f44d_1f3fe/lottie.json)
Thu Jul 30 09:00:43 UTC 2026 | ALL | 07-30 09:00:42.632  3232  3521 V dasx    : Is http uri, downloading (uri: https://fonts.gstatic.com/s/e/notoemoji/16.0/1f44d_1f3fd/lottie.json)
Thu Jul 30 09:00:43 UTC 2026 | ALL | 07-30 09:00:42.753  4162  4220 I appium  : channel read: POST /session/0ec58237-84ed-40bd-bf67-28bb2b70cae2/element
Thu Jul 30 09:00:43 UTC 2026 | ALL | 07-30 09:00:42.753  4162  4220 I appium  : FindElement command
Thu Jul 30 09:00:43 UTC 2026 | ALL | 07-30 09:00:42.754  4162  4220 I appium  : method: 'xpath', selector: '//android.widget.EditText[@text='your.email@example.com' or @hint='your.email@example.com' or @text='Email Address' or @index='0']'
Thu Jul 30 09:00:43 UTC 2026 | ALL | 07-30 09:00:42.754  4162  4220 I appium  : Waiting up to 10000ms for the device to idle
Thu Jul 30 09:00:43 UTC 2026 | ALL | 07-30 09:00:42.755  4162  4220 I appium  : The following attributes will be included to the page source: [index, text, hint]
Thu Jul 30 09:00:43 UTC 2026 | ALL | 07-30 09:00:42.759  4162  4170 I tomator2.server: Method exceeds compiler instruction limit: 19264 in java_cup.runtime.Symbol org.eclipse.wst.xml.xpath2.processor.internal.CUP$XPathCup$actions.CUP$XPathCup$do_action(int, java_cup.runtime.lr_parser, java.util.Stack, int)
Thu Jul 30 09:00:43 UTC 2026 | ALL | 07-30 09:00:42.768  4162  4220 I appium  : Took 0ms to retrieve 0 matches for '//android.widget.EditText[@text='your.email@example.com' or @hint='your.email@example.com' or @text='Email Address' or @index='0']' XPath2 query
Thu Jul 30 09:00:43 UTC 2026 | ALL | 07-30 09:00:42.770  4162  4220 I appium  : AppiumResponse: {"sessionId":"0ec58237-84ed-40bd-bf67-28bb2b70cae2","value":{"error":"no such element","message":"An element could not be located on the page using the given search parameters","stacktrace":"io.appium.uiautomator2.common.exceptions.ElementNotFoundException: An element could not be located on the page using the given search parameters\n\tat io.appium.uiautomator2.utils.ElementLocationHelpers.findElement(ElementLocationHelpers.java:156)\n\tat io.appium.uiautomator2.handler.FindElement.safeHandle(FindElement.java:60)\n\tat io.appium.uiautomator2.handler.request.SafeRequestHandler.handle(SafeRequestHandler.java:59)\n\tat io.appium.uiautomator2.server.AppiumServlet.handleRequest(AppiumServlet.java:259)\n\tat io.appium.uiautomator2.server.AppiumServlet.handleHttpRequest(AppiumServlet.java:253)\n\tat io.appium.uiautomator2.http.ServerHandler.channelRead(ServerHandler.java:77)\n\tat io.netty.channel.AbstractChannelHandlerContext.invokeChannelRead(AbstractChannelHandlerContext.java:374)\n\tat io.netty.channel.AbstractChannelHandlerContext.invokeChannelRead(AbstractChannelHandlerContext.java:360)\n\tat io.netty.channel.AbstractChannelHandlerContext.fireChannelRead(AbstractChannelHandlerContext.java:352)\n\tat io.netty.handler.codec.MessageToMessageDecoder.channelRead(MessageToMessageDecoder.java:102)\n\tat io.netty.channel.AbstractChannelHandlerContext.invokeChannelRead(AbstractChannelHandlerContext.java:374)\n\tat io.netty.channel.AbstractChannelHandlerContext.invokeChannelRead(AbstractChannelHandlerContext.java:360)\n\tat io.netty.channel.AbstractChannelHandlerContext.fireChannelRead(AbstractChannelHandlerContext.java:352)\n\tat io.netty.channel.CombinedChannelDuplexHandler$DelegatingChannelHandlerContext.fireChannelRead(CombinedChannelDuplexHandler.java:438)\n\tat io.netty.handler.codec.ByteToMessageDecoder.fireChannelRead(ByteToMessageDecoder.java:328)\n\tat io.netty.handler.codec.ByteToMessageDecoder.channelRead(ByteToMessageDecoder.java:302)\n\tat io.netty.channel.CombinedChannelDuplexHandler.channelRead(CombinedChannelDuplexHandler.java:253)\n\tat io.netty.channel.AbstractChannelHandlerContext.invokeChannelRead(AbstractChannelHandlerContext.java:374)\n\tat io.netty.channel.AbstractChannelHandlerContext.invokeChannelRead(AbstractChannelHandlerContext.java:360)\n\tat io.netty.channel.AbstractChannelHandlerContext.fireChannelRead(AbstractChannelHandlerContext.java:352)\n\tat io.netty.handler.timeout.IdleStateHandler.channelRead(IdleStateHandler.java:287)\n\tat io.netty.channel.AbstractChannelHandlerContext.invokeChannelRead(AbstractChannelHandlerContext.java:374)\n\tat io.netty.channel.AbstractChannelHandlerContext.invokeChannelRead(AbstractChannelHandlerContext.java:360)\n\tat io.netty.channel.AbstractChannelHandlerContext.fireChannelRead(AbstractChannelHandlerContext.java:352)\n\tat io.netty.channel.DefaultChannelPipeline$HeadContext.channelRead(DefaultChannelPipeline.java:1422)\n\tat io.netty.channel.AbstractChannelHandlerContext.invokeChannelRead(AbstractChannelHandlerContext.java:374)\n\tat io.netty.channel.AbstractChannelHandlerContext.invokeChannelRead(AbstractChannelHandlerContext.java:360)\n\tat io.netty.channel.DefaultChannelPipeline.fireChannelRead(DefaultChannelPipeline.java:931)\n\tat io.netty.channel.nio.AbstractNioByteChannel$NioByteUnsafe.read(AbstractNioByteChannel.java:163)\n\tat io.netty.channel.nio.NioEventLoop.processSelectedKey(NioEventLoop.java:700)\n\tat io.netty.channel.nio.NioEventLoop.processSelectedKeysOptimized(NioEventLoop.java:635)\n\tat io.netty.channel.nio.NioEventLoop.processSelectedKeys(NioEventLoop.java:552)\n\tat io.netty.channel.nio.NioEventLoop.run(NioEventLoop.java:514)\n\tat io.netty.util.concurrent.SingleThreadEventExecutor$6.run(SingleThreadEventExecutor.java:1044)\n\tat io.netty.util.internal.ThreadExecutorMap$2.run(ThreadExecutorMap.java:74)\n\tat io.netty.util.concurrent.FastThreadLocalRunnable.run(FastThreadLocalRunnable.java:30)\n\tat java.lang.Thread.run(Thread.java:1012)\n"}}
Thu Jul 30 09:00:43 UTC 2026 | ALL | 07-30 09:00:42.838  3232  3521 E MDD     : DownloadProgressMonitor: Can't find file group for uri: android://com.google.android.apps.messaging/files/datadownload/shared/public/datadownloadfile_1785401964810
Thu Jul 30 09:00:43 UTC 2026 | ALL | 07-30 09:00:42.839  3232  3378 E MDD     : DownloadProgressMonitor: Can't find file group for uri: android://com.google.android.apps.messaging/files/datadownload/shared/public/datadownloadfile_1785401964811
Thu Jul 30 09:00:43 UTC 2026 | ALL | 07-30 09:00:42.843  3232  3434 D dasx    : Starting download: https://fonts.gstatic.com/s/e/notoemoji/16.0/1f44d_1f3ff/lottie.json
Thu Jul 30 09:00:43 UTC 2026 | ALL | 07-30 09:00:42.843  3232  3434 V dasx    : Is http uri, downloading (uri: https://fonts.gstatic.com/s/e/notoemoji/16.0/1f44d_1f3ff/lottie.json)
Thu Jul 30 09:00:43 UTC 2026 | ALL | 07-30 09:00:42.844  3232  3521 D dasx    : Starting download: https://fonts.gstatic.com/s/e/notoemoji/16.0/1f44e/lottie.json
Thu Jul 30 09:00:43 UTC 2026 | ALL | 07-30 09:00:42.844  3232  3521 V dasx    : Is http uri, downloading (uri: https://fonts.gstatic.com/s/e/notoemoji/16.0/1f44e/lottie.json)
Thu Jul 30 09:00:44 UTC 2026 | ALL | 07-30 09:00:43.049  3232  3434 E MDD     : DownloadProgressMonitor: Can't find file group for uri: android://com.google.android.apps.messaging/files/datadownload/shared/public/datadownloadfile_1785401964812
Thu Jul 30 09:00:44 UTC 2026 | ALL | 07-30 09:00:43.050  3232  3521 E MDD     : DownloadProgressMonitor: Can't find file group for uri: android://com.google.android.apps.messaging/files/datadownload/shared/public/datadownloadfile_1785401964813
Thu Jul 30 09:00:44 UTC 2026 | ALL | 07-30 09:00:43.055  3232  3378 D dasx    : Starting download: https://fonts.gstatic.com/s/e/notoemoji/16.0/1f44e_1f3fb/lottie.json
Thu Jul 30 09:00:44 UTC 2026 | ALL | 07-30 09:00:43.055  3232  3378 V dasx    : Is http uri, downloading (uri: https://fonts.gstatic.com/s/e/notoemoji/16.0/1f44e_1f3fb/lottie.json)
Thu Jul 30 09:00:44 UTC 2026 | ALL | 07-30 09:00:43.056  3232  3521 D dasx    : Starting download: https://fonts.gstatic.com/s/e/notoemoji/16.0/1f44e_1f3fc/lottie.json
Thu Jul 30 09:00:44 UTC 2026 | ALL | 07-30 09:00:43.056  3232  3521 V dasx    : Is http uri, downloading (uri: https://fonts.gstatic.com/s/e/notoemoji/16.0/1f44e_1f3fc/lottie.json)
Thu Jul 30 09:00:44 UTC 2026 | ALL | 07-30 09:00:43.261  3232  3521 E MDD     : DownloadProgressMonitor: Can't find file group for uri: android://com.google.android.apps.messaging/files/datadownload/shared/public/datadownloadfile_1785401964815
Thu Jul 30 09:00:44 UTC 2026 | ALL | 07-30 09:00:43.263  3232  3378 E MDD     : DownloadProgressMonitor: Can't find file group for uri: android://com.google.android.apps.messaging/files/datadownload/shared/public/datadownloadfile_1785401964814
Thu Jul 30 09:00:44 UTC 2026 | ALL | 07-30 09:00:43.265  3232  3434 D dasx    : Starting download: https://fonts.gstatic.com/s/e/notoemoji/16.0/1f44e_1f3fd/lottie.json
Thu Jul 30 09:00:44 UTC 2026 | ALL | 07-30 09:00:43.265  3232  3434 V dasx    : Is http uri, downloading (uri: https://fonts.gstatic.com/s/e/notoemoji/16.0/1f44e_1f3fd/lottie.json)
Thu Jul 30 09:00:44 UTC 2026 | ALL | 07-30 09:00:43.271  3232  3434 E MDD     : DownloadProgressMonitor: Can't find file group for uri: android://com.google.android.apps.messaging/files/datadownload/shared/public/datadownloadfile_1785401964816
Thu Jul 30 09:00:44 UTC 2026 | ALL | 07-30 09:00:43.272  3232  3521 D dasx    : Starting download: https://fonts.gstatic.com/s/e/notoemoji/16.0/1f44e_1f3fe/lottie.json
Thu Jul 30 09:00:44 UTC 2026 | ALL | 07-30 09:00:43.272  3232  3521 V dasx    : Is http uri, downloading (uri: https://fonts.gstatic.com/s/e/notoemoji/16.0/1f44e_1f3fe/lottie.json)
Thu Jul 30 09:00:44 UTC 2026 | ALL | 07-30 09:00:43.274  3232  3378 D dasx    : Starting download: https://fonts.gstatic.com/s/e/notoemoji/16.0/1f44e_1f3ff/lottie.json
Thu Jul 30 09:00:44 UTC 2026 | ALL | 07-30 09:00:43.274  3232  3378 V dasx    : Is http uri, downloading (uri: https://fonts.gstatic.com/s/e/notoemoji/16.0/1f44e_1f3ff/lottie.json)
Thu Jul 30 09:00:44 UTC 2026 | ALL | 07-30 09:00:43.277  4162  4220 I appium  : channel read: POST /session/0ec58237-84ed-40bd-bf67-28bb2b70cae2/element
Thu Jul 30 09:00:44 UTC 2026 | ALL | 07-30 09:00:43.280  4162  4220 I appium  : FindElement command
Thu Jul 30 09:00:44 UTC 2026 | ALL | 07-30 09:00:43.281  4162  4220 I appium  : method: 'xpath', selector: '//android.widget.EditText[@text='your.email@example.com' or @hint='your.email@example.com' or @text='Email Address' or @index='0']'
Thu Jul 30 09:00:44 UTC 2026 | ALL | 07-30 09:00:43.281  4162  4220 I appium  : Waiting up to 10000ms for the device to idle
Thu Jul 30 09:00:44 UTC 2026 | ALL | 07-30 09:00:43.282  3232  3521 E MDD     : DownloadProgressMonitor: Can't find file group for uri: android://com.google.android.apps.messaging/files/datadownload/shared/public/datadownloadfile_1785401964817
Thu Jul 30 09:00:44 UTC 2026 | ALL | 07-30 09:00:43.283  3232  3378 E MDD     : DownloadProgressMonitor: Can't find file group for uri: android://com.google.android.apps.messaging/files/datadownload/shared/public/datadownloadfile_1785401964818
Thu Jul 30 09:00:44 UTC 2026 | ALL | 07-30 09:00:43.284  4162  4220 I appium  : The following attributes will be included to the page source: [index, text, hint]
Thu Jul 30 09:00:44 UTC 2026 | ALL | 07-30 09:00:43.288  3232  3370 D dasx    : Starting download: https://fonts.gstatic.com/s/e/notoemoji/16.0/1f64c/lottie.json
Thu Jul 30 09:00:44 UTC 2026 | ALL | 07-30 09:00:43.288  3232  3370 V dasx    : Is http uri, downloading (uri: https://fonts.gstatic.com/s/e/notoemoji/16.0/1f64c/lottie.json)
Thu Jul 30 09:00:44 UTC 2026 | ALL | 07-30 09:00:43.288  3232  3378 D dasx    : Starting download: https://fonts.gstatic.com/s/e/notoemoji/16.0/1f64c_1f3fb/lottie.json
Thu Jul 30 09:00:44 UTC 2026 | ALL | 07-30 09:00:43.288  3232  3378 V dasx    : Is http uri, downloading (uri: https://fonts.gstatic.com/s/e/notoemoji/16.0/1f64c_1f3fb/lottie.json)
Thu Jul 30 09:00:44 UTC 2026 | ALL | 07-30 09:00:43.293  3232  3370 E MDD     : DownloadProgressMonitor: Can't find file group for uri: android://com.google.android.apps.messaging/files/datadownload/shared/public/datadownloadfile_1785401964819
Thu Jul 30 09:00:44 UTC 2026 | ALL | 07-30 09:00:43.297  3232  3378 E MDD     : DownloadProgressMonitor: Can't find file group for uri: android://com.google.android.apps.messaging/files/datadownload/shared/public/datadownloadfile_1785401964820
Thu Jul 30 09:00:44 UTC 2026 | ALL | 07-30 09:00:43.307  3232  3434 D dasx    : Starting download: https://fonts.gstatic.com/s/e/notoemoji/16.0/1f64c_1f3fc/lottie.json
Thu Jul 30 09:00:44 UTC 2026 | ALL | 07-30 09:00:43.308  3232  3434 V dasx    : Is http uri, downloading (uri: https://fonts.gstatic.com/s/e/notoemoji/16.0/1f64c_1f3fc/lottie.json)
Thu Jul 30 09:00:44 UTC 2026 | ALL | 07-30 09:00:43.310  4162  4220 I appium  : Took 0ms to retrieve 0 matches for '//android.widget.EditText[@text='your.email@example.com' or @hint='your.email@example.com' or @text='Email Address' or @index='0']' XPath2 query
Thu Jul 30 09:00:44 UTC 2026 | ALL | 07-30 09:00:43.311  4162  4220 I appium  : AppiumResponse: {"sessionId":"0ec58237-84ed-40bd-bf67-28bb2b70cae2","value":{"error":"no such element","message":"An element could not be located on the page using the given search parameters","stacktrace":"io.appium.uiautomator2.common.exceptions.ElementNotFoundException: An element could not be located on the page using the given search parameters\n\tat io.appium.uiautomator2.utils.ElementLocationHelpers.findElement(ElementLocationHelpers.java:156)\n\tat io.appium.uiautomator2.handler.FindElement.safeHandle(FindElement.java:60)\n\tat io.appium.uiautomator2.handler.request.SafeRequestHandler.handle(SafeRequestHandler.java:59)\n\tat io.appium.uiautomator2.server.AppiumServlet.handleRequest(AppiumServlet.java:259)\n\tat io.appium.uiautomator2.server.AppiumServlet.handleHttpRequest(AppiumServlet.java:253)\n\tat io.appium.uiautomator2.http.ServerHandler.channelRead(ServerHandler.java:77)\n\tat io.netty.channel.AbstractChannelHandlerContext.invokeChannelRead(AbstractChannelHandlerContext.java:374)\n\tat io.netty.channel.AbstractChannelHandlerContext.invokeChannelRead(AbstractChannelHandlerContext.java:360)\n\tat io.netty.channel.AbstractChannelHandlerContext.fireChannelRead(AbstractChannelHandlerContext.java:352)\n\tat io.netty.handler.codec.MessageToMessageDecoder.channelRead(MessageToMessageDecoder.java:102)\n\tat io.netty.channel.AbstractChannelHandlerContext.invokeChannelRead(AbstractChannelHandlerContext.java:374)\n\tat io.netty.channel.AbstractChannelHandlerContext.invokeChannelRead(AbstractChannelHandlerContext.java:360)\n\tat io.netty.channel.AbstractChannelHandlerContext.fireChannelRead(AbstractChannelHandlerContext.java:352)\n\tat io.netty.channel.CombinedChannelDuplexHandler$DelegatingChannelHandlerContext.fireChannelRead(CombinedChannelDuplexHandler.java:438)\n\tat io.netty.handler.codec.ByteToMessageDecoder.fireChannelRead(ByteToMessageDecoder.java:328)\n\tat io.netty.handler.codec.ByteToMessageDecoder.channelRead(ByteToMessageDecoder.java:302)\n\tat io.netty.channel.CombinedChannelDuplexHandler.channelRead(CombinedChannelDuplexHandler.java:253)\n\tat io.netty.channel.AbstractChannelHandlerContext.invokeChannelRead(AbstractChannelHandlerContext.java:374)\n\tat io.netty.channel.AbstractChannelHandlerContext.invokeChannelRead(AbstractChannelHandlerContext.java:360)\n\tat io.netty.channel.AbstractChannelHandlerContext.fireChannelRead(AbstractChannelHandlerContext.java:352)\n\tat io.netty.handler.timeout.IdleStateHandler.channelRead(IdleStateHandler.java:287)\n\tat io.netty.channel.AbstractChannelHandlerContext.invokeChannelRead(AbstractChannelHandlerContext.java:374)\n\tat io.netty.channel.AbstractChannelHandlerContext.invokeChannelRead(AbstractChannelHandlerContext.java:360)\n\tat io.netty.channel.AbstractChannelHandlerContext.fireChannelRead(AbstractChannelHandlerContext.java:352)\n\tat io.netty.channel.DefaultChannelPipeline$HeadContext.channelRead(DefaultChannelPipeline.java:1422)\n\tat io.netty.channel.AbstractChannelHandlerContext.invokeChannelRead(AbstractChannelHandlerContext.java:374)\n\tat io.netty.channel.AbstractChannelHandlerContext.invokeChannelRead(AbstractChannelHandlerContext.java:360)\n\tat io.netty.channel.DefaultChannelPipeline.fireChannelRead(DefaultChannelPipeline.java:931)\n\tat io.netty.channel.nio.AbstractNioByteChannel$NioByteUnsafe.read(AbstractNioByteChannel.java:163)\n\tat io.netty.channel.nio.NioEventLoop.processSelectedKey(NioEventLoop.java:700)\n\tat io.netty.channel.nio.NioEventLoop.processSelectedKeysOptimized(NioEventLoop.java:635)\n\tat io.netty.channel.nio.NioEventLoop.processSelectedKeys(NioEventLoop.java:552)\n\tat io.netty.channel.nio.NioEventLoop.run(NioEventLoop.java:514)\n\tat io.netty.util.concurrent.SingleThreadEventExecutor$6.run(SingleThreadEventExecutor.java:1044)\n\tat io.netty.util.internal.ThreadExecutorMap$2.run(ThreadExecutorMap.java:74)\n\tat io.netty.util.concurrent.FastThreadLocalRunnable.run(FastThreadLocalRunnable.java:30)\n\tat java.lang.Thread.run(Thread.java:1012)\n"}}
Thu Jul 30 09:00:44 UTC 2026 | ALL | 07-30 09:00:43.314  3232  3378 D dasx    : Starting download: https://fonts.gstatic.com/s/e/notoemoji/16.0/1f64c_1f3fd/lottie.json
Thu Jul 30 09:00:44 UTC 2026 | ALL | 07-30 09:00:43.314  3232  3378 V dasx    : Is http uri, downloading (uri: https://fonts.gstatic.com/s/e/notoemoji/16.0/1f64c_1f3fd/lottie.json)
Thu Jul 30 09:00:44 UTC 2026 | ALL | 07-30 09:00:43.320  3232  3378 E MDD     : DownloadProgressMonitor: Can't find file group for uri: android://com.google.android.apps.messaging/files/datadownload/shared/public/datadownloadfile_1785401964822
Thu Jul 30 09:00:44 UTC 2026 | ALL | 07-30 09:00:43.322  3232  3434 E MDD     : DownloadProgressMonitor: Can't find file group for uri: android://com.google.android.apps.messaging/files/datadownload/shared/public/datadownloadfile_1785401964821
Thu Jul 30 09:00:44 UTC 2026 | ALL | 07-30 09:00:43.327  3232  3370 D dasx    : Starting download: https://fonts.gstatic.com/s/e/notoemoji/16.0/1f64c_1f3fe/lottie.json
Thu Jul 30 09:00:44 UTC 2026 | ALL | 07-30 09:00:43.327  3232  3370 V dasx    : Is http uri, downloading (uri: https://fonts.gstatic.com/s/e/notoemoji/16.0/1f64c_1f3fe/lottie.json)
Thu Jul 30 09:00:44 UTC 2026 | ALL | 07-30 09:00:43.328  3232  3378 D dasx    : Starting download: https://fonts.gstatic.com/s/e/notoemoji/16.0/1f64c_1f3ff/lottie.json
Thu Jul 30 09:00:44 UTC 2026 | ALL | 07-30 09:00:43.328  3232  3378 V dasx    : Is http uri, downloading (uri: https://fonts.gstatic.com/s/e/notoemoji/16.0/1f64c_1f3ff/lottie.json)
Thu Jul 30 09:00:44 UTC 2026 | ALL | 07-30 09:00:43.533  3232  3378 E MDD     : DownloadProgressMonitor: Can't find file group for uri: android://com.google.android.apps.messaging/files/datadownload/shared/public/datadownloadfile_1785401964824
Thu Jul 30 09:00:44 UTC 2026 | ALL | 07-30 09:00:43.534  3232  3370 E MDD     : DownloadProgressMonitor: Can't find file group for uri: android://com.google.android.apps.messaging/files/datadownload/shared/public/datadownloadfile_1785401964823
Thu Jul 30 09:00:44 UTC 2026 | ALL | 07-30 09:00:43.540  3232  3434 D dasx    : Starting download: https://fonts.gstatic.com/s/e/notoemoji/16.0/1f44b/lottie.json
Thu Jul 30 09:00:44 UTC 2026 | ALL | 07-30 09:00:43.540  3232  3434 V dasx    : Is http uri, downloading (uri: https://fonts.gstatic.com/s/e/notoemoji/16.0/1f44b/lottie.json)
Thu Jul 30 09:00:44 UTC 2026 | ALL | 07-30 09:00:43.541  3232  3378 D dasx    : Starting download: https://fonts.gstatic.com/s/e/notoemoji/16.0/1f44b_1f3fb/lottie.json
Thu Jul 30 09:00:44 UTC 2026 | ALL | 07-30 09:00:43.541  3232  3378 V dasx    : Is http uri, downloading (uri: https://fonts.gstatic.com/s/e/notoemoji/16.0/1f44b_1f3fb/lottie.json)
Thu Jul 30 09:00:44 UTC 2026 | ALL | 07-30 09:00:43.546  3232  3434 E MDD     : DownloadProgressMonitor: Can't find file group for uri: android://com.google.android.apps.messaging/files/datadownload/shared/public/datadownloadfile_1785401964825
Thu Jul 30 09:00:44 UTC 2026 | ALL | 07-30 09:00:43.550  3232  3378 E MDD     : DownloadProgressMonitor: Can't find file group for uri: android://com.google.android.apps.messaging/files/datadownload/shared/public/datadownloadfile_1785401964826
Thu Jul 30 09:00:44 UTC 2026 | ALL | 07-30 09:00:43.550  3232  3370 D dasx    : Starting download: https://fonts.gstatic.com/s/e/notoemoji/16.0/1f44b_1f3fc/lottie.json
Thu Jul 30 09:00:44 UTC 2026 | ALL | 07-30 09:00:43.550  3232  3370 V dasx    : Is http uri, downloading (uri: https://fonts.gstatic.com/s/e/notoemoji/16.0/1f44b_1f3fc/lottie.json)
Thu Jul 30 09:00:44 UTC 2026 | ALL | 07-30 09:00:43.555  3232  3434 D dasx    : Starting download: https://fonts.gstatic.com/s/e/notoemoji/16.0/1f44b_1f3fd/lottie.json
Thu Jul 30 09:00:44 UTC 2026 | ALL | 07-30 09:00:43.555  3232  3434 V dasx    : Is http uri, downloading (uri: https://fonts.gstatic.com/s/e/notoemoji/16.0/1f44b_1f3fd/lottie.json)
Thu Jul 30 09:00:44 UTC 2026 | ALL | 07-30 09:00:43.761  3232  3434 E MDD     : DownloadProgressMonitor: Can't find file group for uri: android://com.google.android.apps.messaging/files/datadownload/shared/public/datadownloadfile_1785401964828
Thu Jul 30 09:00:44 UTC 2026 | ALL | 07-30 09:00:43.764  3232  3370 E MDD     : DownloadProgressMonitor: Can't find file group for uri: android://com.google.android.apps.messaging/files/datadownload/shared/public/datadownloadfile_1785401964827
Thu Jul 30 09:00:44 UTC 2026 | ALL | 07-30 09:00:43.766  3232  3378 D dasx    : Starting download: https://fonts.gstatic.com/s/e/notoemoji/16.0/1f44b_1f3fe/lottie.json
Thu Jul 30 09:00:44 UTC 2026 | ALL | 07-30 09:00:43.767  3232  3378 V dasx    : Is http uri, downloading (uri: https://fonts.gstatic.com/s/e/notoemoji/16.0/1f44b_1f3fe/lottie.json)
Thu Jul 30 09:00:44 UTC 2026 | ALL | 07-30 09:00:43.768  3232  3434 D dasx    : Starting download: https://fonts.gstatic.com/s/e/notoemoji/16.0/1f44b_1f3ff/lottie.json
Thu Jul 30 09:00:44 UTC 2026 | ALL | 07-30 09:00:43.768  3232  3434 V dasx    : Is http uri, downloading (uri: https://fonts.gstatic.com/s/e/notoemoji/16.0/1f44b_1f3ff/lottie.json)
Thu Jul 30 09:00:44 UTC 2026 | ALL | 07-30 09:00:43.818  4162  4220 I appium  : channel read: POST /session/0ec58237-84ed-40bd-bf67-28bb2b70cae2/element
Thu Jul 30 09:00:44 UTC 2026 | ALL | 07-30 09:00:43.818  4162  4220 I appium  : FindElement command
Thu Jul 30 09:00:44 UTC 2026 | ALL | 07-30 09:00:43.818  4162  4220 I appium  : method: 'xpath', selector: '//android.widget.EditText[@text='your.email@example.com' or @hint='your.email@example.com' or @text='Email Address' or @index='0']'
Thu Jul 30 09:00:44 UTC 2026 | ALL | 07-30 09:00:43.818  4162  4220 I appium  : Waiting up to 10000ms for the device to idle
Thu Jul 30 09:00:44 UTC 2026 | ALL | 07-30 09:00:43.820  4162  4220 I appium  : The following attributes will be included to the page source: [index, text, hint]
Thu Jul 30 09:00:44 UTC 2026 | ALL | 07-30 09:00:43.823  4162  4170 I tomator2.server: Method exceeds compiler instruction limit: 19264 in java_cup.runtime.Symbol org.eclipse.wst.xml.xpath2.processor.internal.CUP$XPathCup$actions.CUP$XPathCup$do_action(int, java_cup.runtime.lr_parser, java.util.Stack, int)
Thu Jul 30 09:00:44 UTC 2026 | ALL | 07-30 09:00:43.835  4162  4220 I appium  : Took 0ms to retrieve 0 matches for '//android.widget.EditText[@text='your.email@example.com' or @hint='your.email@example.com' or @text='Email Address' or @index='0']' XPath2 query
Thu Jul 30 09:00:44 UTC 2026 | ALL | 07-30 09:00:43.836  4162  4220 I appium  : AppiumResponse: {"sessionId":"0ec58237-84ed-40bd-bf67-28bb2b70cae2","value":{"error":"no such element","message":"An element could not be located on the page using the given search parameters","stacktrace":"io.appium.uiautomator2.common.exceptions.ElementNotFoundException: An element could not be located on the page using the given search parameters\n\tat io.appium.uiautomator2.utils.ElementLocationHelpers.findElement(ElementLocationHelpers.java:156)\n\tat io.appium.uiautomator2.handler.FindElement.safeHandle(FindElement.java:60)\n\tat io.appium.uiautomator2.handler.request.SafeRequestHandler.handle(SafeRequestHandler.java:59)\n\tat io.appium.uiautomator2.server.AppiumServlet.handleRequest(AppiumServlet.java:259)\n\tat io.appium.uiautomator2.server.AppiumServlet.handleHttpRequest(AppiumServlet.java:253)\n\tat io.appium.uiautomator2.http.ServerHandler.channelRead(ServerHandler.java:77)\n\tat io.netty.channel.AbstractChannelHandlerContext.invokeChannelRead(AbstractChannelHandlerContext.java:374)\n\tat io.netty.channel.AbstractChannelHandlerContext.invokeChannelRead(AbstractChannelHandlerContext.java:360)\n\tat io.netty.channel.AbstractChannelHandlerContext.fireChannelRead(AbstractChannelHandlerContext.java:352)\n\tat io.netty.handler.codec.MessageToMessageDecoder.channelRead(MessageToMessageDecoder.java:102)\n\tat io.netty.channel.AbstractChannelHandlerContext.invokeChannelRead(AbstractChannelHandlerContext.java:374)\n\tat io.netty.channel.AbstractChannelHandlerContext.invokeChannelRead(AbstractChannelHandlerContext.java:360)\n\tat io.netty.channel.AbstractChannelHandlerContext.fireChannelRead(AbstractChannelHandlerContext.java:352)\n\tat io.netty.channel.CombinedChannelDuplexHandler$DelegatingChannelHandlerContext.fireChannelRead(CombinedChannelDuplexHandler.java:438)\n\tat io.netty.handler.codec.ByteToMessageDecoder.fireChannelRead(ByteToMessageDecoder.java:328)\n\tat io.netty.handler.codec.ByteToMessageDecoder.channelRead(ByteToMessageDecoder.java:302)\n\tat io.netty.channel.CombinedChannelDuplexHandler.channelRead(CombinedChannelDuplexHandler.java:253)\n\tat io.netty.channel.AbstractChannelHandlerContext.invokeChannelRead(AbstractChannelHandlerContext.java:374)\n\tat io.netty.channel.AbstractChannelHandlerContext.invokeChannelRead(AbstractChannelHandlerContext.java:360)\n\tat io.netty.channel.AbstractChannelHandlerContext.fireChannelRead(AbstractChannelHandlerContext.java:352)\n\tat io.netty.handler.timeout.IdleStateHandler.channelRead(IdleStateHandler.java:287)\n\tat io.netty.channel.AbstractChannelHandlerContext.invokeChannelRead(AbstractChannelHandlerContext.java:374)\n\tat io.netty.channel.AbstractChannelHandlerContext.invokeChannelRead(AbstractChannelHandlerContext.java:360)\n\tat io.netty.channel.AbstractChannelHandlerContext.fireChannelRead(AbstractChannelHandlerContext.java:352)\n\tat io.netty.channel.DefaultChannelPipeline$HeadContext.channelRead(DefaultChannelPipeline.java:1422)\n\tat io.netty.channel.AbstractChannelHandlerContext.invokeChannelRead(AbstractChannelHandlerContext.java:374)\n\tat io.netty.channel.AbstractChannelHandlerContext.invokeChannelRead(AbstractChannelHandlerContext.java:360)\n\tat io.netty.channel.DefaultChannelPipeline.fireChannelRead(DefaultChannelPipeline.java:931)\n\tat io.netty.channel.nio.AbstractNioByteChannel$NioByteUnsafe.read(AbstractNioByteChannel.java:163)\n\tat io.netty.channel.nio.NioEventLoop.processSelectedKey(NioEventLoop.java:700)\n\tat io.netty.channel.nio.NioEventLoop.processSelectedKeysOptimized(NioEventLoop.java:635)\n\tat io.netty.channel.nio.NioEventLoop.processSelectedKeys(NioEventLoop.java:552)\n\tat io.netty.channel.nio.NioEventLoop.run(NioEventLoop.java:514)\n\tat io.netty.util.concurrent.SingleThreadEventExecutor$6.run(SingleThreadEventExecutor.java:1044)\n\tat io.netty.util.internal.ThreadExecutorMap$2.run(ThreadExecutorMap.java:74)\n\tat io.netty.util.concurrent.FastThreadLocalRunnable.run(FastThreadLocalRunnable.java:30)\n\tat java.lang.Thread.run(Thread.java:1012)\n"}}
Thu Jul 30 09:00:44 UTC 2026 | ALL | 07-30 09:00:43.982  3232  3378 E MDD     : DownloadProgressMonitor: Can't find file group for uri: android://com.google.android.apps.messaging/files/datadownload/shared/public/datadownloadfile_1785401964829
Thu Jul 30 09:00:44 UTC 2026 | ALL | 07-30 09:00:43.982  3232  3434 E MDD     : DownloadProgressMonitor: Can't find file group for uri: android://com.google.android.apps.messaging/files/datadownload/shared/public/datadownloadfile_1785401964830
Thu Jul 30 09:00:44 UTC 2026 | ALL | 07-30 09:00:43.987  3232  3370 D dasx    : Starting download: https://fonts.gstatic.com/s/e/notoemoji/16.0/270c_fe0f/lottie.json
Thu Jul 30 09:00:44 UTC 2026 | ALL | 07-30 09:00:43.987  3232  3370 V dasx    : Is http uri, downloading (uri: https://fonts.gstatic.com/s/e/notoemoji/16.0/270c_fe0f/lottie.json)
Thu Jul 30 09:00:44 UTC 2026 | ALL | 07-30 09:00:43.989  3232  3434 D dasx    : Starting download: https://fonts.gstatic.com/s/e/notoemoji/16.0/270c_1f3fb/lottie.json
Thu Jul 30 09:00:44 UTC 2026 | ALL | 07-30 09:00:43.989  3232  3434 V dasx    : Is http uri, downloading (uri: https://fonts.gstatic.com/s/e/notoemoji/16.0/270c_1f3fb/lottie.json)
Thu Jul 30 09:00:44 UTC 2026 | ALL | 07-30 09:00:43.997  3232  3434 E MDD     : DownloadProgressMonitor: Can't find file group for uri: android://com.google.android.apps.messaging/files/datadownload/shared/public/datadownloadfile_1785401964832
Thu Jul 30 09:00:44 UTC 2026 | ALL | 07-30 09:00:43.998  3232  3370 E MDD     : DownloadProgressMonitor: Can't find file group for uri: android://com.google.android.apps.messaging/files/datadownload/shared/public/datadownloadfile_1785401964831
Thu Jul 30 09:00:44 UTC 2026 | ALL | 07-30 09:00:44.003  3232  3378 D dasx    : Starting download: https://fonts.gstatic.com/s/e/notoemoji/16.0/270c_1f3fc/lottie.json
Thu Jul 30 09:00:44 UTC 2026 | ALL | 07-30 09:00:44.003  3232  3378 V dasx    : Is http uri, downloading (uri: https://fonts.gstatic.com/s/e/notoemoji/16.0/270c_1f3fc/lottie.json)
Thu Jul 30 09:00:44 UTC 2026 | ALL | 07-30 09:00:44.004  3232  3434 D dasx    : Starting download: https://fonts.gstatic.com/s/e/notoemoji/16.0/270c_1f3fd/lottie.json
Thu Jul 30 09:00:44 UTC 2026 | ALL | 07-30 09:00:44.004  3232  3434 V dasx    : Is http uri, downloading (uri: https://fonts.gstatic.com/s/e/notoemoji/16.0/270c_1f3fd/lottie.json)
Thu Jul 30 09:00:44 UTC 2026 | ALL | 07-30 09:00:44.008  3232  3378 E MDD     : DownloadProgressMonitor: Can't find file group for uri: android://com.google.android.apps.messaging/files/datadownload/shared/public/datadownloadfile_1785401964833
Thu Jul 30 09:00:44 UTC 2026 | ALL | 07-30 09:00:44.014  3232  3434 E MDD     : DownloadProgressMonitor: Can't find file group for uri: android://com.google.android.apps.messaging/files/datadownload/shared/public/datadownloadfile_1785401964834
Thu Jul 30 09:00:44 UTC 2026 | ALL | 07-30 09:00:44.020  3232  3370 D dasx    : Starting download: https://fonts.gstatic.com/s/e/notoemoji/16.0/270c_1f3fe/lottie.json
Thu Jul 30 09:00:44 UTC 2026 | ALL | 07-30 09:00:44.022  3232  3370 V dasx    : Is http uri, downloading (uri: https://fonts.gstatic.com/s/e/notoemoji/16.0/270c_1f3fe/lottie.json)
Thu Jul 30 09:00:44 UTC 2026 | ALL | 07-30 09:00:44.025  3232  3434 D dasx    : Starting download: https://fonts.gstatic.com/s/e/notoemoji/16.0/270c_1f3ff/lottie.json
Thu Jul 30 09:00:44 UTC 2026 | ALL | 07-30 09:00:44.025  3232  3434 V dasx    : Is http uri, downloading (uri: https://fonts.gstatic.com/s/e/notoemoji/16.0/270c_1f3ff/lottie.json)
Thu Jul 30 09:00:45 UTC 2026 | ALL | 07-30 09:00:44.144  1817  1817 I wpa_supplicant: wlan0: CTRL-EVENT-BEACON-LOSS 
Thu Jul 30 09:00:45 UTC 2026 | ALL | 07-30 09:00:44.222  3232  3434 E MDD     : DownloadProgressMonitor: Can't find file group for uri: android://com.google.android.apps.messaging/files/datadownload/shared/public/datadownloadfile_1785401964836
Thu Jul 30 09:00:45 UTC 2026 | ALL | 07-30 09:00:44.223  3232  3370 E MDD     : DownloadProgressMonitor: Can't find file group for uri: android://com.google.android.apps.messaging/files/datadownload/shared/public/datadownloadfile_1785401964835
Thu Jul 30 09:00:45 UTC 2026 | ALL | 07-30 09:00:44.226  3232  3378 D dasx    : Starting download: https://fonts.gstatic.com/s/e/notoemoji/16.0/1f91e/lottie.json
Thu Jul 30 09:00:45 UTC 2026 | ALL | 07-30 09:00:44.226  3232  3378 V dasx    : Is http uri, downloading (uri: https://fonts.gstatic.com/s/e/notoemoji/16.0/1f91e/lottie.json)
Thu Jul 30 09:00:45 UTC 2026 | ALL | 07-30 09:00:44.230  3232  3434 D dasx    : Starting download: https://fonts.gstatic.com/s/e/notoemoji/16.0/1f91e_1f3fb/lottie.json
Thu Jul 30 09:00:45 UTC 2026 | ALL | 07-30 09:00:44.230  3232  3434 V dasx    : Is http uri, downloading (uri: https://fonts.gstatic.com/s/e/notoemoji/16.0/1f91e_1f3fb/lottie.json)
Thu Jul 30 09:00:45 UTC 2026 | ALL | 07-30 09:00:44.232  3232  3378 E MDD     : DownloadProgressMonitor: Can't find file group for uri: android://com.google.android.apps.messaging/files/datadownload/shared/public/datadownloadfile_1785401964837
Thu Jul 30 09:00:45 UTC 2026 | ALL | 07-30 09:00:44.237  3232  3434 E MDD     : DownloadProgressMonitor: Can't find file group for uri: android://com.google.android.apps.messaging/files/datadownload/shared/public/datadownloadfile_1785401964838
Thu Jul 30 09:00:45 UTC 2026 | ALL | 07-30 09:00:44.239  3232  3370 D dasx    : Starting download: https://fonts.gstatic.com/s/e/notoemoji/16.0/1f91e_1f3fc/lottie.json
Thu Jul 30 09:00:45 UTC 2026 | ALL | 07-30 09:00:44.239  3232  3370 V dasx    : Is http uri, downloading (uri: https://fonts.gstatic.com/s/e/notoemoji/16.0/1f91e_1f3fc/lottie.json)
Thu Jul 30 09:00:45 UTC 2026 | ALL | 07-30 09:00:44.244  3232  3378 D dasx    : Starting download: https://fonts.gstatic.com/s/e/notoemoji/16.0/1f91e_1f3fd/lottie.json
Thu Jul 30 09:00:45 UTC 2026 | ALL | 07-30 09:00:44.244  3232  3378 V dasx    : Is http uri, downloading (uri: https://fonts.gstatic.com/s/e/notoemoji/16.0/1f91e_1f3fd/lottie.json)
Thu Jul 30 09:00:45 UTC 2026 | ALL | 07-30 09:00:44.276   361   401 I netd    : tetherGetStats() -> {[]} <0.40ms>
Thu Jul 30 09:00:45 UTC 2026 | ALL | 07-30 09:00:44.279   361   401 I netd    : bandwidthSetGlobalAlert(2097152) <0.07ms>
Thu Jul 30 09:00:45 UTC 2026 | ALL | 07-30 09:00:44.281   361   401 I netd    : bandwidthRemoveInterfaceQuota(eth0) <0.49ms>
Thu Jul 30 09:00:45 UTC 2026 | ALL | 07-30 09:00:44.281   361   361 I netd    : bandwidthSetInterfaceQuota(eth0, 9223372036854775807) <0.64ms>
Thu Jul 30 09:00:45 UTC 2026 | ALL | 07-30 09:00:44.294   560   669 D OomAdjuster: Not killing cached processes
Thu Jul 30 09:00:45 UTC 2026 | ALL | 07-30 09:00:44.300   560   576 D FileUtils: Rounded bytes from 2593193984 to 4000000000
Thu Jul 30 09:00:45 UTC 2026 | ALL | 07-30 09:00:44.309   560   655 D ActivityManager: sync unfroze 1641 com.google.android.googlequicksearchbox:search for 6
Thu Jul 30 09:00:45 UTC 2026 | ALL | 07-30 09:00:44.323  1641  1641 I BgTaskExecutorImpl: (REDACTED) Starting %s background task %s.
Thu Jul 30 09:00:45 UTC 2026 | ALL | 07-30 09:00:44.327   560   833 D ConnectivityService: releasing NetworkRequest [ REQUEST id=109, [ Transports: CELLULAR Capabilities: INTERNET&NOT_RESTRICTED&TRUSTED&NOT_VPN&NOT_VCN_MANAGED&NOT_BANDWIDTH_CONSTRAINED Forbidden: LOCAL_NETWORK Uid: 10144 RequestorUid: 10144 RequestorPkg: com.google.android.googlequicksearchbox UnderlyingNetworks: Null] ] (release request)
Thu Jul 30 09:00:45 UTC 2026 | ALL | 07-30 09:00:44.328   560   833 I ConnectivityService: Update capabilities for net 101 : -FOREGROUND
Thu Jul 30 09:00:45 UTC 2026 | ALL | 07-30 09:00:44.332  1641  2682 I NetworkRecognitionRnr: Using pair HTTP connection
Thu Jul 30 09:00:45 UTC 2026 | ALL | 07-30 09:00:44.337   361   361 I netd    : networkSetPermissionForNetwork(101, 1) <6.45ms>
Thu Jul 30 09:00:45 UTC 2026 | ALL | 07-30 09:00:44.343  4162  4220 I appium  : channel read: POST /session/0ec58237-84ed-40bd-bf67-28bb2b70cae2/element
Thu Jul 30 09:00:45 UTC 2026 | ALL | 07-30 09:00:44.343  4162  4220 I appium  : FindElement command
Thu Jul 30 09:00:45 UTC 2026 | ALL | 07-30 09:00:44.344  1641  2463 I A       : [Upload] Connected
Thu Jul 30 09:00:45 UTC 2026 | ALL | 07-30 09:00:44.347  1226  3893 I NetworkScheduler.Stats: Task com.google.android.gms/com.google.android.gms.tapandpay.gcmtask.TapAndPayGcmTaskService started execution. cause:4 exec_start_elapsed_seconds: 166 [CONTEXT service_id=218 ]
Thu Jul 30 09:00:45 UTC 2026 | ALL | 07-30 09:00:44.347  4162  4220 I appium  : method: 'xpath', selector: '//android.widget.EditText[@text='your.email@example.com' or @hint='your.email@example.com' or @text='Email Address' or @index='0']'
Thu Jul 30 09:00:45 UTC 2026 | ALL | 07-30 09:00:44.347  4162  4220 I appium  : Waiting up to 10000ms for the device to idle
Thu Jul 30 09:00:45 UTC 2026 | ALL | 07-30 09:00:44.348  1226  3893 W TapAndPay: NfcAdapter is null while obtaining CardEmulation instance. [CONTEXT service_id=79 ]
Thu Jul 30 09:00:45 UTC 2026 | ALL | 07-30 09:00:44.348  1226  3893 W TapAndPay: java.lang.NullPointerException: NfcAdapter is null
Thu Jul 30 09:00:45 UTC 2026 | ALL | 07-30 09:00:44.348  1226  3893 W TapAndPay: 	at android.nfc.cardemulation.CardEmulation.getInstance(CardEmulation.java:170)
Thu Jul 30 09:00:45 UTC 2026 | ALL | 07-30 09:00:44.348  1226  3893 W TapAndPay: 	at dhwn.<init>(:com.google.android.gms@242335041@24.23.35 (190800-646585959):15)
Thu Jul 30 09:00:45 UTC 2026 | ALL | 07-30 09:00:44.348  1226  3893 W TapAndPay: 	at com.google.android.gms.tapandpay.hce.task.TapAndPayAidRegistrationTaskOperation.a(:com.google.android.gms@242335041@24.23.35 (190800-646585959):50)
Thu Jul 30 09:00:45 UTC 2026 | ALL | 07-30 09:00:44.348  1226  3893 W TapAndPay: 	at com.google.android.gms.tapandpay.gcmtask.TapAndPayGcmTaskChimeraService.a(:com.google.android.gms@242335041@24.23.35 (190800-646585959):32)
Thu Jul 30 09:00:45 UTC 2026 | ALL | 07-30 09:00:44.348  1226  3893 W TapAndPay: 	at bpjj.call(:com.google.android.gms@242335041@24.23.35 (190800-646585959):32)
Thu Jul 30 09:00:45 UTC 2026 | ALL | 07-30 09:00:44.348  1226  3893 W TapAndPay: 	at java.util.concurrent.FutureTask.run(FutureTask.java:264)
Thu Jul 30 09:00:45 UTC 2026 | ALL | 07-30 09:00:44.348  1226  3893 W TapAndPay: 	at angs.c(:com.google.android.gms@242335041@24.23.35 (190800-646585959):50)
Thu Jul 30 09:00:45 UTC 2026 | ALL | 07-30 09:00:44.348  1226  3893 W TapAndPay: 	at angs.run(:com.google.android.gms@242335041@24.23.35 (190800-646585959):76)
Thu Jul 30 09:00:45 UTC 2026 | ALL | 07-30 09:00:44.348  1226  3893 W TapAndPay: 	at java.util.concurrent.ThreadPoolExecutor.runWorker(ThreadPoolExecutor.java:1145)
Thu Jul 30 09:00:45 UTC 2026 | ALL | 07-30 09:00:44.348  1226  3893 W TapAndPay: 	at java.util.concurrent.ThreadPoolExecutor$Worker.run(ThreadPoolExecutor.java:644)
Thu Jul 30 09:00:45 UTC 2026 | ALL | 07-30 09:00:44.348  1226  3893 W TapAndPay: 	at anmg.run(:com.google.android.gms@242335041@24.23.35 (190800-646585959):8)
Thu Jul 30 09:00:45 UTC 2026 | ALL | 07-30 09:00:44.348  1226  3893 W TapAndPay: 	at java.lang.Thread.run(Thread.java:1012)
Thu Jul 30 09:00:45 UTC 2026 | ALL | 07-30 09:00:44.351  4162  4220 I appium  : The following attributes will be included to the page source: [index, text, hint]
Thu Jul 30 09:00:45 UTC 2026 | ALL | 07-30 09:00:44.351  1226  3893 I NetworkScheduler.Stats: Task com.google.android.gms/com.google.android.gms.tapandpay.gcmtask.TapAndPayGcmTaskService finished executing. cause:4 result: 3 elapsed_millis: 18 uptime_millis: 18 exec_start_elapsed_seconds: 166 [CONTEXT service_id=218 ]
Thu Jul 30 09:00:45 UTC 2026 | ALL | 07-30 09:00:44.368  1641  1641 E A       : onError
Thu Jul 30 09:00:45 UTC 2026 | ALL | 07-30 09:00:44.368  1641  1641 E A       : com.google.android.apps.gsa.shared.speech.b.l: errorCode: 65561, engine: 2
Thu Jul 30 09:00:45 UTC 2026 | ALL | 07-30 09:00:44.368  1641  1641 E A       : 	at com.google.android.apps.gsa.staticplugins.bp.a.f.a(PG:23)
Thu Jul 30 09:00:45 UTC 2026 | ALL | 07-30 09:00:44.368  1641  1641 E A       : 	at com.google.android.apps.gsa.s3.o.hi(PG:13)
Thu Jul 30 09:00:45 UTC 2026 | ALL | 07-30 09:00:44.368  1641  1641 E A       : 	at com.google.ci.g.a.f.e(PG:9)
Thu Jul 30 09:00:45 UTC 2026 | ALL | 07-30 09:00:44.368  1641  1641 E A       : 	at com.google.android.apps.gsa.speech.k.a.g.d(PG:162)
Thu Jul 30 09:00:45 UTC 2026 | ALL | 07-30 09:00:44.368  1641  1641 E A       : 	at com.google.android.apps.gsa.speech.k.a.g.iO(PG:26)
Thu Jul 30 09:00:45 UTC 2026 | ALL | 07-30 09:00:44.368  1641  1641 E A       : 	at com.google.android.apps.gsa.s3.p.c(PG:102)
Thu Jul 30 09:00:45 UTC 2026 | ALL | 07-30 09:00:44.368  1641  1641 E A       : 	at com.google.android.apps.gsa.s3.q.run(PG:1)
Thu Jul 30 09:00:45 UTC 2026 | ALL | 07-30 09:00:44.368  1641  1641 E A       : 	at java.util.concurrent.Executors$RunnableAdapter.call(Executors.java:487)
Thu Jul 30 09:00:45 UTC 2026 | ALL | 07-30 09:00:44.368  1641  1641 E A       : 	at java.util.concurrent.FutureTask.run(FutureTask.java:264)
Thu Jul 30 09:00:45 UTC 2026 | ALL | 07-30 09:00:44.368  1641  1641 E A       : 	at com.google.android.apps.gsa.shared.util.c.a.e.run(PG:12)
Thu Jul 30 09:00:45 UTC 2026 | ALL | 07-30 09:00:44.368  1641  1641 E A       : 	at com.google.android.apps.gsa.shared.util.c.a.bg.run(PG:3)
Thu Jul 30 09:00:45 UTC 2026 | ALL | 07-30 09:00:44.368  1641  1641 E A       : 	at com.google.android.apps.gsa.shared.util.c.a.bg.run(PG:3)
Thu Jul 30 09:00:45 UTC 2026 | ALL | 07-30 09:00:44.368  1641  1641 E A       : 	at java.util.concurrent.ThreadPoolExecutor.runWorker(ThreadPoolExecutor.java:1145)
Thu Jul 30 09:00:45 UTC 2026 | ALL | 07-30 09:00:44.368  1641  1641 E A       : 	at java.util.concurrent.ThreadPoolExecutor$Worker.run(ThreadPoolExecutor.java:644)
Thu Jul 30 09:00:45 UTC 2026 | ALL | 07-30 09:00:44.368  1641  1641 E A       : 	at java.lang.Thread.run(Thread.java:1012)
Thu Jul 30 09:00:45 UTC 2026 | ALL | 07-30 09:00:44.368  1641  1641 E A       : 	at com.google.android.apps.gsa.shared.util.c.a.l.run(PG:42)
Thu Jul 30 09:00:45 UTC 2026 | ALL | 07-30 09:00:44.368  1641  1641 E A       : Caused by: com.google.android.apps.gsa.shared.speech.b.n: errorCode: 65586, engine: 2
Thu Jul 30 09:00:45 UTC 2026 | ALL | 07-30 09:00:44.368  1641  1641 E A       : 	at com.google.android.apps.gsa.s3.o.hi(PG:6)
Thu Jul 30 09:00:45 UTC 2026 | ALL | 07-30 09:00:44.368  1641  1641 E A       : 	... 14 more
Thu Jul 30 09:00:45 UTC 2026 | ALL | 07-30 09:00:44.368  1641  1641 E A       : Caused by: com.google.android.apps.gsa.shared.speech.b.j: errorCode: 401, engine: 2
Thu Jul 30 09:00:45 UTC 2026 | ALL | 07-30 09:00:44.368  1641  1641 E A       : 	at com.google.android.apps.gsa.assistant.shared.n.i.b(PG:30)
Thu Jul 30 09:00:45 UTC 2026 | ALL | 07-30 09:00:44.368  1641  1641 E A       : 	at com.google.android.apps.gsa.s3.producers.j.hs(PG:11)
Thu Jul 30 09:00:45 UTC 2026 | ALL | 07-30 09:00:44.368  1641  1641 E A       : 	at com.google.android.apps.gsa.speech.k.a.g.d(PG:135)
Thu Jul 30 09:00:45 UTC 2026 | ALL | 07-30 09:00:44.368  1641  1641 E A       : 	... 12 more
Thu Jul 30 09:00:45 UTC 2026 | ALL | 07-30 09:00:44.368  1641  2463 I NetworkRecognitionRnr: Using pair HTTP connection
Thu Jul 30 09:00:45 UTC 2026 | ALL | 07-30 09:00:44.369  1641  2307 I A       : [Upload] Connected
Thu Jul 30 09:00:45 UTC 2026 | ALL | 07-30 09:00:44.371  4162  4220 I appium  : Took 0ms to retrieve 0 matches for '//android.widget.EditText[@text='your.email@example.com' or @hint='your.email@example.com' or @text='Email Address' or @index='0']' XPath2 query
Thu Jul 30 09:00:45 UTC 2026 | ALL | 07-30 09:00:44.374  4162  4220 I appium  : AppiumResponse: {"sessionId":"0ec58237-84ed-40bd-bf67-28bb2b70cae2","value":{"error":"no such element","message":"An element could not be located on the page using the given search parameters","stacktrace":"io.appium.uiautomator2.common.exceptions.ElementNotFoundException: An element could not be located on the page using the given search parameters\n\tat io.appium.uiautomator2.utils.ElementLocationHelpers.findElement(ElementLocationHelpers.java:156)\n\tat io.appium.uiautomator2.handler.FindElement.safeHandle(FindElement.java:60)\n\tat io.appium.uiautomator2.handler.request.SafeRequestHandler.handle(SafeRequestHandler.java:59)\n\tat io.appium.uiautomator2.server.AppiumServlet.handleRequest(AppiumServlet.java:259)\n\tat io.appium.uiautomator2.server.AppiumServlet.handleHttpRequest(AppiumServlet.java:253)\n\tat io.appium.uiautomator2.http.ServerHandler.channelRead(ServerHandler.java:77)\n\tat io.netty.channel.AbstractChannelHandlerContext.invokeChannelRead(AbstractChannelHandlerContext.java:374)\n\tat io.netty.channel.AbstractChannelHandlerContext.invokeChannelRead(AbstractChannelHandlerContext.java:360)\n\tat io.netty.channel.AbstractChannelHandlerContext.fireChannelRead(AbstractChannelHandlerContext.java:352)\n\tat io.netty.handler.codec.MessageToMessageDecoder.channelRead(MessageToMessageDecoder.java:102)\n\tat io.netty.channel.AbstractChannelHandlerContext.invokeChannelRead(AbstractChannelHandlerContext.java:374)\n\tat io.netty.channel.AbstractChannelHandlerContext.invokeChannelRead(AbstractChannelHandlerContext.java:360)\n\tat io.netty.channel.AbstractChannelHandlerContext.fireChannelRead(AbstractChannelHandlerContext.java:352)\n\tat io.netty.channel.CombinedChannelDuplexHandler$DelegatingChannelHandlerContext.fireChannelRead(CombinedChannelDuplexHandler.java:438)\n\tat io.netty.handler.codec.ByteToMessageDecoder.fireChannelRead(ByteToMessageDecoder.java:328)\n\tat io.netty.handler.codec.ByteToMessageDecoder.channelRead(ByteToMessageDecoder.java:302)\n\tat io.netty.channel.CombinedChannelDuplexHandler.channelRead(CombinedChannelDuplexHandler.java:253)\n\tat io.netty.channel.AbstractChannelHandlerContext.invokeChannelRead(AbstractChannelHandlerContext.java:374)\n\tat io.netty.channel.AbstractChannelHandlerContext.invokeChannelRead(AbstractChannelHandlerContext.java:360)\n\tat io.netty.channel.AbstractChannelHandlerContext.fireChannelRead(AbstractChannelHandlerContext.java:352)\n\tat io.netty.handler.timeout.IdleStateHandler.channelRead(IdleStateHandler.java:287)\n\tat io.netty.channel.AbstractChannelHandlerContext.invokeChannelRead(AbstractChannelHandlerContext.java:374)\n\tat io.netty.channel.AbstractChannelHandlerContext.invokeChannelRead(AbstractChannelHandlerContext.java:360)\n\tat io.netty.channel.AbstractChannelHandlerContext.fireChannelRead(AbstractChannelHandlerContext.java:352)\n\tat io.netty.channel.DefaultChannelPipeline$HeadContext.channelRead(DefaultChannelPipeline.java:1422)\n\tat io.netty.channel.AbstractChannelHandlerContext.invokeChannelRead(AbstractChannelHandlerContext.java:374)\n\tat io.netty.channel.AbstractChannelHandlerContext.invokeChannelRead(AbstractChannelHandlerContext.java:360)\n\tat io.netty.channel.DefaultChannelPipeline.fireChannelRead(DefaultChannelPipeline.java:931)\n\tat io.netty.channel.nio.AbstractNioByteChannel$NioByteUnsafe.read(AbstractNioByteChannel.java:163)\n\tat io.netty.channel.nio.NioEventLoop.processSelectedKey(NioEventLoop.java:700)\n\tat io.netty.channel.nio.NioEventLoop.processSelectedKeysOptimized(NioEventLoop.java:635)\n\tat io.netty.channel.nio.NioEventLoop.processSelectedKeys(NioEventLoop.java:552)\n\tat io.netty.channel.nio.NioEventLoop.run(NioEventLoop.java:514)\n\tat io.netty.util.concurrent.SingleThreadEventExecutor$6.run(SingleThreadEventExecutor.java:1044)\n\tat io.netty.util.internal.ThreadExecutorMap$2.run(ThreadExecutorMap.java:74)\n\tat io.netty.util.concurrent.FastThreadLocalRunnable.run(FastThreadLocalRunnable.java:30)\n\tat java.lang.Thread.run(Thread.java:1012)\n"}}
Thu Jul 30 09:00:45 UTC 2026 | ALL | 07-30 09:00:44.376  1641  1641 W A       : Failed to sync device settings.
Thu Jul 30 09:00:45 UTC 2026 | ALL | 07-30 09:00:44.376  1641  1641 I A       : Retrying to sync device settings.
Thu Jul 30 09:00:45 UTC 2026 | ALL | 07-30 09:00:44.380  1641  1641 W JobInfo : Job 'com.google.android.googlequicksearchbox/com.google.android.apps.gsa.tasks.BackgroundTasksJobService#-353' has a deadline with functional constraints and an extremely short time window of 0 ms (delay=120000, deadline=120000). The functional constraints are not likely to be satisfied when the job runs.
Thu Jul 30 09:00:45 UTC 2026 | ALL | 07-30 09:00:44.380   560  1622 W JobInfo : Job 'com.google.android.googlequicksearchbox/com.google.android.apps.gsa.tasks.BackgroundTasksJobService#-353' has a deadline with functional constraints and an extremely short time window of 0 ms (delay=120000, deadline=120000). The functional constraints are not likely to be satisfied when the job runs.
Thu Jul 30 09:00:45 UTC 2026 | ALL | 07-30 09:00:44.382   560  1622 W JobInfo : Job 'com.google.android.googlequicksearchbox/com.google.android.apps.gsa.tasks.BackgroundTasksJobService#-353' has a deadline with functional constraints and an extremely short time window of 0 ms (delay=120000, deadline=120000). The functional constraints are not likely to be satisfied when the job runs.
Thu Jul 30 09:00:45 UTC 2026 | ALL | 07-30 09:00:44.386   560  1827 W JobScheduler: Job didn't exist in JobStore: ec581d3 #u0a144/-353 com.google.android.googlequicksearchbox/com.google.android.apps.gsa.tasks.BackgroundTasksJobService
Thu Jul 30 09:00:45 UTC 2026 | ALL | 07-30 09:00:44.401  1226  4469 I NetworkScheduler.Stats: Task com.google.android.gms/com.google.android.gms.tapandpay.gcmtask.TapAndPayGcmTaskService started execution. cause:5 exec_start_elapsed_seconds: 166 [CONTEXT service_id=218 ]
Thu Jul 30 09:00:45 UTC 2026 | ALL | 07-30 09:00:44.407  1226  4470 I NetworkScheduler.Stats: Task com.google.android.gms/com.google.android.gms.chimera.container.ConfigService started execution. cause:5 exec_start_elapsed_seconds: 166 [CONTEXT service_id=218 ]
Thu Jul 30 09:00:45 UTC 2026 | ALL | 07-30 09:00:44.410  1412  4472 I ChimeraConfigurator: Starting update, reason: 1 urgentFeatures: 
Thu Jul 30 09:00:45 UTC 2026 | ALL | 07-30 09:00:44.410  1226  4470 I NetworkScheduler.Stats: Task com.google.android.gms/com.google.android.gms.tapandpay.gcmtask.TapAndPayGcmTaskService finished executing. cause:5 result: 1 elapsed_millis: 20 uptime_millis: 20 exec_start_elapsed_seconds: 166 [CONTEXT service_id=218 ]
Thu Jul 30 09:00:45 UTC 2026 | ALL | 07-30 09:00:44.426  3232  3370 E MDD     : DownloadProgressMonitor: Can't find file group for uri: android://com.google.android.apps.messaging/files/datadownload/shared/public/datadownloadfile_1785401964839
Thu Jul 30 09:00:45 UTC 2026 | ALL | 07-30 09:00:44.433  3232  3378 E MDD     : DownloadProgressMonitor: Can't find file group for uri: android://com.google.android.apps.messaging/files/datadownload/shared/public/datadownloadfile_1785401964840
Thu Jul 30 09:00:45 UTC 2026 | ALL | 07-30 09:00:44.438  1412  1412 D BoundBrokerSvc: onRebind: Intent { act=com.google.android.gms.semanticlocationhistory.settings.SettingsSyncOneOffService.ACTION_TASK_READY dat=chimera-action:/... cmp=com.google.android.gms/.chimera.GmsInternalBoundBrokerService }
Thu Jul 30 09:00:45 UTC 2026 | ALL | 07-30 09:00:44.441  1412  4472 I GmsDebugLogger: [73] 1801
Thu Jul 30 09:00:45 UTC 2026 | ALL | 07-30 09:00:44.443  3232  3434 D dasx    : Starting download: https://fonts.gstatic.com/s/e/notoemoji/16.0/1f91e_1f3fe/lottie.json
Thu Jul 30 09:00:45 UTC 2026 | ALL | 07-30 09:00:44.443  3232  3434 V dasx    : Is http uri, downloading (uri: https://fonts.gstatic.com/s/e/notoemoji/16.0/1f91e_1f3fe/lottie.json)
Thu Jul 30 09:00:45 UTC 2026 | ALL | 07-30 09:00:44.447  1412  4472 W ZappDownloader: No successful Zapp module downloads for requested modules [VisionBarcode.optional:242335100800:permitMetered, TfliteDynamiteDynamite.integ:260580502100800, MapsCoreDynamite.integ:241610202100800, MlkitBarcodeUi.optional:242335100800:permitMetered].
Thu Jul 30 09:00:45 UTC 2026 | ALL | 07-30 09:00:44.447  1412  4472 I GmsDebugLogger: [30] [VisionBarcode.optional:242335100800],[TfliteDynamiteDynamite.integ:260580502100800],[MapsCoreDynamite.integ:241610202100800],[MlkitBarcodeUi.optional:242335100800]
Thu Jul 30 09:00:45 UTC 2026 | ALL | 07-30 09:00:44.452  1226  4473 I NetworkScheduler.Stats: Task com.google.android.gms/com.google.android.gms.semanticlocationhistory.settings.SettingsSyncOneOffService started execution. cause:5 exec_start_elapsed_seconds: 166 [CONTEXT service_id=218 ]
Thu Jul 30 09:00:45 UTC 2026 | ALL | 07-30 09:00:44.453  3232  3378 D dasx    : Starting download: https://fonts.gstatic.com/s/e/notoemoji/16.0/1f91e_1f3ff/lottie.json
Thu Jul 30 09:00:45 UTC 2026 | ALL | 07-30 09:00:44.453  3232  3378 V dasx    : Is http uri, downloading (uri: https://fonts.gstatic.com/s/e/notoemoji/16.0/1f91e_1f3ff/lottie.json)
Thu Jul 30 09:00:45 UTC 2026 | ALL | 07-30 09:00:44.459  3232  3434 E MDD     : DownloadProgressMonitor: Can't find file group for uri: android://com.google.android.apps.messaging/files/datadownload/shared/public/datadownloadfile_1785401964841
Thu Jul 30 09:00:45 UTC 2026 | ALL | 07-30 09:00:44.461  1412  4472 I ChimeraConfigService: Scheduling checkin for one-off execution between [3300,43201] seconds from now (1785402044457) [CONTEXT service_id=264 ]
Thu Jul 30 09:00:45 UTC 2026 | ALL | 07-30 09:00:44.463  1412  4471 I LocationHistory: [SettingsSyncOneOffTask] Synced ODLH settings for all accounts. [CONTEXT service_id=314 ]
Thu Jul 30 09:00:45 UTC 2026 | ALL | 07-30 09:00:44.467  1412  1412 D BoundBrokerSvc: onUnbind: Intent { act=com.google.android.gms.semanticlocationhistory.settings.SettingsSyncOneOffService.ACTION_TASK_READY dat=chimera-action:/... cmp=com.google.android.gms/.chimera.GmsInternalBoundBrokerService }
Thu Jul 30 09:00:45 UTC 2026 | ALL | 07-30 09:00:44.468  3232  3378 E MDD     : DownloadProgressMonitor: Can't find file group for uri: android://com.google.android.apps.messaging/files/datadownload/shared/public/datadownloadfile_1785401964842
Thu Jul 30 09:00:45 UTC 2026 | ALL | 07-30 09:00:44.472  1226  4469 I NetworkScheduler.Stats: Task com.google.android.gms/com.google.android.gms.semanticlocationhistory.settings.SettingsSyncOneOffService finished executing. cause:5 result: 1 elapsed_millis: 30 uptime_millis: 30 exec_start_elapsed_seconds: 166 [CONTEXT service_id=218 ]
Thu Jul 30 09:00:45 UTC 2026 | ALL | 07-30 09:00:44.473  1412  4472 I ChimeraConfigService: Scheduling checkin every 43201 seconds, with flex of 21600 seconds [CONTEXT service_id=264 ]
Thu Jul 30 09:00:45 UTC 2026 | ALL | 07-30 09:00:44.475  3232  3370 D dasx    : Starting download: https://fonts.gstatic.com/s/e/notoemoji/16.0/261d_fe0f/lottie.json
Thu Jul 30 09:00:45 UTC 2026 | ALL | 07-30 09:00:44.476  3232  3370 V dasx    : Is http uri, downloading (uri: https://fonts.gstatic.com/s/e/notoemoji/16.0/261d_fe0f/lottie.json)
Thu Jul 30 09:00:45 UTC 2026 | ALL | 07-30 09:00:44.479  3232  3434 D dasx    : Starting download: https://fonts.gstatic.com/s/e/notoemoji/16.0/261d_1f3fb/lottie.json
Thu Jul 30 09:00:45 UTC 2026 | ALL | 07-30 09:00:44.479  3232  3434 V dasx    : Is http uri, downloading (uri: https://fonts.gstatic.com/s/e/notoemoji/16.0/261d_1f3fb/lottie.json)
Thu Jul 30 09:00:45 UTC 2026 | ALL | 07-30 09:00:44.486  1226  4469 I NetworkScheduler.Stats: Task com.google.android.gms/com.google.android.gms.chimera.container.ConfigService finished executing. cause:5 result: 2 elapsed_millis: 82 uptime_millis: 82 exec_start_elapsed_seconds: 166 [CONTEXT service_id=218 ]
Thu Jul 30 09:00:45 UTC 2026 | ALL | 07-30 09:00:44.488  3232  3370 E MDD     : DownloadProgressMonitor: Can't find file group for uri: android://com.google.android.apps.messaging/files/datadownload/shared/public/datadownloadfile_1785401964843
Thu Jul 30 09:00:45 UTC 2026 | ALL | 07-30 09:00:44.488  3232  3434 E MDD     : DownloadProgressMonitor: Can't find file group for uri: android://com.google.android.apps.messaging/files/datadownload/shared/public/datadownloadfile_1785401964844
Thu Jul 30 09:00:45 UTC 2026 | ALL | 07-30 09:00:44.491  3232  3378 D dasx    : Starting download: https://fonts.gstatic.com/s/e/notoemoji/16.0/261d_1f3fc/lottie.json
Thu Jul 30 09:00:45 UTC 2026 | ALL | 07-30 09:00:44.491  3232  3378 V dasx    : Is http uri, downloading (uri: https://fonts.gstatic.com/s/e/notoemoji/16.0/261d_1f3fc/lottie.json)
Thu Jul 30 09:00:45 UTC 2026 | ALL | 07-30 09:00:44.493  3232  3370 D dasx    : Starting download: https://fonts.gstatic.com/s/e/notoemoji/16.0/261d_1f3fd/lottie.json
Thu Jul 30 09:00:45 UTC 2026 | ALL | 07-30 09:00:44.493  3232  3370 V dasx    : Is http uri, downloading (uri: https://fonts.gstatic.com/s/e/notoemoji/16.0/261d_1f3fd/lottie.json)
Thu Jul 30 09:00:45 UTC 2026 | ALL | 07-30 09:00:44.498  3232  3378 E MDD     : DownloadProgressMonitor: Can't find file group for uri: android://com.google.android.apps.messaging/files/datadownload/shared/public/datadownloadfile_1785401964845
Thu Jul 30 09:00:45 UTC 2026 | ALL | 07-30 09:00:44.500  3232  3370 E MDD     : DownloadProgressMonitor: Can't find file group for uri: android://com.google.android.apps.messaging/files/datadownload/shared/public/datadownloadfile_1785401964846
Thu Jul 30 09:00:45 UTC 2026 | ALL | 07-30 09:00:44.501  3232  3434 D dasx    : Starting download: https://fonts.gstatic.com/s/e/notoemoji/16.0/261d_1f3fe/lottie.json
Thu Jul 30 09:00:45 UTC 2026 | ALL | 07-30 09:00:44.501  3232  3434 V dasx    : Is http uri, downloading (uri: https://fonts.gstatic.com/s/e/notoemoji/16.0/261d_1f3fe/lottie.json)
Thu Jul 30 09:00:45 UTC 2026 | ALL | 07-30 09:00:44.504  3232  3378 D dasx    : Starting download: https://fonts.gstatic.com/s/e/notoemoji/16.0/261d_1f3ff/lottie.json
Thu Jul 30 09:00:45 UTC 2026 | ALL | 07-30 09:00:44.504  3232  3378 V dasx    : Is http uri, downloading (uri: https://fonts.gstatic.com/s/e/notoemoji/16.0/261d_1f3ff/lottie.json)
Thu Jul 30 09:00:45 UTC 2026 | ALL | 07-30 09:00:44.508  3232  3434 E MDD     : DownloadProgressMonitor: Can't find file group for uri: android://com.google.android.apps.messaging/files/datadownload/shared/public/datadownloadfile_1785401964847
Thu Jul 30 09:00:45 UTC 2026 | ALL | 07-30 09:00:44.509  3232  3378 E MDD     : DownloadProgressMonitor: Can't find file group for uri: android://com.google.android.apps.messaging/files/datadownload/shared/public/datadownloadfile_1785401964848
Thu Jul 30 09:00:45 UTC 2026 | ALL | 07-30 09:00:44.512  3232  3370 D dasx    : Starting download: https://fonts.gstatic.com/s/e/notoemoji/16.0/1f64f/lottie.json
Thu Jul 30 09:00:45 UTC 2026 | ALL | 07-30 09:00:44.512  3232  3370 V dasx    : Is http uri, downloading (uri: https://fonts.gstatic.com/s/e/notoemoji/16.0/1f64f/lottie.json)
Thu Jul 30 09:00:45 UTC 2026 | ALL | 07-30 09:00:44.516  3232  3370 E MDD     : DownloadProgressMonitor: Can't find file group for uri: android://com.google.android.apps.messaging/files/datadownload/shared/public/datadownloadfile_1785401964849
Thu Jul 30 09:00:45 UTC 2026 | ALL | 07-30 09:00:44.517  3232  3434 D dasx    : Starting download: https://fonts.gstatic.com/s/e/notoemoji/16.0/1f64f_1f3fb/lottie.json
Thu Jul 30 09:00:45 UTC 2026 | ALL | 07-30 09:00:44.517  3232  3434 V dasx    : Is http uri, downloading (uri: https://fonts.gstatic.com/s/e/notoemoji/16.0/1f64f_1f3fb/lottie.json)
Thu Jul 30 09:00:45 UTC 2026 | ALL | 07-30 09:00:44.519  3232  3378 D dasx    : Starting download: https://fonts.gstatic.com/s/e/notoemoji/16.0/1f64f_1f3fc/lottie.json
Thu Jul 30 09:00:45 UTC 2026 | ALL | 07-30 09:00:44.520  3232  3378 V dasx    : Is http uri, downloading (uri: https://fonts.gstatic.com/s/e/notoemoji/16.0/1f64f_1f3fc/lottie.json)
Thu Jul 30 09:00:45 UTC 2026 | ALL | 07-30 09:00:44.653  3232  3378 E MDD     : DownloadProgressMonitor: Can't find file group for uri: android://com.google.android.apps.messaging/files/datadownload/shared/public/datadownloadfile_1785401964851
Thu Jul 30 09:00:45 UTC 2026 | ALL | 07-30 09:00:44.655  3232  3434 E MDD     : DownloadProgressMonitor: Can't find file group for uri: android://com.google.android.apps.messaging/files/datadownload/shared/public/datadownloadfile_1785401964850
Thu Jul 30 09:00:45 UTC 2026 | ALL | 07-30 09:00:44.657  3232  3370 D dasx    : Starting download: https://fonts.gstatic.com/s/e/notoemoji/16.0/1f64f_1f3fd/lottie.json
Thu Jul 30 09:00:45 UTC 2026 | ALL | 07-30 09:00:44.657  3232  3370 V dasx    : Is http uri, downloading (uri: https://fonts.gstatic.com/s/e/notoemoji/16.0/1f64f_1f3fd/lottie.json)
Thu Jul 30 09:00:45 UTC 2026 | ALL | 07-30 09:00:44.659  3232  3378 D dasx    : Starting download: https://fonts.gstatic.com/s/e/notoemoji/16.0/1f64f_1f3fe/lottie.json
Thu Jul 30 09:00:45 UTC 2026 | ALL | 07-30 09:00:44.659  3232  3378 V dasx    : Is http uri, downloading (uri: https://fonts.gstatic.com/s/e/notoemoji/16.0/1f64f_1f3fe/lottie.json)
Thu Jul 30 09:00:45 UTC 2026 | ALL | 07-30 09:00:44.661  3232  3370 E MDD     : DownloadProgressMonitor: Can't find file group for uri: android://com.google.android.apps.messaging/files/datadownload/shared/public/datadownloadfile_1785401964852
Thu Jul 30 09:00:45 UTC 2026 | ALL | 07-30 09:00:44.664  3232  3378 E MDD     : DownloadProgressMonitor: Can't find file group for uri: android://com.google.android.apps.messaging/files/datadownload/shared/public/datadownloadfile_1785401964853
Thu Jul 30 09:00:45 UTC 2026 | ALL | 07-30 09:00:44.668  3232  3434 D dasx    : Starting download: https://fonts.gstatic.com/s/e/notoemoji/16.0/1f64f_1f3ff/lottie.json
Thu Jul 30 09:00:45 UTC 2026 | ALL | 07-30 09:00:44.668  3232  3434 V dasx    : Is http uri, downloading (uri: https://fonts.gstatic.com/s/e/notoemoji/16.0/1f64f_1f3ff/lottie.json)
Thu Jul 30 09:00:45 UTC 2026 | ALL | 07-30 09:00:44.670  3232  3370 D dasx    : Starting download: https://fonts.gstatic.com/s/e/notoemoji/16.0/1f483/lottie.json
Thu Jul 30 09:00:45 UTC 2026 | ALL | 07-30 09:00:44.670  3232  3370 V dasx    : Is http uri, downloading (uri: https://fonts.gstatic.com/s/e/notoemoji/16.0/1f483/lottie.json)
Thu Jul 30 09:00:45 UTC 2026 | ALL | 07-30 09:00:44.675  3232  3434 E MDD     : DownloadProgressMonitor: Can't find file group for uri: android://com.google.android.apps.messaging/files/datadownload/shared/public/datadownloadfile_1785401964854
Thu Jul 30 09:00:45 UTC 2026 | ALL | 07-30 09:00:44.677  3232  3370 E MDD     : DownloadProgressMonitor: Can't find file group for uri: android://com.google.android.apps.messaging/files/datadownload/shared/public/datadownloadfile_1785401964855
Thu Jul 30 09:00:45 UTC 2026 | ALL | 07-30 09:00:44.679  3232  3378 D dasx    : Starting download: https://fonts.gstatic.com/s/e/notoemoji/16.0/1f483_1f3fb/lottie.json
Thu Jul 30 09:00:45 UTC 2026 | ALL | 07-30 09:00:44.679  3232  3378 V dasx    : Is http uri, downloading (uri: https://fonts.gstatic.com/s/e/notoemoji/16.0/1f483_1f3fb/lottie.json)
Thu Jul 30 09:00:45 UTC 2026 | ALL | 07-30 09:00:44.688  3232  3378 E MDD     : DownloadProgressMonitor: Can't find file group for uri: android://com.google.android.apps.messaging/files/datadownload/shared/public/datadownloadfile_1785401964856
Thu Jul 30 09:00:45 UTC 2026 | ALL | 07-30 09:00:44.698  3232  3434 D dasx    : Starting download: https://fonts.gstatic.com/s/e/notoemoji/16.0/1f483_1f3fc/lottie.json
Thu Jul 30 09:00:45 UTC 2026 | ALL | 07-30 09:00:44.698  3232  3434 V dasx    : Is http uri, downloading (uri: https://fonts.gstatic.com/s/e/notoemoji/16.0/1f483_1f3fc/lottie.json)
Thu Jul 30 09:00:45 UTC 2026 | ALL | 07-30 09:00:44.703  3232  3370 D dasx    : Starting download: https://fonts.gstatic.com/s/e/notoemoji/16.0/1f483_1f3fd/lottie.json
Thu Jul 30 09:00:45 UTC 2026 | ALL | 07-30 09:00:44.703  3232  3370 V dasx    : Is http uri, downloading (uri: https://fonts.gstatic.com/s/e/notoemoji/16.0/1f483_1f3fd/lottie.json)
Thu Jul 30 09:00:45 UTC 2026 | ALL | 07-30 09:00:44.881  3232  3434 E MDD     : DownloadProgressMonitor: Can't find file group for uri: android://com.google.android.apps.messaging/files/datadownload/shared/public/datadownloadfile_1785401964857
Thu Jul 30 09:00:45 UTC 2026 | ALL | 07-30 09:00:44.884  4162  4220 I appium  : channel read: POST /session/0ec58237-84ed-40bd-bf67-28bb2b70cae2/element
Thu Jul 30 09:00:45 UTC 2026 | ALL | 07-30 09:00:44.885  4162  4220 I appium  : FindElement command
Thu Jul 30 09:00:45 UTC 2026 | ALL | 07-30 09:00:44.885  3232  3370 E MDD     : DownloadProgressMonitor: Can't find file group for uri: android://com.google.android.apps.messaging/files/datadownload/shared/public/datadownloadfile_1785401964858
Thu Jul 30 09:00:45 UTC 2026 | ALL | 07-30 09:00:44.886  4162  4220 I appium  : method: 'xpath', selector: '//android.widget.EditText[@text='your.email@example.com' or @hint='your.email@example.com' or @text='Email Address' or @index='0']'
Thu Jul 30 09:00:45 UTC 2026 | ALL | 07-30 09:00:44.886  4162  4220 I appium  : Waiting up to 10000ms for the device to idle
Thu Jul 30 09:00:45 UTC 2026 | ALL | 07-30 09:00:44.890  4162  4220 I appium  : The following attributes will be included to the page source: [index, text, hint]
Thu Jul 30 09:00:45 UTC 2026 | ALL | 07-30 09:00:44.906  3232  3378 D dasx    : Starting download: https://fonts.gstatic.com/s/e/notoemoji/16.0/1f483_1f3fe/lottie.json
Thu Jul 30 09:00:45 UTC 2026 | ALL | 07-30 09:00:44.906  3232  3378 V dasx    : Is http uri, downloading (uri: https://fonts.gstatic.com/s/e/notoemoji/16.0/1f483_1f3fe/lottie.json)
Thu Jul 30 09:00:45 UTC 2026 | ALL | 07-30 09:00:44.907  3232  3434 D dasx    : Starting download: https://fonts.gstatic.com/s/e/notoemoji/16.0/1f483_1f3ff/lottie.json
Thu Jul 30 09:00:45 UTC 2026 | ALL | 07-30 09:00:44.907  3232  3434 V dasx    : Is http uri, downloading (uri: https://fonts.gstatic.com/s/e/notoemoji/16.0/1f483_1f3ff/lottie.json)
Thu Jul 30 09:00:45 UTC 2026 | ALL | 07-30 09:00:44.918  3232  3378 E MDD     : DownloadProgressMonitor: Can't find file group for uri: android://com.google.android.apps.messaging/files/datadownload/shared/public/datadownloadfile_1785401964859
Thu Jul 30 09:00:45 UTC 2026 | ALL | 07-30 09:00:44.925  3232  3434 E MDD     : DownloadProgressMonitor: Can't find file group for uri: android://com.google.android.apps.messaging/files/datadownload/shared/public/datadownloadfile_1785401964860
Thu Jul 30 09:00:45 UTC 2026 | ALL | 07-30 09:00:44.928  4162  4220 I appium  : Took 0ms to retrieve 0 matches for '//android.widget.EditText[@text='your.email@example.com' or @hint='your.email@example.com' or @text='Email Address' or @index='0']' XPath2 query
Thu Jul 30 09:00:45 UTC 2026 | ALL | 07-30 09:00:44.929  4162  4220 I appium  : AppiumResponse: {"sessionId":"0ec58237-84ed-40bd-bf67-28bb2b70cae2","value":{"error":"no such element","message":"An element could not be located on the page using the given search parameters","stacktrace":"io.appium.uiautomator2.common.exceptions.ElementNotFoundException: An element could not be located on the page using the given search parameters\n\tat io.appium.uiautomator2.utils.ElementLocationHelpers.findElement(ElementLocationHelpers.java:156)\n\tat io.appium.uiautomator2.handler.FindElement.safeHandle(FindElement.java:60)\n\tat io.appium.uiautomator2.handler.request.SafeRequestHandler.handle(SafeRequestHandler.java:59)\n\tat io.appium.uiautomator2.server.AppiumServlet.handleRequest(AppiumServlet.java:259)\n\tat io.appium.uiautomator2.server.AppiumServlet.handleHttpRequest(AppiumServlet.java:253)\n\tat io.appium.uiautomator2.http.ServerHandler.channelRead(ServerHandler.java:77)\n\tat io.netty.channel.AbstractChannelHandlerContext.invokeChannelRead(AbstractChannelHandlerContext.java:374)\n\tat io.netty.channel.AbstractChannelHandlerContext.invokeChannelRead(AbstractChannelHandlerContext.java:360)\n\tat io.netty.channel.AbstractChannelHandlerContext.fireChannelRead(AbstractChannelHandlerContext.java:352)\n\tat io.netty.handler.codec.MessageToMessageDecoder.channelRead(MessageToMessageDecoder.java:102)\n\tat io.netty.channel.AbstractChannelHandlerContext.invokeChannelRead(AbstractChannelHandlerContext.java:374)\n\tat io.netty.channel.AbstractChannelHandlerContext.invokeChannelRead(AbstractChannelHandlerContext.java:360)\n\tat io.netty.channel.AbstractChannelHandlerContext.fireChannelRead(AbstractChannelHandlerContext.java:352)\n\tat io.netty.channel.CombinedChannelDuplexHandler$DelegatingChannelHandlerContext.fireChannelRead(CombinedChannelDuplexHandler.java:438)\n\tat io.netty.handler.codec.ByteToMessageDecoder.fireChannelRead(ByteToMessageDecoder.java:328)\n\tat io.netty.handler.codec.ByteToMessageDecoder.channelRead(ByteToMessageDecoder.java:302)\n\tat io.netty.channel.CombinedChannelDuplexHandler.channelRead(CombinedChannelDuplexHandler.java:253)\n\tat io.netty.channel.AbstractChannelHandlerContext.invokeChannelRead(AbstractChannelHandlerContext.java:374)\n\tat io.netty.channel.AbstractChannelHandlerContext.invokeChannelRead(AbstractChannelHandlerContext.java:360)\n\tat io.netty.channel.AbstractChannelHandlerContext.fireChannelRead(AbstractChannelHandlerContext.java:352)\n\tat io.netty.handler.timeout.IdleStateHandler.channelRead(IdleStateHandler.java:287)\n\tat io.netty.channel.AbstractChannelHandlerContext.invokeChannelRead(AbstractChannelHandlerContext.java:374)\n\tat io.netty.channel.AbstractChannelHandlerContext.invokeChannelRead(AbstractChannelHandlerContext.java:360)\n\tat io.netty.channel.AbstractChannelHandlerContext.fireChannelRead(AbstractChannelHandlerContext.java:352)\n\tat io.netty.channel.DefaultChannelPipeline$HeadContext.channelRead(DefaultChannelPipeline.java:1422)\n\tat io.netty.channel.AbstractChannelHandlerContext.invokeChannelRead(AbstractChannelHandlerContext.java:374)\n\tat io.netty.channel.AbstractChannelHandlerContext.invokeChannelRead(AbstractChannelHandlerContext.java:360)\n\tat io.netty.channel.DefaultChannelPipeline.fireChannelRead(DefaultChannelPipeline.java:931)\n\tat io.netty.channel.nio.AbstractNioByteChannel$NioByteUnsafe.read(AbstractNioByteChannel.java:163)\n\tat io.netty.channel.nio.NioEventLoop.processSelectedKey(NioEventLoop.java:700)\n\tat io.netty.channel.nio.NioEventLoop.processSelectedKeysOptimized(NioEventLoop.java:635)\n\tat io.netty.channel.nio.NioEventLoop.processSelectedKeys(NioEventLoop.java:552)\n\tat io.netty.channel.nio.NioEventLoop.run(NioEventLoop.java:514)\n\tat io.netty.util.concurrent.SingleThreadEventExecutor$6.run(SingleThreadEventExecutor.java:1044)\n\tat io.netty.util.internal.ThreadExecutorMap$2.run(ThreadExecutorMap.java:74)\n\tat io.netty.util.concurrent.FastThreadLocalRunnable.run(FastThreadLocalRunnable.java:30)\n\tat java.lang.Thread.run(Thread.java:1012)\n"}}
Thu Jul 30 09:00:45 UTC 2026 | ALL | 07-30 09:00:44.935  3232  3370 D dasx    : Starting download: https://fonts.gstatic.com/s/e/notoemoji/16.0/1f339/lottie.json
Thu Jul 30 09:00:45 UTC 2026 | ALL | 07-30 09:00:44.935  3232  3370 V dasx    : Is http uri, downloading (uri: https://fonts.gstatic.com/s/e/notoemoji/16.0/1f339/lottie.json)
Thu Jul 30 09:00:45 UTC 2026 | ALL | 07-30 09:00:44.941  3232  3378 D dasx    : Starting download: https://fonts.gstatic.com/s/e/notoemoji/16.0/1f940/lottie.json
Thu Jul 30 09:00:45 UTC 2026 | ALL | 07-30 09:00:44.941  3232  3378 V dasx    : Is http uri, downloading (uri: https://fonts.gstatic.com/s/e/notoemoji/16.0/1f940/lottie.json)
Thu Jul 30 09:00:45 UTC 2026 | ALL | 07-30 09:00:44.942  3232  3370 E MDD     : DownloadProgressMonitor: Can't find file group for uri: android://com.google.android.apps.messaging/files/datadownload/shared/public/datadownloadfile_1785401964861
Thu Jul 30 09:00:45 UTC 2026 | ALL | 07-30 09:00:44.945  3232  3434 D dasx    : Starting download: https://fonts.gstatic.com/s/e/notoemoji/16.0/1f342/lottie.json
Thu Jul 30 09:00:45 UTC 2026 | ALL | 07-30 09:00:44.945  3232  3434 V dasx    : Is http uri, downloading (uri: https://fonts.gstatic.com/s/e/notoemoji/16.0/1f342/lottie.json)
Thu Jul 30 09:00:45 UTC 2026 | ALL | 07-30 09:00:44.947  3232  3378 E MDD     : DownloadProgressMonitor: Can't find file group for uri: android://com.google.android.apps.messaging/files/datadownload/shared/public/datadownloadfile_1785401964862
Thu Jul 30 09:00:45 UTC 2026 | ALL | 07-30 09:00:44.950  3232  3434 E MDD     : DownloadProgressMonitor: Can't find file group for uri: android://com.google.android.apps.messaging/files/datadownload/shared/public/datadownloadfile_1785401964863
Thu Jul 30 09:00:45 UTC 2026 | ALL | 07-30 09:00:44.954  3232  3370 D dasx    : Starting download: https://fonts.gstatic.com/s/e/notoemoji/16.0/1f331/lottie.json
Thu Jul 30 09:00:45 UTC 2026 | ALL | 07-30 09:00:44.954  3232  3370 V dasx    : Is http uri, downloading (uri: https://fonts.gstatic.com/s/e/notoemoji/16.0/1f331/lottie.json)
Thu Jul 30 09:00:45 UTC 2026 | ALL | 07-30 09:00:44.956  3232  3378 D dasx    : Starting download: https://fonts.gstatic.com/s/e/notoemoji/16.0/1f343/lottie.json
Thu Jul 30 09:00:45 UTC 2026 | ALL | 07-30 09:00:44.956  3232  3378 V dasx    : Is http uri, downloading (uri: https://fonts.gstatic.com/s/e/notoemoji/16.0/1f343/lottie.json)
Thu Jul 30 09:00:45 UTC 2026 | ALL | 07-30 09:00:44.961  3232  3370 E MDD     : DownloadProgressMonitor: Can't find file group for uri: android://com.google.android.apps.messaging/files/datadownload/shared/public/datadownloadfile_1785401964864
Thu Jul 30 09:00:45 UTC 2026 | ALL | 07-30 09:00:44.964  3232  3378 E MDD     : DownloadProgressMonitor: Can't find file group for uri: android://com.google.android.apps.messaging/files/datadownload/shared/public/datadownloadfile_1785401964865
Thu Jul 30 09:00:45 UTC 2026 | ALL | 07-30 09:00:44.967  3232  3434 D dasx    : Starting download: https://fonts.gstatic.com/s/e/notoemoji/16.0/1f340/lottie.json
Thu Jul 30 09:00:45 UTC 2026 | ALL | 07-30 09:00:44.967  3232  3434 V dasx    : Is http uri, downloading (uri: https://fonts.gstatic.com/s/e/notoemoji/16.0/1f340/lottie.json)
Thu Jul 30 09:00:45 UTC 2026 | ALL | 07-30 09:00:44.969  3232  3370 D dasx    : Starting download: https://fonts.gstatic.com/s/e/notoemoji/16.0/2744_fe0f/lottie.json
Thu Jul 30 09:00:45 UTC 2026 | ALL | 07-30 09:00:44.969  3232  3370 V dasx    : Is http uri, downloading (uri: https://fonts.gstatic.com/s/e/notoemoji/16.0/2744_fe0f/lottie.json)
Thu Jul 30 09:00:45 UTC 2026 | ALL | 07-30 09:00:44.972  3232  3434 E MDD     : DownloadProgressMonitor: Can't find file group for uri: android://com.google.android.apps.messaging/files/datadownload/shared/public/datadownloadfile_1785401964866
Thu Jul 30 09:00:45 UTC 2026 | ALL | 07-30 09:00:44.974  3232  3370 E MDD     : DownloadProgressMonitor: Can't find file group for uri: android://com.google.android.apps.messaging/files/datadownload/shared/public/datadownloadfile_1785401964867
Thu Jul 30 09:00:45 UTC 2026 | ALL | 07-30 09:00:44.978  3232  3378 D dasx    : Starting download: https://fonts.gstatic.com/s/e/notoemoji/16.0/1f30b/lottie.json
Thu Jul 30 09:00:45 UTC 2026 | ALL | 07-30 09:00:44.978  3232  3378 V dasx    : Is http uri, downloading (uri: https://fonts.gstatic.com/s/e/notoemoji/16.0/1f30b/lottie.json)
Thu Jul 30 09:00:45 UTC 2026 | ALL | 07-30 09:00:44.983  3232  3434 D dasx    : Starting download: https://fonts.gstatic.com/s/e/notoemoji/16.0/1f305/lottie.json
Thu Jul 30 09:00:45 UTC 2026 | ALL | 07-30 09:00:44.983  3232  3434 V dasx    : Is http uri, downloading (uri: https://fonts.gstatic.com/s/e/notoemoji/16.0/1f305/lottie.json)
Thu Jul 30 09:00:46 UTC 2026 | ALL | 07-30 09:00:45.109  3232  3434 E MDD     : DownloadProgressMonitor: Can't find file group for uri: android://com.google.android.apps.messaging/files/datadownload/shared/public/datadownloadfile_1785401964869
Thu Jul 30 09:00:46 UTC 2026 | ALL | 07-30 09:00:45.111  3232  3378 E MDD     : DownloadProgressMonitor: Can't find file group for uri: android://com.google.android.apps.messaging/files/datadownload/shared/public/datadownloadfile_1785401964868
Thu Jul 30 09:00:46 UTC 2026 | ALL | 07-30 09:00:45.113  3232  3370 D dasx    : Starting download: https://fonts.gstatic.com/s/e/notoemoji/16.0/1f304/lottie.json
Thu Jul 30 09:00:46 UTC 2026 | ALL | 07-30 09:00:45.113  3232  3370 V dasx    : Is http uri, downloading (uri: https://fonts.gstatic.com/s/e/notoemoji/16.0/1f304/lottie.json)
Thu Jul 30 09:00:46 UTC 2026 | ALL | 07-30 09:00:45.118  3232  3434 D dasx    : Starting download: https://fonts.gstatic.com/s/e/notoemoji/16.0/1f308/lottie.json
Thu Jul 30 09:00:46 UTC 2026 | ALL | 07-30 09:00:45.118  3232  3434 V dasx    : Is http uri, downloading (uri: https://fonts.gstatic.com/s/e/notoemoji/16.0/1f308/lottie.json)
Thu Jul 30 09:00:46 UTC 2026 | ALL | 07-30 09:00:45.119  3232  3370 E MDD     : DownloadProgressMonitor: Can't find file group for uri: android://com.google.android.apps.messaging/files/datadownload/shared/public/datadownloadfile_1785401964870
Thu Jul 30 09:00:46 UTC 2026 | ALL | 07-30 09:00:45.121  3232  3378 D dasx    : Starting download: https://fonts.gstatic.com/s/e/notoemoji/16.0/1fae7/lottie.json
Thu Jul 30 09:00:46 UTC 2026 | ALL | 07-30 09:00:45.121  3232  3378 V dasx    : Is http uri, downloading (uri: https://fonts.gstatic.com/s/e/notoemoji/16.0/1fae7/lottie.json)
Thu Jul 30 09:00:46 UTC 2026 | ALL | 07-30 09:00:45.124  3232  3434 E MDD     : DownloadProgressMonitor: Can't find file group for uri: android://com.google.android.apps.messaging/files/datadownload/shared/public/datadownloadfile_1785401964871
Thu Jul 30 09:00:46 UTC 2026 | ALL | 07-30 09:00:45.128  3232  3378 E MDD     : DownloadProgressMonitor: Can't find file group for uri: android://com.google.android.apps.messaging/files/datadownload/shared/public/datadownloadfile_1785401964872
Thu Jul 30 09:00:46 UTC 2026 | ALL | 07-30 09:00:45.129  3232  3370 D dasx    : Starting download: https://fonts.gstatic.com/s/e/notoemoji/16.0/1f30a/lottie.json
Thu Jul 30 09:00:46 UTC 2026 | ALL | 07-30 09:00:45.129  3232  3370 V dasx    : Is http uri, downloading (uri: https://fonts.gstatic.com/s/e/notoemoji/16.0/1f30a/lottie.json)
Thu Jul 30 09:00:46 UTC 2026 | ALL | 07-30 09:00:45.131  3232  3434 D dasx    : Starting download: https://fonts.gstatic.com/s/e/notoemoji/16.0/1f32c_fe0f/lottie.json
Thu Jul 30 09:00:46 UTC 2026 | ALL | 07-30 09:00:45.131  3232  3434 V dasx    : Is http uri, downloading (uri: https://fonts.gstatic.com/s/e/notoemoji/16.0/1f32c_fe0f/lottie.json)
Thu Jul 30 09:00:46 UTC 2026 | ALL | 07-30 09:00:45.137  3232  3370 E MDD     : DownloadProgressMonitor: Can't find file group for uri: android://com.google.android.apps.messaging/files/datadownload/shared/public/datadownloadfile_1785401964873
Thu Jul 30 09:00:46 UTC 2026 | ALL | 07-30 09:00:45.139  3232  3434 E MDD     : DownloadProgressMonitor: Can't find file group for uri: android://com.google.android.apps.messaging/files/datadownload/shared/public/datadownloadfile_1785401964874
Thu Jul 30 09:00:46 UTC 2026 | ALL | 07-30 09:00:45.142  3232  3378 D dasx    : Starting download: https://fonts.gstatic.com/s/e/notoemoji/16.0/1f32a_fe0f/lottie.json
Thu Jul 30 09:00:46 UTC 2026 | ALL | 07-30 09:00:45.143  3232  3378 V dasx    : Is http uri, downloading (uri: https://fonts.gstatic.com/s/e/notoemoji/16.0/1f32a_fe0f/lottie.json)
Thu Jul 30 09:00:46 UTC 2026 | ALL | 07-30 09:00:45.145  3232  3370 D dasx    : Starting download: https://fonts.gstatic.com/s/e/notoemoji/16.0/1f4a7/lottie.json
Thu Jul 30 09:00:46 UTC 2026 | ALL | 07-30 09:00:45.145  3232  3370 V dasx    : Is http uri, downloading (uri: https://fonts.gstatic.com/s/e/notoemoji/16.0/1f4a7/lottie.json)
Thu Jul 30 09:00:46 UTC 2026 | ALL | 07-30 09:00:45.149  3232  3378 E MDD     : DownloadProgressMonitor: Can't find file group for uri: android://com.google.android.apps.messaging/files/datadownload/shared/public/datadownloadfile_1785401964875
Thu Jul 30 09:00:46 UTC 2026 | ALL | 07-30 09:00:45.153  3232  3370 E MDD     : DownloadProgressMonitor: Can't find file group for uri: android://com.google.android.apps.messaging/files/datadownload/shared/public/datadownloadfile_1785401964876
Thu Jul 30 09:00:46 UTC 2026 | ALL | 07-30 09:00:45.155  3232  3434 D dasx    : Starting download: https://fonts.gstatic.com/s/e/notoemoji/16.0/1f327_fe0f/lottie.json
Thu Jul 30 09:00:46 UTC 2026 | ALL | 07-30 09:00:45.155  3232  3434 V dasx    : Is http uri, downloading (uri: https://fonts.gstatic.com/s/e/notoemoji/16.0/1f327_fe0f/lottie.json)
Thu Jul 30 09:00:46 UTC 2026 | ALL | 07-30 09:00:45.161  3232  3434 E MDD     : DownloadProgressMonitor: Can't find file group for uri: android://com.google.android.apps.messaging/files/datadownload/shared/public/datadownloadfile_1785401964877
Thu Jul 30 09:00:46 UTC 2026 | ALL | 07-30 09:00:45.164  3232  3370 D dasx    : Starting download: https://fonts.gstatic.com/s/e/notoemoji/16.0/1f329_fe0f/lottie.json
Thu Jul 30 09:00:46 UTC 2026 | ALL | 07-30 09:00:45.164  3232  3370 V dasx    : Is http uri, downloading (uri: https://fonts.gstatic.com/s/e/notoemoji/16.0/1f329_fe0f/lottie.json)
Thu Jul 30 09:00:46 UTC 2026 | ALL | 07-30 09:00:45.169  3232  3370 E MDD     : DownloadProgressMonitor: Can't find file group for uri: android://com.google.android.apps.messaging/files/datadownload/shared/public/datadownloadfile_1785401964878
Thu Jul 30 09:00:46 UTC 2026 | ALL | 07-30 09:00:45.171  3232  3434 D dasx    : Starting download: https://fonts.gstatic.com/s/e/notoemoji/16.0/1f30d/lottie.json
Thu Jul 30 09:00:46 UTC 2026 | ALL | 07-30 09:00:45.171  3232  3434 V dasx    : Is http uri, downloading (uri: https://fonts.gstatic.com/s/e/notoemoji/16.0/1f30d/lottie.json)
Thu Jul 30 09:00:46 UTC 2026 | ALL | 07-30 09:00:45.175  3232  3370 D dasx    : Starting download: https://fonts.gstatic.com/s/e/notoemoji/16.0/1f30e/lottie.json
Thu Jul 30 09:00:46 UTC 2026 | ALL | 07-30 09:00:45.175  3232  3370 V dasx    : Is http uri, downloading (uri: https://fonts.gstatic.com/s/e/notoemoji/16.0/1f30e/lottie.json)
Thu Jul 30 09:00:46 UTC 2026 | ALL | 07-30 09:00:45.339  3232  3370 E MDD     : DownloadProgressMonitor: Can't find file group for uri: android://com.google.android.apps.messaging/files/datadownload/shared/public/datadownloadfile_1785401964880
Thu Jul 30 09:00:46 UTC 2026 | ALL | 07-30 09:00:45.341  3232  3434 E MDD     : DownloadProgressMonitor: Can't find file group for uri: android://com.google.android.apps.messaging/files/datadownload/shared/public/datadownloadfile_1785401964879
Thu Jul 30 09:00:46 UTC 2026 | ALL | 07-30 09:00:45.348  3232  3378 D dasx    : Starting download: https://fonts.gstatic.com/s/e/notoemoji/16.0/1f30f/lottie.json
Thu Jul 30 09:00:46 UTC 2026 | ALL | 07-30 09:00:45.348  3232  3378 V dasx    : Is http uri, downloading (uri: https://fonts.gstatic.com/s/e/notoemoji/16.0/1f30f/lottie.json)
Thu Jul 30 09:00:46 UTC 2026 | ALL | 07-30 09:00:45.350  3232  3370 D dasx    : Starting download: https://fonts.gstatic.com/s/e/notoemoji/16.0/2604_fe0f/lottie.json
Thu Jul 30 09:00:46 UTC 2026 | ALL | 07-30 09:00:45.350  3232  3370 V dasx    : Is http uri, downloading (uri: https://fonts.gstatic.com/s/e/notoemoji/16.0/2604_fe0f/lottie.json)
Thu Jul 30 09:00:46 UTC 2026 | ALL | 07-30 09:00:45.356  3232  3378 E MDD     : DownloadProgressMonitor: Can't find file group for uri: android://com.google.android.apps.messaging/files/datadownload/shared/public/datadownloadfile_1785401964881
Thu Jul 30 09:00:46 UTC 2026 | ALL | 07-30 09:00:45.358  3232  3370 E MDD     : DownloadProgressMonitor: Can't find file group for uri: android://com.google.android.apps.messaging/files/datadownload/shared/public/datadownloadfile_1785401964882
Thu Jul 30 09:00:46 UTC 2026 | ALL | 07-30 09:00:45.365  3232  3434 D dasx    : Starting download: https://fonts.gstatic.com/s/e/notoemoji/16.0/1f42e/lottie.json
Thu Jul 30 09:00:46 UTC 2026 | ALL | 07-30 09:00:45.365  3232  3434 V dasx    : Is http uri, downloading (uri: https://fonts.gstatic.com/s/e/notoemoji/16.0/1f42e/lottie.json)
Thu Jul 30 09:00:46 UTC 2026 | ALL | 07-30 09:00:45.368  3232  3370 D dasx    : Starting download: https://fonts.gstatic.com/s/e/notoemoji/16.0/1f984/lottie.json
Thu Jul 30 09:00:46 UTC 2026 | ALL | 07-30 09:00:45.368  3232  3370 V dasx    : Is http uri, downloading (uri: https://fonts.gstatic.com/s/e/notoemoji/16.0/1f984/lottie.json)
Thu Jul 30 09:00:46 UTC 2026 | ALL | 07-30 09:00:45.436  4162  4220 I appium  : channel read: POST /session/0ec58237-84ed-40bd-bf67-28bb2b70cae2/element
Thu Jul 30 09:00:46 UTC 2026 | ALL | 07-30 09:00:45.437  4162  4220 I appium  : FindElement command
Thu Jul 30 09:00:46 UTC 2026 | ALL | 07-30 09:00:45.438  4162  4220 I appium  : method: 'xpath', selector: '//android.widget.EditText[@text='your.email@example.com' or @hint='your.email@example.com' or @text='Email Address' or @index='0']'
Thu Jul 30 09:00:46 UTC 2026 | ALL | 07-30 09:00:45.438  4162  4220 I appium  : Waiting up to 10000ms for the device to idle
Thu Jul 30 09:00:46 UTC 2026 | ALL | 07-30 09:00:45.439  4162  4220 I appium  : The following attributes will be included to the page source: [index, text, hint]
Thu Jul 30 09:00:46 UTC 2026 | ALL | 07-30 09:00:45.442  4162  4170 I tomator2.server: Method exceeds compiler instruction limit: 19264 in java_cup.runtime.Symbol org.eclipse.wst.xml.xpath2.processor.internal.CUP$XPathCup$actions.CUP$XPathCup$do_action(int, java_cup.runtime.lr_parser, java.util.Stack, int)
Thu Jul 30 09:00:46 UTC 2026 | ALL | 07-30 09:00:45.455  4162  4220 I appium  : Took 0ms to retrieve 0 matches for '//android.widget.EditText[@text='your.email@example.com' or @hint='your.email@example.com' or @text='Email Address' or @index='0']' XPath2 query
Thu Jul 30 09:00:46 UTC 2026 | ALL | 07-30 09:00:45.456  4162  4220 I appium  : AppiumResponse: {"sessionId":"0ec58237-84ed-40bd-bf67-28bb2b70cae2","value":{"error":"no such element","message":"An element could not be located on the page using the given search parameters","stacktrace":"io.appium.uiautomator2.common.exceptions.ElementNotFoundException: An element could not be located on the page using the given search parameters\n\tat io.appium.uiautomator2.utils.ElementLocationHelpers.findElement(ElementLocationHelpers.java:156)\n\tat io.appium.uiautomator2.handler.FindElement.safeHandle(FindElement.java:60)\n\tat io.appium.uiautomator2.handler.request.SafeRequestHandler.handle(SafeRequestHandler.java:59)\n\tat io.appium.uiautomator2.server.AppiumServlet.handleRequest(AppiumServlet.java:259)\n\tat io.appium.uiautomator2.server.AppiumServlet.handleHttpRequest(AppiumServlet.java:253)\n\tat io.appium.uiautomator2.http.ServerHandler.channelRead(ServerHandler.java:77)\n\tat io.netty.channel.AbstractChannelHandlerContext.invokeChannelRead(AbstractChannelHandlerContext.java:374)\n\tat io.netty.channel.AbstractChannelHandlerContext.invokeChannelRead(AbstractChannelHandlerContext.java:360)\n\tat io.netty.channel.AbstractChannelHandlerContext.fireChannelRead(AbstractChannelHandlerContext.java:352)\n\tat io.netty.handler.codec.MessageToMessageDecoder.channelRead(MessageToMessageDecoder.java:102)\n\tat io.netty.channel.AbstractChannelHandlerContext.invokeChannelRead(AbstractChannelHandlerContext.java:374)\n\tat io.netty.channel.AbstractChannelHandlerContext.invokeChannelRead(AbstractChannelHandlerContext.java:360)\n\tat io.netty.channel.AbstractChannelHandlerContext.fireChannelRead(AbstractChannelHandlerContext.java:352)\n\tat io.netty.channel.CombinedChannelDuplexHandler$DelegatingChannelHandlerContext.fireChannelRead(CombinedChannelDuplexHandler.java:438)\n\tat io.netty.handler.codec.ByteToMessageDecoder.fireChannelRead(ByteToMessageDecoder.java:328)\n\tat io.netty.handler.codec.ByteToMessageDecoder.channelRead(ByteToMessageDecoder.java:302)\n\tat io.netty.channel.CombinedChannelDuplexHandler.channelRead(CombinedChannelDuplexHandler.java:253)\n\tat io.netty.channel.AbstractChannelHandlerContext.invokeChannelRead(AbstractChannelHandlerContext.java:374)\n\tat io.netty.channel.AbstractChannelHandlerContext.invokeChannelRead(AbstractChannelHandlerContext.java:360)\n\tat io.netty.channel.AbstractChannelHandlerContext.fireChannelRead(AbstractChannelHandlerContext.java:352)\n\tat io.netty.handler.timeout.IdleStateHandler.channelRead(IdleStateHandler.java:287)\n\tat io.netty.channel.AbstractChannelHandlerContext.invokeChannelRead(AbstractChannelHandlerContext.java:374)\n\tat io.netty.channel.AbstractChannelHandlerContext.invokeChannelRead(AbstractChannelHandlerContext.java:360)\n\tat io.netty.channel.AbstractChannelHandlerContext.fireChannelRead(AbstractChannelHandlerContext.java:352)\n\tat io.netty.channel.DefaultChannelPipeline$HeadContext.channelRead(DefaultChannelPipeline.java:1422)\n\tat io.netty.channel.AbstractChannelHandlerContext.invokeChannelRead(AbstractChannelHandlerContext.java:374)\n\tat io.netty.channel.AbstractChannelHandlerContext.invokeChannelRead(AbstractChannelHandlerContext.java:360)\n\tat io.netty.channel.DefaultChannelPipeline.fireChannelRead(DefaultChannelPipeline.java:931)\n\tat io.netty.channel.nio.AbstractNioByteChannel$NioByteUnsafe.read(AbstractNioByteChannel.java:163)\n\tat io.netty.channel.nio.NioEventLoop.processSelectedKey(NioEventLoop.java:700)\n\tat io.netty.channel.nio.NioEventLoop.processSelectedKeysOptimized(NioEventLoop.java:635)\n\tat io.netty.channel.nio.NioEventLoop.processSelectedKeys(NioEventLoop.java:552)\n\tat io.netty.channel.nio.NioEventLoop.run(NioEventLoop.java:514)\n\tat io.netty.util.concurrent.SingleThreadEventExecutor$6.run(SingleThreadEventExecutor.java:1044)\n\tat io.netty.util.internal.ThreadExecutorMap$2.run(ThreadExecutorMap.java:74)\n\tat io.netty.util.concurrent.FastThreadLocalRunnable.run(FastThreadLocalRunnable.java:30)\n\tat java.lang.Thread.run(Thread.java:1012)\n"}}
Thu Jul 30 09:00:46 UTC 2026 | ALL | 07-30 09:00:45.480   361   361 I netd    : tetherGetStats() -> {[]} <0.38ms>
Thu Jul 30 09:00:46 UTC 2026 | ALL | 07-30 09:00:45.566  3232  3370 E MDD     : DownloadProgressMonitor: Can't find file group for uri: android://com.google.android.apps.messaging/files/datadownload/shared/public/datadownloadfile_1785401964884
Thu Jul 30 09:00:46 UTC 2026 | ALL | 07-30 09:00:45.569  3232  3434 E MDD     : DownloadProgressMonitor: Can't find file group for uri: android://com.google.android.apps.messaging/files/datadownload/shared/public/datadownloadfile_1785401964883
Thu Jul 30 09:00:46 UTC 2026 | ALL | 07-30 09:00:45.570  3232  3378 D dasx    : Starting download: https://fonts.gstatic.com/s/e/notoemoji/16.0/1f98e/lottie.json
Thu Jul 30 09:00:46 UTC 2026 | ALL | 07-30 09:00:45.570  3232  3378 V dasx    : Is http uri, downloading (uri: https://fonts.gstatic.com/s/e/notoemoji/16.0/1f98e/lottie.json)
Thu Jul 30 09:00:46 UTC 2026 | ALL | 07-30 09:00:45.578  3232  3378 E MDD     : DownloadProgressMonitor: Can't find file group for uri: android://com.google.android.apps.messaging/files/datadownload/shared/public/datadownloadfile_1785401964885
Thu Jul 30 09:00:46 UTC 2026 | ALL | 07-30 09:00:45.580  3232  3434 D dasx    : Starting download: https://fonts.gstatic.com/s/e/notoemoji/16.0/1f409/lottie.json
Thu Jul 30 09:00:46 UTC 2026 | ALL | 07-30 09:00:45.580  3232  3434 V dasx    : Is http uri, downloading (uri: https://fonts.gstatic.com/s/e/notoemoji/16.0/1f409/lottie.json)
Thu Jul 30 09:00:46 UTC 2026 | ALL | 07-30 09:00:45.585  3232  3434 E MDD     : DownloadProgressMonitor: Can't find file group for uri: android://com.google.android.apps.messaging/files/datadownload/shared/public/datadownloadfile_1785401964886
Thu Jul 30 09:00:46 UTC 2026 | ALL | 07-30 09:00:45.586  3232  3370 D dasx    : Starting download: https://fonts.gstatic.com/s/e/notoemoji/16.0/1f996/lottie.json
Thu Jul 30 09:00:46 UTC 2026 | ALL | 07-30 09:00:45.586  3232  3370 V dasx    : Is http uri, downloading (uri: https://fonts.gstatic.com/s/e/notoemoji/16.0/1f996/lottie.json)
Thu Jul 30 09:00:46 UTC 2026 | ALL | 07-30 09:00:45.596  3232  3370 E MDD     : DownloadProgressMonitor: Can't find file group for uri: android://com.google.android.apps.messaging/files/datadownload/shared/public/datadownloadfile_1785401964887
Thu Jul 30 09:00:46 UTC 2026 | ALL | 07-30 09:00:45.601  3232  3378 D dasx    : Starting download: https://fonts.gstatic.com/s/e/notoemoji/16.0/1f995/lottie.json
Thu Jul 30 09:00:46 UTC 2026 | ALL | 07-30 09:00:45.601  3232  3378 V dasx    : Is http uri, downloading (uri: https://fonts.gstatic.com/s/e/notoemoji/16.0/1f995/lottie.json)
Thu Jul 30 09:00:46 UTC 2026 | ALL | 07-30 09:00:45.612  3232  3370 D dasx    : Starting download: https://fonts.gstatic.com/s/e/notoemoji/16.0/1f422/lottie.json
Thu Jul 30 09:00:46 UTC 2026 | ALL | 07-30 09:00:45.612  3232  3370 V dasx    : Is http uri, downloading (uri: https://fonts.gstatic.com/s/e/notoemoji/16.0/1f422/lottie.json)
Thu Jul 30 09:00:46 UTC 2026 | ALL | 07-30 09:00:45.795  3232  3378 E MDD     : DownloadProgressMonitor: Can't find file group for uri: android://com.google.android.apps.messaging/files/datadownload/shared/public/datadownloadfile_1785401964888
Thu Jul 30 09:00:46 UTC 2026 | ALL | 07-30 09:00:45.799  3232  3370 E MDD     : DownloadProgressMonitor: Can't find file group for uri: android://com.google.android.apps.messaging/files/datadownload/shared/public/datadownloadfile_1785401964889
Thu Jul 30 09:00:46 UTC 2026 | ALL | 07-30 09:00:45.801  3232  3434 D dasx    : Starting download: https://fonts.gstatic.com/s/e/notoemoji/16.0/1f40a/lottie.json
Thu Jul 30 09:00:46 UTC 2026 | ALL | 07-30 09:00:45.801  3232  3434 V dasx    : Is http uri, downloading (uri: https://fonts.gstatic.com/s/e/notoemoji/16.0/1f40a/lottie.json)
Thu Jul 30 09:00:46 UTC 2026 | ALL | 07-30 09:00:45.807  3232  3434 E MDD     : DownloadProgressMonitor: Can't find file group for uri: android://com.google.android.apps.messaging/files/datadownload/shared/public/datadownloadfile_1785401964890
Thu Jul 30 09:00:46 UTC 2026 | ALL | 07-30 09:00:45.811  3232  3370 D dasx    : Starting download: https://fonts.gstatic.com/s/e/notoemoji/16.0/1f40d/lottie.json
Thu Jul 30 09:00:46 UTC 2026 | ALL | 07-30 09:00:45.812  3232  3370 V dasx    : Is http uri, downloading (uri: https://fonts.gstatic.com/s/e/notoemoji/16.0/1f40d/lottie.json)
Thu Jul 30 09:00:46 UTC 2026 | ALL | 07-30 09:00:45.816  3232  3378 D dasx    : Starting download: https://fonts.gstatic.com/s/e/notoemoji/16.0/1f438/lottie.json
Thu Jul 30 09:00:46 UTC 2026 | ALL | 07-30 09:00:45.816  3232  3378 V dasx    : Is http uri, downloading (uri: https://fonts.gstatic.com/s/e/notoemoji/16.0/1f438/lottie.json)
Thu Jul 30 09:00:46 UTC 2026 | ALL | 07-30 09:00:45.961  4162  4220 I appium  : channel read: POST /session/0ec58237-84ed-40bd-bf67-28bb2b70cae2/element
Thu Jul 30 09:00:46 UTC 2026 | ALL | 07-30 09:00:45.962  4162  4220 I appium  : FindElement command
Thu Jul 30 09:00:46 UTC 2026 | ALL | 07-30 09:00:45.962  4162  4220 I appium  : method: 'xpath', selector: '//android.widget.EditText[@text='your.email@example.com' or @hint='your.email@example.com' or @text='Email Address' or @index='0']'
Thu Jul 30 09:00:46 UTC 2026 | ALL | 07-30 09:00:45.962  4162  4220 I appium  : Waiting up to 10000ms for the device to idle
Thu Jul 30 09:00:46 UTC 2026 | ALL | 07-30 09:00:45.964  4162  4220 I appium  : The following attributes will be included to the page source: [index, text, hint]
Thu Jul 30 09:00:46 UTC 2026 | ALL | 07-30 09:00:45.979  4162  4220 I appium  : Took 0ms to retrieve 0 matches for '//android.widget.EditText[@text='your.email@example.com' or @hint='your.email@example.com' or @text='Email Address' or @index='0']' XPath2 query
Thu Jul 30 09:00:46 UTC 2026 | ALL | 07-30 09:00:45.980  4162  4220 I appium  : AppiumResponse: {"sessionId":"0ec58237-84ed-40bd-bf67-28bb2b70cae2","value":{"error":"no such element","message":"An element could not be located on the page using the given search parameters","stacktrace":"io.appium.uiautomator2.common.exceptions.ElementNotFoundException: An element could not be located on the page using the given search parameters\n\tat io.appium.uiautomator2.utils.ElementLocationHelpers.findElement(ElementLocationHelpers.java:156)\n\tat io.appium.uiautomator2.handler.FindElement.safeHandle(FindElement.java:60)\n\tat io.appium.uiautomator2.handler.request.SafeRequestHandler.handle(SafeRequestHandler.java:59)\n\tat io.appium.uiautomator2.server.AppiumServlet.handleRequest(AppiumServlet.java:259)\n\tat io.appium.uiautomator2.server.AppiumServlet.handleHttpRequest(AppiumServlet.java:253)\n\tat io.appium.uiautomator2.http.ServerHandler.channelRead(ServerHandler.java:77)\n\tat io.netty.channel.AbstractChannelHandlerContext.invokeChannelRead(AbstractChannelHandlerContext.java:374)\n\tat io.netty.channel.AbstractChannelHandlerContext.invokeChannelRead(AbstractChannelHandlerContext.java:360)\n\tat io.netty.channel.AbstractChannelHandlerContext.fireChannelRead(AbstractChannelHandlerContext.java:352)\n\tat io.netty.handler.codec.MessageToMessageDecoder.channelRead(MessageToMessageDecoder.java:102)\n\tat io.netty.channel.AbstractChannelHandlerContext.invokeChannelRead(AbstractChannelHandlerContext.java:374)\n\tat io.netty.channel.AbstractChannelHandlerContext.invokeChannelRead(AbstractChannelHandlerContext.java:360)\n\tat io.netty.channel.AbstractChannelHandlerContext.fireChannelRead(AbstractChannelHandlerContext.java:352)\n\tat io.netty.channel.CombinedChannelDuplexHandler$DelegatingChannelHandlerContext.fireChannelRead(CombinedChannelDuplexHandler.java:438)\n\tat io.netty.handler.codec.ByteToMessageDecoder.fireChannelRead(ByteToMessageDecoder.java:328)\n\tat io.netty.handler.codec.ByteToMessageDecoder.channelRead(ByteToMessageDecoder.java:302)\n\tat io.netty.channel.CombinedChannelDuplexHandler.channelRead(CombinedChannelDuplexHandler.java:253)\n\tat io.netty.channel.AbstractChannelHandlerContext.invokeChannelRead(AbstractChannelHandlerContext.java:374)\n\tat io.netty.channel.AbstractChannelHandlerContext.invokeChannelRead(AbstractChannelHandlerContext.java:360)\n\tat io.netty.channel.AbstractChannelHandlerContext.fireChannelRead(AbstractChannelHandlerContext.java:352)\n\tat io.netty.handler.timeout.IdleStateHandler.channelRead(IdleStateHandler.java:287)\n\tat io.netty.channel.AbstractChannelHandlerContext.invokeChannelRead(AbstractChannelHandlerContext.java:374)\n\tat io.netty.channel.AbstractChannelHandlerContext.invokeChannelRead(AbstractChannelHandlerContext.java:360)\n\tat io.netty.channel.AbstractChannelHandlerContext.fireChannelRead(AbstractChannelHandlerContext.java:352)\n\tat io.netty.channel.DefaultChannelPipeline$HeadContext.channelRead(DefaultChannelPipeline.java:1422)\n\tat io.netty.channel.AbstractChannelHandlerContext.invokeChannelRead(AbstractChannelHandlerContext.java:374)\n\tat io.netty.channel.AbstractChannelHandlerContext.invokeChannelRead(AbstractChannelHandlerContext.java:360)\n\tat io.netty.channel.DefaultChannelPipeline.fireChannelRead(DefaultChannelPipeline.java:931)\n\tat io.netty.channel.nio.AbstractNioByteChannel$NioByteUnsafe.read(AbstractNioByteChannel.java:163)\n\tat io.netty.channel.nio.NioEventLoop.processSelectedKey(NioEventLoop.java:700)\n\tat io.netty.channel.nio.NioEventLoop.processSelectedKeysOptimized(NioEventLoop.java:635)\n\tat io.netty.channel.nio.NioEventLoop.processSelectedKeys(NioEventLoop.java:552)\n\tat io.netty.channel.nio.NioEventLoop.run(NioEventLoop.java:514)\n\tat io.netty.util.concurrent.SingleThreadEventExecutor$6.run(SingleThreadEventExecutor.java:1044)\n\tat io.netty.util.internal.ThreadExecutorMap$2.run(ThreadExecutorMap.java:74)\n\tat io.netty.util.concurrent.FastThreadLocalRunnable.run(FastThreadLocalRunnable.java:30)\n\tat java.lang.Thread.run(Thread.java:1012)\n"}}
Thu Jul 30 09:00:46 UTC 2026 | ALL | 07-30 09:00:46.023  3232  3370 E MDD     : DownloadProgressMonitor: Can't find file group for uri: android://com.google.android.apps.messaging/files/datadownload/shared/public/datadownloadfile_1785401964891
Thu Jul 30 09:00:46 UTC 2026 | ALL | 07-30 09:00:46.024  3232  3378 E MDD     : DownloadProgressMonitor: Can't find file group for uri: android://com.google.android.apps.messaging/files/datadownload/shared/public/datadownloadfile_1785401964892
Thu Jul 30 09:00:46 UTC 2026 | ALL | 07-30 09:00:46.028  3232  3434 D dasx    : Starting download: https://fonts.gstatic.com/s/e/notoemoji/16.0/1f407/lottie.json
Thu Jul 30 09:00:46 UTC 2026 | ALL | 07-30 09:00:46.028  3232  3434 V dasx    : Is http uri, downloading (uri: https://fonts.gstatic.com/s/e/notoemoji/16.0/1f407/lottie.json)
Thu Jul 30 09:00:47 UTC 2026 | ALL | 07-30 09:00:46.030  3232  3370 D dasx    : Starting download: https://fonts.gstatic.com/s/e/notoemoji/16.0/1f400/lottie.json
Thu Jul 30 09:00:47 UTC 2026 | ALL | 07-30 09:00:46.030  3232  3370 V dasx    : Is http uri, downloading (uri: https://fonts.gstatic.com/s/e/notoemoji/16.0/1f400/lottie.json)
Thu Jul 30 09:00:47 UTC 2026 | ALL | 07-30 09:00:46.250  3232  3370 E MDD     : DownloadProgressMonitor: Can't find file group for uri: android://com.google.android.apps.messaging/files/datadownload/shared/public/datadownloadfile_1785401964894
Thu Jul 30 09:00:47 UTC 2026 | ALL | 07-30 09:00:46.253  3232  3434 E MDD     : DownloadProgressMonitor: Can't find file group for uri: android://com.google.android.apps.messaging/files/datadownload/shared/public/datadownloadfile_1785401964893
Thu Jul 30 09:00:47 UTC 2026 | ALL | 07-30 09:00:46.255  3232  3378 D dasx    : Starting download: https://fonts.gstatic.com/s/e/notoemoji/16.0/1f429/lottie.json
Thu Jul 30 09:00:47 UTC 2026 | ALL | 07-30 09:00:46.255  3232  3378 V dasx    : Is http uri, downloading (uri: https://fonts.gstatic.com/s/e/notoemoji/16.0/1f429/lottie.json)
Thu Jul 30 09:00:47 UTC 2026 | ALL | 07-30 09:00:46.258  3232  3434 D dasx    : Starting download: https://fonts.gstatic.com/s/e/notoemoji/16.0/1f415/lottie.json
Thu Jul 30 09:00:47 UTC 2026 | ALL | 07-30 09:00:46.258  3232  3434 V dasx    : Is http uri, downloading (uri: https://fonts.gstatic.com/s/e/notoemoji/16.0/1f415/lottie.json)
Thu Jul 30 09:00:47 UTC 2026 | ALL | 07-30 09:00:46.266  3232  3378 E MDD     : DownloadProgressMonitor: Can't find file group for uri: android://com.google.android.apps.messaging/files/datadownload/shared/public/datadownloadfile_1785401964895
Thu Jul 30 09:00:47 UTC 2026 | ALL | 07-30 09:00:46.268  3232  3434 E MDD     : DownloadProgressMonitor: Can't find file group for uri: android://com.google.android.apps.messaging/files/datadownload/shared/public/datadownloadfile_1785401964896
Thu Jul 30 09:00:47 UTC 2026 | ALL | 07-30 09:00:46.271  3232  3370 D dasx    : Starting download: https://fonts.gstatic.com/s/e/notoemoji/16.0/1f9ae/lottie.json
Thu Jul 30 09:00:47 UTC 2026 | ALL | 07-30 09:00:46.271  3232  3370 V dasx    : Is http uri, downloading (uri: https://fonts.gstatic.com/s/e/notoemoji/16.0/1f9ae/lottie.json)
Thu Jul 30 09:00:47 UTC 2026 | ALL | 07-30 09:00:46.273  3232  3434 D dasx    : Starting download: https://fonts.gstatic.com/s/e/notoemoji/16.0/1f415_200d_1f9ba/lottie.json
Thu Jul 30 09:00:47 UTC 2026 | ALL | 07-30 09:00:46.273  3232  3434 V dasx    : Is http uri, downloading (uri: https://fonts.gstatic.com/s/e/notoemoji/16.0/1f415_200d_1f9ba/lottie.json)
Thu Jul 30 09:00:47 UTC 2026 | ALL | 07-30 09:00:46.391   560  1820 D ConnectivityService: requestNetwork for uid/pid:10144/1641 activeRequest: null callbackRequest: 137 [NetworkRequest [ REQUEST id=137, [ Transports: CELLULAR Capabilities: INTERNET&NOT_RESTRICTED&TRUSTED&NOT_VPN&NOT_VCN_MANAGED&NOT_BANDWIDTH_CONSTRAINED Forbidden: LOCAL_NETWORK Uid: 10144 RequestorUid: 10144 RequestorPkg: com.google.android.googlequicksearchbox UnderlyingNetworks: Null] ]] callback flags: 0 order: 2147483647 isUidTracked: false
Thu Jul 30 09:00:47 UTC 2026 | ALL | 07-30 09:00:46.393   361   361 I netd    : networkSetPermissionForNetwork(101, 0) <1.34ms>
Thu Jul 30 09:00:47 UTC 2026 | ALL | 07-30 09:00:46.394   560   833 D ConnectivityService: NetReassign [137 : null → 101] [c 0] [a 2] [i 0]
Thu Jul 30 09:00:47 UTC 2026 | ALL | 07-30 09:00:46.394   560   833 D ConnectivityService: reportNetworkConnectivity(100, false) by 10144
Thu Jul 30 09:00:47 UTC 2026 | ALL | 07-30 09:00:46.397  1028  2260 D NetworkMonitor/100: Forcing reevaluation for UID 10144. Dns signal count: 0
Thu Jul 30 09:00:47 UTC 2026 | ALL | 07-30 09:00:46.402  1028  4479 D TrafficStats: tagSocket(92) with statsTag=0xffffff81, statsUid=-1
Thu Jul 30 09:00:47 UTC 2026 | ALL | 07-30 09:00:46.404  1028  4480 D TrafficStats: tagSocket(131) with statsTag=0xffffff81, statsUid=-1
Thu Jul 30 09:00:47 UTC 2026 | ALL | 07-30 09:00:46.406  1028  4480 D TrafficStats: tagSocket(131) with statsTag=0xffffff81, statsUid=-1
Thu Jul 30 09:00:47 UTC 2026 | ALL | 07-30 09:00:46.407   361  4481 I resolv  : ResNSendHandler::run: 0 / {100 983140 100 983140 1073 1}
Thu Jul 30 09:00:47 UTC 2026 | ALL | 07-30 09:00:46.407   361  4481 I resolv  : resolv_cache_lookup: FOUND IN CACHE entry=0x79bc5712d770
Thu Jul 30 09:00:47 UTC 2026 | ALL | 07-30 09:00:46.407  1028  4479 D TrafficStats: tagSocket(92) with statsTag=0xffffff81, statsUid=-1
Thu Jul 30 09:00:47 UTC 2026 | ALL | 07-30 09:00:46.409   361  4482 I resolv  : ResNSendHandler::run: 0 / {100 983140 100 983140 1073 1}
Thu Jul 30 09:00:47 UTC 2026 | ALL | 07-30 09:00:46.409   361  4482 I resolv  : resolv_cache_lookup: FOUND IN CACHE entry=0x79bc5712ceb0
Thu Jul 30 09:00:47 UTC 2026 | ALL | 07-30 09:00:46.410  1028  1028 D TrafficStats: tagSocket(92) with statsTag=0xffffffff, statsUid=-1
Thu Jul 30 09:00:47 UTC 2026 | ALL | 07-30 09:00:46.411  1028  1028 D TrafficStats: tagSocket(127) with statsTag=0xffffffff, statsUid=-1
Thu Jul 30 09:00:47 UTC 2026 | ALL | 07-30 09:00:46.411   361  4483 I resolv  : ResNSendHandler::run: 0 / {100 983140 100 983140 1073 1}
Thu Jul 30 09:00:47 UTC 2026 | ALL | 07-30 09:00:46.411   361  4483 I resolv  : resolv_cache_lookup: FOUND IN CACHE entry=0x79bbb71360d0
Thu Jul 30 09:00:47 UTC 2026 | ALL | 07-30 09:00:46.411  1028  4480 D NetworkMonitor/100: PROBE_DNS connectivitycheck.gstatic.com 7ms OK 142.251.219.131,2607:f8b0:4005:809::2003
Thu Jul 30 09:00:47 UTC 2026 | ALL | 07-30 09:00:46.414   361  4484 I resolv  : GetAddrInfoHandler::run: {100 983140 100 983140 1073 1}
Thu Jul 30 09:00:47 UTC 2026 | ALL | 07-30 09:00:46.414   361  4485 I resolv  : ResNSendHandler::run: 0 / {100 983140 100 983140 1073 1}
Thu Jul 30 09:00:47 UTC 2026 | ALL | 07-30 09:00:46.414   361  4487 I resolv  : res_nmkquery: (QUERY, IN, A)
Thu Jul 30 09:00:47 UTC 2026 | ALL | 07-30 09:00:46.414   361  4487 I resolv  : resolv_cache_lookup: FOUND IN CACHE entry=0x79bc5712ceb0
Thu Jul 30 09:00:47 UTC 2026 | ALL | 07-30 09:00:46.414   361  4486 I resolv  : res_nmkquery: (QUERY, IN, AAAA)
Thu Jul 30 09:00:47 UTC 2026 | ALL | 07-30 09:00:46.414   361  4487 I resolv  : doQuery: rcode=0, ancount=1, return value=63
Thu Jul 30 09:00:47 UTC 2026 | ALL | 07-30 09:00:46.414   361  4486 I resolv  : resolv_cache_lookup: FOUND IN CACHE entry=0x79bc5712d770
Thu Jul 30 09:00:47 UTC 2026 | ALL | 07-30 09:00:46.414   361  4486 I resolv  : doQuery: rcode=0, ancount=1, return value=75
Thu Jul 30 09:00:47 UTC 2026 | ALL | 07-30 09:00:46.419  1028  4480 D TrafficStats: tagSocket(92) with statsTag=0xffffff81, statsUid=-1
Thu Jul 30 09:00:47 UTC 2026 | ALL | 07-30 09:00:46.472   361  4485 I resolv  : res_nsend: used send_dg 160 terrno: 0
Thu Jul 30 09:00:47 UTC 2026 | ALL | 07-30 09:00:46.473  1028  1028 D TrafficStats: tagSocket(127) with statsTag=0xffffffff, statsUid=-1
Thu Jul 30 09:00:47 UTC 2026 | ALL | 07-30 09:00:46.474  1028  1028 D TrafficStats: tagSocket(127) with statsTag=0xffffffff, statsUid=-1
Thu Jul 30 09:00:47 UTC 2026 | ALL | 07-30 09:00:46.475  1028  1028 D TrafficStats: tagSocket(127) with statsTag=0xffffffff, statsUid=-1
Thu Jul 30 09:00:47 UTC 2026 | ALL | 07-30 09:00:46.475  1028  4480 D NetworkMonitor/100: PROBE_HTTP http://connectivitycheck.gstatic.com/generate_204 time=62ms ret=204 request={Connection=[close], User-Agent=[Mozilla/5.0 (X11; Linux x86_64) AppleWebKit/537.36 (KHTML, like Gecko) Chrome/60.0.3112.32 Safari/537.36]} headers={null=[HTTP/1.1 204 No Content], Connection=[close], Content-Length=[0], Cross-Origin-Resource-Policy=[cross-origin], Date=[Thu, 30 Jul 2026 09:00:47 GMT], X-Android-Received-Millis=[1785402046475], X-Android-Response-Source=[NETWORK 204], X-Android-Selected-Protocol=[http/1.1], X-Android-Sent-Millis=[1785402046472]}
Thu Jul 30 09:00:47 UTC 2026 | ALL | 07-30 09:00:46.476  1028  1028 D TrafficStats: tagSocket(92) with statsTag=0xffffffff, statsUid=-1
Thu Jul 30 09:00:47 UTC 2026 | ALL | 07-30 09:00:46.477  1028  1028 D TrafficStats: tagSocket(92) with statsTag=0xffffffff, statsUid=-1
Thu Jul 30 09:00:47 UTC 2026 | ALL | 07-30 09:00:46.478  1028  1028 D TrafficStats: tagSocket(92) with statsTag=0xffffffff, statsUid=-1
Thu Jul 30 09:00:47 UTC 2026 | ALL | 07-30 09:00:46.479  1028  1028 D TrafficStats: tagSocket(92) with statsTag=0xffffffff, statsUid=-1
Thu Jul 30 09:00:47 UTC 2026 | ALL | 07-30 09:00:46.480  3232  3370 E MDD     : DownloadProgressMonitor: Can't find file group for uri: android://com.google.android.apps.messaging/files/datadownload/shared/public/datadownloadfile_1785401964897
Thu Jul 30 09:00:47 UTC 2026 | ALL | 07-30 09:00:46.481  1028  1028 D TrafficStats: tagSocket(92) with statsTag=0xffffffff, statsUid=-1
Thu Jul 30 09:00:47 UTC 2026 | ALL | 07-30 09:00:46.483  1028  1028 D TrafficStats: tagSocket(92) with statsTag=0xffffffff, statsUid=-1
Thu Jul 30 09:00:47 UTC 2026 | ALL | 07-30 09:00:46.484  3232  3434 E MDD     : DownloadProgressMonitor: Can't find file group for uri: android://com.google.android.apps.messaging/files/datadownload/shared/public/datadownloadfile_1785401964898
Thu Jul 30 09:00:47 UTC 2026 | ALL | 07-30 09:00:46.484  1028  1028 D TrafficStats: tagSocket(92) with statsTag=0xffffffff, statsUid=-1
Thu Jul 30 09:00:47 UTC 2026 | ALL | 07-30 09:00:46.487  4162  4220 I appium  : channel read: POST /session/0ec58237-84ed-40bd-bf67-28bb2b70cae2/element
Thu Jul 30 09:00:47 UTC 2026 | ALL | 07-30 09:00:46.487  1028  1028 D TrafficStats: tagSocket(92) with statsTag=0xffffffff, statsUid=-1
Thu Jul 30 09:00:47 UTC 2026 | ALL | 07-30 09:00:46.489  4162  4220 I appium  : FindElement command
Thu Jul 30 09:00:47 UTC 2026 | ALL | 07-30 09:00:46.490  4162  4220 I appium  : method: 'xpath', selector: '//android.widget.EditText[@text='your.email@example.com' or @hint='your.email@example.com' or @text='Email Address' or @index='0']'
Thu Jul 30 09:00:47 UTC 2026 | ALL | 07-30 09:00:46.490  4162  4220 I appium  : Waiting up to 10000ms for the device to idle
Thu Jul 30 09:00:47 UTC 2026 | ALL | 07-30 09:00:46.492  1028  1028 D TrafficStats: tagSocket(92) with statsTag=0xffffffff, statsUid=-1
Thu Jul 30 09:00:47 UTC 2026 | ALL | 07-30 09:00:46.492  4162  4220 I appium  : The following attributes will be included to the page source: [index, text, hint]
Thu Jul 30 09:00:47 UTC 2026 | ALL | 07-30 09:00:46.496  3232  3378 D dasx    : Starting download: https://fonts.gstatic.com/s/e/notoemoji/16.0/1f416/lottie.json
Thu Jul 30 09:00:47 UTC 2026 | ALL | 07-30 09:00:46.496  3232  3378 V dasx    : Is http uri, downloading (uri: https://fonts.gstatic.com/s/e/notoemoji/16.0/1f416/lottie.json)
Thu Jul 30 09:00:47 UTC 2026 | ALL | 07-30 09:00:46.499  1028  1028 D TrafficStats: tagSocket(92) with statsTag=0xffffffff, statsUid=-1
Thu Jul 30 09:00:47 UTC 2026 | ALL | 07-30 09:00:46.501  3232  3370 D dasx    : Starting download: https://fonts.gstatic.com/s/e/notoemoji/16.0/1f40e/lottie.json
Thu Jul 30 09:00:47 UTC 2026 | ALL | 07-30 09:00:46.501  3232  3370 V dasx    : Is http uri, downloading (uri: https://fonts.gstatic.com/s/e/notoemoji/16.0/1f40e/lottie.json)
Thu Jul 30 09:00:47 UTC 2026 | ALL | 07-30 09:00:46.505  1028  1028 D TrafficStats: tagSocket(92) with statsTag=0xffffffff, statsUid=-1
Thu Jul 30 09:00:47 UTC 2026 | ALL | 07-30 09:00:46.506  3232  3378 E MDD     : DownloadProgressMonitor: Can't find file group for uri: android://com.google.android.apps.messaging/files/datadownload/shared/public/datadownloadfile_1785401964899
Thu Jul 30 09:00:47 UTC 2026 | ALL | 07-30 09:00:46.508  4162  4170 I tomator2.server: Method exceeds compiler instruction limit: 19264 in java_cup.runtime.Symbol org.eclipse.wst.xml.xpath2.processor.internal.CUP$XPathCup$actions.CUP$XPathCup$do_action(int, java_cup.runtime.lr_parser, java.util.Stack, int)
Thu Jul 30 09:00:47 UTC 2026 | ALL | 07-30 09:00:46.509  1028  1028 D TrafficStats: tagSocket(92) with statsTag=0xffffffff, statsUid=-1
Thu Jul 30 09:00:47 UTC 2026 | ALL | 07-30 09:00:46.509  3232  3370 E MDD     : DownloadProgressMonitor: Can't find file group for uri: android://com.google.android.apps.messaging/files/datadownload/shared/public/datadownloadfile_1785401964900
Thu Jul 30 09:00:47 UTC 2026 | ALL | 07-30 09:00:46.511  1028  1028 D TrafficStats: tagSocket(92) with statsTag=0xffffffff, statsUid=-1
Thu Jul 30 09:00:47 UTC 2026 | ALL | 07-30 09:00:46.513  1028  4479 D NetworkMonitor/100: PROBE_DNS www.google.com 111ms OK 142.251.155.119,142.251.150.119,142.251.151.119,142.251.157.119,142.251.154.119,142.251.152.119,142.251.156.119,142.251.153.119,2001:4860:482a:7700::,2001:4860:482b:7700::,2001:4860:4827:7700::,2001:4860:4829:7700::,2001:4860:482d:7700::,2001:4860:4828:7700::,2001:4860:482c:7700::,2001:4860:4826:7700::
Thu Jul 30 09:00:47 UTC 2026 | ALL | 07-30 09:00:46.520  3232  3434 D dasx    : Starting download: https://fonts.gstatic.com/s/e/notoemoji/16.0/1facf/lottie.json
Thu Jul 30 09:00:47 UTC 2026 | ALL | 07-30 09:00:46.520  3232  3434 V dasx    : Is http uri, downloading (uri: https://fonts.gstatic.com/s/e/notoemoji/16.0/1facf/lottie.json)
Thu Jul 30 09:00:47 UTC 2026 | ALL | 07-30 09:00:46.524   361  4488 I resolv  : GetAddrInfoHandler::run: {100 983140 100 983140 1073 1}
Thu Jul 30 09:00:47 UTC 2026 | ALL | 07-30 09:00:46.524   361  4489 I resolv  : res_nmkquery: (QUERY, IN, AAAA)
Thu Jul 30 09:00:47 UTC 2026 | ALL | 07-30 09:00:46.524   361  4489 I resolv  : resolv_cache_lookup: FOUND IN CACHE entry=0x79bbb71360d0
Thu Jul 30 09:00:47 UTC 2026 | ALL | 07-30 09:00:46.524   361  4489 I resolv  : doQuery: rcode=0, ancount=8, return value=256
Thu Jul 30 09:00:47 UTC 2026 | ALL | 07-30 09:00:46.524   361  4490 I resolv  : res_nmkquery: (QUERY, IN, A)
Thu Jul 30 09:00:47 UTC 2026 | ALL | 07-30 09:00:46.525   361  4490 I resolv  : resolv_cache_lookup: FOUND IN CACHE entry=0x79bd37135890
Thu Jul 30 09:00:47 UTC 2026 | ALL | 07-30 09:00:46.525   361  4490 I resolv  : doQuery: rcode=0, ancount=8, return value=160
Thu Jul 30 09:00:47 UTC 2026 | ALL | 07-30 09:00:46.525  3232  3370 D dasx    : Starting download: https://fonts.gstatic.com/s/e/notoemoji/16.0/1f402/lottie.json
Thu Jul 30 09:00:47 UTC 2026 | ALL | 07-30 09:00:46.525  3232  3370 V dasx    : Is http uri, downloading (uri: https://fonts.gstatic.com/s/e/notoemoji/16.0/1f402/lottie.json)
Thu Jul 30 09:00:47 UTC 2026 | ALL | 07-30 09:00:46.529  1028  4479 D TrafficStats: tagSocket(92) with statsTag=0xffffff81, statsUid=-1
Thu Jul 30 09:00:47 UTC 2026 | ALL | 07-30 09:00:46.533  4162  4220 I appium  : Took 0ms to retrieve 0 matches for '//android.widget.EditText[@text='your.email@example.com' or @hint='your.email@example.com' or @text='Email Address' or @index='0']' XPath2 query
Thu Jul 30 09:00:47 UTC 2026 | ALL | 07-30 09:00:46.535  4162  4220 I appium  : AppiumResponse: {"sessionId":"0ec58237-84ed-40bd-bf67-28bb2b70cae2","value":{"error":"no such element","message":"An element could not be located on the page using the given search parameters","stacktrace":"io.appium.uiautomator2.common.exceptions.ElementNotFoundException: An element could not be located on the page using the given search parameters\n\tat io.appium.uiautomator2.utils.ElementLocationHelpers.findElement(ElementLocationHelpers.java:156)\n\tat io.appium.uiautomator2.handler.FindElement.safeHandle(FindElement.java:60)\n\tat io.appium.uiautomator2.handler.request.SafeRequestHandler.handle(SafeRequestHandler.java:59)\n\tat io.appium.uiautomator2.server.AppiumServlet.handleRequest(AppiumServlet.java:259)\n\tat io.appium.uiautomator2.server.AppiumServlet.handleHttpRequest(AppiumServlet.java:253)\n\tat io.appium.uiautomator2.http.ServerHandler.channelRead(ServerHandler.java:77)\n\tat io.netty.channel.AbstractChannelHandlerContext.invokeChannelRead(AbstractChannelHandlerContext.java:374)\n\tat io.netty.channel.AbstractChannelHandlerContext.invokeChannelRead(AbstractChannelHandlerContext.java:360)\n\tat io.netty.channel.AbstractChannelHandlerContext.fireChannelRead(AbstractChannelHandlerContext.java:352)\n\tat io.netty.handler.codec.MessageToMessageDecoder.channelRead(MessageToMessageDecoder.java:102)\n\tat io.netty.channel.AbstractChannelHandlerContext.invokeChannelRead(AbstractChannelHandlerContext.java:374)\n\tat io.netty.channel.AbstractChannelHandlerContext.invokeChannelRead(AbstractChannelHandlerContext.java:360)\n\tat io.netty.channel.AbstractChannelHandlerContext.fireChannelRead(AbstractChannelHandlerContext.java:352)\n\tat io.netty.channel.CombinedChannelDuplexHandler$DelegatingChannelHandlerContext.fireChannelRead(CombinedChannelDuplexHandler.java:438)\n\tat io.netty.handler.codec.ByteToMessageDecoder.fireChannelRead(ByteToMessageDecoder.java:328)\n\tat io.netty.handler.codec.ByteToMessageDecoder.channelRead(ByteToMessageDecoder.java:302)\n\tat io.netty.channel.CombinedChannelDuplexHandler.channelRead(CombinedChannelDuplexHandler.java:253)\n\tat io.netty.channel.AbstractChannelHandlerContext.invokeChannelRead(AbstractChannelHandlerContext.java:374)\n\tat io.netty.channel.AbstractChannelHandlerContext.invokeChannelRead(AbstractChannelHandlerContext.java:360)\n\tat io.netty.channel.AbstractChannelHandlerContext.fireChannelRead(AbstractChannelHandlerContext.java:352)\n\tat io.netty.handler.timeout.IdleStateHandler.channelRead(IdleStateHandler.java:287)\n\tat io.netty.channel.AbstractChannelHandlerContext.invokeChannelRead(AbstractChannelHandlerContext.java:374)\n\tat io.netty.channel.AbstractChannelHandlerContext.invokeChannelRead(AbstractChannelHandlerContext.java:360)\n\tat io.netty.channel.AbstractChannelHandlerContext.fireChannelRead(AbstractChannelHandlerContext.java:352)\n\tat io.netty.channel.DefaultChannelPipeline$HeadContext.channelRead(DefaultChannelPipeline.java:1422)\n\tat io.netty.channel.AbstractChannelHandlerContext.invokeChannelRead(AbstractChannelHandlerContext.java:374)\n\tat io.netty.channel.AbstractChannelHandlerContext.invokeChannelRead(AbstractChannelHandlerContext.java:360)\n\tat io.netty.channel.DefaultChannelPipeline.fireChannelRead(DefaultChannelPipeline.java:931)\n\tat io.netty.channel.nio.AbstractNioByteChannel$NioByteUnsafe.read(AbstractNioByteChannel.java:163)\n\tat io.netty.channel.nio.NioEventLoop.processSelectedKey(NioEventLoop.java:700)\n\tat io.netty.channel.nio.NioEventLoop.processSelectedKeysOptimized(NioEventLoop.java:635)\n\tat io.netty.channel.nio.NioEventLoop.processSelectedKeys(NioEventLoop.java:552)\n\tat io.netty.channel.nio.NioEventLoop.run(NioEventLoop.java:514)\n\tat io.netty.util.concurrent.SingleThreadEventExecutor$6.run(SingleThreadEventExecutor.java:1044)\n\tat io.netty.util.internal.ThreadExecutorMap$2.run(ThreadExecutorMap.java:74)\n\tat io.netty.util.concurrent.FastThreadLocalRunnable.run(FastThreadLocalRunnable.java:30)\n\tat java.lang.Thread.run(Thread.java:1012)\n"}}
Thu Jul 30 09:00:47 UTC 2026 | ALL | 07-30 09:00:46.708  3232  3370 E MDD     : DownloadProgressMonitor: Can't find file group for uri: android://com.google.android.apps.messaging/files/datadownload/shared/public/datadownloadfile_1785401964902
Thu Jul 30 09:00:47 UTC 2026 | ALL | 07-30 09:00:46.709  3232  3434 E MDD     : DownloadProgressMonitor: Can't find file group for uri: android://com.google.android.apps.messaging/files/datadownload/shared/public/datadownloadfile_1785401964901
Thu Jul 30 09:00:47 UTC 2026 | ALL | 07-30 09:00:46.713  3232  3378 D dasx    : Starting download: https://fonts.gstatic.com/s/e/notoemoji/16.0/1f410/lottie.json
Thu Jul 30 09:00:47 UTC 2026 | ALL | 07-30 09:00:46.713  3232  3378 V dasx    : Is http uri, downloading (uri: https://fonts.gstatic.com/s/e/notoemoji/16.0/1f410/lottie.json)
Thu Jul 30 09:00:47 UTC 2026 | ALL | 07-30 09:00:46.715  3232  3370 D dasx    : Starting download: https://fonts.gstatic.com/s/e/notoemoji/16.0/1f998/lottie.json
Thu Jul 30 09:00:47 UTC 2026 | ALL | 07-30 09:00:46.715  3232  3370 V dasx    : Is http uri, downloading (uri: https://fonts.gstatic.com/s/e/notoemoji/16.0/1f998/lottie.json)
Thu Jul 30 09:00:47 UTC 2026 | ALL | 07-30 09:00:46.718  3232  3378 E MDD     : DownloadProgressMonitor: Can't find file group for uri: android://com.google.android.apps.messaging/files/datadownload/shared/public/datadownloadfile_1785401964903
Thu Jul 30 09:00:47 UTC 2026 | ALL | 07-30 09:00:46.726  3232  3370 E MDD     : DownloadProgressMonitor: Can't find file group for uri: android://com.google.android.apps.messaging/files/datadownload/shared/public/datadownloadfile_1785401964904
Thu Jul 30 09:00:47 UTC 2026 | ALL | 07-30 09:00:46.729  1028  4479 D NetworkMonitor/100: PROBE_HTTPS https://www.google.com/generate_204 time=213ms ret=204 request={Connection=[close], User-Agent=[Mozilla/5.0 (X11; Linux x86_64) AppleWebKit/537.36 (KHTML, like Gecko) Chrome/60.0.3112.32 Safari/537.36]} headers={null=[HTTP/1.1 204 No Content], Alt-Svc=[h3=":443"; ma=2592000,h3-29=":443"; ma=2592000], Connection=[close], Content-Length=[0], Cross-Origin-Resource-Policy=[cross-origin], Date=[Thu, 30 Jul 2026 09:00:47 GMT], X-Android-Received-Millis=[1785402046728], X-Android-Response-Source=[NETWORK 204], X-Android-Selected-Protocol=[http/1.1], X-Android-Sent-Millis=[1785402046723]}
Thu Jul 30 09:00:47 UTC 2026 | ALL | 07-30 09:00:46.730  1028  4478 D NetworkMonitor/100: isCaptivePortal: isSuccessful()=true isPortal()=false RedirectUrl=null isPartialConnectivity()=false Time=330ms
Thu Jul 30 09:00:47 UTC 2026 | ALL | 07-30 09:00:46.734   560   833 D ConnectivityService: [100 WIFI] validation passed
Thu Jul 30 09:00:47 UTC 2026 | ALL | 07-30 09:00:46.738  3232  3434 D dasx    : Starting download: https://fonts.gstatic.com/s/e/notoemoji/16.0/1f405/lottie.json
Thu Jul 30 09:00:47 UTC 2026 | ALL | 07-30 09:00:46.738  3232  3434 V dasx    : Is http uri, downloading (uri: https://fonts.gstatic.com/s/e/notoemoji/16.0/1f405/lottie.json)
Thu Jul 30 09:00:47 UTC 2026 | ALL | 07-30 09:00:46.739  3232  3370 D dasx    : Starting download: https://fonts.gstatic.com/s/e/notoemoji/16.0/1f412/lottie.json
Thu Jul 30 09:00:47 UTC 2026 | ALL | 07-30 09:00:46.739  3232  3370 V dasx    : Is http uri, downloading (uri: https://fonts.gstatic.com/s/e/notoemoji/16.0/1f412/lottie.json)
Thu Jul 30 09:00:47 UTC 2026 | ALL | 07-30 09:00:46.746  3232  3434 E MDD     : DownloadProgressMonitor: Can't find file group for uri: android://com.google.android.apps.messaging/files/datadownload/shared/public/datadownloadfile_1785401964905
Thu Jul 30 09:00:47 UTC 2026 | ALL | 07-30 09:00:46.753  3232  3370 E MDD     : DownloadProgressMonitor: Can't find file group for uri: android://com.google.android.apps.messaging/files/datadownload/shared/public/datadownloadfile_1785401964906
Thu Jul 30 09:00:47 UTC 2026 | ALL | 07-30 09:00:46.759  3232  3378 D dasx    : Starting download: https://fonts.gstatic.com/s/e/notoemoji/16.0/1f98d/lottie.json
Thu Jul 30 09:00:47 UTC 2026 | ALL | 07-30 09:00:46.759  3232  3378 V dasx    : Is http uri, downloading (uri: https://fonts.gstatic.com/s/e/notoemoji/16.0/1f98d/lottie.json)
Thu Jul 30 09:00:47 UTC 2026 | ALL | 07-30 09:00:46.764  3232  3370 D dasx    : Starting download: https://fonts.gstatic.com/s/e/notoemoji/16.0/1f9a7/lottie.json
Thu Jul 30 09:00:47 UTC 2026 | ALL | 07-30 09:00:46.764  3232  3370 V dasx    : Is http uri, downloading (uri: https://fonts.gstatic.com/s/e/notoemoji/16.0/1f9a7/lottie.json)
Thu Jul 30 09:00:47 UTC 2026 | ALL | 07-30 09:00:46.911  3232  3378 E MDD     : DownloadProgressMonitor: Can't find file group for uri: android://com.google.android.apps.messaging/files/datadownload/shared/public/datadownloadfile_1785401964907
Thu Jul 30 09:00:47 UTC 2026 | ALL | 07-30 09:00:46.915  3232  3370 E MDD     : DownloadProgressMonitor: Can't find file group for uri: android://com.google.android.apps.messaging/files/datadownload/shared/public/datadownloadfile_1785401964908
Thu Jul 30 09:00:47 UTC 2026 | ALL | 07-30 09:00:46.920  3232  3434 D dasx    : Starting download: https://fonts.gstatic.com/s/e/notoemoji/16.0/1f43f_fe0f/lottie.json
Thu Jul 30 09:00:47 UTC 2026 | ALL | 07-30 09:00:46.920  3232  3434 V dasx    : Is http uri, downloading (uri: https://fonts.gstatic.com/s/e/notoemoji/16.0/1f43f_fe0f/lottie.json)
Thu Jul 30 09:00:47 UTC 2026 | ALL | 07-30 09:00:46.922  3232  3378 D dasx    : Starting download: https://fonts.gstatic.com/s/e/notoemoji/16.0/1f9a6/lottie.json
Thu Jul 30 09:00:47 UTC 2026 | ALL | 07-30 09:00:46.923  3232  3378 V dasx    : Is http uri, downloading (uri: https://fonts.gstatic.com/s/e/notoemoji/16.0/1f9a6/lottie.json)
Thu Jul 30 09:00:48 UTC 2026 | ALL | 07-30 09:00:47.043  4162  4220 I appium  : channel read: POST /session/0ec58237-84ed-40bd-bf67-28bb2b70cae2/element
Thu Jul 30 09:00:48 UTC 2026 | ALL | 07-30 09:00:47.044  4162  4220 I appium  : FindElement command
Thu Jul 30 09:00:48 UTC 2026 | ALL | 07-30 09:00:47.044  4162  4220 I appium  : method: 'xpath', selector: '//android.widget.EditText[@text='your.email@example.com' or @hint='your.email@example.com' or @text='Email Address' or @index='0']'
Thu Jul 30 09:00:48 UTC 2026 | ALL | 07-30 09:00:47.044  4162  4220 I appium  : Waiting up to 10000ms for the device to idle
Thu Jul 30 09:00:48 UTC 2026 | ALL | 07-30 09:00:47.046  4162  4220 I appium  : The following attributes will be included to the page source: [index, text, hint]
Thu Jul 30 09:00:48 UTC 2026 | ALL | 07-30 09:00:47.062  4162  4220 I appium  : Took 0ms to retrieve 0 matches for '//android.widget.EditText[@text='your.email@example.com' or @hint='your.email@example.com' or @text='Email Address' or @index='0']' XPath2 query
Thu Jul 30 09:00:48 UTC 2026 | ALL | 07-30 09:00:47.063  4162  4220 I appium  : AppiumResponse: {"sessionId":"0ec58237-84ed-40bd-bf67-28bb2b70cae2","value":{"error":"no such element","message":"An element could not be located on the page using the given search parameters","stacktrace":"io.appium.uiautomator2.common.exceptions.ElementNotFoundException: An element could not be located on the page using the given search parameters\n\tat io.appium.uiautomator2.utils.ElementLocationHelpers.findElement(ElementLocationHelpers.java:156)\n\tat io.appium.uiautomator2.handler.FindElement.safeHandle(FindElement.java:60)\n\tat io.appium.uiautomator2.handler.request.SafeRequestHandler.handle(SafeRequestHandler.java:59)\n\tat io.appium.uiautomator2.server.AppiumServlet.handleRequest(AppiumServlet.java:259)\n\tat io.appium.uiautomator2.server.AppiumServlet.handleHttpRequest(AppiumServlet.java:253)\n\tat io.appium.uiautomator2.http.ServerHandler.channelRead(ServerHandler.java:77)\n\tat io.netty.channel.AbstractChannelHandlerContext.invokeChannelRead(AbstractChannelHandlerContext.java:374)\n\tat io.netty.channel.AbstractChannelHandlerContext.invokeChannelRead(AbstractChannelHandlerContext.java:360)\n\tat io.netty.channel.AbstractChannelHandlerContext.fireChannelRead(AbstractChannelHandlerContext.java:352)\n\tat io.netty.handler.codec.MessageToMessageDecoder.channelRead(MessageToMessageDecoder.java:102)\n\tat io.netty.channel.AbstractChannelHandlerContext.invokeChannelRead(AbstractChannelHandlerContext.java:374)\n\tat io.netty.channel.AbstractChannelHandlerContext.invokeChannelRead(AbstractChannelHandlerContext.java:360)\n\tat io.netty.channel.AbstractChannelHandlerContext.fireChannelRead(AbstractChannelHandlerContext.java:352)\n\tat io.netty.channel.CombinedChannelDuplexHandler$DelegatingChannelHandlerContext.fireChannelRead(CombinedChannelDuplexHandler.java:438)\n\tat io.netty.handler.codec.ByteToMessageDecoder.fireChannelRead(ByteToMessageDecoder.java:328)\n\tat io.netty.handler.codec.ByteToMessageDecoder.channelRead(ByteToMessageDecoder.java:302)\n\tat io.netty.channel.CombinedChannelDuplexHandler.channelRead(CombinedChannelDuplexHandler.java:253)\n\tat io.netty.channel.AbstractChannelHandlerContext.invokeChannelRead(AbstractChannelHandlerContext.java:374)\n\tat io.netty.channel.AbstractChannelHandlerContext.invokeChannelRead(AbstractChannelHandlerContext.java:360)\n\tat io.netty.channel.AbstractChannelHandlerContext.fireChannelRead(AbstractChannelHandlerContext.java:352)\n\tat io.netty.handler.timeout.IdleStateHandler.channelRead(IdleStateHandler.java:287)\n\tat io.netty.channel.AbstractChannelHandlerContext.invokeChannelRead(AbstractChannelHandlerContext.java:374)\n\tat io.netty.channel.AbstractChannelHandlerContext.invokeChannelRead(AbstractChannelHandlerContext.java:360)\n\tat io.netty.channel.AbstractChannelHandlerContext.fireChannelRead(AbstractChannelHandlerContext.java:352)\n\tat io.netty.channel.DefaultChannelPipeline$HeadContext.channelRead(DefaultChannelPipeline.java:1422)\n\tat io.netty.channel.AbstractChannelHandlerContext.invokeChannelRead(AbstractChannelHandlerContext.java:374)\n\tat io.netty.channel.AbstractChannelHandlerContext.invokeChannelRead(AbstractChannelHandlerContext.java:360)\n\tat io.netty.channel.DefaultChannelPipeline.fireChannelRead(DefaultChannelPipeline.java:931)\n\tat io.netty.channel.nio.AbstractNioByteChannel$NioByteUnsafe.read(AbstractNioByteChannel.java:163)\n\tat io.netty.channel.nio.NioEventLoop.processSelectedKey(NioEventLoop.java:700)\n\tat io.netty.channel.nio.NioEventLoop.processSelectedKeysOptimized(NioEventLoop.java:635)\n\tat io.netty.channel.nio.NioEventLoop.processSelectedKeys(NioEventLoop.java:552)\n\tat io.netty.channel.nio.NioEventLoop.run(NioEventLoop.java:514)\n\tat io.netty.util.concurrent.SingleThreadEventExecutor$6.run(SingleThreadEventExecutor.java:1044)\n\tat io.netty.util.internal.ThreadExecutorMap$2.run(ThreadExecutorMap.java:74)\n\tat io.netty.util.concurrent.FastThreadLocalRunnable.run(FastThreadLocalRunnable.java:30)\n\tat java.lang.Thread.run(Thread.java:1012)\n"}}
Thu Jul 30 09:00:48 UTC 2026 | ALL | 07-30 09:00:47.117  3232  3434 E MDD     : DownloadProgressMonitor: Can't find file group for uri: android://com.google.android.apps.messaging/files/datadownload/shared/public/datadownloadfile_1785401964909
Thu Jul 30 09:00:48 UTC 2026 | ALL | 07-30 09:00:47.118  3232  3378 E MDD     : DownloadProgressMonitor: Can't find file group for uri: android://com.google.android.apps.messaging/files/datadownload/shared/public/datadownloadfile_1785401964910
Thu Jul 30 09:00:48 UTC 2026 | ALL | 07-30 09:00:47.122  3232  3370 D dasx    : Starting download: https://fonts.gstatic.com/s/e/notoemoji/16.0/1f987/lottie.json
Thu Jul 30 09:00:48 UTC 2026 | ALL | 07-30 09:00:47.122  3232  3370 V dasx    : Is http uri, downloading (uri: https://fonts.gstatic.com/s/e/notoemoji/16.0/1f987/lottie.json)
Thu Jul 30 09:00:48 UTC 2026 | ALL | 07-30 09:00:47.124  3232  3434 D dasx    : Starting download: https://fonts.gstatic.com/s/e/notoemoji/16.0/1f426/lottie.json
Thu Jul 30 09:00:48 UTC 2026 | ALL | 07-30 09:00:47.124  3232  3434 V dasx    : Is http uri, downloading (uri: https://fonts.gstatic.com/s/e/notoemoji/16.0/1f426/lottie.json)
Thu Jul 30 09:00:48 UTC 2026 | ALL | 07-30 09:00:47.131  3232  3370 E MDD     : DownloadProgressMonitor: Can't find file group for uri: android://com.google.android.apps.messaging/files/datadownload/shared/public/datadownloadfile_1785401964911
Thu Jul 30 09:00:48 UTC 2026 | ALL | 07-30 09:00:47.132  3232  3434 E MDD     : DownloadProgressMonitor: Can't find file group for uri: android://com.google.android.apps.messaging/files/datadownload/shared/public/datadownloadfile_1785401964912
Thu Jul 30 09:00:48 UTC 2026 | ALL | 07-30 09:00:47.134  3232  3378 D dasx    : Starting download: https://fonts.gstatic.com/s/e/notoemoji/16.0/1f426_200d_2b1b/lottie.json
Thu Jul 30 09:00:48 UTC 2026 | ALL | 07-30 09:00:47.134  3232  3378 V dasx    : Is http uri, downloading (uri: https://fonts.gstatic.com/s/e/notoemoji/16.0/1f426_200d_2b1b/lottie.json)
Thu Jul 30 09:00:48 UTC 2026 | ALL | 07-30 09:00:47.139  3232  3378 E MDD     : DownloadProgressMonitor: Can't find file group for uri: android://com.google.android.apps.messaging/files/datadownload/shared/public/datadownloadfile_1785401964913
Thu Jul 30 09:00:48 UTC 2026 | ALL | 07-30 09:00:47.144  3232  3370 D dasx    : Starting download: https://fonts.gstatic.com/s/e/notoemoji/16.0/1f413/lottie.json
Thu Jul 30 09:00:48 UTC 2026 | ALL | 07-30 09:00:47.144  3232  3370 V dasx    : Is http uri, downloading (uri: https://fonts.gstatic.com/s/e/notoemoji/16.0/1f413/lottie.json)
Thu Jul 30 09:00:48 UTC 2026 | ALL | 07-30 09:00:47.148  3232  3434 D dasx    : Starting download: https://fonts.gstatic.com/s/e/notoemoji/16.0/1f423/lottie.json
Thu Jul 30 09:00:48 UTC 2026 | ALL | 07-30 09:00:47.148  3232  3434 V dasx    : Is http uri, downloading (uri: https://fonts.gstatic.com/s/e/notoemoji/16.0/1f423/lottie.json)
Thu Jul 30 09:00:48 UTC 2026 | ALL | 07-30 09:00:47.150  3232  3370 E MDD     : DownloadProgressMonitor: Can't find file group for uri: android://com.google.android.apps.messaging/files/datadownload/shared/public/datadownloadfile_1785401964914
Thu Jul 30 09:00:48 UTC 2026 | ALL | 07-30 09:00:47.155  3232  3434 E MDD     : DownloadProgressMonitor: Can't find file group for uri: android://com.google.android.apps.messaging/files/datadownload/shared/public/datadownloadfile_1785401964915
Thu Jul 30 09:00:48 UTC 2026 | ALL | 07-30 09:00:47.158  3232  3378 D dasx    : Starting download: https://fonts.gstatic.com/s/e/notoemoji/16.0/1f424/lottie.json
Thu Jul 30 09:00:48 UTC 2026 | ALL | 07-30 09:00:47.158  3232  3378 V dasx    : Is http uri, downloading (uri: https://fonts.gstatic.com/s/e/notoemoji/16.0/1f424/lottie.json)
Thu Jul 30 09:00:48 UTC 2026 | ALL | 07-30 09:00:47.159  3232  3370 D dasx    : Starting download: https://fonts.gstatic.com/s/e/notoemoji/16.0/1f425/lottie.json
Thu Jul 30 09:00:48 UTC 2026 | ALL | 07-30 09:00:47.159  3232  3370 V dasx    : Is http uri, downloading (uri: https://fonts.gstatic.com/s/e/notoemoji/16.0/1f425/lottie.json)
Thu Jul 30 09:00:48 UTC 2026 | ALL | 07-30 09:00:47.318  3232  3370 E MDD     : DownloadProgressMonitor: Can't find file group for uri: android://com.google.android.apps.messaging/files/datadownload/shared/public/datadownloadfile_1785401964917
Thu Jul 30 09:00:48 UTC 2026 | ALL | 07-30 09:00:47.320  3232  3378 E MDD     : DownloadProgressMonitor: Can't find file group for uri: android://com.google.android.apps.messaging/files/datadownload/shared/public/datadownloadfile_1785401964916
Thu Jul 30 09:00:48 UTC 2026 | ALL | 07-30 09:00:47.322  3232  3434 D dasx    : Starting download: https://fonts.gstatic.com/s/e/notoemoji/16.0/1f985/lottie.json
Thu Jul 30 09:00:48 UTC 2026 | ALL | 07-30 09:00:47.323  3232  3434 V dasx    : Is http uri, downloading (uri: https://fonts.gstatic.com/s/e/notoemoji/16.0/1f985/lottie.json)
Thu Jul 30 09:00:48 UTC 2026 | ALL | 07-30 09:00:47.323  3232  3370 D dasx    : Starting download: https://fonts.gstatic.com/s/e/notoemoji/16.0/1f54a_fe0f/lottie.json
Thu Jul 30 09:00:48 UTC 2026 | ALL | 07-30 09:00:47.323  3232  3370 V dasx    : Is http uri, downloading (uri: https://fonts.gstatic.com/s/e/notoemoji/16.0/1f54a_fe0f/lottie.json)
Thu Jul 30 09:00:48 UTC 2026 | ALL | 07-30 09:00:47.328  3232  3434 E MDD     : DownloadProgressMonitor: Can't find file group for uri: android://com.google.android.apps.messaging/files/datadownload/shared/public/datadownloadfile_1785401964918
Thu Jul 30 09:00:48 UTC 2026 | ALL | 07-30 09:00:47.330  3232  3370 E MDD     : DownloadProgressMonitor: Can't find file group for uri: android://com.google.android.apps.messaging/files/datadownload/shared/public/datadownloadfile_1785401964919
Thu Jul 30 09:00:48 UTC 2026 | ALL | 07-30 09:00:47.334  3232  3378 D dasx    : Starting download: https://fonts.gstatic.com/s/e/notoemoji/16.0/1fabf/lottie.json
Thu Jul 30 09:00:48 UTC 2026 | ALL | 07-30 09:00:47.334  3232  3378 V dasx    : Is http uri, downloading (uri: https://fonts.gstatic.com/s/e/notoemoji/16.0/1fabf/lottie.json)
Thu Jul 30 09:00:48 UTC 2026 | ALL | 07-30 09:00:47.340  3232  3378 E MDD     : DownloadProgressMonitor: Can't find file group for uri: android://com.google.android.apps.messaging/files/datadownload/shared/public/datadownloadfile_1785401964920
Thu Jul 30 09:00:48 UTC 2026 | ALL | 07-30 09:00:47.342  3232  3434 D dasx    : Starting download: https://fonts.gstatic.com/s/e/notoemoji/16.0/1f99a/lottie.json
Thu Jul 30 09:00:48 UTC 2026 | ALL | 07-30 09:00:47.343  3232  3434 V dasx    : Is http uri, downloading (uri: https://fonts.gstatic.com/s/e/notoemoji/16.0/1f99a/lottie.json)
Thu Jul 30 09:00:48 UTC 2026 | ALL | 07-30 09:00:47.348  3232  3434 E MDD     : DownloadProgressMonitor: Can't find file group for uri: android://com.google.android.apps.messaging/files/datadownload/shared/public/datadownloadfile_1785401964921
Thu Jul 30 09:00:48 UTC 2026 | ALL | 07-30 09:00:47.354  3232  3370 D dasx    : Starting download: https://fonts.gstatic.com/s/e/notoemoji/16.0/1f9ad/lottie.json
Thu Jul 30 09:00:48 UTC 2026 | ALL | 07-30 09:00:47.354  3232  3370 V dasx    : Is http uri, downloading (uri: https://fonts.gstatic.com/s/e/notoemoji/16.0/1f9ad/lottie.json)
Thu Jul 30 09:00:48 UTC 2026 | ALL | 07-30 09:00:47.357  3232  3378 D dasx    : Starting download: https://fonts.gstatic.com/s/e/notoemoji/16.0/1f988/lottie.json
Thu Jul 30 09:00:48 UTC 2026 | ALL | 07-30 09:00:47.358  3232  3378 V dasx    : Is http uri, downloading (uri: https://fonts.gstatic.com/s/e/notoemoji/16.0/1f988/lottie.json)
Thu Jul 30 09:00:48 UTC 2026 | ALL | 07-30 09:00:47.360  3232  3370 E MDD     : DownloadProgressMonitor: Can't find file group for uri: android://com.google.android.apps.messaging/files/datadownload/shared/public/datadownloadfile_1785401964922
Thu Jul 30 09:00:48 UTC 2026 | ALL | 07-30 09:00:47.372  3232  3378 E MDD     : DownloadProgressMonitor: Can't find file group for uri: android://com.google.android.apps.messaging/files/datadownload/shared/public/datadownloadfile_1785401964923
Thu Jul 30 09:00:48 UTC 2026 | ALL | 07-30 09:00:47.377  3232  3434 D dasx    : Starting download: https://fonts.gstatic.com/s/e/notoemoji/16.0/1f42c/lottie.json
Thu Jul 30 09:00:48 UTC 2026 | ALL | 07-30 09:00:47.377  3232  3434 V dasx    : Is http uri, downloading (uri: https://fonts.gstatic.com/s/e/notoemoji/16.0/1f42c/lottie.json)
Thu Jul 30 09:00:48 UTC 2026 | ALL | 07-30 09:00:47.381  3232  3378 D dasx    : Starting download: https://fonts.gstatic.com/s/e/notoemoji/16.0/1f433/lottie.json
Thu Jul 30 09:00:48 UTC 2026 | ALL | 07-30 09:00:47.381  3232  3378 V dasx    : Is http uri, downloading (uri: https://fonts.gstatic.com/s/e/notoemoji/16.0/1f433/lottie.json)
Thu Jul 30 09:00:48 UTC 2026 | ALL | 07-30 09:00:47.525  3232  3434 E MDD     : DownloadProgressMonitor: Can't find file group for uri: android://com.google.android.apps.messaging/files/datadownload/shared/public/datadownloadfile_1785401964924
Thu Jul 30 09:00:48 UTC 2026 | ALL | 07-30 09:00:47.526  3232  3378 E MDD     : DownloadProgressMonitor: Can't find file group for uri: android://com.google.android.apps.messaging/files/datadownload/shared/public/datadownloadfile_1785401964925
Thu Jul 30 09:00:48 UTC 2026 | ALL | 07-30 09:00:47.533  3232  3370 D dasx    : Starting download: https://fonts.gstatic.com/s/e/notoemoji/16.0/1f421/lottie.json
Thu Jul 30 09:00:48 UTC 2026 | ALL | 07-30 09:00:47.533  3232  3370 V dasx    : Is http uri, downloading (uri: https://fonts.gstatic.com/s/e/notoemoji/16.0/1f421/lottie.json)
Thu Jul 30 09:00:48 UTC 2026 | ALL | 07-30 09:00:47.534  3232  3434 D dasx    : Starting download: https://fonts.gstatic.com/s/e/notoemoji/16.0/1f980/lottie.json
Thu Jul 30 09:00:48 UTC 2026 | ALL | 07-30 09:00:47.534  3232  3434 V dasx    : Is http uri, downloading (uri: https://fonts.gstatic.com/s/e/notoemoji/16.0/1f980/lottie.json)
Thu Jul 30 09:00:48 UTC 2026 | ALL | 07-30 09:00:47.569  4162  4220 I appium  : channel read: POST /session/0ec58237-84ed-40bd-bf67-28bb2b70cae2/element
Thu Jul 30 09:00:48 UTC 2026 | ALL | 07-30 09:00:47.570  4162  4220 I appium  : FindElement command
Thu Jul 30 09:00:48 UTC 2026 | ALL | 07-30 09:00:47.571  4162  4220 I appium  : method: 'xpath', selector: '//android.widget.EditText[@text='your.email@example.com' or @hint='your.email@example.com' or @text='Email Address' or @index='0']'
Thu Jul 30 09:00:48 UTC 2026 | ALL | 07-30 09:00:47.571  4162  4220 I appium  : Waiting up to 10000ms for the device to idle
Thu Jul 30 09:00:48 UTC 2026 | ALL | 07-30 09:00:47.572  4162  4220 I appium  : The following attributes will be included to the page source: [index, text, hint]
Thu Jul 30 09:00:48 UTC 2026 | ALL | 07-30 09:00:47.575  4162  4170 I tomator2.server: Method exceeds compiler instruction limit: 19264 in java_cup.runtime.Symbol org.eclipse.wst.xml.xpath2.processor.internal.CUP$XPathCup$actions.CUP$XPathCup$do_action(int, java_cup.runtime.lr_parser, java.util.Stack, int)
Thu Jul 30 09:00:48 UTC 2026 | ALL | 07-30 09:00:47.594  4162  4220 I appium  : Took 0ms to retrieve 0 matches for '//android.widget.EditText[@text='your.email@example.com' or @hint='your.email@example.com' or @text='Email Address' or @index='0']' XPath2 query
Thu Jul 30 09:00:48 UTC 2026 | ALL | 07-30 09:00:47.595  4162  4220 I appium  : AppiumResponse: {"sessionId":"0ec58237-84ed-40bd-bf67-28bb2b70cae2","value":{"error":"no such element","message":"An element could not be located on the page using the given search parameters","stacktrace":"io.appium.uiautomator2.common.exceptions.ElementNotFoundException: An element could not be located on the page using the given search parameters\n\tat io.appium.uiautomator2.utils.ElementLocationHelpers.findElement(ElementLocationHelpers.java:156)\n\tat io.appium.uiautomator2.handler.FindElement.safeHandle(FindElement.java:60)\n\tat io.appium.uiautomator2.handler.request.SafeRequestHandler.handle(SafeRequestHandler.java:59)\n\tat io.appium.uiautomator2.server.AppiumServlet.handleRequest(AppiumServlet.java:259)\n\tat io.appium.uiautomator2.server.AppiumServlet.handleHttpRequest(AppiumServlet.java:253)\n\tat io.appium.uiautomator2.http.ServerHandler.channelRead(ServerHandler.java:77)\n\tat io.netty.channel.AbstractChannelHandlerContext.invokeChannelRead(AbstractChannelHandlerContext.java:374)\n\tat io.netty.channel.AbstractChannelHandlerContext.invokeChannelRead(AbstractChannelHandlerContext.java:360)\n\tat io.netty.channel.AbstractChannelHandlerContext.fireChannelRead(AbstractChannelHandlerContext.java:352)\n\tat io.netty.handler.codec.MessageToMessageDecoder.channelRead(MessageToMessageDecoder.java:102)\n\tat io.netty.channel.AbstractChannelHandlerContext.invokeChannelRead(AbstractChannelHandlerContext.java:374)\n\tat io.netty.channel.AbstractChannelHandlerContext.invokeChannelRead(AbstractChannelHandlerContext.java:360)\n\tat io.netty.channel.AbstractChannelHandlerContext.fireChannelRead(AbstractChannelHandlerContext.java:352)\n\tat io.netty.channel.CombinedChannelDuplexHandler$DelegatingChannelHandlerContext.fireChannelRead(CombinedChannelDuplexHandler.java:438)\n\tat io.netty.handler.codec.ByteToMessageDecoder.fireChannelRead(ByteToMessageDecoder.java:328)\n\tat io.netty.handler.codec.ByteToMessageDecoder.channelRead(ByteToMessageDecoder.java:302)\n\tat io.netty.channel.CombinedChannelDuplexHandler.channelRead(CombinedChannelDuplexHandler.java:253)\n\tat io.netty.channel.AbstractChannelHandlerContext.invokeChannelRead(AbstractChannelHandlerContext.java:374)\n\tat io.netty.channel.AbstractChannelHandlerContext.invokeChannelRead(AbstractChannelHandlerContext.java:360)\n\tat io.netty.channel.AbstractChannelHandlerContext.fireChannelRead(AbstractChannelHandlerContext.java:352)\n\tat io.netty.handler.timeout.IdleStateHandler.channelRead(IdleStateHandler.java:287)\n\tat io.netty.channel.AbstractChannelHandlerContext.invokeChannelRead(AbstractChannelHandlerContext.java:374)\n\tat io.netty.channel.AbstractChannelHandlerContext.invokeChannelRead(AbstractChannelHandlerContext.java:360)\n\tat io.netty.channel.AbstractChannelHandlerContext.fireChannelRead(AbstractChannelHandlerContext.java:352)\n\tat io.netty.channel.DefaultChannelPipeline$HeadContext.channelRead(DefaultChannelPipeline.java:1422)\n\tat io.netty.channel.AbstractChannelHandlerContext.invokeChannelRead(AbstractChannelHandlerContext.java:374)\n\tat io.netty.channel.AbstractChannelHandlerContext.invokeChannelRead(AbstractChannelHandlerContext.java:360)\n\tat io.netty.channel.DefaultChannelPipeline.fireChannelRead(DefaultChannelPipeline.java:931)\n\tat io.netty.channel.nio.AbstractNioByteChannel$NioByteUnsafe.read(AbstractNioByteChannel.java:163)\n\tat io.netty.channel.nio.NioEventLoop.processSelectedKey(NioEventLoop.java:700)\n\tat io.netty.channel.nio.NioEventLoop.processSelectedKeysOptimized(NioEventLoop.java:635)\n\tat io.netty.channel.nio.NioEventLoop.processSelectedKeys(NioEventLoop.java:552)\n\tat io.netty.channel.nio.NioEventLoop.run(NioEventLoop.java:514)\n\tat io.netty.util.concurrent.SingleThreadEventExecutor$6.run(SingleThreadEventExecutor.java:1044)\n\tat io.netty.util.internal.ThreadExecutorMap$2.run(ThreadExecutorMap.java:74)\n\tat io.netty.util.concurrent.FastThreadLocalRunnable.run(FastThreadLocalRunnable.java:30)\n\tat java.lang.Thread.run(Thread.java:1012)\n"}}
Thu Jul 30 09:00:48 UTC 2026 | ALL | 07-30 09:00:47.728  3232  3434 E MDD     : DownloadProgressMonitor: Can't find file group for uri: android://com.google.android.apps.messaging/files/datadownload/shared/public/datadownloadfile_1785401964927
Thu Jul 30 09:00:48 UTC 2026 | ALL | 07-30 09:00:47.730  3232  3370 E MDD     : DownloadProgressMonitor: Can't find file group for uri: android://com.google.android.apps.messaging/files/datadownload/shared/public/datadownloadfile_1785401964926
Thu Jul 30 09:00:48 UTC 2026 | ALL | 07-30 09:00:47.736  3232  3378 D dasx    : Starting download: https://fonts.gstatic.com/s/e/notoemoji/16.0/1f419/lottie.json
Thu Jul 30 09:00:48 UTC 2026 | ALL | 07-30 09:00:47.736  3232  3378 V dasx    : Is http uri, downloading (uri: https://fonts.gstatic.com/s/e/notoemoji/16.0/1f419/lottie.json)
Thu Jul 30 09:00:48 UTC 2026 | ALL | 07-30 09:00:47.737  3232  3370 D dasx    : Starting download: https://fonts.gstatic.com/s/e/notoemoji/16.0/1fabc/lottie.json
Thu Jul 30 09:00:48 UTC 2026 | ALL | 07-30 09:00:47.737  3232  3370 V dasx    : Is http uri, downloading (uri: https://fonts.gstatic.com/s/e/notoemoji/16.0/1fabc/lottie.json)
Thu Jul 30 09:00:48 UTC 2026 | ALL | 07-30 09:00:47.932  3232  3370 E MDD     : DownloadProgressMonitor: Can't find file group for uri: android://com.google.android.apps.messaging/files/datadownload/shared/public/datadownloadfile_1785401964929
Thu Jul 30 09:00:48 UTC 2026 | ALL | 07-30 09:00:47.934  3232  3378 E MDD     : DownloadProgressMonitor: Can't find file group for uri: android://com.google.android.apps.messaging/files/datadownload/shared/public/datadownloadfile_1785401964928
Thu Jul 30 09:00:48 UTC 2026 | ALL | 07-30 09:00:47.941  3232  3434 D dasx    : Starting download: https://fonts.gstatic.com/s/e/notoemoji/16.0/1f577_fe0f/lottie.json
Thu Jul 30 09:00:48 UTC 2026 | ALL | 07-30 09:00:47.941  3232  3434 V dasx    : Is http uri, downloading (uri: https://fonts.gstatic.com/s/e/notoemoji/16.0/1f577_fe0f/lottie.json)
Thu Jul 30 09:00:48 UTC 2026 | ALL | 07-30 09:00:47.945  3232  3370 D dasx    : Starting download: https://fonts.gstatic.com/s/e/notoemoji/16.0/1f40c/lottie.json
Thu Jul 30 09:00:48 UTC 2026 | ALL | 07-30 09:00:47.945  3232  3370 V dasx    : Is http uri, downloading (uri: https://fonts.gstatic.com/s/e/notoemoji/16.0/1f40c/lottie.json)
Thu Jul 30 09:00:48 UTC 2026 | ALL | 07-30 09:00:47.955  1641  2464 W A       : (REDACTED) [%s] response code: %d
Thu Jul 30 09:00:48 UTC 2026 | ALL | 07-30 09:00:47.959  3232  3434 E MDD     : DownloadProgressMonitor: Can't find file group for uri: android://com.google.android.apps.messaging/files/datadownload/shared/public/datadownloadfile_1785401964930
Thu Jul 30 09:00:48 UTC 2026 | ALL | 07-30 09:00:47.961  3232  3370 E MDD     : DownloadProgressMonitor: Can't find file group for uri: android://com.google.android.apps.messaging/files/datadownload/shared/public/datadownloadfile_1785401964931
Thu Jul 30 09:00:48 UTC 2026 | ALL | 07-30 09:00:47.964  3232  3378 D dasx    : Starting download: https://fonts.gstatic.com/s/e/notoemoji/16.0/1f41c/lottie.json
Thu Jul 30 09:00:48 UTC 2026 | ALL | 07-30 09:00:47.964  3232  3378 V dasx    : Is http uri, downloading (uri: https://fonts.gstatic.com/s/e/notoemoji/16.0/1f41c/lottie.json)
Thu Jul 30 09:00:48 UTC 2026 | ALL | 07-30 09:00:47.967  3232  3370 D dasx    : Starting download: https://fonts.gstatic.com/s/e/notoemoji/16.0/1f99f/lottie.json
Thu Jul 30 09:00:48 UTC 2026 | ALL | 07-30 09:00:47.967  3232  3370 V dasx    : Is http uri, downloading (uri: https://fonts.gstatic.com/s/e/notoemoji/16.0/1f99f/lottie.json)
Thu Jul 30 09:00:49 UTC 2026 | ALL | 07-30 09:00:48.102  4162  4220 I appium  : channel read: POST /session/0ec58237-84ed-40bd-bf67-28bb2b70cae2/element
Thu Jul 30 09:00:49 UTC 2026 | ALL | 07-30 09:00:48.102  4162  4220 I appium  : FindElement command
Thu Jul 30 09:00:49 UTC 2026 | ALL | 07-30 09:00:48.103  4162  4220 I appium  : method: 'xpath', selector: '//android.widget.EditText[@text='your.email@example.com' or @hint='your.email@example.com' or @text='Email Address' or @index='0']'
Thu Jul 30 09:00:49 UTC 2026 | ALL | 07-30 09:00:48.103  4162  4220 I appium  : Waiting up to 10000ms for the device to idle
Thu Jul 30 09:00:49 UTC 2026 | ALL | 07-30 09:00:48.104  4162  4220 I appium  : The following attributes will be included to the page source: [index, text, hint]
Thu Jul 30 09:00:49 UTC 2026 | ALL | 07-30 09:00:48.117  4162  4220 I appium  : Took 0ms to retrieve 0 matches for '//android.widget.EditText[@text='your.email@example.com' or @hint='your.email@example.com' or @text='Email Address' or @index='0']' XPath2 query
Thu Jul 30 09:00:49 UTC 2026 | ALL | 07-30 09:00:48.119  4162  4220 I appium  : AppiumResponse: {"sessionId":"0ec58237-84ed-40bd-bf67-28bb2b70cae2","value":{"error":"no such element","message":"An element could not be located on the page using the given search parameters","stacktrace":"io.appium.uiautomator2.common.exceptions.ElementNotFoundException: An element could not be located on the page using the given search parameters\n\tat io.appium.uiautomator2.utils.ElementLocationHelpers.findElement(ElementLocationHelpers.java:156)\n\tat io.appium.uiautomator2.handler.FindElement.safeHandle(FindElement.java:60)\n\tat io.appium.uiautomator2.handler.request.SafeRequestHandler.handle(SafeRequestHandler.java:59)\n\tat io.appium.uiautomator2.server.AppiumServlet.handleRequest(AppiumServlet.java:259)\n\tat io.appium.uiautomator2.server.AppiumServlet.handleHttpRequest(AppiumServlet.java:253)\n\tat io.appium.uiautomator2.http.ServerHandler.channelRead(ServerHandler.java:77)\n\tat io.netty.channel.AbstractChannelHandlerContext.invokeChannelRead(AbstractChannelHandlerContext.java:374)\n\tat io.netty.channel.AbstractChannelHandlerContext.invokeChannelRead(AbstractChannelHandlerContext.java:360)\n\tat io.netty.channel.AbstractChannelHandlerContext.fireChannelRead(AbstractChannelHandlerContext.java:352)\n\tat io.netty.handler.codec.MessageToMessageDecoder.channelRead(MessageToMessageDecoder.java:102)\n\tat io.netty.channel.AbstractChannelHandlerContext.invokeChannelRead(AbstractChannelHandlerContext.java:374)\n\tat io.netty.channel.AbstractChannelHandlerContext.invokeChannelRead(AbstractChannelHandlerContext.java:360)\n\tat io.netty.channel.AbstractChannelHandlerContext.fireChannelRead(AbstractChannelHandlerContext.java:352)\n\tat io.netty.channel.CombinedChannelDuplexHandler$DelegatingChannelHandlerContext.fireChannelRead(CombinedChannelDuplexHandler.java:438)\n\tat io.netty.handler.codec.ByteToMessageDecoder.fireChannelRead(ByteToMessageDecoder.java:328)\n\tat io.netty.handler.codec.ByteToMessageDecoder.channelRead(ByteToMessageDecoder.java:302)\n\tat io.netty.channel.CombinedChannelDuplexHandler.channelRead(CombinedChannelDuplexHandler.java:253)\n\tat io.netty.channel.AbstractChannelHandlerContext.invokeChannelRead(AbstractChannelHandlerContext.java:374)\n\tat io.netty.channel.AbstractChannelHandlerContext.invokeChannelRead(AbstractChannelHandlerContext.java:360)\n\tat io.netty.channel.AbstractChannelHandlerContext.fireChannelRead(AbstractChannelHandlerContext.java:352)\n\tat io.netty.handler.timeout.IdleStateHandler.channelRead(IdleStateHandler.java:287)\n\tat io.netty.channel.AbstractChannelHandlerContext.invokeChannelRead(AbstractChannelHandlerContext.java:374)\n\tat io.netty.channel.AbstractChannelHandlerContext.invokeChannelRead(AbstractChannelHandlerContext.java:360)\n\tat io.netty.channel.AbstractChannelHandlerContext.fireChannelRead(AbstractChannelHandlerContext.java:352)\n\tat io.netty.channel.DefaultChannelPipeline$HeadContext.channelRead(DefaultChannelPipeline.java:1422)\n\tat io.netty.channel.AbstractChannelHandlerContext.invokeChannelRead(AbstractChannelHandlerContext.java:374)\n\tat io.netty.channel.AbstractChannelHandlerContext.invokeChannelRead(AbstractChannelHandlerContext.java:360)\n\tat io.netty.channel.DefaultChannelPipeline.fireChannelRead(DefaultChannelPipeline.java:931)\n\tat io.netty.channel.nio.AbstractNioByteChannel$NioByteUnsafe.read(AbstractNioByteChannel.java:163)\n\tat io.netty.channel.nio.NioEventLoop.processSelectedKey(NioEventLoop.java:700)\n\tat io.netty.channel.nio.NioEventLoop.processSelectedKeysOptimized(NioEventLoop.java:635)\n\tat io.netty.channel.nio.NioEventLoop.processSelectedKeys(NioEventLoop.java:552)\n\tat io.netty.channel.nio.NioEventLoop.run(NioEventLoop.java:514)\n\tat io.netty.util.concurrent.SingleThreadEventExecutor$6.run(SingleThreadEventExecutor.java:1044)\n\tat io.netty.util.internal.ThreadExecutorMap$2.run(ThreadExecutorMap.java:74)\n\tat io.netty.util.concurrent.FastThreadLocalRunnable.run(FastThreadLocalRunnable.java:30)\n\tat java.lang.Thread.run(Thread.java:1012)\n"}}
Thu Jul 30 09:00:49 UTC 2026 | ALL | 07-30 09:00:48.345  3232  3370 E MDD     : DownloadProgressMonitor: Can't find file group for uri: android://com.google.android.apps.messaging/files/datadownload/shared/public/datadownloadfile_1785401964933
Thu Jul 30 09:00:49 UTC 2026 | ALL | 07-30 09:00:48.346  3232  3378 E MDD     : DownloadProgressMonitor: Can't find file group for uri: android://com.google.android.apps.messaging/files/datadownload/shared/public/datadownloadfile_1785401964932
Thu Jul 30 09:00:49 UTC 2026 | ALL | 07-30 09:00:48.352  3232  3434 D dasx    : Starting download: https://fonts.gstatic.com/s/e/notoemoji/16.0/1fab3/lottie.json
Thu Jul 30 09:00:49 UTC 2026 | ALL | 07-30 09:00:48.352  3232  3434 V dasx    : Is http uri, downloading (uri: https://fonts.gstatic.com/s/e/notoemoji/16.0/1fab3/lottie.json)
Thu Jul 30 09:00:49 UTC 2026 | ALL | 07-30 09:00:48.353  3232  3370 D dasx    : Starting download: https://fonts.gstatic.com/s/e/notoemoji/16.0/1fab0/lottie.json
Thu Jul 30 09:00:49 UTC 2026 | ALL | 07-30 09:00:48.353  3232  3370 V dasx    : Is http uri, downloading (uri: https://fonts.gstatic.com/s/e/notoemoji/16.0/1fab0/lottie.json)
Thu Jul 30 09:00:49 UTC 2026 | ALL | 07-30 09:00:48.357  3232  3434 E MDD     : DownloadProgressMonitor: Can't find file group for uri: android://com.google.android.apps.messaging/files/datadownload/shared/public/datadownloadfile_1785401964934
Thu Jul 30 09:00:49 UTC 2026 | ALL | 07-30 09:00:48.362  3232  3370 E MDD     : DownloadProgressMonitor: Can't find file group for uri: android://com.google.android.apps.messaging/files/datadownload/shared/public/datadownloadfile_1785401964935
Thu Jul 30 09:00:49 UTC 2026 | ALL | 07-30 09:00:48.364  3232  3378 D dasx    : Starting download: https://fonts.gstatic.com/s/e/notoemoji/16.0/1f41d/lottie.json
Thu Jul 30 09:00:49 UTC 2026 | ALL | 07-30 09:00:48.364  3232  3378 V dasx    : Is http uri, downloading (uri: https://fonts.gstatic.com/s/e/notoemoji/16.0/1f41d/lottie.json)
Thu Jul 30 09:00:49 UTC 2026 | ALL | 07-30 09:00:48.369  3232  3434 D dasx    : Starting download: https://fonts.gstatic.com/s/e/notoemoji/16.0/1f41e/lottie.json
Thu Jul 30 09:00:49 UTC 2026 | ALL | 07-30 09:00:48.369  3232  3434 V dasx    : Is http uri, downloading (uri: https://fonts.gstatic.com/s/e/notoemoji/16.0/1f41e/lottie.json)
Thu Jul 30 09:00:49 UTC 2026 | ALL | 07-30 09:00:48.371  3232  3378 E MDD     : DownloadProgressMonitor: Can't find file group for uri: android://com.google.android.apps.messaging/files/datadownload/shared/public/datadownloadfile_1785401964936
Thu Jul 30 09:00:49 UTC 2026 | ALL | 07-30 09:00:48.379  3232  3434 E MDD     : DownloadProgressMonitor: Can't find file group for uri: android://com.google.android.apps.messaging/files/datadownload/shared/public/datadownloadfile_1785401964937
Thu Jul 30 09:00:49 UTC 2026 | ALL | 07-30 09:00:48.383  3232  3370 D dasx    : Starting download: https://fonts.gstatic.com/s/e/notoemoji/16.0/1f98b/lottie.json
Thu Jul 30 09:00:49 UTC 2026 | ALL | 07-30 09:00:48.383  3232  3370 V dasx    : Is http uri, downloading (uri: https://fonts.gstatic.com/s/e/notoemoji/16.0/1f98b/lottie.json)
Thu Jul 30 09:00:49 UTC 2026 | ALL | 07-30 09:00:48.389  3232  3370 E MDD     : DownloadProgressMonitor: Can't find file group for uri: android://com.google.android.apps.messaging/files/datadownload/shared/public/datadownloadfile_1785401964938
Thu Jul 30 09:00:49 UTC 2026 | ALL | 07-30 09:00:48.395  3232  3434 D dasx    : Starting download: https://fonts.gstatic.com/s/e/notoemoji/16.0/1f41b/lottie.json
Thu Jul 30 09:00:49 UTC 2026 | ALL | 07-30 09:00:48.395  3232  3434 V dasx    : Is http uri, downloading (uri: https://fonts.gstatic.com/s/e/notoemoji/16.0/1f41b/lottie.json)
Thu Jul 30 09:00:49 UTC 2026 | ALL | 07-30 09:00:48.402  3232  3378 D dasx    : Starting download: https://fonts.gstatic.com/s/e/notoemoji/16.0/1fab1/lottie.json
Thu Jul 30 09:00:49 UTC 2026 | ALL | 07-30 09:00:48.402  3232  3378 V dasx    : Is http uri, downloading (uri: https://fonts.gstatic.com/s/e/notoemoji/16.0/1fab1/lottie.json)
Thu Jul 30 09:00:49 UTC 2026 | ALL | 07-30 09:00:48.626  4162  4220 I appium  : channel read: POST /session/0ec58237-84ed-40bd-bf67-28bb2b70cae2/element
Thu Jul 30 09:00:49 UTC 2026 | ALL | 07-30 09:00:48.627  4162  4220 I appium  : FindElement command
Thu Jul 30 09:00:49 UTC 2026 | ALL | 07-30 09:00:48.629  4162  4220 I appium  : method: 'xpath', selector: '//android.widget.EditText[@text='your.email@example.com' or @hint='your.email@example.com' or @text='Email Address' or @index='0']'
Thu Jul 30 09:00:49 UTC 2026 | ALL | 07-30 09:00:48.629  4162  4220 I appium  : Waiting up to 10000ms for the device to idle
Thu Jul 30 09:00:49 UTC 2026 | ALL | 07-30 09:00:48.629  3232  3378 E MDD     : DownloadProgressMonitor: Can't find file group for uri: android://com.google.android.apps.messaging/files/datadownload/shared/public/datadownloadfile_1785401964940
Thu Jul 30 09:00:49 UTC 2026 | ALL | 07-30 09:00:48.631  3232  3434 E MDD     : DownloadProgressMonitor: Can't find file group for uri: android://com.google.android.apps.messaging/files/datadownload/shared/public/datadownloadfile_1785401964939
Thu Jul 30 09:00:49 UTC 2026 | ALL | 07-30 09:00:48.633  4162  4220 I appium  : The following attributes will be included to the page source: [index, text, hint]
Thu Jul 30 09:00:49 UTC 2026 | ALL | 07-30 09:00:48.641  4162  4170 I tomator2.server: Method exceeds compiler instruction limit: 19264 in java_cup.runtime.Symbol org.eclipse.wst.xml.xpath2.processor.internal.CUP$XPathCup$actions.CUP$XPathCup$do_action(int, java_cup.runtime.lr_parser, java.util.Stack, int)
Thu Jul 30 09:00:49 UTC 2026 | ALL | 07-30 09:00:48.641  3232  3370 D dasx    : Starting download: https://fonts.gstatic.com/s/e/notoemoji/16.0/1f43e/lottie.json
Thu Jul 30 09:00:49 UTC 2026 | ALL | 07-30 09:00:48.641  3232  3370 V dasx    : Is http uri, downloading (uri: https://fonts.gstatic.com/s/e/notoemoji/16.0/1f43e/lottie.json)
Thu Jul 30 09:00:49 UTC 2026 | ALL | 07-30 09:00:48.647  3232  3370 E MDD     : DownloadProgressMonitor: Can't find file group for uri: android://com.google.android.apps.messaging/files/datadownload/shared/public/datadownloadfile_1785401964941
Thu Jul 30 09:00:49 UTC 2026 | ALL | 07-30 09:00:48.650  3232  3378 D dasx    : Starting download: https://fonts.gstatic.com/s/e/notoemoji/16.0/1f345/lottie.json
Thu Jul 30 09:00:49 UTC 2026 | ALL | 07-30 09:00:48.650  3232  3378 V dasx    : Is http uri, downloading (uri: https://fonts.gstatic.com/s/e/notoemoji/16.0/1f345/lottie.json)
Thu Jul 30 09:00:49 UTC 2026 | ALL | 07-30 09:00:48.651  3232  3434 D dasx    : Starting download: https://fonts.gstatic.com/s/e/notoemoji/16.0/1f373/lottie.json
Thu Jul 30 09:00:49 UTC 2026 | ALL | 07-30 09:00:48.651  3232  3434 V dasx    : Is http uri, downloading (uri: https://fonts.gstatic.com/s/e/notoemoji/16.0/1f373/lottie.json)
Thu Jul 30 09:00:49 UTC 2026 | ALL | 07-30 09:00:48.662  4162  4220 I appium  : Took 0ms to retrieve 0 matches for '//android.widget.EditText[@text='your.email@example.com' or @hint='your.email@example.com' or @text='Email Address' or @index='0']' XPath2 query
Thu Jul 30 09:00:49 UTC 2026 | ALL | 07-30 09:00:48.664  4162  4220 I appium  : AppiumResponse: {"sessionId":"0ec58237-84ed-40bd-bf67-28bb2b70cae2","value":{"error":"no such element","message":"An element could not be located on the page using the given search parameters","stacktrace":"io.appium.uiautomator2.common.exceptions.ElementNotFoundException: An element could not be located on the page using the given search parameters\n\tat io.appium.uiautomator2.utils.ElementLocationHelpers.findElement(ElementLocationHelpers.java:156)\n\tat io.appium.uiautomator2.handler.FindElement.safeHandle(FindElement.java:60)\n\tat io.appium.uiautomator2.handler.request.SafeRequestHandler.handle(SafeRequestHandler.java:59)\n\tat io.appium.uiautomator2.server.AppiumServlet.handleRequest(AppiumServlet.java:259)\n\tat io.appium.uiautomator2.server.AppiumServlet.handleHttpRequest(AppiumServlet.java:253)\n\tat io.appium.uiautomator2.http.ServerHandler.channelRead(ServerHandler.java:77)\n\tat io.netty.channel.AbstractChannelHandlerContext.invokeChannelRead(AbstractChannelHandlerContext.java:374)\n\tat io.netty.channel.AbstractChannelHandlerContext.invokeChannelRead(AbstractChannelHandlerContext.java:360)\n\tat io.netty.channel.AbstractChannelHandlerContext.fireChannelRead(AbstractChannelHandlerContext.java:352)\n\tat io.netty.handler.codec.MessageToMessageDecoder.channelRead(MessageToMessageDecoder.java:102)\n\tat io.netty.channel.AbstractChannelHandlerContext.invokeChannelRead(AbstractChannelHandlerContext.java:374)\n\tat io.netty.channel.AbstractChannelHandlerContext.invokeChannelRead(AbstractChannelHandlerContext.java:360)\n\tat io.netty.channel.AbstractChannelHandlerContext.fireChannelRead(AbstractChannelHandlerContext.java:352)\n\tat io.netty.channel.CombinedChannelDuplexHandler$DelegatingChannelHandlerContext.fireChannelRead(CombinedChannelDuplexHandler.java:438)\n\tat io.netty.handler.codec.ByteToMessageDecoder.fireChannelRead(ByteToMessageDecoder.java:328)\n\tat io.netty.handler.codec.ByteToMessageDecoder.channelRead(ByteToMessageDecoder.java:302)\n\tat io.netty.channel.CombinedChannelDuplexHandler.channelRead(CombinedChannelDuplexHandler.java:253)\n\tat io.netty.channel.AbstractChannelHandlerContext.invokeChannelRead(AbstractChannelHandlerContext.java:374)\n\tat io.netty.channel.AbstractChannelHandlerContext.invokeChannelRead(AbstractChannelHandlerContext.java:360)\n\tat io.netty.channel.AbstractChannelHandlerContext.fireChannelRead(AbstractChannelHandlerContext.java:352)\n\tat io.netty.handler.timeout.IdleStateHandler.channelRead(IdleStateHandler.java:287)\n\tat io.netty.channel.AbstractChannelHandlerContext.invokeChannelRead(AbstractChannelHandlerContext.java:374)\n\tat io.netty.channel.AbstractChannelHandlerContext.invokeChannelRead(AbstractChannelHandlerContext.java:360)\n\tat io.netty.channel.AbstractChannelHandlerContext.fireChannelRead(AbstractChannelHandlerContext.java:352)\n\tat io.netty.channel.DefaultChannelPipeline$HeadContext.channelRead(DefaultChannelPipeline.java:1422)\n\tat io.netty.channel.AbstractChannelHandlerContext.invokeChannelRead(AbstractChannelHandlerContext.java:374)\n\tat io.netty.channel.AbstractChannelHandlerContext.invokeChannelRead(AbstractChannelHandlerContext.java:360)\n\tat io.netty.channel.DefaultChannelPipeline.fireChannelRead(DefaultChannelPipeline.java:931)\n\tat io.netty.channel.nio.AbstractNioByteChannel$NioByteUnsafe.read(AbstractNioByteChannel.java:163)\n\tat io.netty.channel.nio.NioEventLoop.processSelectedKey(NioEventLoop.java:700)\n\tat io.netty.channel.nio.NioEventLoop.processSelectedKeysOptimized(NioEventLoop.java:635)\n\tat io.netty.channel.nio.NioEventLoop.processSelectedKeys(NioEventLoop.java:552)\n\tat io.netty.channel.nio.NioEventLoop.run(NioEventLoop.java:514)\n\tat io.netty.util.concurrent.SingleThreadEventExecutor$6.run(SingleThreadEventExecutor.java:1044)\n\tat io.netty.util.internal.ThreadExecutorMap$2.run(ThreadExecutorMap.java:74)\n\tat io.netty.util.concurrent.FastThreadLocalRunnable.run(FastThreadLocalRunnable.java:30)\n\tat java.lang.Thread.run(Thread.java:1012)\n"}}
Thu Jul 30 09:00:49 UTC 2026 | ALL | 07-30 09:00:48.749   361   361 I netd    : tetherGetStats() -> {[]} <0.51ms>
Thu Jul 30 09:00:49 UTC 2026 | ALL | 07-30 09:00:48.751   361   361 I netd    : bandwidthSetGlobalAlert(2097152) <0.07ms>
Thu Jul 30 09:00:49 UTC 2026 | ALL | 07-30 09:00:48.879  3232  3378 E MDD     : DownloadProgressMonitor: Can't find file group for uri: android://com.google.android.apps.messaging/files/datadownload/shared/public/datadownloadfile_1785401964942
Thu Jul 30 09:00:49 UTC 2026 | ALL | 07-30 09:00:48.879  3232  3434 E MDD     : DownloadProgressMonitor: Can't find file group for uri: android://com.google.android.apps.messaging/files/datadownload/shared/public/datadownloadfile_1785401964943
Thu Jul 30 09:00:49 UTC 2026 | ALL | 07-30 09:00:48.881  3232  3370 D dasx    : Starting download: https://fonts.gstatic.com/s/e/notoemoji/16.0/1f35d/lottie.json
Thu Jul 30 09:00:49 UTC 2026 | ALL | 07-30 09:00:48.882  3232  3370 V dasx    : Is http uri, downloading (uri: https://fonts.gstatic.com/s/e/notoemoji/16.0/1f35d/lottie.json)
Thu Jul 30 09:00:49 UTC 2026 | ALL | 07-30 09:00:48.887  3232  3434 D dasx    : Starting download: https://fonts.gstatic.com/s/e/notoemoji/16.0/1f35c/lottie.json
Thu Jul 30 09:00:49 UTC 2026 | ALL | 07-30 09:00:48.887  3232  3434 V dasx    : Is http uri, downloading (uri: https://fonts.gstatic.com/s/e/notoemoji/16.0/1f35c/lottie.json)
Thu Jul 30 09:00:50 UTC 2026 | ALL | 07-30 09:00:49.097  3232  3370 E MDD     : DownloadProgressMonitor: Can't find file group for uri: android://com.google.android.apps.messaging/files/datadownload/shared/public/datadownloadfile_1785401964944
Thu Jul 30 09:00:50 UTC 2026 | ALL | 07-30 09:00:49.100  3232  3434 E MDD     : DownloadProgressMonitor: Can't find file group for uri: android://com.google.android.apps.messaging/files/datadownload/shared/public/datadownloadfile_1785401964945
Thu Jul 30 09:00:50 UTC 2026 | ALL | 07-30 09:00:49.103  3232  3378 D dasx    : Starting download: https://fonts.gstatic.com/s/e/notoemoji/16.0/1f37f/lottie.json
Thu Jul 30 09:00:50 UTC 2026 | ALL | 07-30 09:00:49.103  3232  3378 V dasx    : Is http uri, downloading (uri: https://fonts.gstatic.com/s/e/notoemoji/16.0/1f37f/lottie.json)
Thu Jul 30 09:00:50 UTC 2026 | ALL | 07-30 09:00:49.105  3232  3434 D dasx    : Starting download: https://fonts.gstatic.com/s/e/notoemoji/16.0/2615/lottie.json
Thu Jul 30 09:00:50 UTC 2026 | ALL | 07-30 09:00:49.106  3232  3434 V dasx    : Is http uri, downloading (uri: https://fonts.gstatic.com/s/e/notoemoji/16.0/2615/lottie.json)
Thu Jul 30 09:00:50 UTC 2026 | ALL | 07-30 09:00:49.112  3232  3434 E MDD     : DownloadProgressMonitor: Can't find file group for uri: android://com.google.android.apps.messaging/files/datadownload/shared/public/datadownloadfile_1785401964947
Thu Jul 30 09:00:50 UTC 2026 | ALL | 07-30 09:00:49.114  3232  3378 E MDD     : DownloadProgressMonitor: Can't find file group for uri: android://com.google.android.apps.messaging/files/datadownload/shared/public/datadownloadfile_1785401964946
Thu Jul 30 09:00:50 UTC 2026 | ALL | 07-30 09:00:49.114  3232  3370 D dasx    : Starting download: https://fonts.gstatic.com/s/e/notoemoji/16.0/1f37b/lottie.json
Thu Jul 30 09:00:50 UTC 2026 | ALL | 07-30 09:00:49.114  3232  3370 V dasx    : Is http uri, downloading (uri: https://fonts.gstatic.com/s/e/notoemoji/16.0/1f37b/lottie.json)
Thu Jul 30 09:00:50 UTC 2026 | ALL | 07-30 09:00:49.122  3232  3434 D dasx    : Starting download: https://fonts.gstatic.com/s/e/notoemoji/16.0/1f942/lottie.json
Thu Jul 30 09:00:50 UTC 2026 | ALL | 07-30 09:00:49.122  3232  3434 V dasx    : Is http uri, downloading (uri: https://fonts.gstatic.com/s/e/notoemoji/16.0/1f942/lottie.json)
Thu Jul 30 09:00:50 UTC 2026 | ALL | 07-30 09:00:49.169  4162  4220 I appium  : channel read: POST /session/0ec58237-84ed-40bd-bf67-28bb2b70cae2/element
Thu Jul 30 09:00:50 UTC 2026 | ALL | 07-30 09:00:49.170  4162  4220 I appium  : FindElement command
Thu Jul 30 09:00:50 UTC 2026 | ALL | 07-30 09:00:49.171  4162  4220 I appium  : method: 'xpath', selector: '//android.widget.EditText[@text='your.email@example.com' or @hint='your.email@example.com' or @text='Email Address' or @index='0']'
Thu Jul 30 09:00:50 UTC 2026 | ALL | 07-30 09:00:49.171  4162  4220 I appium  : Waiting up to 10000ms for the device to idle
Thu Jul 30 09:00:50 UTC 2026 | ALL | 07-30 09:00:49.172  4162  4220 I appium  : The following attributes will be included to the page source: [index, text, hint]
Thu Jul 30 09:00:50 UTC 2026 | ALL | 07-30 09:00:49.185  4162  4220 I appium  : Took 0ms to retrieve 0 matches for '//android.widget.EditText[@text='your.email@example.com' or @hint='your.email@example.com' or @text='Email Address' or @index='0']' XPath2 query
Thu Jul 30 09:00:50 UTC 2026 | ALL | 07-30 09:00:49.186  4162  4220 I appium  : AppiumResponse: {"sessionId":"0ec58237-84ed-40bd-bf67-28bb2b70cae2","value":{"error":"no such element","message":"An element could not be located on the page using the given search parameters","stacktrace":"io.appium.uiautomator2.common.exceptions.ElementNotFoundException: An element could not be located on the page using the given search parameters\n\tat io.appium.uiautomator2.utils.ElementLocationHelpers.findElement(ElementLocationHelpers.java:156)\n\tat io.appium.uiautomator2.handler.FindElement.safeHandle(FindElement.java:60)\n\tat io.appium.uiautomator2.handler.request.SafeRequestHandler.handle(SafeRequestHandler.java:59)\n\tat io.appium.uiautomator2.server.AppiumServlet.handleRequest(AppiumServlet.java:259)\n\tat io.appium.uiautomator2.server.AppiumServlet.handleHttpRequest(AppiumServlet.java:253)\n\tat io.appium.uiautomator2.http.ServerHandler.channelRead(ServerHandler.java:77)\n\tat io.netty.channel.AbstractChannelHandlerContext.invokeChannelRead(AbstractChannelHandlerContext.java:374)\n\tat io.netty.channel.AbstractChannelHandlerContext.invokeChannelRead(AbstractChannelHandlerContext.java:360)\n\tat io.netty.channel.AbstractChannelHandlerContext.fireChannelRead(AbstractChannelHandlerContext.java:352)\n\tat io.netty.handler.codec.MessageToMessageDecoder.channelRead(MessageToMessageDecoder.java:102)\n\tat io.netty.channel.AbstractChannelHandlerContext.invokeChannelRead(AbstractChannelHandlerContext.java:374)\n\tat io.netty.channel.AbstractChannelHandlerContext.invokeChannelRead(AbstractChannelHandlerContext.java:360)\n\tat io.netty.channel.AbstractChannelHandlerContext.fireChannelRead(AbstractChannelHandlerContext.java:352)\n\tat io.netty.channel.CombinedChannelDuplexHandler$DelegatingChannelHandlerContext.fireChannelRead(CombinedChannelDuplexHandler.java:438)\n\tat io.netty.handler.codec.ByteToMessageDecoder.fireChannelRead(ByteToMessageDecoder.java:328)\n\tat io.netty.handler.codec.ByteToMessageDecoder.channelRead(ByteToMessageDecoder.java:302)\n\tat io.netty.channel.CombinedChannelDuplexHandler.channelRead(CombinedChannelDuplexHandler.java:253)\n\tat io.netty.channel.AbstractChannelHandlerContext.invokeChannelRead(AbstractChannelHandlerContext.java:374)\n\tat io.netty.channel.AbstractChannelHandlerContext.invokeChannelRead(AbstractChannelHandlerContext.java:360)\n\tat io.netty.channel.AbstractChannelHandlerContext.fireChannelRead(AbstractChannelHandlerContext.java:352)\n\tat io.netty.handler.timeout.IdleStateHandler.channelRead(IdleStateHandler.java:287)\n\tat io.netty.channel.AbstractChannelHandlerContext.invokeChannelRead(AbstractChannelHandlerContext.java:374)\n\tat io.netty.channel.AbstractChannelHandlerContext.invokeChannelRead(AbstractChannelHandlerContext.java:360)\n\tat io.netty.channel.AbstractChannelHandlerContext.fireChannelRead(AbstractChannelHandlerContext.java:352)\n\tat io.netty.channel.DefaultChannelPipeline$HeadContext.channelRead(DefaultChannelPipeline.java:1422)\n\tat io.netty.channel.AbstractChannelHandlerContext.invokeChannelRead(AbstractChannelHandlerContext.java:374)\n\tat io.netty.channel.AbstractChannelHandlerContext.invokeChannelRead(AbstractChannelHandlerContext.java:360)\n\tat io.netty.channel.DefaultChannelPipeline.fireChannelRead(DefaultChannelPipeline.java:931)\n\tat io.netty.channel.nio.AbstractNioByteChannel$NioByteUnsafe.read(AbstractNioByteChannel.java:163)\n\tat io.netty.channel.nio.NioEventLoop.processSelectedKey(NioEventLoop.java:700)\n\tat io.netty.channel.nio.NioEventLoop.processSelectedKeysOptimized(NioEventLoop.java:635)\n\tat io.netty.channel.nio.NioEventLoop.processSelectedKeys(NioEventLoop.java:552)\n\tat io.netty.channel.nio.NioEventLoop.run(NioEventLoop.java:514)\n\tat io.netty.util.concurrent.SingleThreadEventExecutor$6.run(SingleThreadEventExecutor.java:1044)\n\tat io.netty.util.internal.ThreadExecutorMap$2.run(ThreadExecutorMap.java:74)\n\tat io.netty.util.concurrent.FastThreadLocalRunnable.run(FastThreadLocalRunnable.java:30)\n\tat java.lang.Thread.run(Thread.java:1012)\n"}}
Thu Jul 30 09:00:50 UTC 2026 | ALL | 07-30 09:00:49.325  3232  3434 E MDD     : DownloadProgressMonitor: Can't find file group for uri: android://com.google.android.apps.messaging/files/datadownload/shared/public/datadownloadfile_1785401964949
Thu Jul 30 09:00:50 UTC 2026 | ALL | 07-30 09:00:49.326  3232  3370 E MDD     : DownloadProgressMonitor: Can't find file group for uri: android://com.google.android.apps.messaging/files/datadownload/shared/public/datadownloadfile_1785401964948
Thu Jul 30 09:00:50 UTC 2026 | ALL | 07-30 09:00:49.331  3232  3434 D dasx    : Starting download: https://fonts.gstatic.com/s/e/notoemoji/16.0/1f377/lottie.json
Thu Jul 30 09:00:50 UTC 2026 | ALL | 07-30 09:00:49.331  3232  3434 V dasx    : Is http uri, downloading (uri: https://fonts.gstatic.com/s/e/notoemoji/16.0/1f377/lottie.json)
Thu Jul 30 09:00:50 UTC 2026 | ALL | 07-30 09:00:49.331  3232  3378 D dasx    : Starting download: https://fonts.gstatic.com/s/e/notoemoji/16.0/1f37e/lottie.json
Thu Jul 30 09:00:50 UTC 2026 | ALL | 07-30 09:00:49.331  3232  3378 V dasx    : Is http uri, downloading (uri: https://fonts.gstatic.com/s/e/notoemoji/16.0/1f37e/lottie.json)
Thu Jul 30 09:00:50 UTC 2026 | ALL | 07-30 09:00:49.541  3232  3378 E MDD     : DownloadProgressMonitor: Can't find file group for uri: android://com.google.android.apps.messaging/files/datadownload/shared/public/datadownloadfile_1785401964950
Thu Jul 30 09:00:50 UTC 2026 | ALL | 07-30 09:00:49.543  3232  3434 E MDD     : DownloadProgressMonitor: Can't find file group for uri: android://com.google.android.apps.messaging/files/datadownload/shared/public/datadownloadfile_1785401964951
Thu Jul 30 09:00:50 UTC 2026 | ALL | 07-30 09:00:49.545  3232  3370 D dasx    : Starting download: https://fonts.gstatic.com/s/e/notoemoji/16.0/1f379/lottie.json
Thu Jul 30 09:00:50 UTC 2026 | ALL | 07-30 09:00:49.545  3232  3370 V dasx    : Is http uri, downloading (uri: https://fonts.gstatic.com/s/e/notoemoji/16.0/1f379/lottie.json)
Thu Jul 30 09:00:50 UTC 2026 | ALL | 07-30 09:00:49.546  3232  3378 D dasx    : Starting download: https://fonts.gstatic.com/s/e/notoemoji/16.0/1f6a7/lottie.json
Thu Jul 30 09:00:50 UTC 2026 | ALL | 07-30 09:00:49.546  3232  3378 V dasx    : Is http uri, downloading (uri: https://fonts.gstatic.com/s/e/notoemoji/16.0/1f6a7/lottie.json)
Thu Jul 30 09:00:50 UTC 2026 | ALL | 07-30 09:00:49.552  3232  3370 E MDD     : DownloadProgressMonitor: Can't find file group for uri: android://com.google.android.apps.messaging/files/datadownload/shared/public/datadownloadfile_1785401964952
Thu Jul 30 09:00:50 UTC 2026 | ALL | 07-30 09:00:49.553  3232  3378 E MDD     : DownloadProgressMonitor: Can't find file group for uri: android://com.google.android.apps.messaging/files/datadownload/shared/public/datadownloadfile_1785401964953
Thu Jul 30 09:00:50 UTC 2026 | ALL | 07-30 09:00:49.556  3232  3434 D dasx    : Starting download: https://fonts.gstatic.com/s/e/notoemoji/16.0/1f6a8/lottie.json
Thu Jul 30 09:00:50 UTC 2026 | ALL | 07-30 09:00:49.556  3232  3434 V dasx    : Is http uri, downloading (uri: https://fonts.gstatic.com/s/e/notoemoji/16.0/1f6a8/lottie.json)
Thu Jul 30 09:00:50 UTC 2026 | ALL | 07-30 09:00:49.559  3232  3378 D dasx    : Starting download: https://fonts.gstatic.com/s/e/notoemoji/16.0/1f6b2/lottie.json
Thu Jul 30 09:00:50 UTC 2026 | ALL | 07-30 09:00:49.559  3232  3378 V dasx    : Is http uri, downloading (uri: https://fonts.gstatic.com/s/e/notoemoji/16.0/1f6b2/lottie.json)
Thu Jul 30 09:00:50 UTC 2026 | ALL | 07-30 09:00:49.561  3232  3434 E MDD     : DownloadProgressMonitor: Can't find file group for uri: android://com.google.android.apps.messaging/files/datadownload/shared/public/datadownloadfile_1785401964954
Thu Jul 30 09:00:50 UTC 2026 | ALL | 07-30 09:00:49.565  3232  3378 E MDD     : DownloadProgressMonitor: Can't find file group for uri: android://com.google.android.apps.messaging/files/datadownload/shared/public/datadownloadfile_1785401964955
Thu Jul 30 09:00:50 UTC 2026 | ALL | 07-30 09:00:49.567  3232  3370 D dasx    : Starting download: https://fonts.gstatic.com/s/e/notoemoji/16.0/1f6f8/lottie.json
Thu Jul 30 09:00:50 UTC 2026 | ALL | 07-30 09:00:49.567  3232  3370 V dasx    : Is http uri, downloading (uri: https://fonts.gstatic.com/s/e/notoemoji/16.0/1f6f8/lottie.json)
Thu Jul 30 09:00:50 UTC 2026 | ALL | 07-30 09:00:49.570  3232  3434 D dasx    : Starting download: https://fonts.gstatic.com/s/e/notoemoji/16.0/1f680/lottie.json
Thu Jul 30 09:00:50 UTC 2026 | ALL | 07-30 09:00:49.570  3232  3434 V dasx    : Is http uri, downloading (uri: https://fonts.gstatic.com/s/e/notoemoji/16.0/1f680/lottie.json)
Thu Jul 30 09:00:50 UTC 2026 | ALL | 07-30 09:00:49.692  4162  4220 I appium  : channel read: POST /session/0ec58237-84ed-40bd-bf67-28bb2b70cae2/element
Thu Jul 30 09:00:50 UTC 2026 | ALL | 07-30 09:00:49.693  4162  4220 I appium  : FindElement command
Thu Jul 30 09:00:50 UTC 2026 | ALL | 07-30 09:00:49.694  4162  4220 I appium  : method: 'xpath', selector: '//android.widget.EditText[@text='your.email@example.com' or @hint='your.email@example.com' or @text='Email Address' or @index='0']'
Thu Jul 30 09:00:50 UTC 2026 | ALL | 07-30 09:00:49.694  4162  4220 I appium  : Waiting up to 10000ms for the device to idle
Thu Jul 30 09:00:50 UTC 2026 | ALL | 07-30 09:00:49.696  4162  4220 I appium  : The following attributes will be included to the page source: [index, text, hint]
Thu Jul 30 09:00:50 UTC 2026 | ALL | 07-30 09:00:49.709  4162  4220 I appium  : Took 0ms to retrieve 0 matches for '//android.widget.EditText[@text='your.email@example.com' or @hint='your.email@example.com' or @text='Email Address' or @index='0']' XPath2 query
Thu Jul 30 09:00:50 UTC 2026 | ALL | 07-30 09:00:49.710  4162  4220 I appium  : AppiumResponse: {"sessionId":"0ec58237-84ed-40bd-bf67-28bb2b70cae2","value":{"error":"no such element","message":"An element could not be located on the page using the given search parameters","stacktrace":"io.appium.uiautomator2.common.exceptions.ElementNotFoundException: An element could not be located on the page using the given search parameters\n\tat io.appium.uiautomator2.utils.ElementLocationHelpers.findElement(ElementLocationHelpers.java:156)\n\tat io.appium.uiautomator2.handler.FindElement.safeHandle(FindElement.java:60)\n\tat io.appium.uiautomator2.handler.request.SafeRequestHandler.handle(SafeRequestHandler.java:59)\n\tat io.appium.uiautomator2.server.AppiumServlet.handleRequest(AppiumServlet.java:259)\n\tat io.appium.uiautomator2.server.AppiumServlet.handleHttpRequest(AppiumServlet.java:253)\n\tat io.appium.uiautomator2.http.ServerHandler.channelRead(ServerHandler.java:77)\n\tat io.netty.channel.AbstractChannelHandlerContext.invokeChannelRead(AbstractChannelHandlerContext.java:374)\n\tat io.netty.channel.AbstractChannelHandlerContext.invokeChannelRead(AbstractChannelHandlerContext.java:360)\n\tat io.netty.channel.AbstractChannelHandlerContext.fireChannelRead(AbstractChannelHandlerContext.java:352)\n\tat io.netty.handler.codec.MessageToMessageDecoder.channelRead(MessageToMessageDecoder.java:102)\n\tat io.netty.channel.AbstractChannelHandlerContext.invokeChannelRead(AbstractChannelHandlerContext.java:374)\n\tat io.netty.channel.AbstractChannelHandlerContext.invokeChannelRead(AbstractChannelHandlerContext.java:360)\n\tat io.netty.channel.AbstractChannelHandlerContext.fireChannelRead(AbstractChannelHandlerContext.java:352)\n\tat io.netty.channel.CombinedChannelDuplexHandler$DelegatingChannelHandlerContext.fireChannelRead(CombinedChannelDuplexHandler.java:438)\n\tat io.netty.handler.codec.ByteToMessageDecoder.fireChannelRead(ByteToMessageDecoder.java:328)\n\tat io.netty.handler.codec.ByteToMessageDecoder.channelRead(ByteToMessageDecoder.java:302)\n\tat io.netty.channel.CombinedChannelDuplexHandler.channelRead(CombinedChannelDuplexHandler.java:253)\n\tat io.netty.channel.AbstractChannelHandlerContext.invokeChannelRead(AbstractChannelHandlerContext.java:374)\n\tat io.netty.channel.AbstractChannelHandlerContext.invokeChannelRead(AbstractChannelHandlerContext.java:360)\n\tat io.netty.channel.AbstractChannelHandlerContext.fireChannelRead(AbstractChannelHandlerContext.java:352)\n\tat io.netty.handler.timeout.IdleStateHandler.channelRead(IdleStateHandler.java:287)\n\tat io.netty.channel.AbstractChannelHandlerContext.invokeChannelRead(AbstractChannelHandlerContext.java:374)\n\tat io.netty.channel.AbstractChannelHandlerContext.invokeChannelRead(AbstractChannelHandlerContext.java:360)\n\tat io.netty.channel.AbstractChannelHandlerContext.fireChannelRead(AbstractChannelHandlerContext.java:352)\n\tat io.netty.channel.DefaultChannelPipeline$HeadContext.channelRead(DefaultChannelPipeline.java:1422)\n\tat io.netty.channel.AbstractChannelHandlerContext.invokeChannelRead(AbstractChannelHandlerContext.java:374)\n\tat io.netty.channel.AbstractChannelHandlerContext.invokeChannelRead(AbstractChannelHandlerContext.java:360)\n\tat io.netty.channel.DefaultChannelPipeline.fireChannelRead(DefaultChannelPipeline.java:931)\n\tat io.netty.channel.nio.AbstractNioByteChannel$NioByteUnsafe.read(AbstractNioByteChannel.java:163)\n\tat io.netty.channel.nio.NioEventLoop.processSelectedKey(NioEventLoop.java:700)\n\tat io.netty.channel.nio.NioEventLoop.processSelectedKeysOptimized(NioEventLoop.java:635)\n\tat io.netty.channel.nio.NioEventLoop.processSelectedKeys(NioEventLoop.java:552)\n\tat io.netty.channel.nio.NioEventLoop.run(NioEventLoop.java:514)\n\tat io.netty.util.concurrent.SingleThreadEventExecutor$6.run(SingleThreadEventExecutor.java:1044)\n\tat io.netty.util.internal.ThreadExecutorMap$2.run(ThreadExecutorMap.java:74)\n\tat io.netty.util.concurrent.FastThreadLocalRunnable.run(FastThreadLocalRunnable.java:30)\n\tat java.lang.Thread.run(Thread.java:1012)\n"}}
Thu Jul 30 09:00:50 UTC 2026 | ALL | 07-30 09:00:49.774  3232  3434 E MDD     : DownloadProgressMonitor: Can't find file group for uri: android://com.google.android.apps.messaging/files/datadownload/shared/public/datadownloadfile_1785401964957
Thu Jul 30 09:00:50 UTC 2026 | ALL | 07-30 09:00:49.776  3232  3370 E MDD     : DownloadProgressMonitor: Can't find file group for uri: android://com.google.android.apps.messaging/files/datadownload/shared/public/datadownloadfile_1785401964956
Thu Jul 30 09:00:50 UTC 2026 | ALL | 07-30 09:00:49.779  3232  3378 D dasx    : Starting download: https://fonts.gstatic.com/s/e/notoemoji/16.0/1f6eb/lottie.json
Thu Jul 30 09:00:50 UTC 2026 | ALL | 07-30 09:00:49.779  3232  3378 V dasx    : Is http uri, downloading (uri: https://fonts.gstatic.com/s/e/notoemoji/16.0/1f6eb/lottie.json)
Thu Jul 30 09:00:50 UTC 2026 | ALL | 07-30 09:00:49.783  3232  3434 D dasx    : Starting download: https://fonts.gstatic.com/s/e/notoemoji/16.0/1f6ec/lottie.json
Thu Jul 30 09:00:50 UTC 2026 | ALL | 07-30 09:00:49.783  3232  3434 V dasx    : Is http uri, downloading (uri: https://fonts.gstatic.com/s/e/notoemoji/16.0/1f6ec/lottie.json)
Thu Jul 30 09:00:50 UTC 2026 | ALL | 07-30 09:00:49.787  3232  3378 E MDD     : DownloadProgressMonitor: Can't find file group for uri: android://com.google.android.apps.messaging/files/datadownload/shared/public/datadownloadfile_1785401964958
Thu Jul 30 09:00:50 UTC 2026 | ALL | 07-30 09:00:49.790  3232  3434 E MDD     : DownloadProgressMonitor: Can't find file group for uri: android://com.google.android.apps.messaging/files/datadownload/shared/public/datadownloadfile_1785401964959
Thu Jul 30 09:00:50 UTC 2026 | ALL | 07-30 09:00:49.792  3232  3370 D dasx    : Starting download: https://fonts.gstatic.com/s/e/notoemoji/16.0/1f3a2/lottie.json
Thu Jul 30 09:00:50 UTC 2026 | ALL | 07-30 09:00:49.792  3232  3370 V dasx    : Is http uri, downloading (uri: https://fonts.gstatic.com/s/e/notoemoji/16.0/1f3a2/lottie.json)
Thu Jul 30 09:00:50 UTC 2026 | ALL | 07-30 09:00:49.793  3232  3378 D dasx    : Starting download: https://fonts.gstatic.com/s/e/notoemoji/16.0/1f3d5_fe0f/lottie.json
Thu Jul 30 09:00:50 UTC 2026 | ALL | 07-30 09:00:49.793  3232  3378 V dasx    : Is http uri, downloading (uri: https://fonts.gstatic.com/s/e/notoemoji/16.0/1f3d5_fe0f/lottie.json)
Thu Jul 30 09:00:50 UTC 2026 | ALL | 07-30 09:00:49.801  3232  3370 E MDD     : DownloadProgressMonitor: Can't find file group for uri: android://com.google.android.apps.messaging/files/datadownload/shared/public/datadownloadfile_1785401964960
Thu Jul 30 09:00:50 UTC 2026 | ALL | 07-30 09:00:49.806  3232  3434 D dasx    : Starting download: https://fonts.gstatic.com/s/e/notoemoji/16.0/1f388/lottie.json
Thu Jul 30 09:00:50 UTC 2026 | ALL | 07-30 09:00:49.806  3232  3434 V dasx    : Is http uri, downloading (uri: https://fonts.gstatic.com/s/e/notoemoji/16.0/1f388/lottie.json)
Thu Jul 30 09:00:50 UTC 2026 | ALL | 07-30 09:00:49.807  3232  3378 E MDD     : DownloadProgressMonitor: Can't find file group for uri: android://com.google.android.apps.messaging/files/datadownload/shared/public/datadownloadfile_1785401964961
Thu Jul 30 09:00:50 UTC 2026 | ALL | 07-30 09:00:49.811  3232  3370 D dasx    : Starting download: https://fonts.gstatic.com/s/e/notoemoji/16.0/1f382/lottie.json
Thu Jul 30 09:00:50 UTC 2026 | ALL | 07-30 09:00:49.811  3232  3370 V dasx    : Is http uri, downloading (uri: https://fonts.gstatic.com/s/e/notoemoji/16.0/1f382/lottie.json)
Thu Jul 30 09:00:50 UTC 2026 | ALL | 07-30 09:00:50.018  3232  3434 E MDD     : DownloadProgressMonitor: Can't find file group for uri: android://com.google.android.apps.messaging/files/datadownload/shared/public/datadownloadfile_1785401964962
Thu Jul 30 09:00:50 UTC 2026 | ALL | 07-30 09:00:50.018  3232  3370 E MDD     : DownloadProgressMonitor: Can't find file group for uri: android://com.google.android.apps.messaging/files/datadownload/shared/public/datadownloadfile_1785401964963
Thu Jul 30 09:00:50 UTC 2026 | ALL | 07-30 09:00:50.023  3232  3378 D dasx    : Starting download: https://fonts.gstatic.com/s/e/notoemoji/16.0/1f381/lottie.json
Thu Jul 30 09:00:50 UTC 2026 | ALL | 07-30 09:00:50.023  3232  3378 V dasx    : Is http uri, downloading (uri: https://fonts.gstatic.com/s/e/notoemoji/16.0/1f381/lottie.json)
Thu Jul 30 09:00:51 UTC 2026 | ALL | 07-30 09:00:50.027  3232  3434 D dasx    : Starting download: https://fonts.gstatic.com/s/e/notoemoji/16.0/1f386/lottie.json
Thu Jul 30 09:00:51 UTC 2026 | ALL | 07-30 09:00:50.027  3232  3434 V dasx    : Is http uri, downloading (uri: https://fonts.gstatic.com/s/e/notoemoji/16.0/1f386/lottie.json)
Thu Jul 30 09:00:51 UTC 2026 | ALL | 07-30 09:00:50.035  3232  3378 E MDD     : DownloadProgressMonitor: Can't find file group for uri: android://com.google.android.apps.messaging/files/datadownload/shared/public/datadownloadfile_1785401964964
Thu Jul 30 09:00:51 UTC 2026 | ALL | 07-30 09:00:50.036  3232  3434 E MDD     : DownloadProgressMonitor: Can't find file group for uri: android://com.google.android.apps.messaging/files/datadownload/shared/public/datadownloadfile_1785401964965
Thu Jul 30 09:00:51 UTC 2026 | ALL | 07-30 09:00:50.042  3232  3378 D dasx    : Starting download: https://fonts.gstatic.com/s/e/notoemoji/16.0/1faa9/lottie.json
Thu Jul 30 09:00:51 UTC 2026 | ALL | 07-30 09:00:50.042  3232  3378 V dasx    : Is http uri, downloading (uri: https://fonts.gstatic.com/s/e/notoemoji/16.0/1faa9/lottie.json)
Thu Jul 30 09:00:51 UTC 2026 | ALL | 07-30 09:00:50.045  3232  3370 D dasx    : Starting download: https://fonts.gstatic.com/s/e/notoemoji/16.0/1fa85/lottie.json
Thu Jul 30 09:00:51 UTC 2026 | ALL | 07-30 09:00:50.045  3232  3370 V dasx    : Is http uri, downloading (uri: https://fonts.gstatic.com/s/e/notoemoji/16.0/1fa85/lottie.json)
Thu Jul 30 09:00:51 UTC 2026 | ALL | 07-30 09:00:50.056  3232  3370 E MDD     : DownloadProgressMonitor: Can't find file group for uri: android://com.google.android.apps.messaging/files/datadownload/shared/public/datadownloadfile_1785401964966
Thu Jul 30 09:00:51 UTC 2026 | ALL | 07-30 09:00:50.057  3232  3378 E MDD     : DownloadProgressMonitor: Can't find file group for uri: android://com.google.android.apps.messaging/files/datadownload/shared/public/datadownloadfile_1785401964967
Thu Jul 30 09:00:51 UTC 2026 | ALL | 07-30 09:00:50.069  3232  3434 D dasx    : Starting download: https://fonts.gstatic.com/s/e/notoemoji/16.0/26bd/lottie.json
Thu Jul 30 09:00:51 UTC 2026 | ALL | 07-30 09:00:50.069  3232  3434 V dasx    : Is http uri, downloading (uri: https://fonts.gstatic.com/s/e/notoemoji/16.0/26bd/lottie.json)
Thu Jul 30 09:00:51 UTC 2026 | ALL | 07-30 09:00:50.089  3232  3378 D dasx    : Starting download: https://fonts.gstatic.com/s/e/notoemoji/16.0/26be/lottie.json
Thu Jul 30 09:00:51 UTC 2026 | ALL | 07-30 09:00:50.089  3232  3378 V dasx    : Is http uri, downloading (uri: https://fonts.gstatic.com/s/e/notoemoji/16.0/26be/lottie.json)
Thu Jul 30 09:00:51 UTC 2026 | ALL | 07-30 09:00:50.218  4162  4220 I appium  : channel read: POST /session/0ec58237-84ed-40bd-bf67-28bb2b70cae2/element
Thu Jul 30 09:00:51 UTC 2026 | ALL | 07-30 09:00:50.218  4162  4220 I appium  : FindElement command
Thu Jul 30 09:00:51 UTC 2026 | ALL | 07-30 09:00:50.219  4162  4220 I appium  : method: 'xpath', selector: '//android.widget.EditText[@text='your.email@example.com' or @hint='your.email@example.com' or @text='Email Address' or @index='0']'
Thu Jul 30 09:00:51 UTC 2026 | ALL | 07-30 09:00:50.219  4162  4220 I appium  : Waiting up to 10000ms for the device to idle
Thu Jul 30 09:00:51 UTC 2026 | ALL | 07-30 09:00:50.220  4162  4220 I appium  : The following attributes will be included to the page source: [index, text, hint]
Thu Jul 30 09:00:51 UTC 2026 | ALL | 07-30 09:00:50.223  4162  4170 I tomator2.server: Method exceeds compiler instruction limit: 19264 in java_cup.runtime.Symbol org.eclipse.wst.xml.xpath2.processor.internal.CUP$XPathCup$actions.CUP$XPathCup$do_action(int, java_cup.runtime.lr_parser, java.util.Stack, int)
Thu Jul 30 09:00:51 UTC 2026 | ALL | 07-30 09:00:50.235  4162  4220 I appium  : Took 0ms to retrieve 0 matches for '//android.widget.EditText[@text='your.email@example.com' or @hint='your.email@example.com' or @text='Email Address' or @index='0']' XPath2 query
Thu Jul 30 09:00:51 UTC 2026 | ALL | 07-30 09:00:50.236  4162  4220 I appium  : AppiumResponse: {"sessionId":"0ec58237-84ed-40bd-bf67-28bb2b70cae2","value":{"error":"no such element","message":"An element could not be located on the page using the given search parameters","stacktrace":"io.appium.uiautomator2.common.exceptions.ElementNotFoundException: An element could not be located on the page using the given search parameters\n\tat io.appium.uiautomator2.utils.ElementLocationHelpers.findElement(ElementLocationHelpers.java:156)\n\tat io.appium.uiautomator2.handler.FindElement.safeHandle(FindElement.java:60)\n\tat io.appium.uiautomator2.handler.request.SafeRequestHandler.handle(SafeRequestHandler.java:59)\n\tat io.appium.uiautomator2.server.AppiumServlet.handleRequest(AppiumServlet.java:259)\n\tat io.appium.uiautomator2.server.AppiumServlet.handleHttpRequest(AppiumServlet.java:253)\n\tat io.appium.uiautomator2.http.ServerHandler.channelRead(ServerHandler.java:77)\n\tat io.netty.channel.AbstractChannelHandlerContext.invokeChannelRead(AbstractChannelHandlerContext.java:374)\n\tat io.netty.channel.AbstractChannelHandlerContext.invokeChannelRead(AbstractChannelHandlerContext.java:360)\n\tat io.netty.channel.AbstractChannelHandlerContext.fireChannelRead(AbstractChannelHandlerContext.java:352)\n\tat io.netty.handler.codec.MessageToMessageDecoder.channelRead(MessageToMessageDecoder.java:102)\n\tat io.netty.channel.AbstractChannelHandlerContext.invokeChannelRead(AbstractChannelHandlerContext.java:374)\n\tat io.netty.channel.AbstractChannelHandlerContext.invokeChannelRead(AbstractChannelHandlerContext.java:360)\n\tat io.netty.channel.AbstractChannelHandlerContext.fireChannelRead(AbstractChannelHandlerContext.java:352)\n\tat io.netty.channel.CombinedChannelDuplexHandler$DelegatingChannelHandlerContext.fireChannelRead(CombinedChannelDuplexHandler.java:438)\n\tat io.netty.handler.codec.ByteToMessageDecoder.fireChannelRead(ByteToMessageDecoder.java:328)\n\tat io.netty.handler.codec.ByteToMessageDecoder.channelRead(ByteToMessageDecoder.java:302)\n\tat io.netty.channel.CombinedChannelDuplexHandler.channelRead(CombinedChannelDuplexHandler.java:253)\n\tat io.netty.channel.AbstractChannelHandlerContext.invokeChannelRead(AbstractChannelHandlerContext.java:374)\n\tat io.netty.channel.AbstractChannelHandlerContext.invokeChannelRead(AbstractChannelHandlerContext.java:360)\n\tat io.netty.channel.AbstractChannelHandlerContext.fireChannelRead(AbstractChannelHandlerContext.java:352)\n\tat io.netty.handler.timeout.IdleStateHandler.channelRead(IdleStateHandler.java:287)\n\tat io.netty.channel.AbstractChannelHandlerContext.invokeChannelRead(AbstractChannelHandlerContext.java:374)\n\tat io.netty.channel.AbstractChannelHandlerContext.invokeChannelRead(AbstractChannelHandlerContext.java:360)\n\tat io.netty.channel.AbstractChannelHandlerContext.fireChannelRead(AbstractChannelHandlerContext.java:352)\n\tat io.netty.channel.DefaultChannelPipeline$HeadContext.channelRead(DefaultChannelPipeline.java:1422)\n\tat io.netty.channel.AbstractChannelHandlerContext.invokeChannelRead(AbstractChannelHandlerContext.java:374)\n\tat io.netty.channel.AbstractChannelHandlerContext.invokeChannelRead(AbstractChannelHandlerContext.java:360)\n\tat io.netty.channel.DefaultChannelPipeline.fireChannelRead(DefaultChannelPipeline.java:931)\n\tat io.netty.channel.nio.AbstractNioByteChannel$NioByteUnsafe.read(AbstractNioByteChannel.java:163)\n\tat io.netty.channel.nio.NioEventLoop.processSelectedKey(NioEventLoop.java:700)\n\tat io.netty.channel.nio.NioEventLoop.processSelectedKeysOptimized(NioEventLoop.java:635)\n\tat io.netty.channel.nio.NioEventLoop.processSelectedKeys(NioEventLoop.java:552)\n\tat io.netty.channel.nio.NioEventLoop.run(NioEventLoop.java:514)\n\tat io.netty.util.concurrent.SingleThreadEventExecutor$6.run(SingleThreadEventExecutor.java:1044)\n\tat io.netty.util.internal.ThreadExecutorMap$2.run(ThreadExecutorMap.java:74)\n\tat io.netty.util.concurrent.FastThreadLocalRunnable.run(FastThreadLocalRunnable.java:30)\n\tat java.lang.Thread.run(Thread.java:1012)\n"}}
Thu Jul 30 09:00:51 UTC 2026 | ALL | 07-30 09:00:50.271  3232  3378 E MDD     : DownloadProgressMonitor: Can't find file group for uri: android://com.google.android.apps.messaging/files/datadownload/shared/public/datadownloadfile_1785401964969
Thu Jul 30 09:00:51 UTC 2026 | ALL | 07-30 09:00:50.271  3232  3434 E MDD     : DownloadProgressMonitor: Can't find file group for uri: android://com.google.android.apps.messaging/files/datadownload/shared/public/datadownloadfile_1785401964968
Thu Jul 30 09:00:51 UTC 2026 | ALL | 07-30 09:00:50.274  3232  3370 D dasx    : Starting download: https://fonts.gstatic.com/s/e/notoemoji/16.0/1f94e/lottie.json
Thu Jul 30 09:00:51 UTC 2026 | ALL | 07-30 09:00:50.275  3232  3370 V dasx    : Is http uri, downloading (uri: https://fonts.gstatic.com/s/e/notoemoji/16.0/1f94e/lottie.json)
Thu Jul 30 09:00:51 UTC 2026 | ALL | 07-30 09:00:50.280  3232  3434 D dasx    : Starting download: https://fonts.gstatic.com/s/e/notoemoji/16.0/1f3be/lottie.json
Thu Jul 30 09:00:51 UTC 2026 | ALL | 07-30 09:00:50.281  3232  3434 V dasx    : Is http uri, downloading (uri: https://fonts.gstatic.com/s/e/notoemoji/16.0/1f3be/lottie.json)
Thu Jul 30 09:00:51 UTC 2026 | ALL | 07-30 09:00:50.282  3232  3370 E MDD     : DownloadProgressMonitor: Can't find file group for uri: android://com.google.android.apps.messaging/files/datadownload/shared/public/datadownloadfile_1785401964970
Thu Jul 30 09:00:51 UTC 2026 | ALL | 07-30 09:00:50.287  3232  3434 E MDD     : DownloadProgressMonitor: Can't find file group for uri: android://com.google.android.apps.messaging/files/datadownload/shared/public/datadownloadfile_1785401964971
Thu Jul 30 09:00:51 UTC 2026 | ALL | 07-30 09:00:50.292  3232  3378 D dasx    : Starting download: https://fonts.gstatic.com/s/e/notoemoji/16.0/1f3f8/lottie.json
Thu Jul 30 09:00:51 UTC 2026 | ALL | 07-30 09:00:50.292  3232  3378 V dasx    : Is http uri, downloading (uri: https://fonts.gstatic.com/s/e/notoemoji/16.0/1f3f8/lottie.json)
Thu Jul 30 09:00:51 UTC 2026 | ALL | 07-30 09:00:50.293  3232  3370 D dasx    : Starting download: https://fonts.gstatic.com/s/e/notoemoji/16.0/1f94d/lottie.json
Thu Jul 30 09:00:51 UTC 2026 | ALL | 07-30 09:00:50.293  3232  3370 V dasx    : Is http uri, downloading (uri: https://fonts.gstatic.com/s/e/notoemoji/16.0/1f94d/lottie.json)
Thu Jul 30 09:00:51 UTC 2026 | ALL | 07-30 09:00:50.301  3232  3378 E MDD     : DownloadProgressMonitor: Can't find file group for uri: android://com.google.android.apps.messaging/files/datadownload/shared/public/datadownloadfile_1785401964972
Thu Jul 30 09:00:51 UTC 2026 | ALL | 07-30 09:00:50.302  3232  3370 E MDD     : DownloadProgressMonitor: Can't find file group for uri: android://com.google.android.apps.messaging/files/datadownload/shared/public/datadownloadfile_1785401964973
Thu Jul 30 09:00:51 UTC 2026 | ALL | 07-30 09:00:50.307  3232  3434 D dasx    : Starting download: https://fonts.gstatic.com/s/e/notoemoji/16.0/1f3cf/lottie.json
Thu Jul 30 09:00:51 UTC 2026 | ALL | 07-30 09:00:50.308  3232  3434 V dasx    : Is http uri, downloading (uri: https://fonts.gstatic.com/s/e/notoemoji/16.0/1f3cf/lottie.json)
Thu Jul 30 09:00:51 UTC 2026 | ALL | 07-30 09:00:50.311  3232  3378 D dasx    : Starting download: https://fonts.gstatic.com/s/e/notoemoji/16.0/1f3d1/lottie.json
Thu Jul 30 09:00:51 UTC 2026 | ALL | 07-30 09:00:50.311  3232  3378 V dasx    : Is http uri, downloading (uri: https://fonts.gstatic.com/s/e/notoemoji/16.0/1f3d1/lottie.json)
Thu Jul 30 09:00:51 UTC 2026 | ALL | 07-30 09:00:50.312  3232  3434 E MDD     : DownloadProgressMonitor: Can't find file group for uri: android://com.google.android.apps.messaging/files/datadownload/shared/public/datadownloadfile_1785401964974
Thu Jul 30 09:00:51 UTC 2026 | ALL | 07-30 09:00:50.317  3232  3378 E MDD     : DownloadProgressMonitor: Can't find file group for uri: android://com.google.android.apps.messaging/files/datadownload/shared/public/datadownloadfile_1785401964975
Thu Jul 30 09:00:51 UTC 2026 | ALL | 07-30 09:00:50.317  3232  3370 D dasx    : Starting download: https://fonts.gstatic.com/s/e/notoemoji/16.0/1f3d2/lottie.json
Thu Jul 30 09:00:51 UTC 2026 | ALL | 07-30 09:00:50.317  3232  3370 V dasx    : Is http uri, downloading (uri: https://fonts.gstatic.com/s/e/notoemoji/16.0/1f3d2/lottie.json)
Thu Jul 30 09:00:51 UTC 2026 | ALL | 07-30 09:00:50.320  3232  3434 D dasx    : Starting download: https://fonts.gstatic.com/s/e/notoemoji/16.0/1f3af/lottie.json
Thu Jul 30 09:00:51 UTC 2026 | ALL | 07-30 09:00:50.321  3232  3434 V dasx    : Is http uri, downloading (uri: https://fonts.gstatic.com/s/e/notoemoji/16.0/1f3af/lottie.json)
Thu Jul 30 09:00:51 UTC 2026 | ALL | 07-30 09:00:50.526  3232  3370 E MDD     : DownloadProgressMonitor: Can't find file group for uri: android://com.google.android.apps.messaging/files/datadownload/shared/public/datadownloadfile_1785401964976
Thu Jul 30 09:00:51 UTC 2026 | ALL | 07-30 09:00:50.526  3232  3434 E MDD     : DownloadProgressMonitor: Can't find file group for uri: android://com.google.android.apps.messaging/files/datadownload/shared/public/datadownloadfile_1785401964977
Thu Jul 30 09:00:51 UTC 2026 | ALL | 07-30 09:00:50.528  3232  3378 D dasx    : Starting download: https://fonts.gstatic.com/s/e/notoemoji/16.0/1f94f/lottie.json
Thu Jul 30 09:00:51 UTC 2026 | ALL | 07-30 09:00:50.528  3232  3378 V dasx    : Is http uri, downloading (uri: https://fonts.gstatic.com/s/e/notoemoji/16.0/1f94f/lottie.json)
Thu Jul 30 09:00:51 UTC 2026 | ALL | 07-30 09:00:50.530  3232  3370 D dasx    : Starting download: https://fonts.gstatic.com/s/e/notoemoji/16.0/1fa83/lottie.json
Thu Jul 30 09:00:51 UTC 2026 | ALL | 07-30 09:00:50.530  3232  3370 V dasx    : Is http uri, downloading (uri: https://fonts.gstatic.com/s/e/notoemoji/16.0/1fa83/lottie.json)
Thu Jul 30 09:00:51 UTC 2026 | ALL | 07-30 09:00:50.642  4162  4220 I appium  : channel read: POST /session/0ec58237-84ed-40bd-bf67-28bb2b70cae2/element
Thu Jul 30 09:00:51 UTC 2026 | ALL | 07-30 09:00:50.643  4162  4220 I appium  : FindElement command
Thu Jul 30 09:00:51 UTC 2026 | ALL | 07-30 09:00:50.644  4162  4220 I appium  : method: 'xpath', selector: '//android.widget.EditText[@text='your.email@example.com' or @hint='your.email@example.com' or @text='Email Address' or @index='0']'
Thu Jul 30 09:00:51 UTC 2026 | ALL | 07-30 09:00:50.644  4162  4220 I appium  : Waiting up to 10000ms for the device to idle
Thu Jul 30 09:00:51 UTC 2026 | ALL | 07-30 09:00:50.645  4162  4220 I appium  : The following attributes will be included to the page source: [index, text, hint]
Thu Jul 30 09:00:51 UTC 2026 | ALL | 07-30 09:00:50.657  4162  4220 I appium  : Took 0ms to retrieve 0 matches for '//android.widget.EditText[@text='your.email@example.com' or @hint='your.email@example.com' or @text='Email Address' or @index='0']' XPath2 query
Thu Jul 30 09:00:51 UTC 2026 | ALL | 07-30 09:00:50.659  4162  4220 I appium  : AppiumResponse: {"sessionId":"0ec58237-84ed-40bd-bf67-28bb2b70cae2","value":{"error":"no such element","message":"An element could not be located on the page using the given search parameters","stacktrace":"io.appium.uiautomator2.common.exceptions.ElementNotFoundException: An element could not be located on the page using the given search parameters\n\tat io.appium.uiautomator2.utils.ElementLocationHelpers.findElement(ElementLocationHelpers.java:156)\n\tat io.appium.uiautomator2.handler.FindElement.safeHandle(FindElement.java:60)\n\tat io.appium.uiautomator2.handler.request.SafeRequestHandler.handle(SafeRequestHandler.java:59)\n\tat io.appium.uiautomator2.server.AppiumServlet.handleRequest(AppiumServlet.java:259)\n\tat io.appium.uiautomator2.server.AppiumServlet.handleHttpRequest(AppiumServlet.java:253)\n\tat io.appium.uiautomator2.http.ServerHandler.channelRead(ServerHandler.java:77)\n\tat io.netty.channel.AbstractChannelHandlerContext.invokeChannelRead(AbstractChannelHandlerContext.java:374)\n\tat io.netty.channel.AbstractChannelHandlerContext.invokeChannelRead(AbstractChannelHandlerContext.java:360)\n\tat io.netty.channel.AbstractChannelHandlerContext.fireChannelRead(AbstractChannelHandlerContext.java:352)\n\tat io.netty.handler.codec.MessageToMessageDecoder.channelRead(MessageToMessageDecoder.java:102)\n\tat io.netty.channel.AbstractChannelHandlerContext.invokeChannelRead(AbstractChannelHandlerContext.java:374)\n\tat io.netty.channel.AbstractChannelHandlerContext.invokeChannelRead(AbstractChannelHandlerContext.java:360)\n\tat io.netty.channel.AbstractChannelHandlerContext.fireChannelRead(AbstractChannelHandlerContext.java:352)\n\tat io.netty.channel.CombinedChannelDuplexHandler$DelegatingChannelHandlerContext.fireChannelRead(CombinedChannelDuplexHandler.java:438)\n\tat io.netty.handler.codec.ByteToMessageDecoder.fireChannelRead(ByteToMessageDecoder.java:328)\n\tat io.netty.handler.codec.ByteToMessageDecoder.channelRead(ByteToMessageDecoder.java:302)\n\tat io.netty.channel.CombinedChannelDuplexHandler.channelRead(CombinedChannelDuplexHandler.java:253)\n\tat io.netty.channel.AbstractChannelHandlerContext.invokeChannelRead(AbstractChannelHandlerContext.java:374)\n\tat io.netty.channel.AbstractChannelHandlerContext.invokeChannelRead(AbstractChannelHandlerContext.java:360)\n\tat io.netty.channel.AbstractChannelHandlerContext.fireChannelRead(AbstractChannelHandlerContext.java:352)\n\tat io.netty.handler.timeout.IdleStateHandler.channelRead(IdleStateHandler.java:287)\n\tat io.netty.channel.AbstractChannelHandlerContext.invokeChannelRead(AbstractChannelHandlerContext.java:374)\n\tat io.netty.channel.AbstractChannelHandlerContext.invokeChannelRead(AbstractChannelHandlerContext.java:360)\n\tat io.netty.channel.AbstractChannelHandlerContext.fireChannelRead(AbstractChannelHandlerContext.java:352)\n\tat io.netty.channel.DefaultChannelPipeline$HeadContext.channelRead(DefaultChannelPipeline.java:1422)\n\tat io.netty.channel.AbstractChannelHandlerContext.invokeChannelRead(AbstractChannelHandlerContext.java:374)\n\tat io.netty.channel.AbstractChannelHandlerContext.invokeChannelRead(AbstractChannelHandlerContext.java:360)\n\tat io.netty.channel.DefaultChannelPipeline.fireChannelRead(DefaultChannelPipeline.java:931)\n\tat io.netty.channel.nio.AbstractNioByteChannel$NioByteUnsafe.read(AbstractNioByteChannel.java:163)\n\tat io.netty.channel.nio.NioEventLoop.processSelectedKey(NioEventLoop.java:700)\n\tat io.netty.channel.nio.NioEventLoop.processSelectedKeysOptimized(NioEventLoop.java:635)\n\tat io.netty.channel.nio.NioEventLoop.processSelectedKeys(NioEventLoop.java:552)\n\tat io.netty.channel.nio.NioEventLoop.run(NioEventLoop.java:514)\n\tat io.netty.util.concurrent.SingleThreadEventExecutor$6.run(SingleThreadEventExecutor.java:1044)\n\tat io.netty.util.internal.ThreadExecutorMap$2.run(ThreadExecutorMap.java:74)\n\tat io.netty.util.concurrent.FastThreadLocalRunnable.run(FastThreadLocalRunnable.java:30)\n\tat java.lang.Thread.run(Thread.java:1012)\n"}}
Thu Jul 30 09:00:51 UTC 2026 | ALL | 07-30 09:00:50.738  3232  3378 E MDD     : DownloadProgressMonitor: Can't find file group for uri: android://com.google.android.apps.messaging/files/datadownload/shared/public/datadownloadfile_1785401964978
Thu Jul 30 09:00:51 UTC 2026 | ALL | 07-30 09:00:50.740  3232  3370 E MDD     : DownloadProgressMonitor: Can't find file group for uri: android://com.google.android.apps.messaging/files/datadownload/shared/public/datadownloadfile_1785401964979
Thu Jul 30 09:00:51 UTC 2026 | ALL | 07-30 09:00:50.745  3232  3434 D dasx    : Starting download: https://fonts.gstatic.com/s/e/notoemoji/16.0/1fa81/lottie.json
Thu Jul 30 09:00:51 UTC 2026 | ALL | 07-30 09:00:50.745  3232  3434 V dasx    : Is http uri, downloading (uri: https://fonts.gstatic.com/s/e/notoemoji/16.0/1fa81/lottie.json)
Thu Jul 30 09:00:51 UTC 2026 | ALL | 07-30 09:00:50.747  3232  3378 D dasx    : Starting download: https://fonts.gstatic.com/s/e/notoemoji/16.0/1f3d3/lottie.json
Thu Jul 30 09:00:51 UTC 2026 | ALL | 07-30 09:00:50.747  3232  3378 V dasx    : Is http uri, downloading (uri: https://fonts.gstatic.com/s/e/notoemoji/16.0/1f3d3/lottie.json)
Thu Jul 30 09:00:51 UTC 2026 | ALL | 07-30 09:00:50.751  3232  3434 E MDD     : DownloadProgressMonitor: Can't find file group for uri: android://com.google.android.apps.messaging/files/datadownload/shared/public/datadownloadfile_1785401964980
Thu Jul 30 09:00:51 UTC 2026 | ALL | 07-30 09:00:50.752  3232  3378 E MDD     : DownloadProgressMonitor: Can't find file group for uri: android://com.google.android.apps.messaging/files/datadownload/shared/public/datadownloadfile_1785401964981
Thu Jul 30 09:00:51 UTC 2026 | ALL | 07-30 09:00:50.756  3232  3370 D dasx    : Starting download: https://fonts.gstatic.com/s/e/notoemoji/16.0/1f3b3/lottie.json
Thu Jul 30 09:00:51 UTC 2026 | ALL | 07-30 09:00:50.756  3232  3370 V dasx    : Is http uri, downloading (uri: https://fonts.gstatic.com/s/e/notoemoji/16.0/1f3b3/lottie.json)
Thu Jul 30 09:00:51 UTC 2026 | ALL | 07-30 09:00:50.758  3232  3378 D dasx    : Starting download: https://fonts.gstatic.com/s/e/notoemoji/16.0/1f3b2/lottie.json
Thu Jul 30 09:00:51 UTC 2026 | ALL | 07-30 09:00:50.758  3232  3378 V dasx    : Is http uri, downloading (uri: https://fonts.gstatic.com/s/e/notoemoji/16.0/1f3b2/lottie.json)
Thu Jul 30 09:00:51 UTC 2026 | ALL | 07-30 09:00:50.761  3232  3370 E MDD     : DownloadProgressMonitor: Can't find file group for uri: android://com.google.android.apps.messaging/files/datadownload/shared/public/datadownloadfile_1785401964982
Thu Jul 30 09:00:51 UTC 2026 | ALL | 07-30 09:00:50.764  3232  3434 D dasx    : Starting download: https://fonts.gstatic.com/s/e/notoemoji/16.0/1f3b0/lottie.json
Thu Jul 30 09:00:51 UTC 2026 | ALL | 07-30 09:00:50.764  3232  3434 V dasx    : Is http uri, downloading (uri: https://fonts.gstatic.com/s/e/notoemoji/16.0/1f3b0/lottie.json)
Thu Jul 30 09:00:51 UTC 2026 | ALL | 07-30 09:00:50.765  3232  3378 E MDD     : DownloadProgressMonitor: Can't find file group for uri: android://com.google.android.apps.messaging/files/datadownload/shared/public/datadownloadfile_1785401964983
Thu Jul 30 09:00:51 UTC 2026 | ALL | 07-30 09:00:50.774  3232  3370 D dasx    : Starting download: https://fonts.gstatic.com/s/e/notoemoji/16.0/1f4f8/lottie.json
Thu Jul 30 09:00:51 UTC 2026 | ALL | 07-30 09:00:50.774  3232  3370 V dasx    : Is http uri, downloading (uri: https://fonts.gstatic.com/s/e/notoemoji/16.0/1f4f8/lottie.json)
Thu Jul 30 09:00:51 UTC 2026 | ALL | 07-30 09:00:50.976  3232  3434 E MDD     : DownloadProgressMonitor: Can't find file group for uri: android://com.google.android.apps.messaging/files/datadownload/shared/public/datadownloadfile_1785401964984
Thu Jul 30 09:00:51 UTC 2026 | ALL | 07-30 09:00:50.977  3232  3370 E MDD     : DownloadProgressMonitor: Can't find file group for uri: android://com.google.android.apps.messaging/files/datadownload/shared/public/datadownloadfile_1785401964985
Thu Jul 30 09:00:51 UTC 2026 | ALL | 07-30 09:00:50.980  3232  3378 D dasx    : Starting download: https://fonts.gstatic.com/s/e/notoemoji/16.0/1f3bb/lottie.json
Thu Jul 30 09:00:51 UTC 2026 | ALL | 07-30 09:00:50.980  3232  3378 V dasx    : Is http uri, downloading (uri: https://fonts.gstatic.com/s/e/notoemoji/16.0/1f3bb/lottie.json)
Thu Jul 30 09:00:51 UTC 2026 | ALL | 07-30 09:00:50.981  3232  3370 D dasx    : Starting download: https://fonts.gstatic.com/s/e/notoemoji/16.0/1f941/lottie.json
Thu Jul 30 09:00:51 UTC 2026 | ALL | 07-30 09:00:50.981  3232  3370 V dasx    : Is http uri, downloading (uri: https://fonts.gstatic.com/s/e/notoemoji/16.0/1f941/lottie.json)
Thu Jul 30 09:00:52 UTC 2026 | ALL | 07-30 09:00:51.071  1226  2005 I ActivityScheduler: nextTriggerTime: 357429, in 184622ms, detectorType: 39, FULL_TYPE alarmWindowMillis: 30000
Thu Jul 30 09:00:52 UTC 2026 | ALL | 07-30 09:00:51.072  1226  2005 W SystemServiceRegistry: No service published for: wifirtt
Thu Jul 30 09:00:52 UTC 2026 | ALL | 07-30 09:00:51.173  4162  4220 I appium  : channel read: POST /session/0ec58237-84ed-40bd-bf67-28bb2b70cae2/element
Thu Jul 30 09:00:52 UTC 2026 | ALL | 07-30 09:00:51.173  4162  4220 I appium  : FindElement command
Thu Jul 30 09:00:52 UTC 2026 | ALL | 07-30 09:00:51.174  4162  4220 I appium  : method: 'xpath', selector: '//android.widget.EditText[@text='your.email@example.com' or @hint='your.email@example.com' or @text='Email Address' or @index='0']'
Thu Jul 30 09:00:52 UTC 2026 | ALL | 07-30 09:00:51.174  4162  4220 I appium  : Waiting up to 10000ms for the device to idle
Thu Jul 30 09:00:52 UTC 2026 | ALL | 07-30 09:00:51.176  4162  4220 I appium  : The following attributes will be included to the page source: [index, text, hint]
Thu Jul 30 09:00:52 UTC 2026 | ALL | 07-30 09:00:51.182  4162  4170 I tomator2.server: Method exceeds compiler instruction limit: 19264 in java_cup.runtime.Symbol org.eclipse.wst.xml.xpath2.processor.internal.CUP$XPathCup$actions.CUP$XPathCup$do_action(int, java_cup.runtime.lr_parser, java.util.Stack, int)
Thu Jul 30 09:00:52 UTC 2026 | ALL | 07-30 09:00:51.194  3232  3378 E MDD     : DownloadProgressMonitor: Can't find file group for uri: android://com.google.android.apps.messaging/files/datadownload/shared/public/datadownloadfile_1785401964986
Thu Jul 30 09:00:52 UTC 2026 | ALL | 07-30 09:00:51.196  3232  3370 E MDD     : DownloadProgressMonitor: Can't find file group for uri: android://com.google.android.apps.messaging/files/datadownload/shared/public/datadownloadfile_1785401964987
Thu Jul 30 09:00:52 UTC 2026 | ALL | 07-30 09:00:51.201  3232  3434 D dasx    : Starting download: https://fonts.gstatic.com/s/e/notoemoji/16.0/1fa87/lottie.json
Thu Jul 30 09:00:52 UTC 2026 | ALL | 07-30 09:00:51.202  3232  3434 V dasx    : Is http uri, downloading (uri: https://fonts.gstatic.com/s/e/notoemoji/16.0/1fa87/lottie.json)
Thu Jul 30 09:00:52 UTC 2026 | ALL | 07-30 09:00:51.203  4162  4220 I appium  : Took 0ms to retrieve 0 matches for '//android.widget.EditText[@text='your.email@example.com' or @hint='your.email@example.com' or @text='Email Address' or @index='0']' XPath2 query
Thu Jul 30 09:00:52 UTC 2026 | ALL | 07-30 09:00:51.207  4162  4220 I appium  : AppiumResponse: {"sessionId":"0ec58237-84ed-40bd-bf67-28bb2b70cae2","value":{"error":"no such element","message":"An element could not be located on the page using the given search parameters","stacktrace":"io.appium.uiautomator2.common.exceptions.ElementNotFoundException: An element could not be located on the page using the given search parameters\n\tat io.appium.uiautomator2.utils.ElementLocationHelpers.findElement(ElementLocationHelpers.java:156)\n\tat io.appium.uiautomator2.handler.FindElement.safeHandle(FindElement.java:60)\n\tat io.appium.uiautomator2.handler.request.SafeRequestHandler.handle(SafeRequestHandler.java:59)\n\tat io.appium.uiautomator2.server.AppiumServlet.handleRequest(AppiumServlet.java:259)\n\tat io.appium.uiautomator2.server.AppiumServlet.handleHttpRequest(AppiumServlet.java:253)\n\tat io.appium.uiautomator2.http.ServerHandler.channelRead(ServerHandler.java:77)\n\tat io.netty.channel.AbstractChannelHandlerContext.invokeChannelRead(AbstractChannelHandlerContext.java:374)\n\tat io.netty.channel.AbstractChannelHandlerContext.invokeChannelRead(AbstractChannelHandlerContext.java:360)\n\tat io.netty.channel.AbstractChannelHandlerContext.fireChannelRead(AbstractChannelHandlerContext.java:352)\n\tat io.netty.handler.codec.MessageToMessageDecoder.channelRead(MessageToMessageDecoder.java:102)\n\tat io.netty.channel.AbstractChannelHandlerContext.invokeChannelRead(AbstractChannelHandlerContext.java:374)\n\tat io.netty.channel.AbstractChannelHandlerContext.invokeChannelRead(AbstractChannelHandlerContext.java:360)\n\tat io.netty.channel.AbstractChannelHandlerContext.fireChannelRead(AbstractChannelHandlerContext.java:352)\n\tat io.netty.channel.CombinedChannelDuplexHandler$DelegatingChannelHandlerContext.fireChannelRead(CombinedChannelDuplexHandler.java:438)\n\tat io.netty.handler.codec.ByteToMessageDecoder.fireChannelRead(ByteToMessageDecoder.java:328)\n\tat io.netty.handler.codec.ByteToMessageDecoder.channelRead(ByteToMessageDecoder.java:302)\n\tat io.netty.channel.CombinedChannelDuplexHandler.channelRead(CombinedChannelDuplexHandler.java:253)\n\tat io.netty.channel.AbstractChannelHandlerContext.invokeChannelRead(AbstractChannelHandlerContext.java:374)\n\tat io.netty.channel.AbstractChannelHandlerContext.invokeChannelRead(AbstractChannelHandlerContext.java:360)\n\tat io.netty.channel.AbstractChannelHandlerContext.fireChannelRead(AbstractChannelHandlerContext.java:352)\n\tat io.netty.handler.timeout.IdleStateHandler.channelRead(IdleStateHandler.java:287)\n\tat io.netty.channel.AbstractChannelHandlerContext.invokeChannelRead(AbstractChannelHandlerContext.java:374)\n\tat io.netty.channel.AbstractChannelHandlerContext.invokeChannelRead(AbstractChannelHandlerContext.java:360)\n\tat io.netty.channel.AbstractChannelHandlerContext.fireChannelRead(AbstractChannelHandlerContext.java:352)\n\tat io.netty.channel.DefaultChannelPipeline$HeadContext.channelRead(DefaultChannelPipeline.java:1422)\n\tat io.netty.channel.AbstractChannelHandlerContext.invokeChannelRead(AbstractChannelHandlerContext.java:374)\n\tat io.netty.channel.AbstractChannelHandlerContext.invokeChannelRead(AbstractChannelHandlerContext.java:360)\n\tat io.netty.channel.DefaultChannelPipeline.fireChannelRead(DefaultChannelPipeline.java:931)\n\tat io.netty.channel.nio.AbstractNioByteChannel$NioByteUnsafe.read(AbstractNioByteChannel.java:163)\n\tat io.netty.channel.nio.NioEventLoop.processSelectedKey(NioEventLoop.java:700)\n\tat io.netty.channel.nio.NioEventLoop.processSelectedKeysOptimized(NioEventLoop.java:635)\n\tat io.netty.channel.nio.NioEventLoop.processSelectedKeys(NioEventLoop.java:552)\n\tat io.netty.channel.nio.NioEventLoop.run(NioEventLoop.java:514)\n\tat io.netty.util.concurrent.SingleThreadEventExecutor$6.run(SingleThreadEventExecutor.java:1044)\n\tat io.netty.util.internal.ThreadExecutorMap$2.run(ThreadExecutorMap.java:74)\n\tat io.netty.util.concurrent.FastThreadLocalRunnable.run(FastThreadLocalRunnable.java:30)\n\tat java.lang.Thread.run(Thread.java:1012)\n"}}
Thu Jul 30 09:00:52 UTC 2026 | ALL | 07-30 09:00:51.211  3232  3434 E MDD     : DownloadProgressMonitor: Can't find file group for uri: android://com.google.android.apps.messaging/files/datadownload/shared/public/datadownloadfile_1785401964988
Thu Jul 30 09:00:52 UTC 2026 | ALL | 07-30 09:00:51.212  3232  3378 D dasx    : Starting download: https://fonts.gstatic.com/s/e/notoemoji/16.0/1f50b/lottie.json
Thu Jul 30 09:00:52 UTC 2026 | ALL | 07-30 09:00:51.212  3232  3378 V dasx    : Is http uri, downloading (uri: https://fonts.gstatic.com/s/e/notoemoji/16.0/1f50b/lottie.json)
Thu Jul 30 09:00:52 UTC 2026 | ALL | 07-30 09:00:51.216  3232  3370 D dasx    : Starting download: https://fonts.gstatic.com/s/e/notoemoji/16.0/1faab/lottie.json
Thu Jul 30 09:00:52 UTC 2026 | ALL | 07-30 09:00:51.216  3232  3370 V dasx    : Is http uri, downloading (uri: https://fonts.gstatic.com/s/e/notoemoji/16.0/1faab/lottie.json)
Thu Jul 30 09:00:52 UTC 2026 | ALL | 07-30 09:00:51.221  3232  3378 E MDD     : DownloadProgressMonitor: Can't find file group for uri: android://com.google.android.apps.messaging/files/datadownload/shared/public/datadownloadfile_1785401964989
Thu Jul 30 09:00:52 UTC 2026 | ALL | 07-30 09:00:51.225  3232  3370 E MDD     : DownloadProgressMonitor: Can't find file group for uri: android://com.google.android.apps.messaging/files/datadownload/shared/public/datadownloadfile_1785401964990
Thu Jul 30 09:00:52 UTC 2026 | ALL | 07-30 09:00:51.228  3232  3434 D dasx    : Starting download: https://fonts.gstatic.com/s/e/notoemoji/16.0/1f4b8/lottie.json
Thu Jul 30 09:00:52 UTC 2026 | ALL | 07-30 09:00:51.228  3232  3434 V dasx    : Is http uri, downloading (uri: https://fonts.gstatic.com/s/e/notoemoji/16.0/1f4b8/lottie.json)
Thu Jul 30 09:00:52 UTC 2026 | ALL | 07-30 09:00:51.235  3232  3434 E MDD     : DownloadProgressMonitor: Can't find file group for uri: android://com.google.android.apps.messaging/files/datadownload/shared/public/datadownloadfile_1785401964991
Thu Jul 30 09:00:52 UTC 2026 | ALL | 07-30 09:00:51.239  3232  3378 D dasx    : Starting download: https://fonts.gstatic.com/s/e/notoemoji/16.0/1f48e/lottie.json
Thu Jul 30 09:00:52 UTC 2026 | ALL | 07-30 09:00:51.239  3232  3378 V dasx    : Is http uri, downloading (uri: https://fonts.gstatic.com/s/e/notoemoji/16.0/1f48e/lottie.json)
Thu Jul 30 09:00:52 UTC 2026 | ALL | 07-30 09:00:51.243  3232  3370 D dasx    : Starting download: https://fonts.gstatic.com/s/e/notoemoji/16.0/2696_fe0f/lottie.json
Thu Jul 30 09:00:52 UTC 2026 | ALL | 07-30 09:00:51.243  3232  3370 V dasx    : Is http uri, downloading (uri: https://fonts.gstatic.com/s/e/notoemoji/16.0/2696_fe0f/lottie.json)
Thu Jul 30 09:00:52 UTC 2026 | ALL | 07-30 09:00:51.450  3232  3378 E MDD     : DownloadProgressMonitor: Can't find file group for uri: android://com.google.android.apps.messaging/files/datadownload/shared/public/datadownloadfile_1785401964992
Thu Jul 30 09:00:52 UTC 2026 | ALL | 07-30 09:00:51.452  3232  3370 E MDD     : DownloadProgressMonitor: Can't find file group for uri: android://com.google.android.apps.messaging/files/datadownload/shared/public/datadownloadfile_1785401964993
Thu Jul 30 09:00:52 UTC 2026 | ALL | 07-30 09:00:51.455  3232  3434 D dasx    : Starting download: https://fonts.gstatic.com/s/e/notoemoji/16.0/1f4a1/lottie.json
Thu Jul 30 09:00:52 UTC 2026 | ALL | 07-30 09:00:51.455  3232  3434 V dasx    : Is http uri, downloading (uri: https://fonts.gstatic.com/s/e/notoemoji/16.0/1f4a1/lottie.json)
Thu Jul 30 09:00:52 UTC 2026 | ALL | 07-30 09:00:51.456  3232  3370 D dasx    : Starting download: https://fonts.gstatic.com/s/e/notoemoji/16.0/1f393/lottie.json
Thu Jul 30 09:00:52 UTC 2026 | ALL | 07-30 09:00:51.456  3232  3370 V dasx    : Is http uri, downloading (uri: https://fonts.gstatic.com/s/e/notoemoji/16.0/1f393/lottie.json)
Thu Jul 30 09:00:52 UTC 2026 | ALL | 07-30 09:00:51.461  3232  3370 E MDD     : DownloadProgressMonitor: Can't find file group for uri: android://com.google.android.apps.messaging/files/datadownload/shared/public/datadownloadfile_1785401964995
Thu Jul 30 09:00:52 UTC 2026 | ALL | 07-30 09:00:51.466  3232  3434 E MDD     : DownloadProgressMonitor: Can't find file group for uri: android://com.google.android.apps.messaging/files/datadownload/shared/public/datadownloadfile_1785401964994
Thu Jul 30 09:00:52 UTC 2026 | ALL | 07-30 09:00:51.467   560  1619 D OomAdjuster: Not killing cached processes
Thu Jul 30 09:00:52 UTC 2026 | ALL | 07-30 09:00:51.471  3232  3378 D dasx    : Starting download: https://fonts.gstatic.com/s/e/notoemoji/16.0/2602_fe0f/lottie.json
Thu Jul 30 09:00:52 UTC 2026 | ALL | 07-30 09:00:51.471  3232  3378 V dasx    : Is http uri, downloading (uri: https://fonts.gstatic.com/s/e/notoemoji/16.0/2602_fe0f/lottie.json)
Thu Jul 30 09:00:52 UTC 2026 | ALL | 07-30 09:00:51.475  3232  3434 D dasx    : Starting download: https://fonts.gstatic.com/s/e/notoemoji/16.0/2699_fe0f/lottie.json
Thu Jul 30 09:00:52 UTC 2026 | ALL | 07-30 09:00:51.475  3232  3434 V dasx    : Is http uri, downloading (uri: https://fonts.gstatic.com/s/e/notoemoji/16.0/2699_fe0f/lottie.json)
Thu Jul 30 09:00:52 UTC 2026 | ALL | 07-30 09:00:51.478  3232  3378 E MDD     : DownloadProgressMonitor: Can't find file group for uri: android://com.google.android.apps.messaging/files/datadownload/shared/public/datadownloadfile_1785401964996
Thu Jul 30 09:00:52 UTC 2026 | ALL | 07-30 09:00:51.479  3232  3370 D dasx    : Starting download: https://fonts.gstatic.com/s/e/notoemoji/16.0/270f_fe0f/lottie.json
Thu Jul 30 09:00:52 UTC 2026 | ALL | 07-30 09:00:51.479  3232  3370 V dasx    : Is http uri, downloading (uri: https://fonts.gstatic.com/s/e/notoemoji/16.0/270f_fe0f/lottie.json)
Thu Jul 30 09:00:52 UTC 2026 | ALL | 07-30 09:00:51.481  3232  3434 E MDD     : DownloadProgressMonitor: Can't find file group for uri: android://com.google.android.apps.messaging/files/datadownload/shared/public/datadownloadfile_1785401964997
Thu Jul 30 09:00:52 UTC 2026 | ALL | 07-30 09:00:51.483  3232  3378 D dasx    : Starting download: https://fonts.gstatic.com/s/e/notoemoji/16.0/23f0/lottie.json
Thu Jul 30 09:00:52 UTC 2026 | ALL | 07-30 09:00:51.483  3232  3378 V dasx    : Is http uri, downloading (uri: https://fonts.gstatic.com/s/e/notoemoji/16.0/23f0/lottie.json)
Thu Jul 30 09:00:52 UTC 2026 | ALL | 07-30 09:00:51.486  3232  3370 E MDD     : DownloadProgressMonitor: Can't find file group for uri: android://com.google.android.apps.messaging/files/datadownload/shared/public/datadownloadfile_1785401964998
Thu Jul 30 09:00:52 UTC 2026 | ALL | 07-30 09:00:51.489  3232  3378 E MDD     : DownloadProgressMonitor: Can't find file group for uri: android://com.google.android.apps.messaging/files/datadownload/shared/public/datadownloadfile_1785401964999
Thu Jul 30 09:00:52 UTC 2026 | ALL | 07-30 09:00:51.491  3232  3434 D dasx    : Starting download: https://fonts.gstatic.com/s/e/notoemoji/16.0/1f6ce_fe0f/lottie.json
Thu Jul 30 09:00:52 UTC 2026 | ALL | 07-30 09:00:51.491  3232  3434 V dasx    : Is http uri, downloading (uri: https://fonts.gstatic.com/s/e/notoemoji/16.0/1f6ce_fe0f/lottie.json)
Thu Jul 30 09:00:52 UTC 2026 | ALL | 07-30 09:00:51.495  3232  3370 D dasx    : Starting download: https://fonts.gstatic.com/s/e/notoemoji/16.0/1f514/lottie.json
Thu Jul 30 09:00:52 UTC 2026 | ALL | 07-30 09:00:51.495  3232  3370 V dasx    : Is http uri, downloading (uri: https://fonts.gstatic.com/s/e/notoemoji/16.0/1f514/lottie.json)
Thu Jul 30 09:00:52 UTC 2026 | ALL | 07-30 09:00:51.500  3232  3434 E MDD     : DownloadProgressMonitor: Can't find file group for uri: android://com.google.android.apps.messaging/files/datadownload/shared/public/datadownloadfile_1785401965000
Thu Jul 30 09:00:52 UTC 2026 | ALL | 07-30 09:00:51.504  3232  3378 D dasx    : Starting download: https://fonts.gstatic.com/s/e/notoemoji/16.0/1f52e/lottie.json
Thu Jul 30 09:00:52 UTC 2026 | ALL | 07-30 09:00:51.505  3232  3378 V dasx    : Is http uri, downloading (uri: https://fonts.gstatic.com/s/e/notoemoji/16.0/1f52e/lottie.json)
Thu Jul 30 09:00:52 UTC 2026 | ALL | 07-30 09:00:51.506  3232  3370 E MDD     : DownloadProgressMonitor: Can't find file group for uri: android://com.google.android.apps.messaging/files/datadownload/shared/public/datadownloadfile_1785401965001
Thu Jul 30 09:00:52 UTC 2026 | ALL | 07-30 09:00:51.509  3232  3434 D dasx    : Starting download: https://fonts.gstatic.com/s/e/notoemoji/16.0/2648/lottie.json
Thu Jul 30 09:00:52 UTC 2026 | ALL | 07-30 09:00:51.509  3232  3434 V dasx    : Is http uri, downloading (uri: https://fonts.gstatic.com/s/e/notoemoji/16.0/2648/lottie.json)
Thu Jul 30 09:00:52 UTC 2026 | ALL | 07-30 09:00:51.634  1226  4470 I NetworkScheduler.Stats: Task com.google.android.gms/com.google.android.gms.droidguard.DroidGuardGcmTaskService started execution. cause:7 exec_start_elapsed_seconds: 173 [CONTEXT service_id=218 ]
Thu Jul 30 09:00:52 UTC 2026 | ALL | 07-30 09:00:51.644  1226  4473 I NetworkScheduler.Stats: Task com.google.android.gms/com.google.android.gms.droidguard.DroidGuardGcmTaskService finished executing. cause:7 result: 1 elapsed_millis: 13 uptime_millis: 13 exec_start_elapsed_seconds: 173 [CONTEXT service_id=218 ]
Thu Jul 30 09:00:52 UTC 2026 | ALL | 07-30 09:00:51.650  2201  2468 D TrafficStats: tagSocket(118) with statsTag=0x1803, statsUid=10143
Thu Jul 30 09:00:52 UTC 2026 | ALL | 07-30 09:00:51.659  1226  4469 I NetworkScheduler.Stats: Task com.google.android.gms/com.google.android.gms.auth.account.be.legacy.AuthCronService started execution. cause:5 exec_start_elapsed_seconds: 173 [CONTEXT service_id=218 ]
Thu Jul 30 09:00:52 UTC 2026 | ALL | 07-30 09:00:51.665  1226  4469 I NetworkScheduler.Stats: Task com.google.android.gms/com.google.android.gms.auth.account.be.legacy.AuthCronService finished executing. cause:5 result: 3 elapsed_millis: 8 uptime_millis: 8 exec_start_elapsed_seconds: 173 [CONTEXT service_id=218 ]
Thu Jul 30 09:00:52 UTC 2026 | ALL | 07-30 09:00:51.693  1412  1419 W gle.android.gms: ApkAssets: Deleting an ApkAssets object '<empty> and /data/app/~~AdKyvMKlMAcSB_bUTTvV8w==/com.example.moneymap-x9mLRHE3hEo3hg6UH2Kykg==/base.apk' with 1 weak references
Thu Jul 30 09:00:52 UTC 2026 | ALL | 07-30 09:00:51.693  1412  1419 W gle.android.gms: ApkAssets: Deleting an ApkAssets object '<empty> and /product/priv-app/Velvet/Velvet.apk' with 1 weak references
Thu Jul 30 09:00:52 UTC 2026 | ALL | 07-30 09:00:51.713  3232  3434 E MDD     : DownloadProgressMonitor: Can't find file group for uri: android://com.google.android.apps.messaging/files/datadownload/shared/public/datadownloadfile_1785401965003
Thu Jul 30 09:00:52 UTC 2026 | ALL | 07-30 09:00:51.715  3232  3378 E MDD     : DownloadProgressMonitor: Can't find file group for uri: android://com.google.android.apps.messaging/files/datadownload/shared/public/datadownloadfile_1785401965002
Thu Jul 30 09:00:52 UTC 2026 | ALL | 07-30 09:00:51.721  4162  4220 I appium  : channel read: POST /session/0ec58237-84ed-40bd-bf67-28bb2b70cae2/element
Thu Jul 30 09:00:52 UTC 2026 | ALL | 07-30 09:00:51.721  4162  4220 I appium  : FindElement command
Thu Jul 30 09:00:52 UTC 2026 | ALL | 07-30 09:00:51.722  4162  4220 I appium  : method: 'xpath', selector: '//android.widget.EditText[@text='your.email@example.com' or @hint='your.email@example.com' or @text='Email Address' or @index='0']'
Thu Jul 30 09:00:52 UTC 2026 | ALL | 07-30 09:00:51.722  4162  4220 I appium  : Waiting up to 10000ms for the device to idle
Thu Jul 30 09:00:52 UTC 2026 | ALL | 07-30 09:00:51.723  3232  3370 D dasx    : Starting download: https://fonts.gstatic.com/s/e/notoemoji/16.0/2649/lottie.json
Thu Jul 30 09:00:52 UTC 2026 | ALL | 07-30 09:00:51.723  3232  3370 V dasx    : Is http uri, downloading (uri: https://fonts.gstatic.com/s/e/notoemoji/16.0/2649/lottie.json)
Thu Jul 30 09:00:52 UTC 2026 | ALL | 07-30 09:00:51.725  3232  3378 D dasx    : Starting download: https://fonts.gstatic.com/s/e/notoemoji/16.0/264a/lottie.json
Thu Jul 30 09:00:52 UTC 2026 | ALL | 07-30 09:00:51.725  4162  4220 I appium  : The following attributes will be included to the page source: [index, text, hint]
Thu Jul 30 09:00:52 UTC 2026 | ALL | 07-30 09:00:51.725  3232  3378 V dasx    : Is http uri, downloading (uri: https://fonts.gstatic.com/s/e/notoemoji/16.0/264a/lottie.json)
Thu Jul 30 09:00:52 UTC 2026 | ALL | 07-30 09:00:51.731  3232  3370 E MDD     : DownloadProgressMonitor: Can't find file group for uri: android://com.google.android.apps.messaging/files/datadownload/shared/public/datadownloadfile_1785401965004
Thu Jul 30 09:00:52 UTC 2026 | ALL | 07-30 09:00:51.732  3232  3378 E MDD     : DownloadProgressMonitor: Can't find file group for uri: android://com.google.android.apps.messaging/files/datadownload/shared/public/datadownloadfile_1785401965005
Thu Jul 30 09:00:52 UTC 2026 | ALL | 07-30 09:00:51.740  3232  3434 D dasx    : Starting download: https://fonts.gstatic.com/s/e/notoemoji/16.0/264b/lottie.json
Thu Jul 30 09:00:52 UTC 2026 | ALL | 07-30 09:00:51.741  3232  3434 V dasx    : Is http uri, downloading (uri: https://fonts.gstatic.com/s/e/notoemoji/16.0/264b/lottie.json)
Thu Jul 30 09:00:52 UTC 2026 | ALL | 07-30 09:00:51.747  3232  3370 D dasx    : Starting download: https://fonts.gstatic.com/s/e/notoemoji/16.0/264c/lottie.json
Thu Jul 30 09:00:52 UTC 2026 | ALL | 07-30 09:00:51.747  3232  3370 V dasx    : Is http uri, downloading (uri: https://fonts.gstatic.com/s/e/notoemoji/16.0/264c/lottie.json)
Thu Jul 30 09:00:52 UTC 2026 | ALL | 07-30 09:00:51.752  4162  4220 I appium  : Took 0ms to retrieve 0 matches for '//android.widget.EditText[@text='your.email@example.com' or @hint='your.email@example.com' or @text='Email Address' or @index='0']' XPath2 query
Thu Jul 30 09:00:52 UTC 2026 | ALL | 07-30 09:00:51.754  4162  4220 I appium  : AppiumResponse: {"sessionId":"0ec58237-84ed-40bd-bf67-28bb2b70cae2","value":{"error":"no such element","message":"An element could not be located on the page using the given search parameters","stacktrace":"io.appium.uiautomator2.common.exceptions.ElementNotFoundException: An element could not be located on the page using the given search parameters\n\tat io.appium.uiautomator2.utils.ElementLocationHelpers.findElement(ElementLocationHelpers.java:156)\n\tat io.appium.uiautomator2.handler.FindElement.safeHandle(FindElement.java:60)\n\tat io.appium.uiautomator2.handler.request.SafeRequestHandler.handle(SafeRequestHandler.java:59)\n\tat io.appium.uiautomator2.server.AppiumServlet.handleRequest(AppiumServlet.java:259)\n\tat io.appium.uiautomator2.server.AppiumServlet.handleHttpRequest(AppiumServlet.java:253)\n\tat io.appium.uiautomator2.http.ServerHandler.channelRead(ServerHandler.java:77)\n\tat io.netty.channel.AbstractChannelHandlerContext.invokeChannelRead(AbstractChannelHandlerContext.java:374)\n\tat io.netty.channel.AbstractChannelHandlerContext.invokeChannelRead(AbstractChannelHandlerContext.java:360)\n\tat io.netty.channel.AbstractChannelHandlerContext.fireChannelRead(AbstractChannelHandlerContext.java:352)\n\tat io.netty.handler.codec.MessageToMessageDecoder.channelRead(MessageToMessageDecoder.java:102)\n\tat io.netty.channel.AbstractChannelHandlerContext.invokeChannelRead(AbstractChannelHandlerContext.java:374)\n\tat io.netty.channel.AbstractChannelHandlerContext.invokeChannelRead(AbstractChannelHandlerContext.java:360)\n\tat io.netty.channel.AbstractChannelHandlerContext.fireChannelRead(AbstractChannelHandlerContext.java:352)\n\tat io.netty.channel.CombinedChannelDuplexHandler$DelegatingChannelHandlerContext.fireChannelRead(CombinedChannelDuplexHandler.java:438)\n\tat io.netty.handler.codec.ByteToMessageDecoder.fireChannelRead(ByteToMessageDecoder.java:328)\n\tat io.netty.handler.codec.ByteToMessageDecoder.channelRead(ByteToMessageDecoder.java:302)\n\tat io.netty.channel.CombinedChannelDuplexHandler.channelRead(CombinedChannelDuplexHandler.java:253)\n\tat io.netty.channel.AbstractChannelHandlerContext.invokeChannelRead(AbstractChannelHandlerContext.java:374)\n\tat io.netty.channel.AbstractChannelHandlerContext.invokeChannelRead(AbstractChannelHandlerContext.java:360)\n\tat io.netty.channel.AbstractChannelHandlerContext.fireChannelRead(AbstractChannelHandlerContext.java:352)\n\tat io.netty.handler.timeout.IdleStateHandler.channelRead(IdleStateHandler.java:287)\n\tat io.netty.channel.AbstractChannelHandlerContext.invokeChannelRead(AbstractChannelHandlerContext.java:374)\n\tat io.netty.channel.AbstractChannelHandlerContext.invokeChannelRead(AbstractChannelHandlerContext.java:360)\n\tat io.netty.channel.AbstractChannelHandlerContext.fireChannelRead(AbstractChannelHandlerContext.java:352)\n\tat io.netty.channel.DefaultChannelPipeline$HeadContext.channelRead(DefaultChannelPipeline.java:1422)\n\tat io.netty.channel.AbstractChannelHandlerContext.invokeChannelRead(AbstractChannelHandlerContext.java:374)\n\tat io.netty.channel.AbstractChannelHandlerContext.invokeChannelRead(AbstractChannelHandlerContext.java:360)\n\tat io.netty.channel.DefaultChannelPipeline.fireChannelRead(DefaultChannelPipeline.java:931)\n\tat io.netty.channel.nio.AbstractNioByteChannel$NioByteUnsafe.read(AbstractNioByteChannel.java:163)\n\tat io.netty.channel.nio.NioEventLoop.processSelectedKey(NioEventLoop.java:700)\n\tat io.netty.channel.nio.NioEventLoop.processSelectedKeysOptimized(NioEventLoop.java:635)\n\tat io.netty.channel.nio.NioEventLoop.processSelectedKeys(NioEventLoop.java:552)\n\tat io.netty.channel.nio.NioEventLoop.run(NioEventLoop.java:514)\n\tat io.netty.util.concurrent.SingleThreadEventExecutor$6.run(SingleThreadEventExecutor.java:1044)\n\tat io.netty.util.internal.ThreadExecutorMap$2.run(ThreadExecutorMap.java:74)\n\tat io.netty.util.concurrent.FastThreadLocalRunnable.run(FastThreadLocalRunnable.java:30)\n\tat java.lang.Thread.run(Thread.java:1012)\n"}}
Thu Jul 30 09:00:52 UTC 2026 | ALL | 07-30 09:00:51.765  3232  3434 E MDD     : DownloadProgressMonitor: Can't find file group for uri: android://com.google.android.apps.messaging/files/datadownload/shared/public/datadownloadfile_1785401965006
Thu Jul 30 09:00:52 UTC 2026 | ALL | 07-30 09:00:51.766  3232  3370 E MDD     : DownloadProgressMonitor: Can't find file group for uri: android://com.google.android.apps.messaging/files/datadownload/shared/public/datadownloadfile_1785401965007
Thu Jul 30 09:00:52 UTC 2026 | ALL | 07-30 09:00:51.772  3232  3378 D dasx    : Starting download: https://fonts.gstatic.com/s/e/notoemoji/16.0/264d/lottie.json
Thu Jul 30 09:00:52 UTC 2026 | ALL | 07-30 09:00:51.772  3232  3378 V dasx    : Is http uri, downloading (uri: https://fonts.gstatic.com/s/e/notoemoji/16.0/264d/lottie.json)
Thu Jul 30 09:00:52 UTC 2026 | ALL | 07-30 09:00:51.776  3232  3370 D dasx    : Starting download: https://fonts.gstatic.com/s/e/notoemoji/16.0/264e/lottie.json
Thu Jul 30 09:00:52 UTC 2026 | ALL | 07-30 09:00:51.776  3232  3370 V dasx    : Is http uri, downloading (uri: https://fonts.gstatic.com/s/e/notoemoji/16.0/264e/lottie.json)
Thu Jul 30 09:00:52 UTC 2026 | ALL | 07-30 09:00:51.782  3232  3370 E MDD     : DownloadProgressMonitor: Can't find file group for uri: android://com.google.android.apps.messaging/files/datadownload/shared/public/datadownloadfile_1785401965009
Thu Jul 30 09:00:52 UTC 2026 | ALL | 07-30 09:00:51.785  3232  3378 E MDD     : DownloadProgressMonitor: Can't find file group for uri: android://com.google.android.apps.messaging/files/datadownload/shared/public/datadownloadfile_1785401965008
Thu Jul 30 09:00:52 UTC 2026 | ALL | 07-30 09:00:51.792  3232  3434 D dasx    : Starting download: https://fonts.gstatic.com/s/e/notoemoji/16.0/264f/lottie.json
Thu Jul 30 09:00:52 UTC 2026 | ALL | 07-30 09:00:51.792  3232  3434 V dasx    : Is http uri, downloading (uri: https://fonts.gstatic.com/s/e/notoemoji/16.0/264f/lottie.json)
Thu Jul 30 09:00:52 UTC 2026 | ALL | 07-30 09:00:51.796  3232  3370 D dasx    : Starting download: https://fonts.gstatic.com/s/e/notoemoji/16.0/2650/lottie.json
Thu Jul 30 09:00:52 UTC 2026 | ALL | 07-30 09:00:51.796  3232  3370 V dasx    : Is http uri, downloading (uri: https://fonts.gstatic.com/s/e/notoemoji/16.0/2650/lottie.json)
Thu Jul 30 09:00:52 UTC 2026 | ALL | 07-30 09:00:51.801  3232  3434 E MDD     : DownloadProgressMonitor: Can't find file group for uri: android://com.google.android.apps.messaging/files/datadownload/shared/public/datadownloadfile_1785401965010
Thu Jul 30 09:00:52 UTC 2026 | ALL | 07-30 09:00:51.804  3232  3370 E MDD     : DownloadProgressMonitor: Can't find file group for uri: android://com.google.android.apps.messaging/files/datadownload/shared/public/datadownloadfile_1785401965011
Thu Jul 30 09:00:52 UTC 2026 | ALL | 07-30 09:00:51.808  3232  3378 D dasx    : Starting download: https://fonts.gstatic.com/s/e/notoemoji/16.0/2651/lottie.json
Thu Jul 30 09:00:52 UTC 2026 | ALL | 07-30 09:00:51.808  3232  3378 V dasx    : Is http uri, downloading (uri: https://fonts.gstatic.com/s/e/notoemoji/16.0/2651/lottie.json)
Thu Jul 30 09:00:52 UTC 2026 | ALL | 07-30 09:00:51.810  3232  3434 D dasx    : Starting download: https://fonts.gstatic.com/s/e/notoemoji/16.0/2652/lottie.json
Thu Jul 30 09:00:52 UTC 2026 | ALL | 07-30 09:00:51.810  3232  3434 V dasx    : Is http uri, downloading (uri: https://fonts.gstatic.com/s/e/notoemoji/16.0/2652/lottie.json)
Thu Jul 30 09:00:52 UTC 2026 | ALL | 07-30 09:00:51.813  3232  3378 E MDD     : DownloadProgressMonitor: Can't find file group for uri: android://com.google.android.apps.messaging/files/datadownload/shared/public/datadownloadfile_1785401965012
Thu Jul 30 09:00:52 UTC 2026 | ALL | 07-30 09:00:51.818  3232  3434 E MDD     : DownloadProgressMonitor: Can't find file group for uri: android://com.google.android.apps.messaging/files/datadownload/shared/public/datadownloadfile_1785401965013
Thu Jul 30 09:00:52 UTC 2026 | ALL | 07-30 09:00:51.825  3232  3370 D dasx    : Starting download: https://fonts.gstatic.com/s/e/notoemoji/16.0/2653/lottie.json
Thu Jul 30 09:00:52 UTC 2026 | ALL | 07-30 09:00:51.825  3232  3370 V dasx    : Is http uri, downloading (uri: https://fonts.gstatic.com/s/e/notoemoji/16.0/2653/lottie.json)
Thu Jul 30 09:00:52 UTC 2026 | ALL | 07-30 09:00:51.826  3232  3378 D dasx    : Starting download: https://fonts.gstatic.com/s/e/notoemoji/16.0/26ce/lottie.json
Thu Jul 30 09:00:52 UTC 2026 | ALL | 07-30 09:00:51.826  3232  3378 V dasx    : Is http uri, downloading (uri: https://fonts.gstatic.com/s/e/notoemoji/16.0/26ce/lottie.json)
Thu Jul 30 09:00:52 UTC 2026 | ALL | 07-30 09:00:51.832  3232  3370 E MDD     : DownloadProgressMonitor: Can't find file group for uri: android://com.google.android.apps.messaging/files/datadownload/shared/public/datadownloadfile_1785401965014
Thu Jul 30 09:00:52 UTC 2026 | ALL | 07-30 09:00:51.836  3232  3378 E MDD     : DownloadProgressMonitor: Can't find file group for uri: android://com.google.android.apps.messaging/files/datadownload/shared/public/datadownloadfile_1785401965015
Thu Jul 30 09:00:52 UTC 2026 | ALL | 07-30 09:00:51.840  3232  3434 D dasx    : Starting download: https://fonts.gstatic.com/s/e/notoemoji/16.0/2757/lottie.json
Thu Jul 30 09:00:52 UTC 2026 | ALL | 07-30 09:00:51.840  3232  3434 V dasx    : Is http uri, downloading (uri: https://fonts.gstatic.com/s/e/notoemoji/16.0/2757/lottie.json)
Thu Jul 30 09:00:52 UTC 2026 | ALL | 07-30 09:00:51.845  3232  3378 D dasx    : Starting download: https://fonts.gstatic.com/s/e/notoemoji/16.0/2753/lottie.json
Thu Jul 30 09:00:52 UTC 2026 | ALL | 07-30 09:00:51.845  3232  3378 V dasx    : Is http uri, downloading (uri: https://fonts.gstatic.com/s/e/notoemoji/16.0/2753/lottie.json)
Thu Jul 30 09:00:52 UTC 2026 | ALL | 07-30 09:00:51.848  3232  3434 E MDD     : DownloadProgressMonitor: Can't find file group for uri: android://com.google.android.apps.messaging/files/datadownload/shared/public/datadownloadfile_1785401965016
Thu Jul 30 09:00:52 UTC 2026 | ALL | 07-30 09:00:51.851  3232  3370 D dasx    : Starting download: https://fonts.gstatic.com/s/e/notoemoji/16.0/2049_fe0f/lottie.json
Thu Jul 30 09:00:52 UTC 2026 | ALL | 07-30 09:00:51.851  3232  3370 V dasx    : Is http uri, downloading (uri: https://fonts.gstatic.com/s/e/notoemoji/16.0/2049_fe0f/lottie.json)
Thu Jul 30 09:00:52 UTC 2026 | ALL | 07-30 09:00:51.851  3232  3378 E MDD     : DownloadProgressMonitor: Can't find file group for uri: android://com.google.android.apps.messaging/files/datadownload/shared/public/datadownloadfile_1785401965017
Thu Jul 30 09:00:52 UTC 2026 | ALL | 07-30 09:00:51.855  3232  3434 D dasx    : Starting download: https://fonts.gstatic.com/s/e/notoemoji/16.0/203c_fe0f/lottie.json
Thu Jul 30 09:00:52 UTC 2026 | ALL | 07-30 09:00:51.856  3232  3434 V dasx    : Is http uri, downloading (uri: https://fonts.gstatic.com/s/e/notoemoji/16.0/203c_fe0f/lottie.json)
Thu Jul 30 09:00:52 UTC 2026 | ALL | 07-30 09:00:51.860  3232  3370 E MDD     : DownloadProgressMonitor: Can't find file group for uri: android://com.google.android.apps.messaging/files/datadownload/shared/public/datadownloadfile_1785401965018
Thu Jul 30 09:00:52 UTC 2026 | ALL | 07-30 09:00:51.863  3232  3434 E MDD     : DownloadProgressMonitor: Can't find file group for uri: android://com.google.android.apps.messaging/files/datadownload/shared/public/datadownloadfile_1785401965019
Thu Jul 30 09:00:52 UTC 2026 | ALL | 07-30 09:00:51.869   560  1820 D WifiNl80211Manager: Scan result ready event
Thu Jul 30 09:00:52 UTC 2026 | ALL | 07-30 09:00:51.869   560  1820 D WifiNative: Scan result ready event
Thu Jul 30 09:00:52 UTC 2026 | ALL | 07-30 09:00:51.870  3232  3370 D dasx    : Starting download: https://fonts.gstatic.com/s/e/notoemoji/16.0/1f198/lottie.json
Thu Jul 30 09:00:52 UTC 2026 | ALL | 07-30 09:00:51.870  3232  3370 V dasx    : Is http uri, downloading (uri: https://fonts.gstatic.com/s/e/notoemoji/16.0/1f198/lottie.json)
Thu Jul 30 09:00:52 UTC 2026 | ALL | 07-30 09:00:51.872  3232  3378 D dasx    : Starting download: https://fonts.gstatic.com/s/e/notoemoji/16.0/274c/lottie.json
Thu Jul 30 09:00:52 UTC 2026 | ALL | 07-30 09:00:51.872  3232  3378 V dasx    : Is http uri, downloading (uri: https://fonts.gstatic.com/s/e/notoemoji/16.0/274c/lottie.json)
Thu Jul 30 09:00:52 UTC 2026 | ALL | 07-30 09:00:51.873   560   826 I HalDevMgr: bestIfaceCreationProposal is null, requestIface=STA, existingIface=[name=wlan0 type=STA]
Thu Jul 30 09:00:52 UTC 2026 | ALL | 07-30 09:00:51.879  1226  4469 W GLSUser : [DeviceKeyStore] Cannot load key: Device key file not found.
Thu Jul 30 09:00:52 UTC 2026 | ALL | 07-30 09:00:51.879  1226  4469 W GLSUser : [DeviceKeyStore] Cannot load key: Device key file not found.
Thu Jul 30 09:00:52 UTC 2026 | ALL | 07-30 09:00:51.883  3232  3378 E MDD     : DownloadProgressMonitor: Can't find file group for uri: android://com.google.android.apps.messaging/files/datadownload/shared/public/datadownloadfile_1785401965020
Thu Jul 30 09:00:52 UTC 2026 | ALL | 07-30 09:00:51.885  3232  3370 E MDD     : DownloadProgressMonitor: Can't find file group for uri: android://com.google.android.apps.messaging/files/datadownload/shared/public/datadownloadfile_1785401965021
Thu Jul 30 09:00:52 UTC 2026 | ALL | 07-30 09:00:51.887  3232  3434 D dasx    : Starting download: https://fonts.gstatic.com/s/e/notoemoji/16.0/1f4f4/lottie.json
Thu Jul 30 09:00:52 UTC 2026 | ALL | 07-30 09:00:51.887  3232  3434 V dasx    : Is http uri, downloading (uri: https://fonts.gstatic.com/s/e/notoemoji/16.0/1f4f4/lottie.json)
Thu Jul 30 09:00:52 UTC 2026 | ALL | 07-30 09:00:51.888  3232  3378 D dasx    : Starting download: https://fonts.gstatic.com/s/e/notoemoji/16.0/2705/lottie.json
Thu Jul 30 09:00:52 UTC 2026 | ALL | 07-30 09:00:51.888  3232  3378 V dasx    : Is http uri, downloading (uri: https://fonts.gstatic.com/s/e/notoemoji/16.0/2705/lottie.json)
Thu Jul 30 09:00:52 UTC 2026 | ALL | 07-30 09:00:52.093     0     0 I servicemanager: Caller(pid=174,uid=1017,sid=u:r:keystore:s0) Found android.hardware.security.keymint.IRemotelyProvisionedComponent/default in device VINTF manifest.
Thu Jul 30 09:00:52 UTC 2026 | ALL | 07-30 09:00:51.928   560  1619 I RemoteProvisionSysSvc: getRegistration(android.hardware.security.keymint.IRemotelyProvisionedComponent/default)
Thu Jul 30 09:00:52 UTC 2026 | ALL | 07-30 09:00:51.931  1226  4469 W GlsClientGrpc: Voilatile gRPC failure INVALID_ARGUMENT: Application credential header not valid. Please fix the client to pass a valid application credential header. [CONTEXT service_id=6 ]
Thu Jul 30 09:00:52 UTC 2026 | ALL | 07-30 09:00:51.931  1226  4469 W GlsClientGrpc: gbzz: INVALID_ARGUMENT: Application credential header not valid. Please fix the client to pass a valid application credential header.
Thu Jul 30 09:00:52 UTC 2026 | ALL | 07-30 09:00:51.931  1226  4469 W GlsClientGrpc: 	at gbzy.h(:com.google.android.gms@242335041@24.23.35 (190800-646585959):3)
Thu Jul 30 09:00:52 UTC 2026 | ALL | 07-30 09:00:51.931  1226  4469 W GlsClientGrpc: 	at anbi.u(:com.google.android.gms@242335041@24.23.35 (190800-646585959):29)
Thu Jul 30 09:00:52 UTC 2026 | ALL | 07-30 09:00:51.931  1226  4469 W GlsClientGrpc: 	at anbi.g(:com.google.android.gms@242335041@24.23.35 (190800-646585959):97)
Thu Jul 30 09:00:52 UTC 2026 | ALL | 07-30 09:00:51.931  1226  4469 W GlsClientGrpc: 	at efkz.b(:com.google.android.gms@242335041@24.23.35 (190800-646585959):39)
Thu Jul 30 09:00:52 UTC 2026 | ALL | 07-30 09:00:51.931  1226  4469 W GlsClientGrpc: 	at efkr.a(:com.google.android.gms@242335041@24.23.35 (190800-646585959):274)
Thu Jul 30 09:00:52 UTC 2026 | ALL | 07-30 09:00:51.931  1226  4469 W GlsClientGrpc: 	at ehaz.call(:com.google.android.gms@242335041@24.23.35 (190800-646585959):1026)
Thu Jul 30 09:00:52 UTC 2026 | ALL | 07-30 09:00:51.931  1226  4469 W GlsClientGrpc: 	at java.util.concurrent.FutureTask.run(FutureTask.java:264)
Thu Jul 30 09:00:52 UTC 2026 | ALL | 07-30 09:00:51.931  1226  4469 W GlsClientGrpc: 	at angs.c(:com.google.android.gms@242335041@24.23.35 (190800-646585959):50)
Thu Jul 30 09:00:52 UTC 2026 | ALL | 07-30 09:00:51.931  1226  4469 W GlsClientGrpc: 	at angs.run(:com.google.android.gms@242335041@24.23.35 (190800-646585959):76)
Thu Jul 30 09:00:52 UTC 2026 | ALL | 07-30 09:00:51.931  1226  4469 W GlsClientGrpc: 	at java.util.concurrent.ThreadPoolExecutor.runWorker(ThreadPoolExecutor.java:1145)
Thu Jul 30 09:00:52 UTC 2026 | ALL | 07-30 09:00:51.931  1226  4469 W GlsClientGrpc: 	at java.util.concurrent.ThreadPoolExecutor$Worker.run(ThreadPoolExecutor.java:644)
Thu Jul 30 09:00:52 UTC 2026 | ALL | 07-30 09:00:51.931  1226  4469 W GlsClientGrpc: 	at anmg.run(:com.google.android.gms@242335041@24.23.35 (190800-646585959):8)
Thu Jul 30 09:00:52 UTC 2026 | ALL | 07-30 09:00:51.931  1226  4469 W GlsClientGrpc: 	at java.lang.Thread.run(Thread.java:1012)
Thu Jul 30 09:00:52 UTC 2026 | ALL | 07-30 09:00:51.938  3232  3378 E MDD     : DownloadProgressMonitor: Can't find file group for uri: android://com.google.android.apps.messaging/files/datadownload/shared/public/datadownloadfile_1785401965023
Thu Jul 30 09:00:52 UTC 2026 | ALL | 07-30 09:00:51.938  3232  3434 E MDD     : DownloadProgressMonitor: Can't find file group for uri: android://com.google.android.apps.messaging/files/datadownload/shared/public/datadownloadfile_1785401965022
Thu Jul 30 09:00:52 UTC 2026 | ALL | 07-30 09:00:51.940  3232  3370 D dasx    : Starting download: https://fonts.gstatic.com/s/e/notoemoji/16.0/1f195/lottie.json
Thu Jul 30 09:00:52 UTC 2026 | ALL | 07-30 09:00:51.940  3232  3370 V dasx    : Is http uri, downloading (uri: https://fonts.gstatic.com/s/e/notoemoji/16.0/1f195/lottie.json)
Thu Jul 30 09:00:52 UTC 2026 | ALL | 07-30 09:00:51.942  3232  3378 D dasx    : Starting download: https://fonts.gstatic.com/s/e/notoemoji/16.0/1f193/lottie.json
Thu Jul 30 09:00:52 UTC 2026 | ALL | 07-30 09:00:51.943  3232  3378 V dasx    : Is http uri, downloading (uri: https://fonts.gstatic.com/s/e/notoemoji/16.0/1f193/lottie.json)
Thu Jul 30 09:00:52 UTC 2026 | ALL | 07-30 09:00:51.946   560  1619 D ActivityManager: sync unfroze 2572 com.google.android.rkpdapp for 6
Thu Jul 30 09:00:52 UTC 2026 | ALL | 07-30 09:00:51.949  3232  3378 E MDD     : DownloadProgressMonitor: Can't find file group for uri: android://com.google.android.apps.messaging/files/datadownload/shared/public/datadownloadfile_1785401965025
Thu Jul 30 09:00:52 UTC 2026 | ALL | 07-30 09:00:51.950  3232  3370 E MDD     : DownloadProgressMonitor: Can't find file group for uri: android://com.google.android.apps.messaging/files/datadownload/shared/public/datadownloadfile_1785401965024
Thu Jul 30 09:00:52 UTC 2026 | ALL | 07-30 09:00:51.952   560   560 I RegistrationProxy: onServiceConnected: com.android.rkpdapp.service.RemoteProvisioningService
Thu Jul 30 09:00:52 UTC 2026 | ALL | 07-30 09:00:51.957  1226  2005 I ActivityScheduler: nextTriggerTime: 357429, in 183737ms, detectorType: 39, FULL_TYPE alarmWindowMillis: 30000
Thu Jul 30 09:00:52 UTC 2026 | ALL | 07-30 09:00:51.957  3232  3434 D dasx    : Starting download: https://fonts.gstatic.com/s/e/notoemoji/16.0/1f199/lottie.json
Thu Jul 30 09:00:52 UTC 2026 | ALL | 07-30 09:00:51.957  3232  3434 V dasx    : Is http uri, downloading (uri: https://fonts.gstatic.com/s/e/notoemoji/16.0/1f199/lottie.json)
Thu Jul 30 09:00:52 UTC 2026 | ALL | 07-30 09:00:51.959   560  1820 I RegistrationProxy: IGetRegistrationCallback.onSuccess
Thu Jul 30 09:00:52 UTC 2026 | ALL | 07-30 09:00:51.961   560  1619 I RemoteProvisionSysSvc: Fetching key 10143 for client 104263878
Thu Jul 30 09:00:52 UTC 2026 | ALL | 07-30 09:00:51.961   560  1619 I RegistrationProxy: getKeyAsync operation started with callback 31787143
Thu Jul 30 09:00:52 UTC 2026 | ALL | 07-30 09:00:51.961  2572  2646 I RkpdRegistrationBinder: Key requested for : android.hardware.security.keymint.IRemotelyProvisionedComponent/default, clientUid: 1017, keyId: 10143, callback: 246657395
Thu Jul 30 09:00:52 UTC 2026 | ALL | 07-30 09:00:51.962  2572  2646 I RkpdRegistrationBinder: Key successfully assigned to client
Thu Jul 30 09:00:52 UTC 2026 | ALL | 07-30 09:00:51.962   560   560 I RemoteProvisionSysSvc: Successfully fetched key for client 104263878
Thu Jul 30 09:00:52 UTC 2026 | ALL | 07-30 09:00:52.121     0     0 I servicemanager: Caller(pid=2572,uid=10195,sid=u:r:rkpdapp:s0:c195,c256,c512,c768) Found android.hardware.security.keymint.IRemotelyProvisionedComponent/default in device VINTF manifest.
Thu Jul 30 09:00:52 UTC 2026 | ALL | 07-30 09:00:51.967  3232  3370 D dasx    : Starting download: https://fonts.gstatic.com/s/e/notoemoji/16.0/1f192/lottie.json
Thu Jul 30 09:00:52 UTC 2026 | ALL | 07-30 09:00:51.967  3232  3370 V dasx    : Is http uri, downloading (uri: https://fonts.gstatic.com/s/e/notoemoji/16.0/1f192/lottie.json)
Thu Jul 30 09:00:52 UTC 2026 | ALL | 07-30 09:00:51.969   179   179 D SoftKeymaster: system/keymaster/km_openssl/certificate_utils.cpp, Line 148: Using TAG_CERTIFICATE_NOT_BEFORE: 0
Thu Jul 30 09:00:52 UTC 2026 | ALL | 07-30 09:00:51.969   179   179 D SoftKeymaster: system/keymaster/km_openssl/certificate_utils.cpp, Line 154: Using TAG_CERTIFICATE_NOT_AFTER: 2461449600000
Thu Jul 30 09:00:52 UTC 2026 | ALL | 07-30 09:00:51.969   179   179 D SoftKeymaster: system/keymaster/km_openssl/certificate_utils.cpp, Line 159: Got certificate date params:  NotBefore = 0, NotAfter = 2461449600000
Thu Jul 30 09:00:52 UTC 2026 | ALL | 07-30 09:00:51.969   179   179 D SoftKeymaster: system/keymaster/km_openssl/certificate_utils.cpp, Line 273: Setting notBefore to 0
Thu Jul 30 09:00:52 UTC 2026 | ALL | 07-30 09:00:51.969   179   179 D SoftKeymaster: system/keymaster/km_openssl/certificate_utils.cpp, Line 282: Setting notAfter to 2461449600
Thu Jul 30 09:00:52 UTC 2026 | ALL | 07-30 09:00:51.970   361   361 I netd    : tetherGetStats() -> {[]} <1.42ms>
Thu Jul 30 09:00:52 UTC 2026 | ALL | 07-30 09:00:52.131     0     0 I servicemanager: Caller(pid=174,uid=1017,sid=u:r:keystore:s0) Found android.hardware.security.keymint.IRemotelyProvisionedComponent/default in device VINTF manifest.
Thu Jul 30 09:00:52 UTC 2026 | ALL | 07-30 09:00:51.975   560  1820 D BiometricService: Sensor ID(0), oemStrength: 15, updatedStrength: 15, modality 2, state: 0, cookie: 0, sensorId 0, hasEnrollments: false cannot participate in Keystore operations
Thu Jul 30 09:00:52 UTC 2026 | ALL | 07-30 09:00:51.975   560  1820 D BiometricService: Sensor ID(4), oemStrength: 15, updatedStrength: 15, modality 8, state: 0, cookie: 0, sensorId 4, hasEnrollments: false cannot participate in Keystore operations
Thu Jul 30 09:00:52 UTC 2026 | ALL | 07-30 09:00:52.004   560  1820 W ParceledListSlice: Element #14 is 37964 bytes.
Thu Jul 30 09:00:52 UTC 2026 | ALL | 07-30 09:00:52.005   560  1820 W ParceledListSlice: Element #15 is 18248 bytes.
Thu Jul 30 09:00:52 UTC 2026 | ALL | 07-30 09:00:52.005   560  1820 W ParceledListSlice: Element #22 is 30472 bytes.
Thu Jul 30 09:00:52 UTC 2026 | ALL | 07-30 09:00:52.005   560  1820 W ParceledListSlice: Overly large reply size: 88648
Thu Jul 30 09:00:53 UTC 2026 | ALL | 07-30 09:00:52.130  2201  4491 I EGL_emulation: Opening libGLESv1_CM_emulation.so
Thu Jul 30 09:00:53 UTC 2026 | ALL | 07-30 09:00:52.131  2201  4491 I EGL_emulation: Opening libGLESv2_emulation.so
Thu Jul 30 09:00:53 UTC 2026 | ALL | 07-30 09:00:52.163  3232  3434 E MDD     : DownloadProgressMonitor: Can't find file group for uri: android://com.google.android.apps.messaging/files/datadownload/shared/public/datadownloadfile_1785401965026
Thu Jul 30 09:00:53 UTC 2026 | ALL | 07-30 09:00:52.164  3232  3370 E MDD     : DownloadProgressMonitor: Can't find file group for uri: android://com.google.android.apps.messaging/files/datadownload/shared/public/datadownloadfile_1785401965027
Thu Jul 30 09:00:53 UTC 2026 | ALL | 07-30 09:00:52.168  3232  3378 D dasx    : Starting download: https://fonts.gstatic.com/s/e/notoemoji/16.0/1f6ae/lottie.json
Thu Jul 30 09:00:53 UTC 2026 | ALL | 07-30 09:00:52.168  3232  3370 D dasx    : Starting download: https://fonts.gstatic.com/s/e/notoemoji/16.0/1f3b6/lottie.json
Thu Jul 30 09:00:53 UTC 2026 | ALL | 07-30 09:00:52.168  3232  3370 V dasx    : Is http uri, downloading (uri: https://fonts.gstatic.com/s/e/notoemoji/16.0/1f3b6/lottie.json)
Thu Jul 30 09:00:53 UTC 2026 | ALL | 07-30 09:00:52.168  3232  3378 V dasx    : Is http uri, downloading (uri: https://fonts.gstatic.com/s/e/notoemoji/16.0/1f6ae/lottie.json)
Thu Jul 30 09:00:53 UTC 2026 | ALL | 07-30 09:00:52.173  3232  3378 E MDD     : DownloadProgressMonitor: Can't find file group for uri: android://com.google.android.apps.messaging/files/datadownload/shared/public/datadownloadfile_1785401965028
Thu Jul 30 09:00:53 UTC 2026 | ALL | 07-30 09:00:52.178  3232  3370 E MDD     : DownloadProgressMonitor: Can't find file group for uri: android://com.google.android.apps.messaging/files/datadownload/shared/public/datadownloadfile_1785401965029
Thu Jul 30 09:00:53 UTC 2026 | ALL | 07-30 09:00:52.179  3232  3434 D dasx    : Starting download: https://fonts.gstatic.com/s/e/notoemoji/16.0/2795/lottie.json
Thu Jul 30 09:00:53 UTC 2026 | ALL | 07-30 09:00:52.179  3232  3434 V dasx    : Is http uri, downloading (uri: https://fonts.gstatic.com/s/e/notoemoji/16.0/2795/lottie.json)
Thu Jul 30 09:00:53 UTC 2026 | ALL | 07-30 09:00:52.180  3232  3378 D dasx    : Starting download: https://fonts.gstatic.com/s/e/notoemoji/16.0/1f3c1/lottie.json
Thu Jul 30 09:00:53 UTC 2026 | ALL | 07-30 09:00:52.180  3232  3378 V dasx    : Is http uri, downloading (uri: https://fonts.gstatic.com/s/e/notoemoji/16.0/1f3c1/lottie.json)
Thu Jul 30 09:00:53 UTC 2026 | ALL | 07-30 09:00:52.263  4162  4220 I appium  : channel read: POST /session/0ec58237-84ed-40bd-bf67-28bb2b70cae2/element
Thu Jul 30 09:00:53 UTC 2026 | ALL | 07-30 09:00:52.263  4162  4220 I appium  : FindElement command
Thu Jul 30 09:00:53 UTC 2026 | ALL | 07-30 09:00:52.263  4162  4220 I appium  : method: 'xpath', selector: '//android.widget.EditText[@text='your.email@example.com' or @hint='your.email@example.com' or @text='Email Address' or @index='0']'
Thu Jul 30 09:00:53 UTC 2026 | ALL | 07-30 09:00:52.263  4162  4220 I appium  : Waiting up to 10000ms for the device to idle
Thu Jul 30 09:00:53 UTC 2026 | ALL | 07-30 09:00:52.265  4162  4220 I appium  : The following attributes will be included to the page source: [index, text, hint]
Thu Jul 30 09:00:53 UTC 2026 | ALL | 07-30 09:00:52.267  2201  4491 W SystemServiceRegistry: No service published for: persistent_data_block
Thu Jul 30 09:00:53 UTC 2026 | ALL | 07-30 09:00:52.272  4162  4170 I tomator2.server: Method exceeds compiler instruction limit: 19264 in java_cup.runtime.Symbol org.eclipse.wst.xml.xpath2.processor.internal.CUP$XPathCup$actions.CUP$XPathCup$do_action(int, java_cup.runtime.lr_parser, java.util.Stack, int)
Thu Jul 30 09:00:53 UTC 2026 | ALL | 07-30 09:00:52.282  4162  4220 I appium  : Took 0ms to retrieve 0 matches for '//android.widget.EditText[@text='your.email@example.com' or @hint='your.email@example.com' or @text='Email Address' or @index='0']' XPath2 query
Thu Jul 30 09:00:53 UTC 2026 | ALL | 07-30 09:00:52.283  4162  4220 I appium  : AppiumResponse: {"sessionId":"0ec58237-84ed-40bd-bf67-28bb2b70cae2","value":{"error":"no such element","message":"An element could not be located on the page using the given search parameters","stacktrace":"io.appium.uiautomator2.common.exceptions.ElementNotFoundException: An element could not be located on the page using the given search parameters\n\tat io.appium.uiautomator2.utils.ElementLocationHelpers.findElement(ElementLocationHelpers.java:156)\n\tat io.appium.uiautomator2.handler.FindElement.safeHandle(FindElement.java:60)\n\tat io.appium.uiautomator2.handler.request.SafeRequestHandler.handle(SafeRequestHandler.java:59)\n\tat io.appium.uiautomator2.server.AppiumServlet.handleRequest(AppiumServlet.java:259)\n\tat io.appium.uiautomator2.server.AppiumServlet.handleHttpRequest(AppiumServlet.java:253)\n\tat io.appium.uiautomator2.http.ServerHandler.channelRead(ServerHandler.java:77)\n\tat io.netty.channel.AbstractChannelHandlerContext.invokeChannelRead(AbstractChannelHandlerContext.java:374)\n\tat io.netty.channel.AbstractChannelHandlerContext.invokeChannelRead(AbstractChannelHandlerContext.java:360)\n\tat io.netty.channel.AbstractChannelHandlerContext.fireChannelRead(AbstractChannelHandlerContext.java:352)\n\tat io.netty.handler.codec.MessageToMessageDecoder.channelRead(MessageToMessageDecoder.java:102)\n\tat io.netty.channel.AbstractChannelHandlerContext.invokeChannelRead(AbstractChannelHandlerContext.java:374)\n\tat io.netty.channel.AbstractChannelHandlerContext.invokeChannelRead(AbstractChannelHandlerContext.java:360)\n\tat io.netty.channel.AbstractChannelHandlerContext.fireChannelRead(AbstractChannelHandlerContext.java:352)\n\tat io.netty.channel.CombinedChannelDuplexHandler$DelegatingChannelHandlerContext.fireChannelRead(CombinedChannelDuplexHandler.java:438)\n\tat io.netty.handler.codec.ByteToMessageDecoder.fireChannelRead(ByteToMessageDecoder.java:328)\n\tat io.netty.handler.codec.ByteToMessageDecoder.channelRead(ByteToMessageDecoder.java:302)\n\tat io.netty.channel.CombinedChannelDuplexHandler.channelRead(CombinedChannelDuplexHandler.java:253)\n\tat io.netty.channel.AbstractChannelHandlerContext.invokeChannelRead(AbstractChannelHandlerContext.java:374)\n\tat io.netty.channel.AbstractChannelHandlerContext.invokeChannelRead(AbstractChannelHandlerContext.java:360)\n\tat io.netty.channel.AbstractChannelHandlerContext.fireChannelRead(AbstractChannelHandlerContext.java:352)\n\tat io.netty.handler.timeout.IdleStateHandler.channelRead(IdleStateHandler.java:287)\n\tat io.netty.channel.AbstractChannelHandlerContext.invokeChannelRead(AbstractChannelHandlerContext.java:374)\n\tat io.netty.channel.AbstractChannelHandlerContext.invokeChannelRead(AbstractChannelHandlerContext.java:360)\n\tat io.netty.channel.AbstractChannelHandlerContext.fireChannelRead(AbstractChannelHandlerContext.java:352)\n\tat io.netty.channel.DefaultChannelPipeline$HeadContext.channelRead(DefaultChannelPipeline.java:1422)\n\tat io.netty.channel.AbstractChannelHandlerContext.invokeChannelRead(AbstractChannelHandlerContext.java:374)\n\tat io.netty.channel.AbstractChannelHandlerContext.invokeChannelRead(AbstractChannelHandlerContext.java:360)\n\tat io.netty.channel.DefaultChannelPipeline.fireChannelRead(DefaultChannelPipeline.java:931)\n\tat io.netty.channel.nio.AbstractNioByteChannel$NioByteUnsafe.read(AbstractNioByteChannel.java:163)\n\tat io.netty.channel.nio.NioEventLoop.processSelectedKey(NioEventLoop.java:700)\n\tat io.netty.channel.nio.NioEventLoop.processSelectedKeysOptimized(NioEventLoop.java:635)\n\tat io.netty.channel.nio.NioEventLoop.processSelectedKeys(NioEventLoop.java:552)\n\tat io.netty.channel.nio.NioEventLoop.run(NioEventLoop.java:514)\n\tat io.netty.util.concurrent.SingleThreadEventExecutor$6.run(SingleThreadEventExecutor.java:1044)\n\tat io.netty.util.internal.ThreadExecutorMap$2.run(ThreadExecutorMap.java:74)\n\tat io.netty.util.concurrent.FastThreadLocalRunnable.run(FastThreadLocalRunnable.java:30)\n\tat java.lang.Thread.run(Thread.java:1012)\n"}}
Thu Jul 30 09:00:53 UTC 2026 | ALL | 07-30 09:00:52.314   361  4495 I resolv  : GetAddrInfoHandler::run: {100 786532 100 983140 10143 0}
Thu Jul 30 09:00:53 UTC 2026 | ALL | 07-30 09:00:52.314  2201  4491 D TrafficStats: tagSocket(141) with statsTag=0x1809, statsUid=-1
Thu Jul 30 09:00:53 UTC 2026 | ALL | 07-30 09:00:52.315  2201  4491 D TrafficStats: tagSocket(141) with statsTag=0x1809, statsUid=-1
Thu Jul 30 09:00:53 UTC 2026 | ALL | 07-30 09:00:52.315  4162  4193 D TrafficStats: tagSocket(6) with statsTag=0xffffffff, statsUid=-1
Thu Jul 30 09:00:53 UTC 2026 | ALL | 07-30 09:00:52.317  2201  4491 D TrafficStats: tagSocket(141) with statsTag=0x1809, statsUid=-1
Thu Jul 30 09:00:53 UTC 2026 | ALL | 07-30 09:00:52.320  2201  4491 W libc    : Access denied finding property "persist.adb.tls_server.enable"
Thu Jul 30 09:00:53 UTC 2026 | ALL | 07-30 09:00:52.320  2201  4491 W libc    : Access denied finding property "service.adb.tls.port"
Thu Jul 30 09:00:53 UTC 2026 | ALL | 07-30 09:00:52.320  2201  2201 W IntentService[D: type=1400 audit(0.0:78): avc:  denied  { read } for  name="u:object_r:system_adbd_prop:s0" dev="tmpfs" ino=318 scontext=u:r:gmscore_app:s0:c512,c768 tcontext=u:object_r:system_adbd_prop:s0 tclass=file permissive=0 app=com.google.android.gms
Thu Jul 30 09:00:53 UTC 2026 | ALL | 07-30 09:00:52.320  2201  2201 W IntentService[D: type=1400 audit(0.0:79): avc:  denied  { read } for  name="u:object_r:adbd_prop:s0" dev="tmpfs" ino=63 scontext=u:r:gmscore_app:s0:c512,c768 tcontext=u:object_r:adbd_prop:s0 tclass=file permissive=0 app=com.google.android.gms
Thu Jul 30 09:00:53 UTC 2026 | ALL | 07-30 09:00:52.330   560  1820 D FileUtils: Rounded bytes from 2593193984 to 4000000000
Thu Jul 30 09:00:53 UTC 2026 | ALL | 07-30 09:00:52.372  3232  3378 E MDD     : DownloadProgressMonitor: Can't find file group for uri: android://com.google.android.apps.messaging/files/datadownload/shared/public/datadownloadfile_1785401965031
Thu Jul 30 09:00:53 UTC 2026 | ALL | 07-30 09:00:52.377  3232  3434 E MDD     : DownloadProgressMonitor: Can't find file group for uri: android://com.google.android.apps.messaging/files/datadownload/shared/public/datadownloadfile_1785401965030
Thu Jul 30 09:00:53 UTC 2026 | ALL | 07-30 09:00:52.381  3232  3370 D dasx    : Starting download: https://fonts.gstatic.com/s/e/notoemoji/16.0/1f6a9/lottie.json
Thu Jul 30 09:00:53 UTC 2026 | ALL | 07-30 09:00:52.381  3232  3370 V dasx    : Is http uri, downloading (uri: https://fonts.gstatic.com/s/e/notoemoji/16.0/1f6a9/lottie.json)
Thu Jul 30 09:00:53 UTC 2026 | ALL | 07-30 09:00:52.388  3232  3434 D dasx    : Starting download: https://fonts.gstatic.com/s/e/notoemoji/16.0/1f3f4/lottie.json
Thu Jul 30 09:00:53 UTC 2026 | ALL | 07-30 09:00:52.388  3232  3434 V dasx    : Is http uri, downloading (uri: https://fonts.gstatic.com/s/e/notoemoji/16.0/1f3f4/lottie.json)
Thu Jul 30 09:00:53 UTC 2026 | ALL | 07-30 09:00:52.390  3232  3370 E MDD     : DownloadProgressMonitor: Can't find file group for uri: android://com.google.android.apps.messaging/files/datadownload/shared/public/datadownloadfile_1785401965032
Thu Jul 30 09:00:53 UTC 2026 | ALL | 07-30 09:00:52.395  3232  3378 D dasx    : Starting download: https://fonts.gstatic.com/s/e/notoemoji/16.0/1f3f3_fe0f/lottie.json
Thu Jul 30 09:00:53 UTC 2026 | ALL | 07-30 09:00:52.395  3232  3378 V dasx    : Is http uri, downloading (uri: https://fonts.gstatic.com/s/e/notoemoji/16.0/1f3f3_fe0f/lottie.json)
Thu Jul 30 09:00:53 UTC 2026 | ALL | 07-30 09:00:52.396  3232  3434 E MDD     : DownloadProgressMonitor: Can't find file group for uri: android://com.google.android.apps.messaging/files/datadownload/shared/public/datadownloadfile_1785401965033
Thu Jul 30 09:00:53 UTC 2026 | ALL | 07-30 09:00:52.402  3232  3378 E MDD     : DownloadProgressMonitor: Can't find file group for uri: android://com.google.android.apps.messaging/files/datadownload/shared/public/datadownloadfile_1785401965034
Thu Jul 30 09:00:53 UTC 2026 | ALL | 07-30 09:00:52.409  3232  3370 D dasx    : Starting download: https://www.gstatic.com/messages/emoji/animated_emoji/animated_emojis_mapping.json_1742470951863
Thu Jul 30 09:00:53 UTC 2026 | ALL | 07-30 09:00:52.409  3232  3370 V dasx    : Is http uri, downloading (uri: https://www.gstatic.com/messages/emoji/animated_emoji/animated_emojis_mapping.json_1742470951863)
Thu Jul 30 09:00:53 UTC 2026 | ALL | 07-30 09:00:52.416  3232  3434 D dasx    : Starting download: https://www.gstatic.com/messages/effects/screen_effects/laugh_reaction_effect.binarypb_1698178504983
Thu Jul 30 09:00:53 UTC 2026 | ALL | 07-30 09:00:52.416  3232  3434 V dasx    : Is http uri, downloading (uri: https://www.gstatic.com/messages/effects/screen_effects/laugh_reaction_effect.binarypb_1698178504983)
Thu Jul 30 09:00:53 UTC 2026 | ALL | 07-30 09:00:52.432  3232  3370 E MDD     : DownloadProgressMonitor: Can't find file group for uri: android://com.google.android.apps.messaging/files/datadownload/shared/public/datadownloadfile_1785401965035
Thu Jul 30 09:00:53 UTC 2026 | ALL | 07-30 09:00:52.435  3232  3378 D dasx    : Starting download: https://www.gstatic.com/messages/effects/screen_effects/poop_reaction_effect.binarypb_1698178504983
Thu Jul 30 09:00:53 UTC 2026 | ALL | 07-30 09:00:52.436  3232  3378 V dasx    : Is http uri, downloading (uri: https://www.gstatic.com/messages/effects/screen_effects/poop_reaction_effect.binarypb_1698178504983)
Thu Jul 30 09:00:53 UTC 2026 | ALL | 07-30 09:00:52.442  3232  3434 E MDD     : DownloadProgressMonitor: Can't find file group for uri: android://com.google.android.apps.messaging/files/datadownload/shared/public/datadownloadfile_1785401965042
Thu Jul 30 09:00:53 UTC 2026 | ALL | 07-30 09:00:52.450  3232  3370 D dasx    : Starting download: https://www.gstatic.com/messages/effects/screen_effects/thumbs_down_reaction_effect.binarypb_1698178504983
Thu Jul 30 09:00:53 UTC 2026 | ALL | 07-30 09:00:52.451  3232  3370 V dasx    : Is http uri, downloading (uri: https://www.gstatic.com/messages/effects/screen_effects/thumbs_down_reaction_effect.binarypb_1698178504983)
Thu Jul 30 09:00:53 UTC 2026 | ALL | 07-30 09:00:52.460  3232  3378 E MDD     : DownloadProgressMonitor: Can't find file group for uri: android://com.google.android.apps.messaging/files/datadownload/shared/public/datadownloadfile_1785401965043
Thu Jul 30 09:00:53 UTC 2026 | ALL | 07-30 09:00:52.464  3232  3434 D dasx    : Starting download: https://www.gstatic.com/messages/effects/screen_effects/thumbs_up_reaction_effect.binarypb_1698178504983
Thu Jul 30 09:00:53 UTC 2026 | ALL | 07-30 09:00:52.464  3232  3434 V dasx    : Is http uri, downloading (uri: https://www.gstatic.com/messages/effects/screen_effects/thumbs_up_reaction_effect.binarypb_1698178504983)
Thu Jul 30 09:00:53 UTC 2026 | ALL | 07-30 09:00:52.477  3232  3370 E MDD     : DownloadProgressMonitor: Can't find file group for uri: android://com.google.android.apps.messaging/files/datadownload/shared/public/datadownloadfile_1785401965044
Thu Jul 30 09:00:53 UTC 2026 | ALL | 07-30 09:00:52.480  3232  3378 D dasx    : Starting download: https://www.gstatic.com/messages/effects/screen_effects/anger_reaction_effect.binarypb_1698178504983
Thu Jul 30 09:00:53 UTC 2026 | ALL | 07-30 09:00:52.480  3232  3378 V dasx    : Is http uri, downloading (uri: https://www.gstatic.com/messages/effects/screen_effects/anger_reaction_effect.binarypb_1698178504983)
Thu Jul 30 09:00:53 UTC 2026 | ALL | 07-30 09:00:52.497  3232  3434 E MDD     : DownloadProgressMonitor: Can't find file group for uri: android://com.google.android.apps.messaging/files/datadownload/shared/public/datadownloadfile_1785401965048
Thu Jul 30 09:00:53 UTC 2026 | ALL | 07-30 09:00:52.499  3232  3370 D dasx    : Starting download: https://www.gstatic.com/messages/effects/screen_effects/surprise_reaction_effect.binarypb_1698178504983
Thu Jul 30 09:00:53 UTC 2026 | ALL | 07-30 09:00:52.499  3232  3370 V dasx    : Is http uri, downloading (uri: https://www.gstatic.com/messages/effects/screen_effects/surprise_reaction_effect.binarypb_1698178504983)
Thu Jul 30 09:00:53 UTC 2026 | ALL | 07-30 09:00:52.521  3232  3378 E MDD     : DownloadProgressMonitor: Can't find file group for uri: android://com.google.android.apps.messaging/files/datadownload/shared/public/datadownloadfile_1785401965053
Thu Jul 30 09:00:53 UTC 2026 | ALL | 07-30 09:00:52.523  3232  3434 D dasx    : Starting download: https://www.gstatic.com/messages/effects/screen_effects/celebrate_reaction_effect.binarypb_1698178504983
Thu Jul 30 09:00:53 UTC 2026 | ALL | 07-30 09:00:52.523  3232  3434 V dasx    : Is http uri, downloading (uri: https://www.gstatic.com/messages/effects/screen_effects/celebrate_reaction_effect.binarypb_1698178504983)
Thu Jul 30 09:00:53 UTC 2026 | ALL | 07-30 09:00:52.544  3232  3370 E MDD     : DownloadProgressMonitor: Can't find file group for uri: android://com.google.android.apps.messaging/files/datadownload/shared/public/datadownloadfile_1785401965055
Thu Jul 30 09:00:53 UTC 2026 | ALL | 07-30 09:00:52.546  3232  3378 D dasx    : Starting download: https://www.gstatic.com/messages/effects/screen_effects/love_reaction_effect.binarypb_1698178504983
Thu Jul 30 09:00:53 UTC 2026 | ALL | 07-30 09:00:52.546  3232  3378 V dasx    : Is http uri, downloading (uri: https://www.gstatic.com/messages/effects/screen_effects/love_reaction_effect.binarypb_1698178504983)
Thu Jul 30 09:00:53 UTC 2026 | ALL | 07-30 09:00:52.565  3232  3434 E MDD     : DownloadProgressMonitor: Can't find file group for uri: android://com.google.android.apps.messaging/files/datadownload/shared/public/datadownloadfile_1785401965061
Thu Jul 30 09:00:53 UTC 2026 | ALL | 07-30 09:00:52.568  3232  3370 D dasx    : Starting download: https://www.gstatic.com/messages/effects/screen_effects/sad_reaction_effect.binarypb_1698178504983
Thu Jul 30 09:00:53 UTC 2026 | ALL | 07-30 09:00:52.568  3232  3370 V dasx    : Is http uri, downloading (uri: https://www.gstatic.com/messages/effects/screen_effects/sad_reaction_effect.binarypb_1698178504983)
Thu Jul 30 09:00:53 UTC 2026 | ALL | 07-30 09:00:52.589  3232  3378 E MDD     : DownloadProgressMonitor: Can't find file group for uri: android://com.google.android.apps.messaging/files/datadownload/shared/public/datadownloadfile_1785401965063
Thu Jul 30 09:00:53 UTC 2026 | ALL | 07-30 09:00:52.592  3232  3434 D dasx    : Starting download: https://www.gstatic.com/messages/smarts/smart_suggestion_reranker_models/smart_suggestion_reranker_models/tff_suggestion_triggering_2022_03_30d_train_s1.0c1.0.10_examples_optimized_checkpoint_03570.tflite_1651164981810
Thu Jul 30 09:00:53 UTC 2026 | ALL | 07-30 09:00:52.592  3232  3434 V dasx    : Is http uri, downloading (uri: https://www.gstatic.com/messages/smarts/smart_suggestion_reranker_models/smart_suggestion_reranker_models/tff_suggestion_triggering_2022_03_30d_train_s1.0c1.0.10_examples_optimized_checkpoint_03570.tflite_1651164981810)
Thu Jul 30 09:00:53 UTC 2026 | ALL | 07-30 09:00:52.612  3232  3370 E MDD     : DownloadProgressMonitor: Can't find file group for uri: android://com.google.android.apps.messaging/files/datadownload/shared/public/datadownloadfile_1785401965065
Thu Jul 30 09:00:53 UTC 2026 | ALL | 07-30 09:00:52.616  3232  3378 D dasx    : Starting download: https://www.gstatic.com/messages/smarts/birthday_suggestion/CuratedBirthdaySuggestionList.pb_1644248717638
Thu Jul 30 09:00:53 UTC 2026 | ALL | 07-30 09:00:52.616  3232  3378 V dasx    : Is http uri, downloading (uri: https://www.gstatic.com/messages/smarts/birthday_suggestion/CuratedBirthdaySuggestionList.pb_1644248717638)
Thu Jul 30 09:00:53 UTC 2026 | ALL | 07-30 09:00:52.626   560  1820 D WindowManager: captureDisplay
Thu Jul 30 09:00:53 UTC 2026 | ALL | 07-30 09:00:52.635  3232  3434 E MDD     : DownloadProgressMonitor: Can't find file group for uri: android://com.google.android.apps.messaging/files/datadownload/shared/public/datadownloadfile_1785401964601_db989a6348a79f88359bcaf1740203754be6f8d3
Thu Jul 30 09:00:53 UTC 2026 | ALL | 07-30 09:00:52.637  1412  2889 E WakeLock: DG:service ** IS FORCE-RELEASED ON TIMEOUT **
Thu Jul 30 09:00:53 UTC 2026 | ALL | 07-30 09:00:52.639  4162  4195 I appium  : Screenshot broadcast client opened a connection 127.0.0.1:42748
Thu Jul 30 09:00:53 UTC 2026 | ALL | 07-30 09:00:52.668  3232  3370 D dasx    : Starting download: https://www.gstatic.com/messages/smarts/birthday_suggestion/BirthdaySuggestionsConfig.pb_1644437564314
Thu Jul 30 09:00:53 UTC 2026 | ALL | 07-30 09:00:52.668  3232  3370 V dasx    : Is http uri, downloading (uri: https://www.gstatic.com/messages/smarts/birthday_suggestion/BirthdaySuggestionsConfig.pb_1644437564314)
Thu Jul 30 09:00:53 UTC 2026 | ALL | 07-30 09:00:52.670  3232  3378 E MDD     : DownloadProgressMonitor: Can't find file group for uri: android://com.google.android.apps.messaging/files/datadownload/shared/public/datadownloadfile_1785401964619_8c4f9a5469b22fd2c9db484174d189afb553cac4
Thu Jul 30 09:00:53 UTC 2026 | ALL | 07-30 09:00:52.671  3232  3434 D dasx    : Starting download: https://www.gstatic.com/messages/smarts/scripted_reply/model_based_provider_configs_pumpkin_model_config_scripted_reply_2020021300.pb_1581713444820
Thu Jul 30 09:00:53 UTC 2026 | ALL | 07-30 09:00:52.671  3232  3434 V dasx    : Is http uri, downloading (uri: https://www.gstatic.com/messages/smarts/scripted_reply/model_based_provider_configs_pumpkin_model_config_scripted_reply_2020021300.pb_1581713444820)
Thu Jul 30 09:00:53 UTC 2026 | ALL | 07-30 09:00:52.693  3232  3370 E MDD     : DownloadProgressMonitor: Can't find file group for uri: android://com.google.android.apps.messaging/files/datadownload/shared/public/datadownloadfile_1785401964620
Thu Jul 30 09:00:53 UTC 2026 | ALL | 07-30 09:00:52.695  3232  3434 E MDD     : DownloadProgressMonitor: Can't find file group for uri: android://com.google.android.apps.messaging/files/datadownload/shared/public/datadownloadfile_1785401964588
Thu Jul 30 09:00:53 UTC 2026 | ALL | 07-30 09:00:52.697  3232  3378 D dasx    : Starting download: https://www.gstatic.com/messages/smarts/scripted_reply/regex_patterns.pb_1623954250394
Thu Jul 30 09:00:53 UTC 2026 | ALL | 07-30 09:00:52.697  3232  3378 V dasx    : Is http uri, downloading (uri: https://www.gstatic.com/messages/smarts/scripted_reply/regex_patterns.pb_1623954250394)
Thu Jul 30 09:00:53 UTC 2026 | ALL | 07-30 09:00:52.698  3232  3370 D dasx    : Starting download: https://www.gstatic.com/messages/smarts/scripted_reply/ScriptedReply_android.far_1674236595521
Thu Jul 30 09:00:53 UTC 2026 | ALL | 07-30 09:00:52.698  3232  3370 V dasx    : Is http uri, downloading (uri: https://www.gstatic.com/messages/smarts/scripted_reply/ScriptedReply_android.far_1674236595521)
Thu Jul 30 09:00:53 UTC 2026 | ALL | 07-30 09:00:52.740   560  1820 D WindowManager: captureDisplay
Thu Jul 30 09:00:53 UTC 2026 | ALL | 07-30 09:00:52.748  4162  4195 I appium  : Screenshot broadcast client opened a connection 127.0.0.1:42748
Thu Jul 30 09:00:53 UTC 2026 | ALL | 07-30 09:00:52.785  1433  1556 I IPCThreadState: oneway function results for code 2 on binder at 0x76e3fa9aeda0 will be dropped but finished with status UNKNOWN_TRANSACTION
Thu Jul 30 09:00:53 UTC 2026 | ALL | 07-30 09:00:52.794  4162  4220 I appium  : channel read: POST /session/0ec58237-84ed-40bd-bf67-28bb2b70cae2/element
Thu Jul 30 09:00:53 UTC 2026 | ALL | 07-30 09:00:52.794  4162  4220 I appium  : FindElement command
Thu Jul 30 09:00:53 UTC 2026 | ALL | 07-30 09:00:52.794  4162  4220 I appium  : method: 'xpath', selector: '//android.widget.EditText[@text='your.email@example.com' or @hint='your.email@example.com' or @text='Email Address' or @index='0']'
Thu Jul 30 09:00:53 UTC 2026 | ALL | 07-30 09:00:52.794  4162  4220 I appium  : Waiting up to 10000ms for the device to idle
Thu Jul 30 09:00:53 UTC 2026 | ALL | 07-30 09:00:52.797  4162  4220 I appium  : The following attributes will be included to the page source: [index, text, hint]
Thu Jul 30 09:00:53 UTC 2026 | ALL | 07-30 09:00:52.810  4162  4220 I appium  : Took 0ms to retrieve 0 matches for '//android.widget.EditText[@text='your.email@example.com' or @hint='your.email@example.com' or @text='Email Address' or @index='0']' XPath2 query
Thu Jul 30 09:00:53 UTC 2026 | ALL | 07-30 09:00:52.812  4162  4220 I appium  : AppiumResponse: {"sessionId":"0ec58237-84ed-40bd-bf67-28bb2b70cae2","value":{"error":"no such element","message":"An element could not be located on the page using the given search parameters","stacktrace":"io.appium.uiautomator2.common.exceptions.ElementNotFoundException: An element could not be located on the page using the given search parameters\n\tat io.appium.uiautomator2.utils.ElementLocationHelpers.findElement(ElementLocationHelpers.java:156)\n\tat io.appium.uiautomator2.handler.FindElement.safeHandle(FindElement.java:60)\n\tat io.appium.uiautomator2.handler.request.SafeRequestHandler.handle(SafeRequestHandler.java:59)\n\tat io.appium.uiautomator2.server.AppiumServlet.handleRequest(AppiumServlet.java:259)\n\tat io.appium.uiautomator2.server.AppiumServlet.handleHttpRequest(AppiumServlet.java:253)\n\tat io.appium.uiautomator2.http.ServerHandler.channelRead(ServerHandler.java:77)\n\tat io.netty.channel.AbstractChannelHandlerContext.invokeChannelRead(AbstractChannelHandlerContext.java:374)\n\tat io.netty.channel.AbstractChannelHandlerContext.invokeChannelRead(AbstractChannelHandlerContext.java:360)\n\tat io.netty.channel.AbstractChannelHandlerContext.fireChannelRead(AbstractChannelHandlerContext.java:352)\n\tat io.netty.handler.codec.MessageToMessageDecoder.channelRead(MessageToMessageDecoder.java:102)\n\tat io.netty.channel.AbstractChannelHandlerContext.invokeChannelRead(AbstractChannelHandlerContext.java:374)\n\tat io.netty.channel.AbstractChannelHandlerContext.invokeChannelRead(AbstractChannelHandlerContext.java:360)\n\tat io.netty.channel.AbstractChannelHandlerContext.fireChannelRead(AbstractChannelHandlerContext.java:352)\n\tat io.netty.channel.CombinedChannelDuplexHandler$DelegatingChannelHandlerContext.fireChannelRead(CombinedChannelDuplexHandler.java:438)\n\tat io.netty.handler.codec.ByteToMessageDecoder.fireChannelRead(ByteToMessageDecoder.java:328)\n\tat io.netty.handler.codec.ByteToMessageDecoder.channelRead(ByteToMessageDecoder.java:302)\n\tat io.netty.channel.CombinedChannelDuplexHandler.channelRead(CombinedChannelDuplexHandler.java:253)\n\tat io.netty.channel.AbstractChannelHandlerContext.invokeChannelRead(AbstractChannelHandlerContext.java:374)\n\tat io.netty.channel.AbstractChannelHandlerContext.invokeChannelRead(AbstractChannelHandlerContext.java:360)\n\tat io.netty.channel.AbstractChannelHandlerContext.fireChannelRead(AbstractChannelHandlerContext.java:352)\n\tat io.netty.handler.timeout.IdleStateHandler.channelRead(IdleStateHandler.java:287)\n\tat io.netty.channel.AbstractChannelHandlerContext.invokeChannelRead(AbstractChannelHandlerContext.java:374)\n\tat io.netty.channel.AbstractChannelHandlerContext.invokeChannelRead(AbstractChannelHandlerContext.java:360)\n\tat io.netty.channel.AbstractChannelHandlerContext.fireChannelRead(AbstractChannelHandlerContext.java:352)\n\tat io.netty.channel.DefaultChannelPipeline$HeadContext.channelRead(DefaultChannelPipeline.java:1422)\n\tat io.netty.channel.AbstractChannelHandlerContext.invokeChannelRead(AbstractChannelHandlerContext.java:374)\n\tat io.netty.channel.AbstractChannelHandlerContext.invokeChannelRead(AbstractChannelHandlerContext.java:360)\n\tat io.netty.channel.DefaultChannelPipeline.fireChannelRead(DefaultChannelPipeline.java:931)\n\tat io.netty.channel.nio.AbstractNioByteChannel$NioByteUnsafe.read(AbstractNioByteChannel.java:163)\n\tat io.netty.channel.nio.NioEventLoop.processSelectedKey(NioEventLoop.java:700)\n\tat io.netty.channel.nio.NioEventLoop.processSelectedKeysOptimized(NioEventLoop.java:635)\n\tat io.netty.channel.nio.NioEventLoop.processSelectedKeys(NioEventLoop.java:552)\n\tat io.netty.channel.nio.NioEventLoop.run(NioEventLoop.java:514)\n\tat io.netty.util.concurrent.SingleThreadEventExecutor$6.run(SingleThreadEventExecutor.java:1044)\n\tat io.netty.util.internal.ThreadExecutorMap$2.run(ThreadExecutorMap.java:74)\n\tat io.netty.util.concurrent.FastThreadLocalRunnable.run(FastThreadLocalRunnable.java:30)\n\tat java.lang.Thread.run(Thread.java:1012)\n"}}
Thu Jul 30 09:00:53 UTC 2026 | ALL | 07-30 09:00:52.848  4162  4195 W appium  : Client socket connection not writable. Closing... java.net.SocketException: Broken pipe
Thu Jul 30 09:00:53 UTC 2026 | ALL | 07-30 09:00:52.849   560  1820 D WindowManager: captureDisplay
Thu Jul 30 09:00:53 UTC 2026 | ALL | 07-30 09:00:52.932  3232  3378 E MDD     : DownloadProgressMonitor: Can't find file group for uri: android://com.google.android.apps.messaging/files/datadownload/shared/public/datadownloadfile_1785401964589
Thu Jul 30 09:00:53 UTC 2026 | ALL | 07-30 09:00:52.933  3232  3370 E MDD     : DownloadProgressMonitor: Can't find file group for uri: android://com.google.android.apps.messaging/files/datadownload/shared/public/datadownloadfile_1785401964590
Thu Jul 30 09:00:53 UTC 2026 | ALL | 07-30 09:00:52.934  3232  3434 D dasx    : Starting download: https://www.gstatic.com/messages/smarts/scripted_reply/pumpkin_model_config_scripted_reply_2020021300.pb_1581713444820
Thu Jul 30 09:00:53 UTC 2026 | ALL | 07-30 09:00:52.934  3232  3434 V dasx    : Is http uri, downloading (uri: https://www.gstatic.com/messages/smarts/scripted_reply/pumpkin_model_config_scripted_reply_2020021300.pb_1581713444820)
Thu Jul 30 09:00:53 UTC 2026 | ALL | 07-30 09:00:52.936  3232  3378 D dasx    : Starting download: https://www.gstatic.com/messages/smarts/scripted_reply/scripted_reply_templates.pb_1594412191210
Thu Jul 30 09:00:53 UTC 2026 | ALL | 07-30 09:00:52.936  3232  3378 V dasx    : Is http uri, downloading (uri: https://www.gstatic.com/messages/smarts/scripted_reply/scripted_reply_templates.pb_1594412191210)
Thu Jul 30 09:00:53 UTC 2026 | ALL | 07-30 09:00:52.959  3232  3434 E MDD     : DownloadProgressMonitor: Can't find file group for uri: android://com.google.android.apps.messaging/files/datadownload/shared/public/datadownloadfile_1785401964591
Thu Jul 30 09:00:53 UTC 2026 | ALL | 07-30 09:00:52.961  3232  3370 D dasx    : Starting download: https://www.gstatic.com/messages/smarts/selfie_gif_grammars/Selfie_Gif_android.far_1721865243584
Thu Jul 30 09:00:53 UTC 2026 | ALL | 07-30 09:00:52.961  3232  3370 V dasx    : Is http uri, downloading (uri: https://www.gstatic.com/messages/smarts/selfie_gif_grammars/Selfie_Gif_android.far_1721865243584)
Thu Jul 30 09:00:53 UTC 2026 | ALL | 07-30 09:00:52.977  3232  3378 E MDD     : DownloadProgressMonitor: Can't find file group for uri: android://com.google.android.apps.messaging/files/datadownload/shared/public/datadownloadfile_1785401964592
Thu Jul 30 09:00:53 UTC 2026 | ALL | 07-30 09:00:52.979  3232  3434 D dasx    : Starting download: https://www.gstatic.com/messages/smarts/selfie_gif_grammars/selfie_gif_templates.pb_1721865243584
Thu Jul 30 09:00:53 UTC 2026 | ALL | 07-30 09:00:52.979  3232  3434 V dasx    : Is http uri, downloading (uri: https://www.gstatic.com/messages/smarts/selfie_gif_grammars/selfie_gif_templates.pb_1721865243584)
Thu Jul 30 09:00:53 UTC 2026 | ALL | 07-30 09:00:53.000  3232  3370 E MDD     : DownloadProgressMonitor: Can't find file group for uri: android://com.google.android.apps.messaging/files/datadownload/shared/public/datadownloadfile_1785401965107
Thu Jul 30 09:00:53 UTC 2026 | ALL | 07-30 09:00:53.002  3232  3378 D dasx    : Starting download: https://www.gstatic.com/messages/smarts/selfie_gif_grammars/pumpkin_model_config_selfie_gif.pb_1721865243584
Thu Jul 30 09:00:53 UTC 2026 | ALL | 07-30 09:00:53.002  3232  3378 V dasx    : Is http uri, downloading (uri: https://www.gstatic.com/messages/smarts/selfie_gif_grammars/pumpkin_model_config_selfie_gif.pb_1721865243584)
Thu Jul 30 09:00:54 UTC 2026 | ALL | 07-30 09:00:53.038  3232  3434 E MDD     : DownloadProgressMonitor: Can't find file group for uri: android://com.google.android.apps.messaging/files/datadownload/shared/public/datadownloadfile_1785401965108
Thu Jul 30 09:00:54 UTC 2026 | ALL | 07-30 09:00:53.039  3232  3370 D dasx    : Starting download: https://www.gstatic.com/messages/smarts/selfie_gif_grammars/model_based_provider_configs_pumpkin_selfie_gif.pb_1721865243584
Thu Jul 30 09:00:54 UTC 2026 | ALL | 07-30 09:00:53.039  3232  3370 V dasx    : Is http uri, downloading (uri: https://www.gstatic.com/messages/smarts/selfie_gif_grammars/model_based_provider_configs_pumpkin_selfie_gif.pb_1721865243584)
Thu Jul 30 09:00:54 UTC 2026 | ALL | 07-30 09:00:53.061  3232  3378 E MDD     : DownloadProgressMonitor: Can't find file group for uri: android://com.google.android.apps.messaging/files/datadownload/shared/public/datadownloadfile_1785401965109
Thu Jul 30 09:00:54 UTC 2026 | ALL | 07-30 09:00:53.085  3232  3370 E MDD     : DownloadProgressMonitor: Can't find file group for uri: android://com.google.android.apps.messaging/files/datadownload/shared/public/datadownloadfile_1785401965110
Thu Jul 30 09:00:54 UTC 2026 | ALL | 07-30 09:00:53.094  3232  3370 I WM-WorkerWrapper: Worker result SUCCESS for Work [ id=97f07cf6-3a63-4c9c-9af0-6ffd13a5db55, tags={ com.google.android.libraries.mdi.download.workmanager.workers.PeriodicWorker,MDD.CELLULAR.CHARGING.PERIODIC.TASK } ]
Thu Jul 30 09:00:54 UTC 2026 | ALL | 07-30 09:00:53.113  3232  3526 E PhFileGroupPop: Failed to add file group 
Thu Jul 30 09:00:54 UTC 2026 | ALL | 07-30 09:00:53.114  3232  3526 E PhFileGroupPop: Failed to add file group 
Thu Jul 30 09:00:54 UTC 2026 | ALL | 07-30 09:00:53.114  3232  3526 E PhFileGroupPop: Failed to add file group 
Thu Jul 30 09:00:54 UTC 2026 | ALL | 07-30 09:00:53.114  3232  3526 E PhFileGroupPop: Failed to add file group 
Thu Jul 30 09:00:54 UTC 2026 | ALL | 07-30 09:00:53.114  3232  3526 E PhFileGroupPop: Failed to add file group 
Thu Jul 30 09:00:54 UTC 2026 | ALL | 07-30 09:00:53.114  3232  3526 E PhFileGroupPop: Failed to add file group 
Thu Jul 30 09:00:54 UTC 2026 | ALL | 07-30 09:00:53.115  3232  3526 E PhFileGroupPop: Failed to add file group 
Thu Jul 30 09:00:54 UTC 2026 | ALL | 07-30 09:00:53.115  3232  3526 E PhFileGroupPop: Failed to add file group 
Thu Jul 30 09:00:54 UTC 2026 | ALL | 07-30 09:00:53.115  3232  3526 E PhFileGroupPop: Failed to add file group 
Thu Jul 30 09:00:54 UTC 2026 | ALL | 07-30 09:00:53.115  3232  3526 E PhFileGroupPop: Failed to add file group 
Thu Jul 30 09:00:54 UTC 2026 | ALL | 07-30 09:00:53.115  3232  3526 E PhFileGroupPop: Failed to add file group 
Thu Jul 30 09:00:54 UTC 2026 | ALL | 07-30 09:00:53.115  3232  3526 E PhFileGroupPop: Failed to add file group 
Thu Jul 30 09:00:54 UTC 2026 | ALL | 07-30 09:00:53.116  3232  3526 E PhFileGroupPop: Failed to add file group 
Thu Jul 30 09:00:54 UTC 2026 | ALL | 07-30 09:00:53.116  3232  3526 E PhFileGroupPop: Failed to add file group 
Thu Jul 30 09:00:54 UTC 2026 | ALL | 07-30 09:00:53.116  3232  3526 E PhFileGroupPop: Failed to add file group 
Thu Jul 30 09:00:54 UTC 2026 | ALL | 07-30 09:00:53.117  3232  3526 E PhFileGroupPop: Failed to add file group 
Thu Jul 30 09:00:54 UTC 2026 | ALL | 07-30 09:00:53.118  3232  3526 E dqod    : RuntimeException while executing runnable dqra{dkqj@d5a930b} with executor MoreExecutors.directExecutor()
Thu Jul 30 09:00:54 UTC 2026 | ALL | 07-30 09:00:53.118  3232  3526 E dqod    : java.lang.NullPointerException: Attempt to read from field 'java.lang.String cwru.b' on a null object reference in method 'void cyar.b(java.lang.Object)'
Thu Jul 30 09:00:54 UTC 2026 | ALL | 07-30 09:00:53.118  3232  3526 E dqod    : 	at cyar.b(PG:11)
Thu Jul 30 09:00:54 UTC 2026 | ALL | 07-30 09:00:53.118  3232  3526 E dqod    : 	at dkqj.b(PG:13)
Thu Jul 30 09:00:54 UTC 2026 | ALL | 07-30 09:00:53.118  3232  3526 E dqod    : 	at dqra.run(PG:30)
Thu Jul 30 09:00:54 UTC 2026 | ALL | 07-30 09:00:53.118  3232  3526 E dqod    : 	at dqqd.execute(PG:1)
Thu Jul 30 09:00:54 UTC 2026 | ALL | 07-30 09:00:53.118  3232  3526 E dqod    : 	at dqod.o(PG:1)
Thu Jul 30 09:00:54 UTC 2026 | ALL | 07-30 09:00:53.118  3232  3526 E dqod    : 	at dqod.b(PG:41)
Thu Jul 30 09:00:54 UTC 2026 | ALL | 07-30 09:00:53.118  3232  3526 E dqod    : 	at dqrh.s(PG:9)
Thu Jul 30 09:00:54 UTC 2026 | ALL | 07-30 09:00:53.118  3232  3526 E dqod    : 	at dksz.l(PG:5)
Thu Jul 30 09:00:54 UTC 2026 | ALL | 07-30 09:00:53.118  3232  3526 E dqod    : 	at cyat.a(PG:138)
Thu Jul 30 09:00:54 UTC 2026 | ALL | 07-30 09:00:53.118  3232  3526 E dqod    : 	at bilp.a(PG:29)
Thu Jul 30 09:00:54 UTC 2026 | ALL | 07-30 09:00:53.118  3232  3526 E dqod    : 	at cwzc.r(PG:24)
Thu Jul 30 09:00:54 UTC 2026 | ALL | 07-30 09:00:53.118  3232  3526 E dqod    : 	at cwws.a(PG:5)
Thu Jul 30 09:00:54 UTC 2026 | ALL | 07-30 09:00:53.118  3232  3526 E dqod    : 	at dkqe.a(PG:13)
Thu Jul 30 09:00:54 UTC 2026 | ALL | 07-30 09:00:53.118  3232  3526 E dqod    : 	at dqoh.d(PG:3)
Thu Jul 30 09:00:54 UTC 2026 | ALL | 07-30 09:00:53.118  3232  3526 E dqod    : 	at dqoj.run(PG:42)
Thu Jul 30 09:00:54 UTC 2026 | ALL | 07-30 09:00:53.118  3232  3526 E dqod    : 	at dqso.run(PG:76)
Thu Jul 30 09:00:54 UTC 2026 | ALL | 07-30 09:00:53.118  3232  3526 E dqod    : 	at crzm.run(PG:3)
Thu Jul 30 09:00:54 UTC 2026 | ALL | 07-30 09:00:53.118  3232  3526 E dqod    : 	at java.util.concurrent.ThreadPoolExecutor.runWorker(ThreadPoolExecutor.java:1145)
Thu Jul 30 09:00:54 UTC 2026 | ALL | 07-30 09:00:53.118  3232  3526 E dqod    : 	at java.util.concurrent.ThreadPoolExecutor$Worker.run(ThreadPoolExecutor.java:644)
Thu Jul 30 09:00:54 UTC 2026 | ALL | 07-30 09:00:53.118  3232  3526 E dqod    : 	at cryq.run(PG:6)
Thu Jul 30 09:00:54 UTC 2026 | ALL | 07-30 09:00:53.118  3232  3526 E dqod    : 	at java.lang.Thread.run(Thread.java:1012)
Thu Jul 30 09:00:54 UTC 2026 | ALL | 07-30 09:00:53.118  3232  3526 E dqod    : 	at csaw.run(PG:64)
Thu Jul 30 09:00:54 UTC 2026 | ALL | 07-30 09:00:53.118  3232  3526 E dqod    : RuntimeException while executing runnable dqra{dkqj@d6d0401} with executor MoreExecutors.directExecutor()
Thu Jul 30 09:00:54 UTC 2026 | ALL | 07-30 09:00:53.118  3232  3526 E dqod    : java.lang.NullPointerException: Attempt to read from field 'java.lang.String cwru.b' on a null object reference in method 'void cyar.b(java.lang.Object)'
Thu Jul 30 09:00:54 UTC 2026 | ALL | 07-30 09:00:53.118  3232  3526 E dqod    : 	at cyar.b(PG:11)
Thu Jul 30 09:00:54 UTC 2026 | ALL | 07-30 09:00:53.118  3232  3526 E dqod    : 	at dkqj.b(PG:13)
Thu Jul 30 09:00:54 UTC 2026 | ALL | 07-30 09:00:53.118  3232  3526 E dqod    : 	at dqra.run(PG:30)
Thu Jul 30 09:00:54 UTC 2026 | ALL | 07-30 09:00:53.118  3232  3526 E dqod    : 	at dqqd.execute(PG:1)
Thu Jul 30 09:00:54 UTC 2026 | ALL | 07-30 09:00:53.118  3232  3526 E dqod    : 	at dqod.o(PG:1)
Thu Jul 30 09:00:54 UTC 2026 | ALL | 07-30 09:00:53.118  3232  3526 E dqod    : 	at dqod.b(PG:41)
Thu Jul 30 09:00:54 UTC 2026 | ALL | 07-30 09:00:53.118  3232  3526 E dqod    : 	at dqrh.s(PG:9)
Thu Jul 30 09:00:54 UTC 2026 | ALL | 07-30 09:00:53.118  3232  3526 E dqod    : 	at dksz.l(PG:5)
Thu Jul 30 09:00:54 UTC 2026 | ALL | 07-30 09:00:53.118  3232  3526 E dqod    : 	at cyat.a(PG:138)
Thu Jul 30 09:00:54 UTC 2026 | ALL | 07-30 09:00:53.118  3232  3526 E dqod    : 	at bilp.a(PG:29)
Thu Jul 30 09:00:54 UTC 2026 | ALL | 07-30 09:00:53.118  3232  3526 E dqod    : 	at cwzc.r(PG:24)
Thu Jul 30 09:00:54 UTC 2026 | ALL | 07-30 09:00:53.118  3232  3526 E dqod    : 	at cwws.a(PG:5)
Thu Jul 30 09:00:54 UTC 2026 | ALL | 07-30 09:00:53.118  3232  3526 E dqod    : 	at dkqe.a(PG:13)
Thu Jul 30 09:00:54 UTC 2026 | ALL | 07-30 09:00:53.118  3232  3526 E dqod    : 	at dqoh.d(PG:3)
Thu Jul 30 09:00:54 UTC 2026 | ALL | 07-30 09:00:53.118  3232  3526 E dqod    : 	at dqoj.run(PG:42)
Thu Jul 30 09:00:54 UTC 2026 | ALL | 07-30 09:00:53.118  3232  3526 E dqod    : 	at dqso.run(PG:76)
Thu Jul 30 09:00:54 UTC 2026 | ALL | 07-30 09:00:53.118  3232  3526 E dqod    : 	at crzm.run(PG:3)
Thu Jul 30 09:00:54 UTC 2026 | ALL | 07-30 09:00:53.118  3232  3526 E dqod    : 	at java.util.concurrent.ThreadPoolExecutor.runWorker(ThreadPoolExecutor.java:1145)
Thu Jul 30 09:00:54 UTC 2026 | ALL | 07-30 09:00:53.118  3232  3526 E dqod    : 	at java.util.concurrent.ThreadPoolExecutor$Worker.run(ThreadPoolExecutor.java:644)
Thu Jul 30 09:00:54 UTC 2026 | ALL | 07-30 09:00:53.118  3232  3526 E dqod    : 	at cryq.run(PG:6)
Thu Jul 30 09:00:54 UTC 2026 | ALL | 07-30 09:00:53.118  3232  3526 E dqod    : 	at java.lang.Thread.run(Thread.java:1012)
Thu Jul 30 09:00:54 UTC 2026 | ALL | 07-30 09:00:53.118  3232  3526 E dqod    : 	at csaw.run(PG:64)
Thu Jul 30 09:00:54 UTC 2026 | ALL | 07-30 09:00:53.119  3232  3526 E dqod    : RuntimeException while executing runnable dqra{dkqj@49d54e7} with executor MoreExecutors.directExecutor()
Thu Jul 30 09:00:54 UTC 2026 | ALL | 07-30 09:00:53.119  3232  3526 E dqod    : java.lang.NullPointerException: Attempt to read from field 'java.lang.String cwru.b' on a null object reference in method 'void cyar.b(java.lang.Object)'
Thu Jul 30 09:00:54 UTC 2026 | ALL | 07-30 09:00:53.119  3232  3526 E dqod    : 	at cyar.b(PG:11)
Thu Jul 30 09:00:54 UTC 2026 | ALL | 07-30 09:00:53.119  3232  3526 E dqod    : 	at dkqj.b(PG:13)
Thu Jul 30 09:00:54 UTC 2026 | ALL | 07-30 09:00:53.119  3232  3526 E dqod    : 	at dqra.run(PG:30)
Thu Jul 30 09:00:54 UTC 2026 | ALL | 07-30 09:00:53.119  3232  3526 E dqod    : 	at dqqd.execute(PG:1)
Thu Jul 30 09:00:54 UTC 2026 | ALL | 07-30 09:00:53.119  3232  3526 E dqod    : 	at dqod.o(PG:1)
Thu Jul 30 09:00:54 UTC 2026 | ALL | 07-30 09:00:53.119  3232  3526 E dqod    : 	at dqod.b(PG:41)
Thu Jul 30 09:00:54 UTC 2026 | ALL | 07-30 09:00:53.119  3232  3526 E dqod    : 	at dqrh.s(PG:9)
Thu Jul 30 09:00:54 UTC 2026 | ALL | 07-30 09:00:53.119  3232  3526 E dqod    : 	at dksz.l(PG:5)
Thu Jul 30 09:00:54 UTC 2026 | ALL | 07-30 09:00:53.119  3232  3526 E dqod    : 	at cyat.a(PG:138)
Thu Jul 30 09:00:54 UTC 2026 | ALL | 07-30 09:00:53.119  3232  3526 E dqod    : 	at bilp.a(PG:29)
Thu Jul 30 09:00:54 UTC 2026 | ALL | 07-30 09:00:53.119  3232  3526 E dqod    : 	at cwzc.r(PG:24)
Thu Jul 30 09:00:54 UTC 2026 | ALL | 07-30 09:00:53.119  3232  3526 E dqod    : 	at cwws.a(PG:5)
Thu Jul 30 09:00:54 UTC 2026 | ALL | 07-30 09:00:53.119  3232  3526 E dqod    : 	at dkqe.a(PG:13)
Thu Jul 30 09:00:54 UTC 2026 | ALL | 07-30 09:00:53.119  3232  3526 E dqod    : 	at dqoh.d(PG:3)
Thu Jul 30 09:00:54 UTC 2026 | ALL | 07-30 09:00:53.119  3232  3526 E dqod    : 	at dqoj.run(PG:42)
Thu Jul 30 09:00:54 UTC 2026 | ALL | 07-30 09:00:53.119  3232  3526 E dqod    : 	at dqso.run(PG:76)
Thu Jul 30 09:00:54 UTC 2026 | ALL | 07-30 09:00:53.119  3232  3526 E dqod    : 	at crzm.run(PG:3)
Thu Jul 30 09:00:54 UTC 2026 | ALL | 07-30 09:00:53.119  3232  3526 E dqod    : 	at java.util.concurrent.ThreadPoolExecutor.runWorker(ThreadPoolExecutor.java:1145)
Thu Jul 30 09:00:54 UTC 2026 | ALL | 07-30 09:00:53.119  3232  3526 E dqod    : 	at java.util.concurrent.ThreadPoolExecutor$Worker.run(ThreadPoolExecutor.java:644)
Thu Jul 30 09:00:54 UTC 2026 | ALL | 07-30 09:00:53.119  3232  3526 E dqod    : 	at cryq.run(PG:6)
Thu Jul 30 09:00:54 UTC 2026 | ALL | 07-30 09:00:53.119  3232  3526 E dqod    : 	at java.lang.Thread.run(Thread.java:1012)
Thu Jul 30 09:00:54 UTC 2026 | ALL | 07-30 09:00:53.119  3232  3526 E dqod    : 	at csaw.run(PG:64)
Thu Jul 30 09:00:54 UTC 2026 | ALL | 07-30 09:00:53.120  3232  3526 E MDD     : FileGroupManager: Trying to add expired group webref-model-local-index.
Thu Jul 30 09:00:54 UTC 2026 | ALL | 07-30 09:00:53.120  3232  3323 W MDD     : GddFileGroupPopulator: Account was not provided, skipping private sync for corpus: GDD_BUGLE_EMOJIFY, configuration: GddBugleEmojify
Thu Jul 30 09:00:54 UTC 2026 | ALL | 07-30 09:00:53.121  3232  3526 W MDD     : MDDManager class cxev
Thu Jul 30 09:00:54 UTC 2026 | ALL | 07-30 09:00:53.121  3232  3526 E PhFileGroupPop: Failed to add file group
Thu Jul 30 09:00:54 UTC 2026 | ALL | 07-30 09:00:53.121  3232  3526 E PhFileGroupPop: cxev
Thu Jul 30 09:00:54 UTC 2026 | ALL | 07-30 09:00:53.121  3232  3526 E PhFileGroupPop: 	at cxns.a(PG:941)
Thu Jul 30 09:00:54 UTC 2026 | ALL | 07-30 09:00:53.121  3232  3526 E PhFileGroupPop: 	at dkqe.a(PG:13)
Thu Jul 30 09:00:54 UTC 2026 | ALL | 07-30 09:00:53.121  3232  3526 E PhFileGroupPop: 	at dqoh.d(PG:3)
Thu Jul 30 09:00:54 UTC 2026 | ALL | 07-30 09:00:53.121  3232  3526 E PhFileGroupPop: 	at dqoj.run(PG:42)
Thu Jul 30 09:00:54 UTC 2026 | ALL | 07-30 09:00:53.121  3232  3526 E PhFileGroupPop: 	at dqso.run(PG:76)
Thu Jul 30 09:00:54 UTC 2026 | ALL | 07-30 09:00:53.121  3232  3526 E PhFileGroupPop: 	at crzm.run(PG:3)
Thu Jul 30 09:00:54 UTC 2026 | ALL | 07-30 09:00:53.121  3232  3526 E PhFileGroupPop: 	at java.util.concurrent.ThreadPoolExecutor.runWorker(ThreadPoolExecutor.java:1145)
Thu Jul 30 09:00:54 UTC 2026 | ALL | 07-30 09:00:53.121  3232  3526 E PhFileGroupPop: 	at java.util.concurrent.ThreadPoolExecutor$Worker.run(ThreadPoolExecutor.java:644)
Thu Jul 30 09:00:54 UTC 2026 | ALL | 07-30 09:00:53.121  3232  3526 E PhFileGroupPop: 	at cryq.run(PG:6)
Thu Jul 30 09:00:54 UTC 2026 | ALL | 07-30 09:00:53.121  3232  3526 E PhFileGroupPop: 	at java.lang.Thread.run(Thread.java:1012)
Thu Jul 30 09:00:54 UTC 2026 | ALL | 07-30 09:00:53.121  3232  3526 E PhFileGroupPop: 	at csaw.run(PG:64)
Thu Jul 30 09:00:54 UTC 2026 | ALL | 07-30 09:00:53.121  3232  3334 W GellerSyncSchedulerImpl: Corpus: GDD_BUGLE_EMOJIFY is disabled
Thu Jul 30 09:00:54 UTC 2026 | ALL | 07-30 09:00:53.122  3232  3526 D PhFileGroupPop: Added file groups smart_actions_grammars
Thu Jul 30 09:00:54 UTC 2026 | ALL | 07-30 09:00:53.123  3232  3526 D PhFileGroupPop: Added file groups smart_actions_ml_models
Thu Jul 30 09:00:54 UTC 2026 | ALL | 07-30 09:00:53.124  3232  3526 D PhFileGroupPop: Added file groups text_classifier
Thu Jul 30 09:00:54 UTC 2026 | ALL | 07-30 09:00:53.125  3232  3526 D PhFileGroupPop: Added file groups smart_actions_emotive_models
Thu Jul 30 09:00:54 UTC 2026 | ALL | 07-30 09:00:53.135  3232  3526 D PhFileGroupPop: Added file groups smarts_expressive_content_scoped_v1
Thu Jul 30 09:00:54 UTC 2026 | ALL | 07-30 09:00:53.136  3232  3526 D PhFileGroupPop: Added file groups smart_actions_sensitive_classifier_models
Thu Jul 30 09:00:54 UTC 2026 | ALL | 07-30 09:00:53.137  3232  3526 D PhFileGroupPop: Added file groups scripted_reply
Thu Jul 30 09:00:54 UTC 2026 | ALL | 07-30 09:00:53.138  3232  3526 D PhFileGroupPop: Added file groups multitask_experiment
Thu Jul 30 09:00:54 UTC 2026 | ALL | 07-30 09:00:53.138  3232  3526 D PhFileGroupPop: Added file groups spam_verdict_enforcement_policy_config
Thu Jul 30 09:00:54 UTC 2026 | ALL | 07-30 09:00:53.139  3232  3526 D PhFileGroupPop: Added file groups smart_suggestion_reranker_models
Thu Jul 30 09:00:54 UTC 2026 | ALL | 07-30 09:00:53.140  3232  3526 D PhFileGroupPop: Added file groups supersort_us_grammars
Thu Jul 30 09:00:54 UTC 2026 | ALL | 07-30 09:00:53.141  3232  3526 D PhFileGroupPop: Added file groups nudge
Thu Jul 30 09:00:54 UTC 2026 | ALL | 07-30 09:00:53.143  3232  3526 D PhFileGroupPop: Added file groups calendar_appointment_grammar
Thu Jul 30 09:00:54 UTC 2026 | ALL | 07-30 09:00:53.143  3232  3526 D PhFileGroupPop: Added file groups birthday_suggestion
Thu Jul 30 09:00:54 UTC 2026 | ALL | 07-30 09:00:53.144  3232  3526 D PhFileGroupPop: Added file groups birthday_grammars
Thu Jul 30 09:00:54 UTC 2026 | ALL | 07-30 09:00:53.152  3232  3526 D PhFileGroupPop: Added file groups animated_emoji
Thu Jul 30 09:00:54 UTC 2026 | ALL | 07-30 09:00:53.152  3232  3526 D PhFileGroupPop: Added file groups voice_moods
Thu Jul 30 09:00:54 UTC 2026 | ALL | 07-30 09:00:53.152  3232  3526 D PhFileGroupPop: Added file groups screen_effects
Thu Jul 30 09:00:54 UTC 2026 | ALL | 07-30 09:00:53.153  3232  3526 D PhFileGroupPop: Added file groups screen_effect_suggestions
Thu Jul 30 09:00:54 UTC 2026 | ALL | 07-30 09:00:53.153  3232  3526 D PhFileGroupPop: Added file groups selfie_gif_grammars
Thu Jul 30 09:00:54 UTC 2026 | ALL | 07-30 09:00:53.154  3232  3526 D PhFileGroupPop: Added file groups spam_fm_templates
Thu Jul 30 09:00:54 UTC 2026 | ALL | 07-30 09:00:53.312  3232  3526 I WM-WorkerWrapper: Worker result SUCCESS for Work [ id=5c8df485-d67d-4b79-8e22-95e459a08e2e, tags={ com.google.android.libraries.mdi.download.workmanager.workers.PeriodicWorker,MDD.WIFI.CHARGING.PERIODIC.TASK } ]
Thu Jul 30 09:00:54 UTC 2026 | ALL | 07-30 09:00:53.318  4162  4220 I appium  : channel read: POST /session/0ec58237-84ed-40bd-bf67-28bb2b70cae2/element
Thu Jul 30 09:00:54 UTC 2026 | ALL | 07-30 09:00:53.319  4162  4220 I appium  : FindElement command
Thu Jul 30 09:00:54 UTC 2026 | ALL | 07-30 09:00:53.320  4162  4220 I appium  : method: 'xpath', selector: '//android.widget.EditText[@text='your.email@example.com' or @hint='your.email@example.com' or @text='Email Address' or @index='0']'
Thu Jul 30 09:00:54 UTC 2026 | ALL | 07-30 09:00:53.320  4162  4220 I appium  : Waiting up to 10000ms for the device to idle
Thu Jul 30 09:00:54 UTC 2026 | ALL | 07-30 09:00:53.321  4162  4220 I appium  : The following attributes will be included to the page source: [index, text, hint]
Thu Jul 30 09:00:54 UTC 2026 | ALL | 07-30 09:00:53.327  4162  4170 I tomator2.server: Method exceeds compiler instruction limit: 19264 in java_cup.runtime.Symbol org.eclipse.wst.xml.xpath2.processor.internal.CUP$XPathCup$actions.CUP$XPathCup$do_action(int, java_cup.runtime.lr_parser, java.util.Stack, int)
Thu Jul 30 09:00:54 UTC 2026 | ALL | 07-30 09:00:53.337  4162  4220 I appium  : Took 0ms to retrieve 0 matches for '//android.widget.EditText[@text='your.email@example.com' or @hint='your.email@example.com' or @text='Email Address' or @index='0']' XPath2 query
Thu Jul 30 09:00:54 UTC 2026 | ALL | 07-30 09:00:53.339  4162  4220 I appium  : AppiumResponse: {"sessionId":"0ec58237-84ed-40bd-bf67-28bb2b70cae2","value":{"error":"no such element","message":"An element could not be located on the page using the given search parameters","stacktrace":"io.appium.uiautomator2.common.exceptions.ElementNotFoundException: An element could not be located on the page using the given search parameters\n\tat io.appium.uiautomator2.utils.ElementLocationHelpers.findElement(ElementLocationHelpers.java:156)\n\tat io.appium.uiautomator2.handler.FindElement.safeHandle(FindElement.java:60)\n\tat io.appium.uiautomator2.handler.request.SafeRequestHandler.handle(SafeRequestHandler.java:59)\n\tat io.appium.uiautomator2.server.AppiumServlet.handleRequest(AppiumServlet.java:259)\n\tat io.appium.uiautomator2.server.AppiumServlet.handleHttpRequest(AppiumServlet.java:253)\n\tat io.appium.uiautomator2.http.ServerHandler.channelRead(ServerHandler.java:77)\n\tat io.netty.channel.AbstractChannelHandlerContext.invokeChannelRead(AbstractChannelHandlerContext.java:374)\n\tat io.netty.channel.AbstractChannelHandlerContext.invokeChannelRead(AbstractChannelHandlerContext.java:360)\n\tat io.netty.channel.AbstractChannelHandlerContext.fireChannelRead(AbstractChannelHandlerContext.java:352)\n\tat io.netty.handler.codec.MessageToMessageDecoder.channelRead(MessageToMessageDecoder.java:102)\n\tat io.netty.channel.AbstractChannelHandlerContext.invokeChannelRead(AbstractChannelHandlerContext.java:374)\n\tat io.netty.channel.AbstractChannelHandlerContext.invokeChannelRead(AbstractChannelHandlerContext.java:360)\n\tat io.netty.channel.AbstractChannelHandlerContext.fireChannelRead(AbstractChannelHandlerContext.java:352)\n\tat io.netty.channel.CombinedChannelDuplexHandler$DelegatingChannelHandlerContext.fireChannelRead(CombinedChannelDuplexHandler.java:438)\n\tat io.netty.handler.codec.ByteToMessageDecoder.fireChannelRead(ByteToMessageDecoder.java:328)\n\tat io.netty.handler.codec.ByteToMessageDecoder.channelRead(ByteToMessageDecoder.java:302)\n\tat io.netty.channel.CombinedChannelDuplexHandler.channelRead(CombinedChannelDuplexHandler.java:253)\n\tat io.netty.channel.AbstractChannelHandlerContext.invokeChannelRead(AbstractChannelHandlerContext.java:374)\n\tat io.netty.channel.AbstractChannelHandlerContext.invokeChannelRead(AbstractChannelHandlerContext.java:360)\n\tat io.netty.channel.AbstractChannelHandlerContext.fireChannelRead(AbstractChannelHandlerContext.java:352)\n\tat io.netty.handler.timeout.IdleStateHandler.channelRead(IdleStateHandler.java:287)\n\tat io.netty.channel.AbstractChannelHandlerContext.invokeChannelRead(AbstractChannelHandlerContext.java:374)\n\tat io.netty.channel.AbstractChannelHandlerContext.invokeChannelRead(AbstractChannelHandlerContext.java:360)\n\tat io.netty.channel.AbstractChannelHandlerContext.fireChannelRead(AbstractChannelHandlerContext.java:352)\n\tat io.netty.channel.DefaultChannelPipeline$HeadContext.channelRead(DefaultChannelPipeline.java:1422)\n\tat io.netty.channel.AbstractChannelHandlerContext.invokeChannelRead(AbstractChannelHandlerContext.java:374)\n\tat io.netty.channel.AbstractChannelHandlerContext.invokeChannelRead(AbstractChannelHandlerContext.java:360)\n\tat io.netty.channel.DefaultChannelPipeline.fireChannelRead(DefaultChannelPipeline.java:931)\n\tat io.netty.channel.nio.AbstractNioByteChannel$NioByteUnsafe.read(AbstractNioByteChannel.java:163)\n\tat io.netty.channel.nio.NioEventLoop.processSelectedKey(NioEventLoop.java:700)\n\tat io.netty.channel.nio.NioEventLoop.processSelectedKeysOptimized(NioEventLoop.java:635)\n\tat io.netty.channel.nio.NioEventLoop.processSelectedKeys(NioEventLoop.java:552)\n\tat io.netty.channel.nio.NioEventLoop.run(NioEventLoop.java:514)\n\tat io.netty.util.concurrent.SingleThreadEventExecutor$6.run(SingleThreadEventExecutor.java:1044)\n\tat io.netty.util.internal.ThreadExecutorMap$2.run(ThreadExecutorMap.java:74)\n\tat io.netty.util.concurrent.FastThreadLocalRunnable.run(FastThreadLocalRunnable.java:30)\n\tat java.lang.Thread.run(Thread.java:1012)\n"}}
Thu Jul 30 09:00:54 UTC 2026 | ALL | 07-30 09:00:53.846  4162  4220 I appium  : channel read: POST /session/0ec58237-84ed-40bd-bf67-28bb2b70cae2/element
Thu Jul 30 09:00:54 UTC 2026 | ALL | 07-30 09:00:53.847  4162  4220 I appium  : FindElement command
Thu Jul 30 09:00:54 UTC 2026 | ALL | 07-30 09:00:53.848  4162  4220 I appium  : method: 'xpath', selector: '//android.widget.EditText[@text='your.email@example.com' or @hint='your.email@example.com' or @text='Email Address' or @index='0']'
Thu Jul 30 09:00:54 UTC 2026 | ALL | 07-30 09:00:53.848  4162  4220 I appium  : Waiting up to 10000ms for the device to idle
Thu Jul 30 09:00:54 UTC 2026 | ALL | 07-30 09:00:53.849  4162  4220 I appium  : The following attributes will be included to the page source: [index, text, hint]
Thu Jul 30 09:00:54 UTC 2026 | ALL | 07-30 09:00:53.861  4162  4220 I appium  : Took 0ms to retrieve 0 matches for '//android.widget.EditText[@text='your.email@example.com' or @hint='your.email@example.com' or @text='Email Address' or @index='0']' XPath2 query
Thu Jul 30 09:00:54 UTC 2026 | ALL | 07-30 09:00:53.863  4162  4220 I appium  : AppiumResponse: {"sessionId":"0ec58237-84ed-40bd-bf67-28bb2b70cae2","value":{"error":"no such element","message":"An element could not be located on the page using the given search parameters","stacktrace":"io.appium.uiautomator2.common.exceptions.ElementNotFoundException: An element could not be located on the page using the given search parameters\n\tat io.appium.uiautomator2.utils.ElementLocationHelpers.findElement(ElementLocationHelpers.java:156)\n\tat io.appium.uiautomator2.handler.FindElement.safeHandle(FindElement.java:60)\n\tat io.appium.uiautomator2.handler.request.SafeRequestHandler.handle(SafeRequestHandler.java:59)\n\tat io.appium.uiautomator2.server.AppiumServlet.handleRequest(AppiumServlet.java:259)\n\tat io.appium.uiautomator2.server.AppiumServlet.handleHttpRequest(AppiumServlet.java:253)\n\tat io.appium.uiautomator2.http.ServerHandler.channelRead(ServerHandler.java:77)\n\tat io.netty.channel.AbstractChannelHandlerContext.invokeChannelRead(AbstractChannelHandlerContext.java:374)\n\tat io.netty.channel.AbstractChannelHandlerContext.invokeChannelRead(AbstractChannelHandlerContext.java:360)\n\tat io.netty.channel.AbstractChannelHandlerContext.fireChannelRead(AbstractChannelHandlerContext.java:352)\n\tat io.netty.handler.codec.MessageToMessageDecoder.channelRead(MessageToMessageDecoder.java:102)\n\tat io.netty.channel.AbstractChannelHandlerContext.invokeChannelRead(AbstractChannelHandlerContext.java:374)\n\tat io.netty.channel.AbstractChannelHandlerContext.invokeChannelRead(AbstractChannelHandlerContext.java:360)\n\tat io.netty.channel.AbstractChannelHandlerContext.fireChannelRead(AbstractChannelHandlerContext.java:352)\n\tat io.netty.channel.CombinedChannelDuplexHandler$DelegatingChannelHandlerContext.fireChannelRead(CombinedChannelDuplexHandler.java:438)\n\tat io.netty.handler.codec.ByteToMessageDecoder.fireChannelRead(ByteToMessageDecoder.java:328)\n\tat io.netty.handler.codec.ByteToMessageDecoder.channelRead(ByteToMessageDecoder.java:302)\n\tat io.netty.channel.CombinedChannelDuplexHandler.channelRead(CombinedChannelDuplexHandler.java:253)\n\tat io.netty.channel.AbstractChannelHandlerContext.invokeChannelRead(AbstractChannelHandlerContext.java:374)\n\tat io.netty.channel.AbstractChannelHandlerContext.invokeChannelRead(AbstractChannelHandlerContext.java:360)\n\tat io.netty.channel.AbstractChannelHandlerContext.fireChannelRead(AbstractChannelHandlerContext.java:352)\n\tat io.netty.handler.timeout.IdleStateHandler.channelRead(IdleStateHandler.java:287)\n\tat io.netty.channel.AbstractChannelHandlerContext.invokeChannelRead(AbstractChannelHandlerContext.java:374)\n\tat io.netty.channel.AbstractChannelHandlerContext.invokeChannelRead(AbstractChannelHandlerContext.java:360)\n\tat io.netty.channel.AbstractChannelHandlerContext.fireChannelRead(AbstractChannelHandlerContext.java:352)\n\tat io.netty.channel.DefaultChannelPipeline$HeadContext.channelRead(DefaultChannelPipeline.java:1422)\n\tat io.netty.channel.AbstractChannelHandlerContext.invokeChannelRead(AbstractChannelHandlerContext.java:374)\n\tat io.netty.channel.AbstractChannelHandlerContext.invokeChannelRead(AbstractChannelHandlerContext.java:360)\n\tat io.netty.channel.DefaultChannelPipeline.fireChannelRead(DefaultChannelPipeline.java:931)\n\tat io.netty.channel.nio.AbstractNioByteChannel$NioByteUnsafe.read(AbstractNioByteChannel.java:163)\n\tat io.netty.channel.nio.NioEventLoop.processSelectedKey(NioEventLoop.java:700)\n\tat io.netty.channel.nio.NioEventLoop.processSelectedKeysOptimized(NioEventLoop.java:635)\n\tat io.netty.channel.nio.NioEventLoop.processSelectedKeys(NioEventLoop.java:552)\n\tat io.netty.channel.nio.NioEventLoop.run(NioEventLoop.java:514)\n\tat io.netty.util.concurrent.SingleThreadEventExecutor$6.run(SingleThreadEventExecutor.java:1044)\n\tat io.netty.util.internal.ThreadExecutorMap$2.run(ThreadExecutorMap.java:74)\n\tat io.netty.util.concurrent.FastThreadLocalRunnable.run(FastThreadLocalRunnable.java:30)\n\tat java.lang.Thread.run(Thread.java:1012)\n"}}
Thu Jul 30 09:00:55 UTC 2026 | ALL | 07-30 09:00:54.369  4162  4220 I appium  : channel read: POST /session/0ec58237-84ed-40bd-bf67-28bb2b70cae2/element
Thu Jul 30 09:00:55 UTC 2026 | ALL | 07-30 09:00:54.370  4162  4220 I appium  : FindElement command
Thu Jul 30 09:00:55 UTC 2026 | ALL | 07-30 09:00:54.371  4162  4220 I appium  : method: 'xpath', selector: '//android.widget.EditText[@text='your.email@example.com' or @hint='your.email@example.com' or @text='Email Address' or @index='0']'
Thu Jul 30 09:00:55 UTC 2026 | ALL | 07-30 09:00:54.371  4162  4220 I appium  : Waiting up to 10000ms for the device to idle
Thu Jul 30 09:00:55 UTC 2026 | ALL | 07-30 09:00:54.372  4162  4220 I appium  : The following attributes will be included to the page source: [index, text, hint]
Thu Jul 30 09:00:55 UTC 2026 | ALL | 07-30 09:00:54.376  4162  4170 I tomator2.server: Method exceeds compiler instruction limit: 19264 in java_cup.runtime.Symbol org.eclipse.wst.xml.xpath2.processor.internal.CUP$XPathCup$actions.CUP$XPathCup$do_action(int, java_cup.runtime.lr_parser, java.util.Stack, int)
Thu Jul 30 09:00:55 UTC 2026 | ALL | 07-30 09:00:54.388  4162  4220 I appium  : Took 0ms to retrieve 0 matches for '//android.widget.EditText[@text='your.email@example.com' or @hint='your.email@example.com' or @text='Email Address' or @index='0']' XPath2 query
Thu Jul 30 09:00:55 UTC 2026 | ALL | 07-30 09:00:54.389  4162  4220 I appium  : AppiumResponse: {"sessionId":"0ec58237-84ed-40bd-bf67-28bb2b70cae2","value":{"error":"no such element","message":"An element could not be located on the page using the given search parameters","stacktrace":"io.appium.uiautomator2.common.exceptions.ElementNotFoundException: An element could not be located on the page using the given search parameters\n\tat io.appium.uiautomator2.utils.ElementLocationHelpers.findElement(ElementLocationHelpers.java:156)\n\tat io.appium.uiautomator2.handler.FindElement.safeHandle(FindElement.java:60)\n\tat io.appium.uiautomator2.handler.request.SafeRequestHandler.handle(SafeRequestHandler.java:59)\n\tat io.appium.uiautomator2.server.AppiumServlet.handleRequest(AppiumServlet.java:259)\n\tat io.appium.uiautomator2.server.AppiumServlet.handleHttpRequest(AppiumServlet.java:253)\n\tat io.appium.uiautomator2.http.ServerHandler.channelRead(ServerHandler.java:77)\n\tat io.netty.channel.AbstractChannelHandlerContext.invokeChannelRead(AbstractChannelHandlerContext.java:374)\n\tat io.netty.channel.AbstractChannelHandlerContext.invokeChannelRead(AbstractChannelHandlerContext.java:360)\n\tat io.netty.channel.AbstractChannelHandlerContext.fireChannelRead(AbstractChannelHandlerContext.java:352)\n\tat io.netty.handler.codec.MessageToMessageDecoder.channelRead(MessageToMessageDecoder.java:102)\n\tat io.netty.channel.AbstractChannelHandlerContext.invokeChannelRead(AbstractChannelHandlerContext.java:374)\n\tat io.netty.channel.AbstractChannelHandlerContext.invokeChannelRead(AbstractChannelHandlerContext.java:360)\n\tat io.netty.channel.AbstractChannelHandlerContext.fireChannelRead(AbstractChannelHandlerContext.java:352)\n\tat io.netty.channel.CombinedChannelDuplexHandler$DelegatingChannelHandlerContext.fireChannelRead(CombinedChannelDuplexHandler.java:438)\n\tat io.netty.handler.codec.ByteToMessageDecoder.fireChannelRead(ByteToMessageDecoder.java:328)\n\tat io.netty.handler.codec.ByteToMessageDecoder.channelRead(ByteToMessageDecoder.java:302)\n\tat io.netty.channel.CombinedChannelDuplexHandler.channelRead(CombinedChannelDuplexHandler.java:253)\n\tat io.netty.channel.AbstractChannelHandlerContext.invokeChannelRead(AbstractChannelHandlerContext.java:374)\n\tat io.netty.channel.AbstractChannelHandlerContext.invokeChannelRead(AbstractChannelHandlerContext.java:360)\n\tat io.netty.channel.AbstractChannelHandlerContext.fireChannelRead(AbstractChannelHandlerContext.java:352)\n\tat io.netty.handler.timeout.IdleStateHandler.channelRead(IdleStateHandler.java:287)\n\tat io.netty.channel.AbstractChannelHandlerContext.invokeChannelRead(AbstractChannelHandlerContext.java:374)\n\tat io.netty.channel.AbstractChannelHandlerContext.invokeChannelRead(AbstractChannelHandlerContext.java:360)\n\tat io.netty.channel.AbstractChannelHandlerContext.fireChannelRead(AbstractChannelHandlerContext.java:352)\n\tat io.netty.channel.DefaultChannelPipeline$HeadContext.channelRead(DefaultChannelPipeline.java:1422)\n\tat io.netty.channel.AbstractChannelHandlerContext.invokeChannelRead(AbstractChannelHandlerContext.java:374)\n\tat io.netty.channel.AbstractChannelHandlerContext.invokeChannelRead(AbstractChannelHandlerContext.java:360)\n\tat io.netty.channel.DefaultChannelPipeline.fireChannelRead(DefaultChannelPipeline.java:931)\n\tat io.netty.channel.nio.AbstractNioByteChannel$NioByteUnsafe.read(AbstractNioByteChannel.java:163)\n\tat io.netty.channel.nio.NioEventLoop.processSelectedKey(NioEventLoop.java:700)\n\tat io.netty.channel.nio.NioEventLoop.processSelectedKeysOptimized(NioEventLoop.java:635)\n\tat io.netty.channel.nio.NioEventLoop.processSelectedKeys(NioEventLoop.java:552)\n\tat io.netty.channel.nio.NioEventLoop.run(NioEventLoop.java:514)\n\tat io.netty.util.concurrent.SingleThreadEventExecutor$6.run(SingleThreadEventExecutor.java:1044)\n\tat io.netty.util.internal.ThreadExecutorMap$2.run(ThreadExecutorMap.java:74)\n\tat io.netty.util.concurrent.FastThreadLocalRunnable.run(FastThreadLocalRunnable.java:30)\n\tat java.lang.Thread.run(Thread.java:1012)\n"}}
Thu Jul 30 09:00:55 UTC 2026 | ALL | 07-30 09:00:54.403   560   664 D ActivityManager: freezing 1641 com.google.android.googlequicksearchbox:search
Thu Jul 30 09:00:55 UTC 2026 | ALL | 07-30 09:00:54.760   560   833 W IPCThreadState: Sending oneway calls to frozen process.
Thu Jul 30 09:00:55 UTC 2026 | ALL | 07-30 09:00:54.762   560   833 W IPCThreadState: Sending oneway calls to frozen process.
Thu Jul 30 09:00:55 UTC 2026 | ALL | 07-30 09:00:54.762   560   833 W IPCThreadState: Sending oneway calls to frozen process.
Thu Jul 30 09:00:55 UTC 2026 | ALL | 07-30 09:00:54.765  3433  3502 I BugleRcsEngine: Connected state: [1], networkType: [WIFI] [CONTEXT thread_id=53 ]
Thu Jul 30 09:00:55 UTC 2026 | ALL | 07-30 09:00:54.766  3433  3534 I BugleRcsEngine: handleMessage processing message:[NOTIFY_UPTIME_IGNORE_STATE_CHANGED] with [non-null]:RcsEngineImpl reference [CONTEXT log_prefix="RcsEngineImpl[DUAL_REG]:[445b9658-3dc5]>Handler" thread_id=62 ]
Thu Jul 30 09:00:55 UTC 2026 | ALL | 07-30 09:00:54.770  1226  1882 I ChimeraSrvcProxy: NullBinder for android.net.action.RECOMMEND_NETWORKS triggering remote TransactionTooLargeException due to Service without Chimera impl
Thu Jul 30 09:00:55 UTC 2026 | ALL | 07-30 09:00:54.770  1226  1882 W .gms.persistent: Large reply transaction of 1056768 bytes, interface descriptor , code 1
Thu Jul 30 09:00:55 UTC 2026 | ALL | 07-30 09:00:54.771  3433  3534 I BugleRcsEngine: No RCS Configuration was found in Bugle for simID: redacted-pii:sim_id[chars:20,last3:897] [CONTEXT log_prefix="ProvisioningEngineDataRetriever" thread_id=62 ]
Thu Jul 30 09:00:55 UTC 2026 | ALL | 07-30 09:00:54.895  4162  4220 I appium  : channel read: POST /session/0ec58237-84ed-40bd-bf67-28bb2b70cae2/element
Thu Jul 30 09:00:55 UTC 2026 | ALL | 07-30 09:00:54.896  4162  4220 I appium  : FindElement command
Thu Jul 30 09:00:55 UTC 2026 | ALL | 07-30 09:00:54.897  4162  4220 I appium  : method: 'xpath', selector: '//android.widget.EditText[@text='your.email@example.com' or @hint='your.email@example.com' or @text='Email Address' or @index='0']'
Thu Jul 30 09:00:55 UTC 2026 | ALL | 07-30 09:00:54.897  4162  4220 I appium  : Waiting up to 10000ms for the device to idle
Thu Jul 30 09:00:55 UTC 2026 | ALL | 07-30 09:00:54.898  4162  4220 I appium  : The following attributes will be included to the page source: [index, text, hint]
Thu Jul 30 09:00:55 UTC 2026 | ALL | 07-30 09:00:54.911  4162  4220 I appium  : Took 0ms to retrieve 0 matches for '//android.widget.EditText[@text='your.email@example.com' or @hint='your.email@example.com' or @text='Email Address' or @index='0']' XPath2 query
Thu Jul 30 09:00:55 UTC 2026 | ALL | 07-30 09:00:54.913  4162  4220 I appium  : AppiumResponse: {"sessionId":"0ec58237-84ed-40bd-bf67-28bb2b70cae2","value":{"error":"no such element","message":"An element could not be located on the page using the given search parameters","stacktrace":"io.appium.uiautomator2.common.exceptions.ElementNotFoundException: An element could not be located on the page using the given search parameters\n\tat io.appium.uiautomator2.utils.ElementLocationHelpers.findElement(ElementLocationHelpers.java:156)\n\tat io.appium.uiautomator2.handler.FindElement.safeHandle(FindElement.java:60)\n\tat io.appium.uiautomator2.handler.request.SafeRequestHandler.handle(SafeRequestHandler.java:59)\n\tat io.appium.uiautomator2.server.AppiumServlet.handleRequest(AppiumServlet.java:259)\n\tat io.appium.uiautomator2.server.AppiumServlet.handleHttpRequest(AppiumServlet.java:253)\n\tat io.appium.uiautomator2.http.ServerHandler.channelRead(ServerHandler.java:77)\n\tat io.netty.channel.AbstractChannelHandlerContext.invokeChannelRead(AbstractChannelHandlerContext.java:374)\n\tat io.netty.channel.AbstractChannelHandlerContext.invokeChannelRead(AbstractChannelHandlerContext.java:360)\n\tat io.netty.channel.AbstractChannelHandlerContext.fireChannelRead(AbstractChannelHandlerContext.java:352)\n\tat io.netty.handler.codec.MessageToMessageDecoder.channelRead(MessageToMessageDecoder.java:102)\n\tat io.netty.channel.AbstractChannelHandlerContext.invokeChannelRead(AbstractChannelHandlerContext.java:374)\n\tat io.netty.channel.AbstractChannelHandlerContext.invokeChannelRead(AbstractChannelHandlerContext.java:360)\n\tat io.netty.channel.AbstractChannelHandlerContext.fireChannelRead(AbstractChannelHandlerContext.java:352)\n\tat io.netty.channel.CombinedChannelDuplexHandler$DelegatingChannelHandlerContext.fireChannelRead(CombinedChannelDuplexHandler.java:438)\n\tat io.netty.handler.codec.ByteToMessageDecoder.fireChannelRead(ByteToMessageDecoder.java:328)\n\tat io.netty.handler.codec.ByteToMessageDecoder.channelRead(ByteToMessageDecoder.java:302)\n\tat io.netty.channel.CombinedChannelDuplexHandler.channelRead(CombinedChannelDuplexHandler.java:253)\n\tat io.netty.channel.AbstractChannelHandlerContext.invokeChannelRead(AbstractChannelHandlerContext.java:374)\n\tat io.netty.channel.AbstractChannelHandlerContext.invokeChannelRead(AbstractChannelHandlerContext.java:360)\n\tat io.netty.channel.AbstractChannelHandlerContext.fireChannelRead(AbstractChannelHandlerContext.java:352)\n\tat io.netty.handler.timeout.IdleStateHandler.channelRead(IdleStateHandler.java:287)\n\tat io.netty.channel.AbstractChannelHandlerContext.invokeChannelRead(AbstractChannelHandlerContext.java:374)\n\tat io.netty.channel.AbstractChannelHandlerContext.invokeChannelRead(AbstractChannelHandlerContext.java:360)\n\tat io.netty.channel.AbstractChannelHandlerContext.fireChannelRead(AbstractChannelHandlerContext.java:352)\n\tat io.netty.channel.DefaultChannelPipeline$HeadContext.channelRead(DefaultChannelPipeline.java:1422)\n\tat io.netty.channel.AbstractChannelHandlerContext.invokeChannelRead(AbstractChannelHandlerContext.java:374)\n\tat io.netty.channel.AbstractChannelHandlerContext.invokeChannelRead(AbstractChannelHandlerContext.java:360)\n\tat io.netty.channel.DefaultChannelPipeline.fireChannelRead(DefaultChannelPipeline.java:931)\n\tat io.netty.channel.nio.AbstractNioByteChannel$NioByteUnsafe.read(AbstractNioByteChannel.java:163)\n\tat io.netty.channel.nio.NioEventLoop.processSelectedKey(NioEventLoop.java:700)\n\tat io.netty.channel.nio.NioEventLoop.processSelectedKeysOptimized(NioEventLoop.java:635)\n\tat io.netty.channel.nio.NioEventLoop.processSelectedKeys(NioEventLoop.java:552)\n\tat io.netty.channel.nio.NioEventLoop.run(NioEventLoop.java:514)\n\tat io.netty.util.concurrent.SingleThreadEventExecutor$6.run(SingleThreadEventExecutor.java:1044)\n\tat io.netty.util.internal.ThreadExecutorMap$2.run(ThreadExecutorMap.java:74)\n\tat io.netty.util.concurrent.FastThreadLocalRunnable.run(FastThreadLocalRunnable.java:30)\n\tat java.lang.Thread.run(Thread.java:1012)\n"}}
Thu Jul 30 09:00:56 UTC 2026 | ALL | 07-30 09:00:55.420  4162  4220 I appium  : channel read: POST /session/0ec58237-84ed-40bd-bf67-28bb2b70cae2/element
Thu Jul 30 09:00:56 UTC 2026 | ALL | 07-30 09:00:55.421  4162  4220 I appium  : FindElement command
Thu Jul 30 09:00:56 UTC 2026 | ALL | 07-30 09:00:55.422  4162  4220 I appium  : method: 'xpath', selector: '//android.widget.EditText[@text='your.email@example.com' or @hint='your.email@example.com' or @text='Email Address' or @index='0']'
Thu Jul 30 09:00:56 UTC 2026 | ALL | 07-30 09:00:55.422  4162  4220 I appium  : Waiting up to 10000ms for the device to idle
Thu Jul 30 09:00:56 UTC 2026 | ALL | 07-30 09:00:55.423  4162  4220 I appium  : The following attributes will be included to the page source: [index, text, hint]
Thu Jul 30 09:00:56 UTC 2026 | ALL | 07-30 09:00:55.436  4162  4220 I appium  : Took 0ms to retrieve 0 matches for '//android.widget.EditText[@text='your.email@example.com' or @hint='your.email@example.com' or @text='Email Address' or @index='0']' XPath2 query
Thu Jul 30 09:00:56 UTC 2026 | ALL | 07-30 09:00:55.437  4162  4220 I appium  : AppiumResponse: {"sessionId":"0ec58237-84ed-40bd-bf67-28bb2b70cae2","value":{"error":"no such element","message":"An element could not be located on the page using the given search parameters","stacktrace":"io.appium.uiautomator2.common.exceptions.ElementNotFoundException: An element could not be located on the page using the given search parameters\n\tat io.appium.uiautomator2.utils.ElementLocationHelpers.findElement(ElementLocationHelpers.java:156)\n\tat io.appium.uiautomator2.handler.FindElement.safeHandle(FindElement.java:60)\n\tat io.appium.uiautomator2.handler.request.SafeRequestHandler.handle(SafeRequestHandler.java:59)\n\tat io.appium.uiautomator2.server.AppiumServlet.handleRequest(AppiumServlet.java:259)\n\tat io.appium.uiautomator2.server.AppiumServlet.handleHttpRequest(AppiumServlet.java:253)\n\tat io.appium.uiautomator2.http.ServerHandler.channelRead(ServerHandler.java:77)\n\tat io.netty.channel.AbstractChannelHandlerContext.invokeChannelRead(AbstractChannelHandlerContext.java:374)\n\tat io.netty.channel.AbstractChannelHandlerContext.invokeChannelRead(AbstractChannelHandlerContext.java:360)\n\tat io.netty.channel.AbstractChannelHandlerContext.fireChannelRead(AbstractChannelHandlerContext.java:352)\n\tat io.netty.handler.codec.MessageToMessageDecoder.channelRead(MessageToMessageDecoder.java:102)\n\tat io.netty.channel.AbstractChannelHandlerContext.invokeChannelRead(AbstractChannelHandlerContext.java:374)\n\tat io.netty.channel.AbstractChannelHandlerContext.invokeChannelRead(AbstractChannelHandlerContext.java:360)\n\tat io.netty.channel.AbstractChannelHandlerContext.fireChannelRead(AbstractChannelHandlerContext.java:352)\n\tat io.netty.channel.CombinedChannelDuplexHandler$DelegatingChannelHandlerContext.fireChannelRead(CombinedChannelDuplexHandler.java:438)\n\tat io.netty.handler.codec.ByteToMessageDecoder.fireChannelRead(ByteToMessageDecoder.java:328)\n\tat io.netty.handler.codec.ByteToMessageDecoder.channelRead(ByteToMessageDecoder.java:302)\n\tat io.netty.channel.CombinedChannelDuplexHandler.channelRead(CombinedChannelDuplexHandler.java:253)\n\tat io.netty.channel.AbstractChannelHandlerContext.invokeChannelRead(AbstractChannelHandlerContext.java:374)\n\tat io.netty.channel.AbstractChannelHandlerContext.invokeChannelRead(AbstractChannelHandlerContext.java:360)\n\tat io.netty.channel.AbstractChannelHandlerContext.fireChannelRead(AbstractChannelHandlerContext.java:352)\n\tat io.netty.handler.timeout.IdleStateHandler.channelRead(IdleStateHandler.java:287)\n\tat io.netty.channel.AbstractChannelHandlerContext.invokeChannelRead(AbstractChannelHandlerContext.java:374)\n\tat io.netty.channel.AbstractChannelHandlerContext.invokeChannelRead(AbstractChannelHandlerContext.java:360)\n\tat io.netty.channel.AbstractChannelHandlerContext.fireChannelRead(AbstractChannelHandlerContext.java:352)\n\tat io.netty.channel.DefaultChannelPipeline$HeadContext.channelRead(DefaultChannelPipeline.java:1422)\n\tat io.netty.channel.AbstractChannelHandlerContext.invokeChannelRead(AbstractChannelHandlerContext.java:374)\n\tat io.netty.channel.AbstractChannelHandlerContext.invokeChannelRead(AbstractChannelHandlerContext.java:360)\n\tat io.netty.channel.DefaultChannelPipeline.fireChannelRead(DefaultChannelPipeline.java:931)\n\tat io.netty.channel.nio.AbstractNioByteChannel$NioByteUnsafe.read(AbstractNioByteChannel.java:163)\n\tat io.netty.channel.nio.NioEventLoop.processSelectedKey(NioEventLoop.java:700)\n\tat io.netty.channel.nio.NioEventLoop.processSelectedKeysOptimized(NioEventLoop.java:635)\n\tat io.netty.channel.nio.NioEventLoop.processSelectedKeys(NioEventLoop.java:552)\n\tat io.netty.channel.nio.NioEventLoop.run(NioEventLoop.java:514)\n\tat io.netty.util.concurrent.SingleThreadEventExecutor$6.run(SingleThreadEventExecutor.java:1044)\n\tat io.netty.util.internal.ThreadExecutorMap$2.run(ThreadExecutorMap.java:74)\n\tat io.netty.util.concurrent.FastThreadLocalRunnable.run(FastThreadLocalRunnable.java:30)\n\tat java.lang.Thread.run(Thread.java:1012)\n"}}
Thu Jul 30 09:00:56 UTC 2026 | ALL | 07-30 09:00:55.945  4162  4220 I appium  : channel read: POST /session/0ec58237-84ed-40bd-bf67-28bb2b70cae2/element
Thu Jul 30 09:00:56 UTC 2026 | ALL | 07-30 09:00:55.945  4162  4220 I appium  : FindElement command
Thu Jul 30 09:00:56 UTC 2026 | ALL | 07-30 09:00:55.946  4162  4220 I appium  : method: 'xpath', selector: '//android.widget.EditText[@text='your.email@example.com' or @hint='your.email@example.com' or @text='Email Address' or @index='0']'
Thu Jul 30 09:00:56 UTC 2026 | ALL | 07-30 09:00:55.946  4162  4220 I appium  : Waiting up to 10000ms for the device to idle
Thu Jul 30 09:00:56 UTC 2026 | ALL | 07-30 09:00:55.947  4162  4220 I appium  : The following attributes will be included to the page source: [index, text, hint]
Thu Jul 30 09:00:56 UTC 2026 | ALL | 07-30 09:00:55.951  4162  4170 I tomator2.server: Method exceeds compiler instruction limit: 19264 in java_cup.runtime.Symbol org.eclipse.wst.xml.xpath2.processor.internal.CUP$XPathCup$actions.CUP$XPathCup$do_action(int, java_cup.runtime.lr_parser, java.util.Stack, int)
Thu Jul 30 09:00:56 UTC 2026 | ALL | 07-30 09:00:55.964  4162  4220 I appium  : Took 0ms to retrieve 0 matches for '//android.widget.EditText[@text='your.email@example.com' or @hint='your.email@example.com' or @text='Email Address' or @index='0']' XPath2 query
Thu Jul 30 09:00:56 UTC 2026 | ALL | 07-30 09:00:55.965  4162  4220 I appium  : AppiumResponse: {"sessionId":"0ec58237-84ed-40bd-bf67-28bb2b70cae2","value":{"error":"no such element","message":"An element could not be located on the page using the given search parameters","stacktrace":"io.appium.uiautomator2.common.exceptions.ElementNotFoundException: An element could not be located on the page using the given search parameters\n\tat io.appium.uiautomator2.utils.ElementLocationHelpers.findElement(ElementLocationHelpers.java:156)\n\tat io.appium.uiautomator2.handler.FindElement.safeHandle(FindElement.java:60)\n\tat io.appium.uiautomator2.handler.request.SafeRequestHandler.handle(SafeRequestHandler.java:59)\n\tat io.appium.uiautomator2.server.AppiumServlet.handleRequest(AppiumServlet.java:259)\n\tat io.appium.uiautomator2.server.AppiumServlet.handleHttpRequest(AppiumServlet.java:253)\n\tat io.appium.uiautomator2.http.ServerHandler.channelRead(ServerHandler.java:77)\n\tat io.netty.channel.AbstractChannelHandlerContext.invokeChannelRead(AbstractChannelHandlerContext.java:374)\n\tat io.netty.channel.AbstractChannelHandlerContext.invokeChannelRead(AbstractChannelHandlerContext.java:360)\n\tat io.netty.channel.AbstractChannelHandlerContext.fireChannelRead(AbstractChannelHandlerContext.java:352)\n\tat io.netty.handler.codec.MessageToMessageDecoder.channelRead(MessageToMessageDecoder.java:102)\n\tat io.netty.channel.AbstractChannelHandlerContext.invokeChannelRead(AbstractChannelHandlerContext.java:374)\n\tat io.netty.channel.AbstractChannelHandlerContext.invokeChannelRead(AbstractChannelHandlerContext.java:360)\n\tat io.netty.channel.AbstractChannelHandlerContext.fireChannelRead(AbstractChannelHandlerContext.java:352)\n\tat io.netty.channel.CombinedChannelDuplexHandler$DelegatingChannelHandlerContext.fireChannelRead(CombinedChannelDuplexHandler.java:438)\n\tat io.netty.handler.codec.ByteToMessageDecoder.fireChannelRead(ByteToMessageDecoder.java:328)\n\tat io.netty.handler.codec.ByteToMessageDecoder.channelRead(ByteToMessageDecoder.java:302)\n\tat io.netty.channel.CombinedChannelDuplexHandler.channelRead(CombinedChannelDuplexHandler.java:253)\n\tat io.netty.channel.AbstractChannelHandlerContext.invokeChannelRead(AbstractChannelHandlerContext.java:374)\n\tat io.netty.channel.AbstractChannelHandlerContext.invokeChannelRead(AbstractChannelHandlerContext.java:360)\n\tat io.netty.channel.AbstractChannelHandlerContext.fireChannelRead(AbstractChannelHandlerContext.java:352)\n\tat io.netty.handler.timeout.IdleStateHandler.channelRead(IdleStateHandler.java:287)\n\tat io.netty.channel.AbstractChannelHandlerContext.invokeChannelRead(AbstractChannelHandlerContext.java:374)\n\tat io.netty.channel.AbstractChannelHandlerContext.invokeChannelRead(AbstractChannelHandlerContext.java:360)\n\tat io.netty.channel.AbstractChannelHandlerContext.fireChannelRead(AbstractChannelHandlerContext.java:352)\n\tat io.netty.channel.DefaultChannelPipeline$HeadContext.channelRead(DefaultChannelPipeline.java:1422)\n\tat io.netty.channel.AbstractChannelHandlerContext.invokeChannelRead(AbstractChannelHandlerContext.java:374)\n\tat io.netty.channel.AbstractChannelHandlerContext.invokeChannelRead(AbstractChannelHandlerContext.java:360)\n\tat io.netty.channel.DefaultChannelPipeline.fireChannelRead(DefaultChannelPipeline.java:931)\n\tat io.netty.channel.nio.AbstractNioByteChannel$NioByteUnsafe.read(AbstractNioByteChannel.java:163)\n\tat io.netty.channel.nio.NioEventLoop.processSelectedKey(NioEventLoop.java:700)\n\tat io.netty.channel.nio.NioEventLoop.processSelectedKeysOptimized(NioEventLoop.java:635)\n\tat io.netty.channel.nio.NioEventLoop.processSelectedKeys(NioEventLoop.java:552)\n\tat io.netty.channel.nio.NioEventLoop.run(NioEventLoop.java:514)\n\tat io.netty.util.concurrent.SingleThreadEventExecutor$6.run(SingleThreadEventExecutor.java:1044)\n\tat io.netty.util.internal.ThreadExecutorMap$2.run(ThreadExecutorMap.java:74)\n\tat io.netty.util.concurrent.FastThreadLocalRunnable.run(FastThreadLocalRunnable.java:30)\n\tat java.lang.Thread.run(Thread.java:1012)\n"}}
Thu Jul 30 09:00:57 UTC 2026 | ALL | 07-30 09:00:56.272  4162  4211 I appium  : READER_IDLE: closing the channel
Thu Jul 30 09:00:57 UTC 2026 | ALL | 07-30 09:00:56.324  4162  4218 I appium  : READER_IDLE: closing the channel
Thu Jul 30 09:00:57 UTC 2026 | ALL | 07-30 09:00:56.359  4162  4219 I appium  : READER_IDLE: closing the channel
Thu Jul 30 09:00:57 UTC 2026 | ALL | 07-30 09:00:56.471  4162  4220 I appium  : channel read: POST /session/0ec58237-84ed-40bd-bf67-28bb2b70cae2/element
Thu Jul 30 09:00:57 UTC 2026 | ALL | 07-30 09:00:56.471  4162  4220 I appium  : FindElement command
Thu Jul 30 09:00:57 UTC 2026 | ALL | 07-30 09:00:56.472  4162  4220 I appium  : method: 'xpath', selector: '//android.widget.EditText[@text='your.email@example.com' or @hint='your.email@example.com' or @text='Email Address' or @index='0']'
Thu Jul 30 09:00:57 UTC 2026 | ALL | 07-30 09:00:56.472  4162  4220 I appium  : Waiting up to 10000ms for the device to idle
Thu Jul 30 09:00:57 UTC 2026 | ALL | 07-30 09:00:56.474  4162  4220 I appium  : The following attributes will be included to the page source: [index, text, hint]
Thu Jul 30 09:00:57 UTC 2026 | ALL | 07-30 09:00:56.489  4162  4220 I appium  : Took 0ms to retrieve 0 matches for '//android.widget.EditText[@text='your.email@example.com' or @hint='your.email@example.com' or @text='Email Address' or @index='0']' XPath2 query
Thu Jul 30 09:00:57 UTC 2026 | ALL | 07-30 09:00:56.490  4162  4220 I appium  : AppiumResponse: {"sessionId":"0ec58237-84ed-40bd-bf67-28bb2b70cae2","value":{"error":"no such element","message":"An element could not be located on the page using the given search parameters","stacktrace":"io.appium.uiautomator2.common.exceptions.ElementNotFoundException: An element could not be located on the page using the given search parameters\n\tat io.appium.uiautomator2.utils.ElementLocationHelpers.findElement(ElementLocationHelpers.java:156)\n\tat io.appium.uiautomator2.handler.FindElement.safeHandle(FindElement.java:60)\n\tat io.appium.uiautomator2.handler.request.SafeRequestHandler.handle(SafeRequestHandler.java:59)\n\tat io.appium.uiautomator2.server.AppiumServlet.handleRequest(AppiumServlet.java:259)\n\tat io.appium.uiautomator2.server.AppiumServlet.handleHttpRequest(AppiumServlet.java:253)\n\tat io.appium.uiautomator2.http.ServerHandler.channelRead(ServerHandler.java:77)\n\tat io.netty.channel.AbstractChannelHandlerContext.invokeChannelRead(AbstractChannelHandlerContext.java:374)\n\tat io.netty.channel.AbstractChannelHandlerContext.invokeChannelRead(AbstractChannelHandlerContext.java:360)\n\tat io.netty.channel.AbstractChannelHandlerContext.fireChannelRead(AbstractChannelHandlerContext.java:352)\n\tat io.netty.handler.codec.MessageToMessageDecoder.channelRead(MessageToMessageDecoder.java:102)\n\tat io.netty.channel.AbstractChannelHandlerContext.invokeChannelRead(AbstractChannelHandlerContext.java:374)\n\tat io.netty.channel.AbstractChannelHandlerContext.invokeChannelRead(AbstractChannelHandlerContext.java:360)\n\tat io.netty.channel.AbstractChannelHandlerContext.fireChannelRead(AbstractChannelHandlerContext.java:352)\n\tat io.netty.channel.CombinedChannelDuplexHandler$DelegatingChannelHandlerContext.fireChannelRead(CombinedChannelDuplexHandler.java:438)\n\tat io.netty.handler.codec.ByteToMessageDecoder.fireChannelRead(ByteToMessageDecoder.java:328)\n\tat io.netty.handler.codec.ByteToMessageDecoder.channelRead(ByteToMessageDecoder.java:302)\n\tat io.netty.channel.CombinedChannelDuplexHandler.channelRead(CombinedChannelDuplexHandler.java:253)\n\tat io.netty.channel.AbstractChannelHandlerContext.invokeChannelRead(AbstractChannelHandlerContext.java:374)\n\tat io.netty.channel.AbstractChannelHandlerContext.invokeChannelRead(AbstractChannelHandlerContext.java:360)\n\tat io.netty.channel.AbstractChannelHandlerContext.fireChannelRead(AbstractChannelHandlerContext.java:352)\n\tat io.netty.handler.timeout.IdleStateHandler.channelRead(IdleStateHandler.java:287)\n\tat io.netty.channel.AbstractChannelHandlerContext.invokeChannelRead(AbstractChannelHandlerContext.java:374)\n\tat io.netty.channel.AbstractChannelHandlerContext.invokeChannelRead(AbstractChannelHandlerContext.java:360)\n\tat io.netty.channel.AbstractChannelHandlerContext.fireChannelRead(AbstractChannelHandlerContext.java:352)\n\tat io.netty.channel.DefaultChannelPipeline$HeadContext.channelRead(DefaultChannelPipeline.java:1422)\n\tat io.netty.channel.AbstractChannelHandlerContext.invokeChannelRead(AbstractChannelHandlerContext.java:374)\n\tat io.netty.channel.AbstractChannelHandlerContext.invokeChannelRead(AbstractChannelHandlerContext.java:360)\n\tat io.netty.channel.DefaultChannelPipeline.fireChannelRead(DefaultChannelPipeline.java:931)\n\tat io.netty.channel.nio.AbstractNioByteChannel$NioByteUnsafe.read(AbstractNioByteChannel.java:163)\n\tat io.netty.channel.nio.NioEventLoop.processSelectedKey(NioEventLoop.java:700)\n\tat io.netty.channel.nio.NioEventLoop.processSelectedKeysOptimized(NioEventLoop.java:635)\n\tat io.netty.channel.nio.NioEventLoop.processSelectedKeys(NioEventLoop.java:552)\n\tat io.netty.channel.nio.NioEventLoop.run(NioEventLoop.java:514)\n\tat io.netty.util.concurrent.SingleThreadEventExecutor$6.run(SingleThreadEventExecutor.java:1044)\n\tat io.netty.util.internal.ThreadExecutorMap$2.run(ThreadExecutorMap.java:74)\n\tat io.netty.util.concurrent.FastThreadLocalRunnable.run(FastThreadLocalRunnable.java:30)\n\tat java.lang.Thread.run(Thread.java:1012)\n"}}
Thu Jul 30 09:00:57 UTC 2026 | ALL | 07-30 09:00:56.668   560  1619 D OomAdjuster: Not killing cached processes
Thu Jul 30 09:00:57 UTC 2026 | ALL | 07-30 09:00:56.967   560   833 D InetDiagMessage: Destroyed 0 sockets, proto=IPPROTO_TCP, family=AF_INET, states=14
Thu Jul 30 09:00:57 UTC 2026 | ALL | 07-30 09:00:56.967   560   833 D InetDiagMessage: Destroyed 0 sockets, proto=IPPROTO_TCP, family=AF_INET6, states=14
Thu Jul 30 09:00:57 UTC 2026 | ALL | 07-30 09:00:56.967   560   833 D InetDiagMessage: Destroyed live tcp sockets for uids={10195} in 1ms
Thu Jul 30 09:00:57 UTC 2026 | ALL | 07-30 09:00:56.968   560   833 D InetDiagMessage: Destroyed 0 sockets, proto=IPPROTO_TCP, family=AF_INET, states=14
Thu Jul 30 09:00:57 UTC 2026 | ALL | 07-30 09:00:56.969   560   833 D InetDiagMessage: Destroyed 0 sockets, proto=IPPROTO_TCP, family=AF_INET6, states=14
Thu Jul 30 09:00:57 UTC 2026 | ALL | 07-30 09:00:56.969   560   833 D InetDiagMessage: Destroyed live tcp sockets for uids={20195} in 1ms
Thu Jul 30 09:00:57 UTC 2026 | ALL | 07-30 09:00:56.996  4162  4220 I appium  : channel read: POST /session/0ec58237-84ed-40bd-bf67-28bb2b70cae2/element
Thu Jul 30 09:00:57 UTC 2026 | ALL | 07-30 09:00:56.996  4162  4220 I appium  : FindElement command
Thu Jul 30 09:00:57 UTC 2026 | ALL | 07-30 09:00:56.997  4162  4220 I appium  : method: 'xpath', selector: '//android.widget.EditText[@text='your.email@example.com' or @hint='your.email@example.com' or @text='Email Address' or @index='0']'
Thu Jul 30 09:00:57 UTC 2026 | ALL | 07-30 09:00:56.997  4162  4220 I appium  : Waiting up to 10000ms for the device to idle
Thu Jul 30 09:00:57 UTC 2026 | ALL | 07-30 09:00:56.998  4162  4220 I appium  : The following attributes will be included to the page source: [index, text, hint]
Thu Jul 30 09:00:57 UTC 2026 | ALL | 07-30 09:00:57.002  4162  4170 I tomator2.server: Method exceeds compiler instruction limit: 19264 in java_cup.runtime.Symbol org.eclipse.wst.xml.xpath2.processor.internal.CUP$XPathCup$actions.CUP$XPathCup$do_action(int, java_cup.runtime.lr_parser, java.util.Stack, int)
Thu Jul 30 09:00:57 UTC 2026 | ALL | 07-30 09:00:57.011  4162  4220 I appium  : Took 0ms to retrieve 0 matches for '//android.widget.EditText[@text='your.email@example.com' or @hint='your.email@example.com' or @text='Email Address' or @index='0']' XPath2 query
Thu Jul 30 09:00:57 UTC 2026 | ALL | 07-30 09:00:57.013  4162  4220 I appium  : AppiumResponse: {"sessionId":"0ec58237-84ed-40bd-bf67-28bb2b70cae2","value":{"error":"no such element","message":"An element could not be located on the page using the given search parameters","stacktrace":"io.appium.uiautomator2.common.exceptions.ElementNotFoundException: An element could not be located on the page using the given search parameters\n\tat io.appium.uiautomator2.utils.ElementLocationHelpers.findElement(ElementLocationHelpers.java:156)\n\tat io.appium.uiautomator2.handler.FindElement.safeHandle(FindElement.java:60)\n\tat io.appium.uiautomator2.handler.request.SafeRequestHandler.handle(SafeRequestHandler.java:59)\n\tat io.appium.uiautomator2.server.AppiumServlet.handleRequest(AppiumServlet.java:259)\n\tat io.appium.uiautomator2.server.AppiumServlet.handleHttpRequest(AppiumServlet.java:253)\n\tat io.appium.uiautomator2.http.ServerHandler.channelRead(ServerHandler.java:77)\n\tat io.netty.channel.AbstractChannelHandlerContext.invokeChannelRead(AbstractChannelHandlerContext.java:374)\n\tat io.netty.channel.AbstractChannelHandlerContext.invokeChannelRead(AbstractChannelHandlerContext.java:360)\n\tat io.netty.channel.AbstractChannelHandlerContext.fireChannelRead(AbstractChannelHandlerContext.java:352)\n\tat io.netty.handler.codec.MessageToMessageDecoder.channelRead(MessageToMessageDecoder.java:102)\n\tat io.netty.channel.AbstractChannelHandlerContext.invokeChannelRead(AbstractChannelHandlerContext.java:374)\n\tat io.netty.channel.AbstractChannelHandlerContext.invokeChannelRead(AbstractChannelHandlerContext.java:360)\n\tat io.netty.channel.AbstractChannelHandlerContext.fireChannelRead(AbstractChannelHandlerContext.java:352)\n\tat io.netty.channel.CombinedChannelDuplexHandler$DelegatingChannelHandlerContext.fireChannelRead(CombinedChannelDuplexHandler.java:438)\n\tat io.netty.handler.codec.ByteToMessageDecoder.fireChannelRead(ByteToMessageDecoder.java:328)\n\tat io.netty.handler.codec.ByteToMessageDecoder.channelRead(ByteToMessageDecoder.java:302)\n\tat io.netty.channel.CombinedChannelDuplexHandler.channelRead(CombinedChannelDuplexHandler.java:253)\n\tat io.netty.channel.AbstractChannelHandlerContext.invokeChannelRead(AbstractChannelHandlerContext.java:374)\n\tat io.netty.channel.AbstractChannelHandlerContext.invokeChannelRead(AbstractChannelHandlerContext.java:360)\n\tat io.netty.channel.AbstractChannelHandlerContext.fireChannelRead(AbstractChannelHandlerContext.java:352)\n\tat io.netty.handler.timeout.IdleStateHandler.channelRead(IdleStateHandler.java:287)\n\tat io.netty.channel.AbstractChannelHandlerContext.invokeChannelRead(AbstractChannelHandlerContext.java:374)\n\tat io.netty.channel.AbstractChannelHandlerContext.invokeChannelRead(AbstractChannelHandlerContext.java:360)\n\tat io.netty.channel.AbstractChannelHandlerContext.fireChannelRead(AbstractChannelHandlerContext.java:352)\n\tat io.netty.channel.DefaultChannelPipeline$HeadContext.channelRead(DefaultChannelPipeline.java:1422)\n\tat io.netty.channel.AbstractChannelHandlerContext.invokeChannelRead(AbstractChannelHandlerContext.java:374)\n\tat io.netty.channel.AbstractChannelHandlerContext.invokeChannelRead(AbstractChannelHandlerContext.java:360)\n\tat io.netty.channel.DefaultChannelPipeline.fireChannelRead(DefaultChannelPipeline.java:931)\n\tat io.netty.channel.nio.AbstractNioByteChannel$NioByteUnsafe.read(AbstractNioByteChannel.java:163)\n\tat io.netty.channel.nio.NioEventLoop.processSelectedKey(NioEventLoop.java:700)\n\tat io.netty.channel.nio.NioEventLoop.processSelectedKeysOptimized(NioEventLoop.java:635)\n\tat io.netty.channel.nio.NioEventLoop.processSelectedKeys(NioEventLoop.java:552)\n\tat io.netty.channel.nio.NioEventLoop.run(NioEventLoop.java:514)\n\tat io.netty.util.concurrent.SingleThreadEventExecutor$6.run(SingleThreadEventExecutor.java:1044)\n\tat io.netty.util.internal.ThreadExecutorMap$2.run(ThreadExecutorMap.java:74)\n\tat io.netty.util.concurrent.FastThreadLocalRunnable.run(FastThreadLocalRunnable.java:30)\n\tat java.lang.Thread.run(Thread.java:1012)\n"}}
Thu Jul 30 09:00:58 UTC 2026 | ALL | 07-30 09:00:57.520  4162  4220 I appium  : channel read: POST /session/0ec58237-84ed-40bd-bf67-28bb2b70cae2/element
Thu Jul 30 09:00:58 UTC 2026 | ALL | 07-30 09:00:57.520  4162  4220 I appium  : FindElement command
Thu Jul 30 09:00:58 UTC 2026 | ALL | 07-30 09:00:57.521  4162  4220 I appium  : method: 'xpath', selector: '//android.widget.EditText[@text='your.email@example.com' or @hint='your.email@example.com' or @text='Email Address' or @index='0']'
Thu Jul 30 09:00:58 UTC 2026 | ALL | 07-30 09:00:57.522  4162  4220 I appium  : Waiting up to 10000ms for the device to idle
Thu Jul 30 09:00:58 UTC 2026 | ALL | 07-30 09:00:57.523  4162  4220 I appium  : The following attributes will be included to the page source: [index, text, hint]
Thu Jul 30 09:00:58 UTC 2026 | ALL | 07-30 09:00:57.539  4162  4220 I appium  : Took 0ms to retrieve 0 matches for '//android.widget.EditText[@text='your.email@example.com' or @hint='your.email@example.com' or @text='Email Address' or @index='0']' XPath2 query
Thu Jul 30 09:00:58 UTC 2026 | ALL | 07-30 09:00:57.540  4162  4220 I appium  : AppiumResponse: {"sessionId":"0ec58237-84ed-40bd-bf67-28bb2b70cae2","value":{"error":"no such element","message":"An element could not be located on the page using the given search parameters","stacktrace":"io.appium.uiautomator2.common.exceptions.ElementNotFoundException: An element could not be located on the page using the given search parameters\n\tat io.appium.uiautomator2.utils.ElementLocationHelpers.findElement(ElementLocationHelpers.java:156)\n\tat io.appium.uiautomator2.handler.FindElement.safeHandle(FindElement.java:60)\n\tat io.appium.uiautomator2.handler.request.SafeRequestHandler.handle(SafeRequestHandler.java:59)\n\tat io.appium.uiautomator2.server.AppiumServlet.handleRequest(AppiumServlet.java:259)\n\tat io.appium.uiautomator2.server.AppiumServlet.handleHttpRequest(AppiumServlet.java:253)\n\tat io.appium.uiautomator2.http.ServerHandler.channelRead(ServerHandler.java:77)\n\tat io.netty.channel.AbstractChannelHandlerContext.invokeChannelRead(AbstractChannelHandlerContext.java:374)\n\tat io.netty.channel.AbstractChannelHandlerContext.invokeChannelRead(AbstractChannelHandlerContext.java:360)\n\tat io.netty.channel.AbstractChannelHandlerContext.fireChannelRead(AbstractChannelHandlerContext.java:352)\n\tat io.netty.handler.codec.MessageToMessageDecoder.channelRead(MessageToMessageDecoder.java:102)\n\tat io.netty.channel.AbstractChannelHandlerContext.invokeChannelRead(AbstractChannelHandlerContext.java:374)\n\tat io.netty.channel.AbstractChannelHandlerContext.invokeChannelRead(AbstractChannelHandlerContext.java:360)\n\tat io.netty.channel.AbstractChannelHandlerContext.fireChannelRead(AbstractChannelHandlerContext.java:352)\n\tat io.netty.channel.CombinedChannelDuplexHandler$DelegatingChannelHandlerContext.fireChannelRead(CombinedChannelDuplexHandler.java:438)\n\tat io.netty.handler.codec.ByteToMessageDecoder.fireChannelRead(ByteToMessageDecoder.java:328)\n\tat io.netty.handler.codec.ByteToMessageDecoder.channelRead(ByteToMessageDecoder.java:302)\n\tat io.netty.channel.CombinedChannelDuplexHandler.channelRead(CombinedChannelDuplexHandler.java:253)\n\tat io.netty.channel.AbstractChannelHandlerContext.invokeChannelRead(AbstractChannelHandlerContext.java:374)\n\tat io.netty.channel.AbstractChannelHandlerContext.invokeChannelRead(AbstractChannelHandlerContext.java:360)\n\tat io.netty.channel.AbstractChannelHandlerContext.fireChannelRead(AbstractChannelHandlerContext.java:352)\n\tat io.netty.handler.timeout.IdleStateHandler.channelRead(IdleStateHandler.java:287)\n\tat io.netty.channel.AbstractChannelHandlerContext.invokeChannelRead(AbstractChannelHandlerContext.java:374)\n\tat io.netty.channel.AbstractChannelHandlerContext.invokeChannelRead(AbstractChannelHandlerContext.java:360)\n\tat io.netty.channel.AbstractChannelHandlerContext.fireChannelRead(AbstractChannelHandlerContext.java:352)\n\tat io.netty.channel.DefaultChannelPipeline$HeadContext.channelRead(DefaultChannelPipeline.java:1422)\n\tat io.netty.channel.AbstractChannelHandlerContext.invokeChannelRead(AbstractChannelHandlerContext.java:374)\n\tat io.netty.channel.AbstractChannelHandlerContext.invokeChannelRead(AbstractChannelHandlerContext.java:360)\n\tat io.netty.channel.DefaultChannelPipeline.fireChannelRead(DefaultChannelPipeline.java:931)\n\tat io.netty.channel.nio.AbstractNioByteChannel$NioByteUnsafe.read(AbstractNioByteChannel.java:163)\n\tat io.netty.channel.nio.NioEventLoop.processSelectedKey(NioEventLoop.java:700)\n\tat io.netty.channel.nio.NioEventLoop.processSelectedKeysOptimized(NioEventLoop.java:635)\n\tat io.netty.channel.nio.NioEventLoop.processSelectedKeys(NioEventLoop.java:552)\n\tat io.netty.channel.nio.NioEventLoop.run(NioEventLoop.java:514)\n\tat io.netty.util.concurrent.SingleThreadEventExecutor$6.run(SingleThreadEventExecutor.java:1044)\n\tat io.netty.util.internal.ThreadExecutorMap$2.run(ThreadExecutorMap.java:74)\n\tat io.netty.util.concurrent.FastThreadLocalRunnable.run(FastThreadLocalRunnable.java:30)\n\tat java.lang.Thread.run(Thread.java:1012)\n"}}
Thu Jul 30 09:00:58 UTC 2026 | ALL | 07-30 09:00:57.789   560   833 D InetDiagMessage: Destroyed 0 sockets, proto=IPPROTO_TCP, family=AF_INET, states=14
Thu Jul 30 09:00:58 UTC 2026 | ALL | 07-30 09:00:57.790   560   833 D InetDiagMessage: Destroyed 1 sockets, proto=IPPROTO_TCP, family=AF_INET6, states=14
Thu Jul 30 09:00:58 UTC 2026 | ALL | 07-30 09:00:57.790   560   833 D InetDiagMessage: Destroyed live tcp sockets for uids={10132} in 2ms
Thu Jul 30 09:00:58 UTC 2026 | ALL | 07-30 09:00:57.791   560   833 D InetDiagMessage: Destroyed 0 sockets, proto=IPPROTO_TCP, family=AF_INET, states=14
Thu Jul 30 09:00:58 UTC 2026 | ALL | 07-30 09:00:57.791   560   833 D InetDiagMessage: Destroyed 0 sockets, proto=IPPROTO_TCP, family=AF_INET6, states=14
Thu Jul 30 09:00:58 UTC 2026 | ALL | 07-30 09:00:57.791   560   833 D InetDiagMessage: Destroyed live tcp sockets for uids={20132} in 1ms
Thu Jul 30 09:00:59 UTC 2026 | ALL | 07-30 09:00:58.046  4162  4220 I appium  : channel read: POST /session/0ec58237-84ed-40bd-bf67-28bb2b70cae2/element
Thu Jul 30 09:00:59 UTC 2026 | ALL | 07-30 09:00:58.047  4162  4220 I appium  : FindElement command
Thu Jul 30 09:00:59 UTC 2026 | ALL | 07-30 09:00:58.047  4162  4220 I appium  : method: 'xpath', selector: '//android.widget.EditText[@text='your.email@example.com' or @hint='your.email@example.com' or @text='Email Address' or @index='0']'
Thu Jul 30 09:00:59 UTC 2026 | ALL | 07-30 09:00:58.047  4162  4220 I appium  : Waiting up to 10000ms for the device to idle
Thu Jul 30 09:00:59 UTC 2026 | ALL | 07-30 09:00:58.049  4162  4220 I appium  : The following attributes will be included to the page source: [index, text, hint]
Thu Jul 30 09:00:59 UTC 2026 | ALL | 07-30 09:00:58.052  4162  4170 I tomator2.server: Method exceeds compiler instruction limit: 19264 in java_cup.runtime.Symbol org.eclipse.wst.xml.xpath2.processor.internal.CUP$XPathCup$actions.CUP$XPathCup$do_action(int, java_cup.runtime.lr_parser, java.util.Stack, int)
Thu Jul 30 09:00:59 UTC 2026 | ALL | 07-30 09:00:58.060  4162  4220 I appium  : Took 0ms to retrieve 0 matches for '//android.widget.EditText[@text='your.email@example.com' or @hint='your.email@example.com' or @text='Email Address' or @index='0']' XPath2 query
Thu Jul 30 09:00:59 UTC 2026 | ALL | 07-30 09:00:58.061  4162  4220 I appium  : AppiumResponse: {"sessionId":"0ec58237-84ed-40bd-bf67-28bb2b70cae2","value":{"error":"no such element","message":"An element could not be located on the page using the given search parameters","stacktrace":"io.appium.uiautomator2.common.exceptions.ElementNotFoundException: An element could not be located on the page using the given search parameters\n\tat io.appium.uiautomator2.utils.ElementLocationHelpers.findElement(ElementLocationHelpers.java:156)\n\tat io.appium.uiautomator2.handler.FindElement.safeHandle(FindElement.java:60)\n\tat io.appium.uiautomator2.handler.request.SafeRequestHandler.handle(SafeRequestHandler.java:59)\n\tat io.appium.uiautomator2.server.AppiumServlet.handleRequest(AppiumServlet.java:259)\n\tat io.appium.uiautomator2.server.AppiumServlet.handleHttpRequest(AppiumServlet.java:253)\n\tat io.appium.uiautomator2.http.ServerHandler.channelRead(ServerHandler.java:77)\n\tat io.netty.channel.AbstractChannelHandlerContext.invokeChannelRead(AbstractChannelHandlerContext.java:374)\n\tat io.netty.channel.AbstractChannelHandlerContext.invokeChannelRead(AbstractChannelHandlerContext.java:360)\n\tat io.netty.channel.AbstractChannelHandlerContext.fireChannelRead(AbstractChannelHandlerContext.java:352)\n\tat io.netty.handler.codec.MessageToMessageDecoder.channelRead(MessageToMessageDecoder.java:102)\n\tat io.netty.channel.AbstractChannelHandlerContext.invokeChannelRead(AbstractChannelHandlerContext.java:374)\n\tat io.netty.channel.AbstractChannelHandlerContext.invokeChannelRead(AbstractChannelHandlerContext.java:360)\n\tat io.netty.channel.AbstractChannelHandlerContext.fireChannelRead(AbstractChannelHandlerContext.java:352)\n\tat io.netty.channel.CombinedChannelDuplexHandler$DelegatingChannelHandlerContext.fireChannelRead(CombinedChannelDuplexHandler.java:438)\n\tat io.netty.handler.codec.ByteToMessageDecoder.fireChannelRead(ByteToMessageDecoder.java:328)\n\tat io.netty.handler.codec.ByteToMessageDecoder.channelRead(ByteToMessageDecoder.java:302)\n\tat io.netty.channel.CombinedChannelDuplexHandler.channelRead(CombinedChannelDuplexHandler.java:253)\n\tat io.netty.channel.AbstractChannelHandlerContext.invokeChannelRead(AbstractChannelHandlerContext.java:374)\n\tat io.netty.channel.AbstractChannelHandlerContext.invokeChannelRead(AbstractChannelHandlerContext.java:360)\n\tat io.netty.channel.AbstractChannelHandlerContext.fireChannelRead(AbstractChannelHandlerContext.java:352)\n\tat io.netty.handler.timeout.IdleStateHandler.channelRead(IdleStateHandler.java:287)\n\tat io.netty.channel.AbstractChannelHandlerContext.invokeChannelRead(AbstractChannelHandlerContext.java:374)\n\tat io.netty.channel.AbstractChannelHandlerContext.invokeChannelRead(AbstractChannelHandlerContext.java:360)\n\tat io.netty.channel.AbstractChannelHandlerContext.fireChannelRead(AbstractChannelHandlerContext.java:352)\n\tat io.netty.channel.DefaultChannelPipeline$HeadContext.channelRead(DefaultChannelPipeline.java:1422)\n\tat io.netty.channel.AbstractChannelHandlerContext.invokeChannelRead(AbstractChannelHandlerContext.java:374)\n\tat io.netty.channel.AbstractChannelHandlerContext.invokeChannelRead(AbstractChannelHandlerContext.java:360)\n\tat io.netty.channel.DefaultChannelPipeline.fireChannelRead(DefaultChannelPipeline.java:931)\n\tat io.netty.channel.nio.AbstractNioByteChannel$NioByteUnsafe.read(AbstractNioByteChannel.java:163)\n\tat io.netty.channel.nio.NioEventLoop.processSelectedKey(NioEventLoop.java:700)\n\tat io.netty.channel.nio.NioEventLoop.processSelectedKeysOptimized(NioEventLoop.java:635)\n\tat io.netty.channel.nio.NioEventLoop.processSelectedKeys(NioEventLoop.java:552)\n\tat io.netty.channel.nio.NioEventLoop.run(NioEventLoop.java:514)\n\tat io.netty.util.concurrent.SingleThreadEventExecutor$6.run(SingleThreadEventExecutor.java:1044)\n\tat io.netty.util.internal.ThreadExecutorMap$2.run(ThreadExecutorMap.java:74)\n\tat io.netty.util.concurrent.FastThreadLocalRunnable.run(FastThreadLocalRunnable.java:30)\n\tat java.lang.Thread.run(Thread.java:1012)\n"}}
Thu Jul 30 09:00:59 UTC 2026 | ALL | 07-30 09:00:58.568  4162  4220 I appium  : channel read: POST /session/0ec58237-84ed-40bd-bf67-28bb2b70cae2/element
Thu Jul 30 09:00:59 UTC 2026 | ALL | 07-30 09:00:58.568  4162  4220 I appium  : FindElement command
Thu Jul 30 09:00:59 UTC 2026 | ALL | 07-30 09:00:58.569  4162  4220 I appium  : method: 'xpath', selector: '//android.widget.EditText[@text='your.email@example.com' or @hint='your.email@example.com' or @text='Email Address' or @index='0']'
Thu Jul 30 09:00:59 UTC 2026 | ALL | 07-30 09:00:58.569  4162  4220 I appium  : Waiting up to 10000ms for the device to idle
Thu Jul 30 09:00:59 UTC 2026 | ALL | 07-30 09:00:58.570  4162  4220 I appium  : The following attributes will be included to the page source: [index, text, hint]
Thu Jul 30 09:00:59 UTC 2026 | ALL | 07-30 09:00:58.582  4162  4220 I appium  : Took 0ms to retrieve 0 matches for '//android.widget.EditText[@text='your.email@example.com' or @hint='your.email@example.com' or @text='Email Address' or @index='0']' XPath2 query
Thu Jul 30 09:00:59 UTC 2026 | ALL | 07-30 09:00:58.583  4162  4220 I appium  : AppiumResponse: {"sessionId":"0ec58237-84ed-40bd-bf67-28bb2b70cae2","value":{"error":"no such element","message":"An element could not be located on the page using the given search parameters","stacktrace":"io.appium.uiautomator2.common.exceptions.ElementNotFoundException: An element could not be located on the page using the given search parameters\n\tat io.appium.uiautomator2.utils.ElementLocationHelpers.findElement(ElementLocationHelpers.java:156)\n\tat io.appium.uiautomator2.handler.FindElement.safeHandle(FindElement.java:60)\n\tat io.appium.uiautomator2.handler.request.SafeRequestHandler.handle(SafeRequestHandler.java:59)\n\tat io.appium.uiautomator2.server.AppiumServlet.handleRequest(AppiumServlet.java:259)\n\tat io.appium.uiautomator2.server.AppiumServlet.handleHttpRequest(AppiumServlet.java:253)\n\tat io.appium.uiautomator2.http.ServerHandler.channelRead(ServerHandler.java:77)\n\tat io.netty.channel.AbstractChannelHandlerContext.invokeChannelRead(AbstractChannelHandlerContext.java:374)\n\tat io.netty.channel.AbstractChannelHandlerContext.invokeChannelRead(AbstractChannelHandlerContext.java:360)\n\tat io.netty.channel.AbstractChannelHandlerContext.fireChannelRead(AbstractChannelHandlerContext.java:352)\n\tat io.netty.handler.codec.MessageToMessageDecoder.channelRead(MessageToMessageDecoder.java:102)\n\tat io.netty.channel.AbstractChannelHandlerContext.invokeChannelRead(AbstractChannelHandlerContext.java:374)\n\tat io.netty.channel.AbstractChannelHandlerContext.invokeChannelRead(AbstractChannelHandlerContext.java:360)\n\tat io.netty.channel.AbstractChannelHandlerContext.fireChannelRead(AbstractChannelHandlerContext.java:352)\n\tat io.netty.channel.CombinedChannelDuplexHandler$DelegatingChannelHandlerContext.fireChannelRead(CombinedChannelDuplexHandler.java:438)\n\tat io.netty.handler.codec.ByteToMessageDecoder.fireChannelRead(ByteToMessageDecoder.java:328)\n\tat io.netty.handler.codec.ByteToMessageDecoder.channelRead(ByteToMessageDecoder.java:302)\n\tat io.netty.channel.CombinedChannelDuplexHandler.channelRead(CombinedChannelDuplexHandler.java:253)\n\tat io.netty.channel.AbstractChannelHandlerContext.invokeChannelRead(AbstractChannelHandlerContext.java:374)\n\tat io.netty.channel.AbstractChannelHandlerContext.invokeChannelRead(AbstractChannelHandlerContext.java:360)\n\tat io.netty.channel.AbstractChannelHandlerContext.fireChannelRead(AbstractChannelHandlerContext.java:352)\n\tat io.netty.handler.timeout.IdleStateHandler.channelRead(IdleStateHandler.java:287)\n\tat io.netty.channel.AbstractChannelHandlerContext.invokeChannelRead(AbstractChannelHandlerContext.java:374)\n\tat io.netty.channel.AbstractChannelHandlerContext.invokeChannelRead(AbstractChannelHandlerContext.java:360)\n\tat io.netty.channel.AbstractChannelHandlerContext.fireChannelRead(AbstractChannelHandlerContext.java:352)\n\tat io.netty.channel.DefaultChannelPipeline$HeadContext.channelRead(DefaultChannelPipeline.java:1422)\n\tat io.netty.channel.AbstractChannelHandlerContext.invokeChannelRead(AbstractChannelHandlerContext.java:374)\n\tat io.netty.channel.AbstractChannelHandlerContext.invokeChannelRead(AbstractChannelHandlerContext.java:360)\n\tat io.netty.channel.DefaultChannelPipeline.fireChannelRead(DefaultChannelPipeline.java:931)\n\tat io.netty.channel.nio.AbstractNioByteChannel$NioByteUnsafe.read(AbstractNioByteChannel.java:163)\n\tat io.netty.channel.nio.NioEventLoop.processSelectedKey(NioEventLoop.java:700)\n\tat io.netty.channel.nio.NioEventLoop.processSelectedKeysOptimized(NioEventLoop.java:635)\n\tat io.netty.channel.nio.NioEventLoop.processSelectedKeys(NioEventLoop.java:552)\n\tat io.netty.channel.nio.NioEventLoop.run(NioEventLoop.java:514)\n\tat io.netty.util.concurrent.SingleThreadEventExecutor$6.run(SingleThreadEventExecutor.java:1044)\n\tat io.netty.util.internal.ThreadExecutorMap$2.run(ThreadExecutorMap.java:74)\n\tat io.netty.util.concurrent.FastThreadLocalRunnable.run(FastThreadLocalRunnable.java:30)\n\tat java.lang.Thread.run(Thread.java:1012)\n"}}
Thu Jul 30 09:01:00 UTC 2026 | ALL | 07-30 09:00:59.089  4162  4220 I appium  : channel read: POST /session/0ec58237-84ed-40bd-bf67-28bb2b70cae2/element
Thu Jul 30 09:01:00 UTC 2026 | ALL | 07-30 09:00:59.090  4162  4220 I appium  : FindElement command
Thu Jul 30 09:01:00 UTC 2026 | ALL | 07-30 09:00:59.091  4162  4220 I appium  : method: 'xpath', selector: '//android.widget.EditText[@text='your.email@example.com' or @hint='your.email@example.com' or @text='Email Address' or @index='0']'
Thu Jul 30 09:01:00 UTC 2026 | ALL | 07-30 09:00:59.091  4162  4220 I appium  : Waiting up to 10000ms for the device to idle
Thu Jul 30 09:01:00 UTC 2026 | ALL | 07-30 09:00:59.092  4162  4220 I appium  : The following attributes will be included to the page source: [index, text, hint]
Thu Jul 30 09:01:00 UTC 2026 | ALL | 07-30 09:00:59.096  4162  4170 I tomator2.server: Method exceeds compiler instruction limit: 19264 in java_cup.runtime.Symbol org.eclipse.wst.xml.xpath2.processor.internal.CUP$XPathCup$actions.CUP$XPathCup$do_action(int, java_cup.runtime.lr_parser, java.util.Stack, int)
Thu Jul 30 09:01:00 UTC 2026 | ALL | 07-30 09:00:59.107  4162  4220 I appium  : Took 0ms to retrieve 0 matches for '//android.widget.EditText[@text='your.email@example.com' or @hint='your.email@example.com' or @text='Email Address' or @index='0']' XPath2 query
Thu Jul 30 09:01:00 UTC 2026 | ALL | 07-30 09:00:59.108  4162  4220 I appium  : AppiumResponse: {"sessionId":"0ec58237-84ed-40bd-bf67-28bb2b70cae2","value":{"error":"no such element","message":"An element could not be located on the page using the given search parameters","stacktrace":"io.appium.uiautomator2.common.exceptions.ElementNotFoundException: An element could not be located on the page using the given search parameters\n\tat io.appium.uiautomator2.utils.ElementLocationHelpers.findElement(ElementLocationHelpers.java:156)\n\tat io.appium.uiautomator2.handler.FindElement.safeHandle(FindElement.java:60)\n\tat io.appium.uiautomator2.handler.request.SafeRequestHandler.handle(SafeRequestHandler.java:59)\n\tat io.appium.uiautomator2.server.AppiumServlet.handleRequest(AppiumServlet.java:259)\n\tat io.appium.uiautomator2.server.AppiumServlet.handleHttpRequest(AppiumServlet.java:253)\n\tat io.appium.uiautomator2.http.ServerHandler.channelRead(ServerHandler.java:77)\n\tat io.netty.channel.AbstractChannelHandlerContext.invokeChannelRead(AbstractChannelHandlerContext.java:374)\n\tat io.netty.channel.AbstractChannelHandlerContext.invokeChannelRead(AbstractChannelHandlerContext.java:360)\n\tat io.netty.channel.AbstractChannelHandlerContext.fireChannelRead(AbstractChannelHandlerContext.java:352)\n\tat io.netty.handler.codec.MessageToMessageDecoder.channelRead(MessageToMessageDecoder.java:102)\n\tat io.netty.channel.AbstractChannelHandlerContext.invokeChannelRead(AbstractChannelHandlerContext.java:374)\n\tat io.netty.channel.AbstractChannelHandlerContext.invokeChannelRead(AbstractChannelHandlerContext.java:360)\n\tat io.netty.channel.AbstractChannelHandlerContext.fireChannelRead(AbstractChannelHandlerContext.java:352)\n\tat io.netty.channel.CombinedChannelDuplexHandler$DelegatingChannelHandlerContext.fireChannelRead(CombinedChannelDuplexHandler.java:438)\n\tat io.netty.handler.codec.ByteToMessageDecoder.fireChannelRead(ByteToMessageDecoder.java:328)\n\tat io.netty.handler.codec.ByteToMessageDecoder.channelRead(ByteToMessageDecoder.java:302)\n\tat io.netty.channel.CombinedChannelDuplexHandler.channelRead(CombinedChannelDuplexHandler.java:253)\n\tat io.netty.channel.AbstractChannelHandlerContext.invokeChannelRead(AbstractChannelHandlerContext.java:374)\n\tat io.netty.channel.AbstractChannelHandlerContext.invokeChannelRead(AbstractChannelHandlerContext.java:360)\n\tat io.netty.channel.AbstractChannelHandlerContext.fireChannelRead(AbstractChannelHandlerContext.java:352)\n\tat io.netty.handler.timeout.IdleStateHandler.channelRead(IdleStateHandler.java:287)\n\tat io.netty.channel.AbstractChannelHandlerContext.invokeChannelRead(AbstractChannelHandlerContext.java:374)\n\tat io.netty.channel.AbstractChannelHandlerContext.invokeChannelRead(AbstractChannelHandlerContext.java:360)\n\tat io.netty.channel.AbstractChannelHandlerContext.fireChannelRead(AbstractChannelHandlerContext.java:352)\n\tat io.netty.channel.DefaultChannelPipeline$HeadContext.channelRead(DefaultChannelPipeline.java:1422)\n\tat io.netty.channel.AbstractChannelHandlerContext.invokeChannelRead(AbstractChannelHandlerContext.java:374)\n\tat io.netty.channel.AbstractChannelHandlerContext.invokeChannelRead(AbstractChannelHandlerContext.java:360)\n\tat io.netty.channel.DefaultChannelPipeline.fireChannelRead(DefaultChannelPipeline.java:931)\n\tat io.netty.channel.nio.AbstractNioByteChannel$NioByteUnsafe.read(AbstractNioByteChannel.java:163)\n\tat io.netty.channel.nio.NioEventLoop.processSelectedKey(NioEventLoop.java:700)\n\tat io.netty.channel.nio.NioEventLoop.processSelectedKeysOptimized(NioEventLoop.java:635)\n\tat io.netty.channel.nio.NioEventLoop.processSelectedKeys(NioEventLoop.java:552)\n\tat io.netty.channel.nio.NioEventLoop.run(NioEventLoop.java:514)\n\tat io.netty.util.concurrent.SingleThreadEventExecutor$6.run(SingleThreadEventExecutor.java:1044)\n\tat io.netty.util.internal.ThreadExecutorMap$2.run(ThreadExecutorMap.java:74)\n\tat io.netty.util.concurrent.FastThreadLocalRunnable.run(FastThreadLocalRunnable.java:30)\n\tat java.lang.Thread.run(Thread.java:1012)\n"}}
Thu Jul 30 09:01:00 UTC 2026 | ALL | 07-30 09:00:59.248  1817  1817 I wpa_supplicant: wlan0: CTRL-EVENT-BEACON-LOSS 
Thu Jul 30 09:01:00 UTC 2026 | ALL | 07-30 09:00:59.316  1226  1226 D BoundBrokerSvc: onUnbind: Intent { act=com.google.android.gms.clearcut.service.START dat=chimera-action:/... cmp=com.google.android.gms/.chimera.PersistentDirectBootAwareApiService }
Thu Jul 30 09:01:00 UTC 2026 | ALL | 07-30 09:00:59.615  4162  4220 I appium  : channel read: POST /session/0ec58237-84ed-40bd-bf67-28bb2b70cae2/element
Thu Jul 30 09:01:00 UTC 2026 | ALL | 07-30 09:00:59.615  4162  4220 I appium  : FindElement command
Thu Jul 30 09:01:00 UTC 2026 | ALL | 07-30 09:00:59.616  4162  4220 I appium  : method: 'xpath', selector: '//android.widget.EditText[@text='your.email@example.com' or @hint='your.email@example.com' or @text='Email Address' or @index='0']'
Thu Jul 30 09:01:00 UTC 2026 | ALL | 07-30 09:00:59.616  4162  4220 I appium  : Waiting up to 10000ms for the device to idle
Thu Jul 30 09:01:00 UTC 2026 | ALL | 07-30 09:00:59.617  4162  4220 I appium  : The following attributes will be included to the page source: [index, text, hint]
Thu Jul 30 09:01:00 UTC 2026 | ALL | 07-30 09:00:59.631  4162  4220 I appium  : Took 0ms to retrieve 0 matches for '//android.widget.EditText[@text='your.email@example.com' or @hint='your.email@example.com' or @text='Email Address' or @index='0']' XPath2 query
Thu Jul 30 09:01:00 UTC 2026 | ALL | 07-30 09:00:59.632  4162  4220 I appium  : AppiumResponse: {"sessionId":"0ec58237-84ed-40bd-bf67-28bb2b70cae2","value":{"error":"no such element","message":"An element could not be located on the page using the given search parameters","stacktrace":"io.appium.uiautomator2.common.exceptions.ElementNotFoundException: An element could not be located on the page using the given search parameters\n\tat io.appium.uiautomator2.utils.ElementLocationHelpers.findElement(ElementLocationHelpers.java:156)\n\tat io.appium.uiautomator2.handler.FindElement.safeHandle(FindElement.java:60)\n\tat io.appium.uiautomator2.handler.request.SafeRequestHandler.handle(SafeRequestHandler.java:59)\n\tat io.appium.uiautomator2.server.AppiumServlet.handleRequest(AppiumServlet.java:259)\n\tat io.appium.uiautomator2.server.AppiumServlet.handleHttpRequest(AppiumServlet.java:253)\n\tat io.appium.uiautomator2.http.ServerHandler.channelRead(ServerHandler.java:77)\n\tat io.netty.channel.AbstractChannelHandlerContext.invokeChannelRead(AbstractChannelHandlerContext.java:374)\n\tat io.netty.channel.AbstractChannelHandlerContext.invokeChannelRead(AbstractChannelHandlerContext.java:360)\n\tat io.netty.channel.AbstractChannelHandlerContext.fireChannelRead(AbstractChannelHandlerContext.java:352)\n\tat io.netty.handler.codec.MessageToMessageDecoder.channelRead(MessageToMessageDecoder.java:102)\n\tat io.netty.channel.AbstractChannelHandlerContext.invokeChannelRead(AbstractChannelHandlerContext.java:374)\n\tat io.netty.channel.AbstractChannelHandlerContext.invokeChannelRead(AbstractChannelHandlerContext.java:360)\n\tat io.netty.channel.AbstractChannelHandlerContext.fireChannelRead(AbstractChannelHandlerContext.java:352)\n\tat io.netty.channel.CombinedChannelDuplexHandler$DelegatingChannelHandlerContext.fireChannelRead(CombinedChannelDuplexHandler.java:438)\n\tat io.netty.handler.codec.ByteToMessageDecoder.fireChannelRead(ByteToMessageDecoder.java:328)\n\tat io.netty.handler.codec.ByteToMessageDecoder.channelRead(ByteToMessageDecoder.java:302)\n\tat io.netty.channel.CombinedChannelDuplexHandler.channelRead(CombinedChannelDuplexHandler.java:253)\n\tat io.netty.channel.AbstractChannelHandlerContext.invokeChannelRead(AbstractChannelHandlerContext.java:374)\n\tat io.netty.channel.AbstractChannelHandlerContext.invokeChannelRead(AbstractChannelHandlerContext.java:360)\n\tat io.netty.channel.AbstractChannelHandlerContext.fireChannelRead(AbstractChannelHandlerContext.java:352)\n\tat io.netty.handler.timeout.IdleStateHandler.channelRead(IdleStateHandler.java:287)\n\tat io.netty.channel.AbstractChannelHandlerContext.invokeChannelRead(AbstractChannelHandlerContext.java:374)\n\tat io.netty.channel.AbstractChannelHandlerContext.invokeChannelRead(AbstractChannelHandlerContext.java:360)\n\tat io.netty.channel.AbstractChannelHandlerContext.fireChannelRead(AbstractChannelHandlerContext.java:352)\n\tat io.netty.channel.DefaultChannelPipeline$HeadContext.channelRead(DefaultChannelPipeline.java:1422)\n\tat io.netty.channel.AbstractChannelHandlerContext.invokeChannelRead(AbstractChannelHandlerContext.java:374)\n\tat io.netty.channel.AbstractChannelHandlerContext.invokeChannelRead(AbstractChannelHandlerContext.java:360)\n\tat io.netty.channel.DefaultChannelPipeline.fireChannelRead(DefaultChannelPipeline.java:931)\n\tat io.netty.channel.nio.AbstractNioByteChannel$NioByteUnsafe.read(AbstractNioByteChannel.java:163)\n\tat io.netty.channel.nio.NioEventLoop.processSelectedKey(NioEventLoop.java:700)\n\tat io.netty.channel.nio.NioEventLoop.processSelectedKeysOptimized(NioEventLoop.java:635)\n\tat io.netty.channel.nio.NioEventLoop.processSelectedKeys(NioEventLoop.java:552)\n\tat io.netty.channel.nio.NioEventLoop.run(NioEventLoop.java:514)\n\tat io.netty.util.concurrent.SingleThreadEventExecutor$6.run(SingleThreadEventExecutor.java:1044)\n\tat io.netty.util.internal.ThreadExecutorMap$2.run(ThreadExecutorMap.java:74)\n\tat io.netty.util.concurrent.FastThreadLocalRunnable.run(FastThreadLocalRunnable.java:30)\n\tat java.lang.Thread.run(Thread.java:1012)\n"}}
Thu Jul 30 09:01:00 UTC 2026 | ALL | 07-30 09:01:00.026  1433  1728 I AiAiEcho: Predicting[0]:  [CONTEXT sampling_count=5 ]
Thu Jul 30 09:01:00 UTC 2026 | ALL | 07-30 09:01:00.026  1433  1728 I AiAiEcho: EchoTargets: 
Thu Jul 30 09:01:00 UTC 2026 | ALL | 07-30 09:01:00.026  1433  1728 I AiAiEcho: Filtered by AiAi flag check: 
Thu Jul 30 09:01:00 UTC 2026 | ALL | 07-30 09:01:00.026  1433  1728 I AiAiEcho: [CONTEXT ratelimit_period="10 SECONDS" ]
Thu Jul 30 09:01:00 UTC 2026 | ALL | 07-30 09:01:00.026  1433  1728 I AiAiEcho: Ranked targets strategy: SORT, count: 0, ranking metadata:  [CONTEXT ratelimit_period="10 SECONDS" ]
Thu Jul 30 09:01:00 UTC 2026 | ALL | 07-30 09:01:00.026  1433  1728 I AiAiEcho: #remoteViewsTwiddler: feature disabled.
Thu Jul 30 09:01:00 UTC 2026 | ALL | 07-30 09:01:00.026  1433  1728 I AiAiEcho: Predicting[0]:  [CONTEXT sampling_count=5 ]
Thu Jul 30 09:01:00 UTC 2026 | ALL | 07-30 09:01:00.026  1433  1728 I AiAiEcho: EchoTargets: 
Thu Jul 30 09:01:00 UTC 2026 | ALL | 07-30 09:01:00.026  1433  1728 I AiAiEcho: Filtered by AiAi flag check: 
Thu Jul 30 09:01:00 UTC 2026 | ALL | 07-30 09:01:00.026  1433  1728 I AiAiEcho: [CONTEXT ratelimit_period="10 SECONDS" ]
Thu Jul 30 09:01:00 UTC 2026 | ALL | 07-30 09:01:00.026  1433  1728 I AiAiEcho: Ranked targets strategy: SORT, count: 0, ranking metadata:  [CONTEXT ratelimit_period="10 SECONDS" ]
Thu Jul 30 09:01:00 UTC 2026 | ALL | 07-30 09:01:00.026  1433  1728 I AiAiEcho: #remoteViewsTwiddler: feature disabled.
Thu Jul 30 09:01:00 UTC 2026 | ALL | 07-30 09:01:00.027  1433  1728 I AiAiEcho: #postPredictionTargets: Sending updates to UISurface lockscreen with targets# 0 (types=[])
Thu Jul 30 09:01:00 UTC 2026 | ALL | 07-30 09:01:00.029  1433  1728 I AiAiEcho: #postPredictionTargets: Sending updates to UISurface home with targets# 0 (types=[])
Thu Jul 30 09:01:01 UTC 2026 | ALL | 07-30 09:01:00.030  1433  1728 I AiAiEcho: Predicting[0]:  [CONTEXT sampling_count=5 ]
Thu Jul 30 09:01:01 UTC 2026 | ALL | 07-30 09:01:00.030  1433  1728 I AiAiEcho: EchoTargets: 
Thu Jul 30 09:01:01 UTC 2026 | ALL | 07-30 09:01:00.030  1433  1728 I AiAiEcho: Filtered by AiAi flag check: 
Thu Jul 30 09:01:01 UTC 2026 | ALL | 07-30 09:01:00.030  1433  1728 I AiAiEcho: [CONTEXT ratelimit_period="10 SECONDS" ]
Thu Jul 30 09:01:01 UTC 2026 | ALL | 07-30 09:01:00.030  1433  1728 I AiAiEcho: Ranked targets strategy: SORT, count: 0, ranking metadata:  [CONTEXT ratelimit_period="10 SECONDS" ]
Thu Jul 30 09:01:01 UTC 2026 | ALL | 07-30 09:01:00.030  1433  1728 I AiAiEcho: #remoteViewsTwiddler: feature disabled.
Thu Jul 30 09:01:01 UTC 2026 | ALL | 07-30 09:01:00.030  1433  1728 I AiAiEcho: Predicting[0]:  [CONTEXT sampling_count=5 ]
Thu Jul 30 09:01:01 UTC 2026 | ALL | 07-30 09:01:00.030  1433  1728 I AiAiEcho: EchoTargets: 
Thu Jul 30 09:01:01 UTC 2026 | ALL | 07-30 09:01:00.030  1433  1728 I AiAiEcho: Filtered by AiAi flag check: 
Thu Jul 30 09:01:01 UTC 2026 | ALL | 07-30 09:01:00.030  1433  1728 I AiAiEcho: [CONTEXT ratelimit_period="10 SECONDS" ]
Thu Jul 30 09:01:01 UTC 2026 | ALL | 07-30 09:01:00.030  1433  1728 I AiAiEcho: Ranked targets strategy: SORT, count: 0, ranking metadata:  [CONTEXT ratelimit_period="10 SECONDS" ]
Thu Jul 30 09:01:01 UTC 2026 | ALL | 07-30 09:01:00.030  1433  1728 I AiAiEcho: #remoteViewsTwiddler: feature disabled.
Thu Jul 30 09:01:01 UTC 2026 | ALL | 07-30 09:01:00.030  1433  1728 I AiAiEcho: #postPredictionTargets: Sending updates to UISurface lockscreen with targets# 0 (types=[])
Thu Jul 30 09:01:01 UTC 2026 | ALL | 07-30 09:01:00.031  1433  1728 I AiAiEcho: #postPredictionTargets: Sending updates to UISurface home with targets# 0 (types=[])
Thu Jul 30 09:01:01 UTC 2026 | ALL | 07-30 09:01:00.032   917  1052 D EGL_emulation: app_time_stats: avg=59699.50ms min=59699.50ms max=59699.50ms count=1
Thu Jul 30 09:01:01 UTC 2026 | ALL | 07-30 09:01:00.036   917   917 W PageIndicator: Total number of pages invalid: 0. Assuming 1 page.
Thu Jul 30 09:01:01 UTC 2026 | ALL | 07-30 09:01:00.036   917   917 W PageIndicator: Total number of pages invalid: 0. Assuming 1 page.
Thu Jul 30 09:01:01 UTC 2026 | ALL | 07-30 09:01:00.138  4162  4220 I appium  : channel read: POST /session/0ec58237-84ed-40bd-bf67-28bb2b70cae2/element
Thu Jul 30 09:01:01 UTC 2026 | ALL | 07-30 09:01:00.139  4162  4220 I appium  : FindElement command
Thu Jul 30 09:01:01 UTC 2026 | ALL | 07-30 09:01:00.140  4162  4220 I appium  : method: 'xpath', selector: '//android.widget.EditText[@text='your.email@example.com' or @hint='your.email@example.com' or @text='Email Address' or @index='0']'
Thu Jul 30 09:01:01 UTC 2026 | ALL | 07-30 09:01:00.140  4162  4220 I appium  : Waiting up to 10000ms for the device to idle
Thu Jul 30 09:01:01 UTC 2026 | ALL | 07-30 09:01:00.607  4162  4220 I appium  : The following attributes will be included to the page source: [index, text, hint]
Thu Jul 30 09:01:01 UTC 2026 | ALL | 07-30 09:01:00.610  4162  4170 I tomator2.server: Method exceeds compiler instruction limit: 19264 in java_cup.runtime.Symbol org.eclipse.wst.xml.xpath2.processor.internal.CUP$XPathCup$actions.CUP$XPathCup$do_action(int, java_cup.runtime.lr_parser, java.util.Stack, int)
Thu Jul 30 09:01:01 UTC 2026 | ALL | 07-30 09:01:00.621  4162  4220 I appium  : Took 0ms to retrieve 0 matches for '//android.widget.EditText[@text='your.email@example.com' or @hint='your.email@example.com' or @text='Email Address' or @index='0']' XPath2 query
Thu Jul 30 09:01:01 UTC 2026 | ALL | 07-30 09:01:00.622  4162  4220 I appium  : AppiumResponse: {"sessionId":"0ec58237-84ed-40bd-bf67-28bb2b70cae2","value":{"error":"no such element","message":"An element could not be located on the page using the given search parameters","stacktrace":"io.appium.uiautomator2.common.exceptions.ElementNotFoundException: An element could not be located on the page using the given search parameters\n\tat io.appium.uiautomator2.utils.ElementLocationHelpers.findElement(ElementLocationHelpers.java:156)\n\tat io.appium.uiautomator2.handler.FindElement.safeHandle(FindElement.java:60)\n\tat io.appium.uiautomator2.handler.request.SafeRequestHandler.handle(SafeRequestHandler.java:59)\n\tat io.appium.uiautomator2.server.AppiumServlet.handleRequest(AppiumServlet.java:259)\n\tat io.appium.uiautomator2.server.AppiumServlet.handleHttpRequest(AppiumServlet.java:253)\n\tat io.appium.uiautomator2.http.ServerHandler.channelRead(ServerHandler.java:77)\n\tat io.netty.channel.AbstractChannelHandlerContext.invokeChannelRead(AbstractChannelHandlerContext.java:374)\n\tat io.netty.channel.AbstractChannelHandlerContext.invokeChannelRead(AbstractChannelHandlerContext.java:360)\n\tat io.netty.channel.AbstractChannelHandlerContext.fireChannelRead(AbstractChannelHandlerContext.java:352)\n\tat io.netty.handler.codec.MessageToMessageDecoder.channelRead(MessageToMessageDecoder.java:102)\n\tat io.netty.channel.AbstractChannelHandlerContext.invokeChannelRead(AbstractChannelHandlerContext.java:374)\n\tat io.netty.channel.AbstractChannelHandlerContext.invokeChannelRead(AbstractChannelHandlerContext.java:360)\n\tat io.netty.channel.AbstractChannelHandlerContext.fireChannelRead(AbstractChannelHandlerContext.java:352)\n\tat io.netty.channel.CombinedChannelDuplexHandler$DelegatingChannelHandlerContext.fireChannelRead(CombinedChannelDuplexHandler.java:438)\n\tat io.netty.handler.codec.ByteToMessageDecoder.fireChannelRead(ByteToMessageDecoder.java:328)\n\tat io.netty.handler.codec.ByteToMessageDecoder.channelRead(ByteToMessageDecoder.java:302)\n\tat io.netty.channel.CombinedChannelDuplexHandler.channelRead(CombinedChannelDuplexHandler.java:253)\n\tat io.netty.channel.AbstractChannelHandlerContext.invokeChannelRead(AbstractChannelHandlerContext.java:374)\n\tat io.netty.channel.AbstractChannelHandlerContext.invokeChannelRead(AbstractChannelHandlerContext.java:360)\n\tat io.netty.channel.AbstractChannelHandlerContext.fireChannelRead(AbstractChannelHandlerContext.java:352)\n\tat io.netty.handler.timeout.IdleStateHandler.channelRead(IdleStateHandler.java:287)\n\tat io.netty.channel.AbstractChannelHandlerContext.invokeChannelRead(AbstractChannelHandlerContext.java:374)\n\tat io.netty.channel.AbstractChannelHandlerContext.invokeChannelRead(AbstractChannelHandlerContext.java:360)\n\tat io.netty.channel.AbstractChannelHandlerContext.fireChannelRead(AbstractChannelHandlerContext.java:352)\n\tat io.netty.channel.DefaultChannelPipeline$HeadContext.channelRead(DefaultChannelPipeline.java:1422)\n\tat io.netty.channel.AbstractChannelHandlerContext.invokeChannelRead(AbstractChannelHandlerContext.java:374)\n\tat io.netty.channel.AbstractChannelHandlerContext.invokeChannelRead(AbstractChannelHandlerContext.java:360)\n\tat io.netty.channel.DefaultChannelPipeline.fireChannelRead(DefaultChannelPipeline.java:931)\n\tat io.netty.channel.nio.AbstractNioByteChannel$NioByteUnsafe.read(AbstractNioByteChannel.java:163)\n\tat io.netty.channel.nio.NioEventLoop.processSelectedKey(NioEventLoop.java:700)\n\tat io.netty.channel.nio.NioEventLoop.processSelectedKeysOptimized(NioEventLoop.java:635)\n\tat io.netty.channel.nio.NioEventLoop.processSelectedKeys(NioEventLoop.java:552)\n\tat io.netty.channel.nio.NioEventLoop.run(NioEventLoop.java:514)\n\tat io.netty.util.concurrent.SingleThreadEventExecutor$6.run(SingleThreadEventExecutor.java:1044)\n\tat io.netty.util.internal.ThreadExecutorMap$2.run(ThreadExecutorMap.java:74)\n\tat io.netty.util.concurrent.FastThreadLocalRunnable.run(FastThreadLocalRunnable.java:30)\n\tat java.lang.Thread.run(Thread.java:1012)\n"}}
Thu Jul 30 09:01:01 UTC 2026 | ALL | 07-30 09:01:00.772   560   833 W IPCThreadState: Sending oneway calls to frozen process.
Thu Jul 30 09:01:01 UTC 2026 | ALL | 07-30 09:01:00.772   560   833 W IPCThreadState: Sending oneway calls to frozen process.
Thu Jul 30 09:01:01 UTC 2026 | ALL | 07-30 09:01:00.772   560   833 W IPCThreadState: Sending oneway calls to frozen process.
Thu Jul 30 09:01:01 UTC 2026 | ALL | 07-30 09:01:00.774  3433  3534 I BugleRcsEngine: handleMessage processing message:[NOTIFY_UPTIME_IGNORE_STATE_CHANGED] with [non-null]:RcsEngineImpl reference [CONTEXT log_prefix="RcsEngineImpl[DUAL_REG]:[445b9658-3dc5]>Handler" thread_id=62 ]
Thu Jul 30 09:01:01 UTC 2026 | ALL | 07-30 09:01:00.774  3433  3502 I BugleRcsEngine: Connected state: [1], networkType: [WIFI] [CONTEXT thread_id=53 ]
Thu Jul 30 09:01:01 UTC 2026 | ALL | 07-30 09:01:00.776  1226  1882 I ChimeraSrvcProxy: NullBinder for android.net.action.RECOMMEND_NETWORKS triggering remote TransactionTooLargeException due to Service without Chimera impl
Thu Jul 30 09:01:01 UTC 2026 | ALL | 07-30 09:01:00.776  1226  1882 W .gms.persistent: Large reply transaction of 1056768 bytes, interface descriptor , code 1
Thu Jul 30 09:01:01 UTC 2026 | ALL | 07-30 09:01:00.778  3433  3534 I BugleRcsEngine: No RCS Configuration was found in Bugle for simID: redacted-pii:sim_id[chars:20,last3:897] [CONTEXT log_prefix="ProvisioningEngineDataRetriever" thread_id=62 ]
Thu Jul 30 09:01:02 UTC 2026 | ALL | 07-30 09:01:01.128  4162  4220 I appium  : channel read: POST /session/0ec58237-84ed-40bd-bf67-28bb2b70cae2/element
Thu Jul 30 09:01:02 UTC 2026 | ALL | 07-30 09:01:01.129  4162  4220 I appium  : FindElement command
Thu Jul 30 09:01:02 UTC 2026 | ALL | 07-30 09:01:01.130  4162  4220 I appium  : method: 'xpath', selector: '//android.widget.EditText[@text='your.email@example.com' or @hint='your.email@example.com' or @text='Email Address' or @index='0']'
Thu Jul 30 09:01:02 UTC 2026 | ALL | 07-30 09:01:01.130  4162  4220 I appium  : Waiting up to 10000ms for the device to idle
Thu Jul 30 09:01:02 UTC 2026 | ALL | 07-30 09:01:01.131  4162  4220 I appium  : The following attributes will be included to the page source: [index, text, hint]
Thu Jul 30 09:01:02 UTC 2026 | ALL | 07-30 09:01:01.144  4162  4220 I appium  : Took 0ms to retrieve 0 matches for '//android.widget.EditText[@text='your.email@example.com' or @hint='your.email@example.com' or @text='Email Address' or @index='0']' XPath2 query
Thu Jul 30 09:01:02 UTC 2026 | ALL | 07-30 09:01:01.145  4162  4220 I appium  : AppiumResponse: {"sessionId":"0ec58237-84ed-40bd-bf67-28bb2b70cae2","value":{"error":"no such element","message":"An element could not be located on the page using the given search parameters","stacktrace":"io.appium.uiautomator2.common.exceptions.ElementNotFoundException: An element could not be located on the page using the given search parameters\n\tat io.appium.uiautomator2.utils.ElementLocationHelpers.findElement(ElementLocationHelpers.java:156)\n\tat io.appium.uiautomator2.handler.FindElement.safeHandle(FindElement.java:60)\n\tat io.appium.uiautomator2.handler.request.SafeRequestHandler.handle(SafeRequestHandler.java:59)\n\tat io.appium.uiautomator2.server.AppiumServlet.handleRequest(AppiumServlet.java:259)\n\tat io.appium.uiautomator2.server.AppiumServlet.handleHttpRequest(AppiumServlet.java:253)\n\tat io.appium.uiautomator2.http.ServerHandler.channelRead(ServerHandler.java:77)\n\tat io.netty.channel.AbstractChannelHandlerContext.invokeChannelRead(AbstractChannelHandlerContext.java:374)\n\tat io.netty.channel.AbstractChannelHandlerContext.invokeChannelRead(AbstractChannelHandlerContext.java:360)\n\tat io.netty.channel.AbstractChannelHandlerContext.fireChannelRead(AbstractChannelHandlerContext.java:352)\n\tat io.netty.handler.codec.MessageToMessageDecoder.channelRead(MessageToMessageDecoder.java:102)\n\tat io.netty.channel.AbstractChannelHandlerContext.invokeChannelRead(AbstractChannelHandlerContext.java:374)\n\tat io.netty.channel.AbstractChannelHandlerContext.invokeChannelRead(AbstractChannelHandlerContext.java:360)\n\tat io.netty.channel.AbstractChannelHandlerContext.fireChannelRead(AbstractChannelHandlerContext.java:352)\n\tat io.netty.channel.CombinedChannelDuplexHandler$DelegatingChannelHandlerContext.fireChannelRead(CombinedChannelDuplexHandler.java:438)\n\tat io.netty.handler.codec.ByteToMessageDecoder.fireChannelRead(ByteToMessageDecoder.java:328)\n\tat io.netty.handler.codec.ByteToMessageDecoder.channelRead(ByteToMessageDecoder.java:302)\n\tat io.netty.channel.CombinedChannelDuplexHandler.channelRead(CombinedChannelDuplexHandler.java:253)\n\tat io.netty.channel.AbstractChannelHandlerContext.invokeChannelRead(AbstractChannelHandlerContext.java:374)\n\tat io.netty.channel.AbstractChannelHandlerContext.invokeChannelRead(AbstractChannelHandlerContext.java:360)\n\tat io.netty.channel.AbstractChannelHandlerContext.fireChannelRead(AbstractChannelHandlerContext.java:352)\n\tat io.netty.handler.timeout.IdleStateHandler.channelRead(IdleStateHandler.java:287)\n\tat io.netty.channel.AbstractChannelHandlerContext.invokeChannelRead(AbstractChannelHandlerContext.java:374)\n\tat io.netty.channel.AbstractChannelHandlerContext.invokeChannelRead(AbstractChannelHandlerContext.java:360)\n\tat io.netty.channel.AbstractChannelHandlerContext.fireChannelRead(AbstractChannelHandlerContext.java:352)\n\tat io.netty.channel.DefaultChannelPipeline$HeadContext.channelRead(DefaultChannelPipeline.java:1422)\n\tat io.netty.channel.AbstractChannelHandlerContext.invokeChannelRead(AbstractChannelHandlerContext.java:374)\n\tat io.netty.channel.AbstractChannelHandlerContext.invokeChannelRead(AbstractChannelHandlerContext.java:360)\n\tat io.netty.channel.DefaultChannelPipeline.fireChannelRead(DefaultChannelPipeline.java:931)\n\tat io.netty.channel.nio.AbstractNioByteChannel$NioByteUnsafe.read(AbstractNioByteChannel.java:163)\n\tat io.netty.channel.nio.NioEventLoop.processSelectedKey(NioEventLoop.java:700)\n\tat io.netty.channel.nio.NioEventLoop.processSelectedKeysOptimized(NioEventLoop.java:635)\n\tat io.netty.channel.nio.NioEventLoop.processSelectedKeys(NioEventLoop.java:552)\n\tat io.netty.channel.nio.NioEventLoop.run(NioEventLoop.java:514)\n\tat io.netty.util.concurrent.SingleThreadEventExecutor$6.run(SingleThreadEventExecutor.java:1044)\n\tat io.netty.util.internal.ThreadExecutorMap$2.run(ThreadExecutorMap.java:74)\n\tat io.netty.util.concurrent.FastThreadLocalRunnable.run(FastThreadLocalRunnable.java:30)\n\tat java.lang.Thread.run(Thread.java:1012)\n"}}
Thu Jul 30 09:01:02 UTC 2026 | ALL | 07-30 09:01:01.172  4162  4220 I appium  : channel read: POST /session/0ec58237-84ed-40bd-bf67-28bb2b70cae2/element
Thu Jul 30 09:01:02 UTC 2026 | ALL | 07-30 09:01:01.172  4162  4220 I appium  : FindElement command
Thu Jul 30 09:01:02 UTC 2026 | ALL | 07-30 09:01:01.173  4162  4220 I appium  : method: 'xpath', selector: '//android.widget.EditText[@text='your.email@example.com' or @hint='your.email@example.com' or @text='Email Address' or @index='0']'
Thu Jul 30 09:01:02 UTC 2026 | ALL | 07-30 09:01:01.173  4162  4220 I appium  : Waiting up to 10000ms for the device to idle
Thu Jul 30 09:01:02 UTC 2026 | ALL | 07-30 09:01:01.174  4162  4220 I appium  : The following attributes will be included to the page source: [index, text, hint]
Thu Jul 30 09:01:02 UTC 2026 | ALL | 07-30 09:01:01.184  4162  4220 I appium  : Took 0ms to retrieve 0 matches for '//android.widget.EditText[@text='your.email@example.com' or @hint='your.email@example.com' or @text='Email Address' or @index='0']' XPath2 query
Thu Jul 30 09:01:02 UTC 2026 | ALL | 07-30 09:01:01.186  4162  4220 I appium  : AppiumResponse: {"sessionId":"0ec58237-84ed-40bd-bf67-28bb2b70cae2","value":{"error":"no such element","message":"An element could not be located on the page using the given search parameters","stacktrace":"io.appium.uiautomator2.common.exceptions.ElementNotFoundException: An element could not be located on the page using the given search parameters\n\tat io.appium.uiautomator2.utils.ElementLocationHelpers.findElement(ElementLocationHelpers.java:156)\n\tat io.appium.uiautomator2.handler.FindElement.safeHandle(FindElement.java:60)\n\tat io.appium.uiautomator2.handler.request.SafeRequestHandler.handle(SafeRequestHandler.java:59)\n\tat io.appium.uiautomator2.server.AppiumServlet.handleRequest(AppiumServlet.java:259)\n\tat io.appium.uiautomator2.server.AppiumServlet.handleHttpRequest(AppiumServlet.java:253)\n\tat io.appium.uiautomator2.http.ServerHandler.channelRead(ServerHandler.java:77)\n\tat io.netty.channel.AbstractChannelHandlerContext.invokeChannelRead(AbstractChannelHandlerContext.java:374)\n\tat io.netty.channel.AbstractChannelHandlerContext.invokeChannelRead(AbstractChannelHandlerContext.java:360)\n\tat io.netty.channel.AbstractChannelHandlerContext.fireChannelRead(AbstractChannelHandlerContext.java:352)\n\tat io.netty.handler.codec.MessageToMessageDecoder.channelRead(MessageToMessageDecoder.java:102)\n\tat io.netty.channel.AbstractChannelHandlerContext.invokeChannelRead(AbstractChannelHandlerContext.java:374)\n\tat io.netty.channel.AbstractChannelHandlerContext.invokeChannelRead(AbstractChannelHandlerContext.java:360)\n\tat io.netty.channel.AbstractChannelHandlerContext.fireChannelRead(AbstractChannelHandlerContext.java:352)\n\tat io.netty.channel.CombinedChannelDuplexHandler$DelegatingChannelHandlerContext.fireChannelRead(CombinedChannelDuplexHandler.java:438)\n\tat io.netty.handler.codec.ByteToMessageDecoder.fireChannelRead(ByteToMessageDecoder.java:328)\n\tat io.netty.handler.codec.ByteToMessageDecoder.channelRead(ByteToMessageDecoder.java:302)\n\tat io.netty.channel.CombinedChannelDuplexHandler.channelRead(CombinedChannelDuplexHandler.java:253)\n\tat io.netty.channel.AbstractChannelHandlerContext.invokeChannelRead(AbstractChannelHandlerContext.java:374)\n\tat io.netty.channel.AbstractChannelHandlerContext.invokeChannelRead(AbstractChannelHandlerContext.java:360)\n\tat io.netty.channel.AbstractChannelHandlerContext.fireChannelRead(AbstractChannelHandlerContext.java:352)\n\tat io.netty.handler.timeout.IdleStateHandler.channelRead(IdleStateHandler.java:287)\n\tat io.netty.channel.AbstractChannelHandlerContext.invokeChannelRead(AbstractChannelHandlerContext.java:374)\n\tat io.netty.channel.AbstractChannelHandlerContext.invokeChannelRead(AbstractChannelHandlerContext.java:360)\n\tat io.netty.channel.AbstractChannelHandlerContext.fireChannelRead(AbstractChannelHandlerContext.java:352)\n\tat io.netty.channel.DefaultChannelPipeline$HeadContext.channelRead(DefaultChannelPipeline.java:1422)\n\tat io.netty.channel.AbstractChannelHandlerContext.invokeChannelRead(AbstractChannelHandlerContext.java:374)\n\tat io.netty.channel.AbstractChannelHandlerContext.invokeChannelRead(AbstractChannelHandlerContext.java:360)\n\tat io.netty.channel.DefaultChannelPipeline.fireChannelRead(DefaultChannelPipeline.java:931)\n\tat io.netty.channel.nio.AbstractNioByteChannel$NioByteUnsafe.read(AbstractNioByteChannel.java:163)\n\tat io.netty.channel.nio.NioEventLoop.processSelectedKey(NioEventLoop.java:700)\n\tat io.netty.channel.nio.NioEventLoop.processSelectedKeysOptimized(NioEventLoop.java:635)\n\tat io.netty.channel.nio.NioEventLoop.processSelectedKeys(NioEventLoop.java:552)\n\tat io.netty.channel.nio.NioEventLoop.run(NioEventLoop.java:514)\n\tat io.netty.util.concurrent.SingleThreadEventExecutor$6.run(SingleThreadEventExecutor.java:1044)\n\tat io.netty.util.internal.ThreadExecutorMap$2.run(ThreadExecutorMap.java:74)\n\tat io.netty.util.concurrent.FastThreadLocalRunnable.run(FastThreadLocalRunnable.java:30)\n\tat java.lang.Thread.run(Thread.java:1012)\n"}}
Thu Jul 30 09:01:02 UTC 2026 | ALL | 07-30 09:01:01.200  4162  4220 I appium  : channel read: POST /session/0ec58237-84ed-40bd-bf67-28bb2b70cae2/element
Thu Jul 30 09:01:02 UTC 2026 | ALL | 07-30 09:01:01.201  4162  4220 I appium  : FindElement command
Thu Jul 30 09:01:02 UTC 2026 | ALL | 07-30 09:01:01.202  4162  4220 I appium  : method: 'xpath', selector: '//android.widget.EditText[1]'
Thu Jul 30 09:01:02 UTC 2026 | ALL | 07-30 09:01:01.202  4162  4220 I appium  : Waiting up to 10000ms for the device to idle
Thu Jul 30 09:01:02 UTC 2026 | ALL | 07-30 09:01:01.203  4162  4220 I appium  : The following attributes will be included to the page source: []
Thu Jul 30 09:01:02 UTC 2026 | ALL | 07-30 09:01:01.206  4162  4170 I tomator2.server: Method exceeds compiler instruction limit: 19264 in java_cup.runtime.Symbol org.eclipse.wst.xml.xpath2.processor.internal.CUP$XPathCup$actions.CUP$XPathCup$do_action(int, java_cup.runtime.lr_parser, java.util.Stack, int)
Thu Jul 30 09:01:02 UTC 2026 | ALL | 07-30 09:01:01.216  4162  4220 I appium  : Took 0ms to retrieve 0 matches for '//android.widget.EditText[1]' XPath2 query
Thu Jul 30 09:01:02 UTC 2026 | ALL | 07-30 09:01:01.217  4162  4220 I appium  : AppiumResponse: {"sessionId":"0ec58237-84ed-40bd-bf67-28bb2b70cae2","value":{"error":"no such element","message":"An element could not be located on the page using the given search parameters","stacktrace":"io.appium.uiautomator2.common.exceptions.ElementNotFoundException: An element could not be located on the page using the given search parameters\n\tat io.appium.uiautomator2.utils.ElementLocationHelpers.findElement(ElementLocationHelpers.java:156)\n\tat io.appium.uiautomator2.handler.FindElement.safeHandle(FindElement.java:60)\n\tat io.appium.uiautomator2.handler.request.SafeRequestHandler.handle(SafeRequestHandler.java:59)\n\tat io.appium.uiautomator2.server.AppiumServlet.handleRequest(AppiumServlet.java:259)\n\tat io.appium.uiautomator2.server.AppiumServlet.handleHttpRequest(AppiumServlet.java:253)\n\tat io.appium.uiautomator2.http.ServerHandler.channelRead(ServerHandler.java:77)\n\tat io.netty.channel.AbstractChannelHandlerContext.invokeChannelRead(AbstractChannelHandlerContext.java:374)\n\tat io.netty.channel.AbstractChannelHandlerContext.invokeChannelRead(AbstractChannelHandlerContext.java:360)\n\tat io.netty.channel.AbstractChannelHandlerContext.fireChannelRead(AbstractChannelHandlerContext.java:352)\n\tat io.netty.handler.codec.MessageToMessageDecoder.channelRead(MessageToMessageDecoder.java:102)\n\tat io.netty.channel.AbstractChannelHandlerContext.invokeChannelRead(AbstractChannelHandlerContext.java:374)\n\tat io.netty.channel.AbstractChannelHandlerContext.invokeChannelRead(AbstractChannelHandlerContext.java:360)\n\tat io.netty.channel.AbstractChannelHandlerContext.fireChannelRead(AbstractChannelHandlerContext.java:352)\n\tat io.netty.channel.CombinedChannelDuplexHandler$DelegatingChannelHandlerContext.fireChannelRead(CombinedChannelDuplexHandler.java:438)\n\tat io.netty.handler.codec.ByteToMessageDecoder.fireChannelRead(ByteToMessageDecoder.java:328)\n\tat io.netty.handler.codec.ByteToMessageDecoder.channelRead(ByteToMessageDecoder.java:302)\n\tat io.netty.channel.CombinedChannelDuplexHandler.channelRead(CombinedChannelDuplexHandler.java:253)\n\tat io.netty.channel.AbstractChannelHandlerContext.invokeChannelRead(AbstractChannelHandlerContext.java:374)\n\tat io.netty.channel.AbstractChannelHandlerContext.invokeChannelRead(AbstractChannelHandlerContext.java:360)\n\tat io.netty.channel.AbstractChannelHandlerContext.fireChannelRead(AbstractChannelHandlerContext.java:352)\n\tat io.netty.handler.timeout.IdleStateHandler.channelRead(IdleStateHandler.java:287)\n\tat io.netty.channel.AbstractChannelHandlerContext.invokeChannelRead(AbstractChannelHandlerContext.java:374)\n\tat io.netty.channel.AbstractChannelHandlerContext.invokeChannelRead(AbstractChannelHandlerContext.java:360)\n\tat io.netty.channel.AbstractChannelHandlerContext.fireChannelRead(AbstractChannelHandlerContext.java:352)\n\tat io.netty.channel.DefaultChannelPipeline$HeadContext.channelRead(DefaultChannelPipeline.java:1422)\n\tat io.netty.channel.AbstractChannelHandlerContext.invokeChannelRead(AbstractChannelHandlerContext.java:374)\n\tat io.netty.channel.AbstractChannelHandlerContext.invokeChannelRead(AbstractChannelHandlerContext.java:360)\n\tat io.netty.channel.DefaultChannelPipeline.fireChannelRead(DefaultChannelPipeline.java:931)\n\tat io.netty.channel.nio.AbstractNioByteChannel$NioByteUnsafe.read(AbstractNioByteChannel.java:163)\n\tat io.netty.channel.nio.NioEventLoop.processSelectedKey(NioEventLoop.java:700)\n\tat io.netty.channel.nio.NioEventLoop.processSelectedKeysOptimized(NioEventLoop.java:635)\n\tat io.netty.channel.nio.NioEventLoop.processSelectedKeys(NioEventLoop.java:552)\n\tat io.netty.channel.nio.NioEventLoop.run(NioEventLoop.java:514)\n\tat io.netty.util.concurrent.SingleThreadEventExecutor$6.run(SingleThreadEventExecutor.java:1044)\n\tat io.netty.util.internal.ThreadExecutorMap$2.run(ThreadExecutorMap.java:74)\n\tat io.netty.util.concurrent.FastThreadLocalRunnable.run(FastThreadLocalRunnable.java:30)\n\tat java.lang.Thread.run(Thread.java:1012)\n"}}
Thu Jul 30 09:01:02 UTC 2026 | ALL | 07-30 09:01:01.723  4162  4220 I appium  : channel read: POST /session/0ec58237-84ed-40bd-bf67-28bb2b70cae2/element
Thu Jul 30 09:01:02 UTC 2026 | ALL | 07-30 09:01:01.723  4162  4220 I appium  : FindElement command
Thu Jul 30 09:01:02 UTC 2026 | ALL | 07-30 09:01:01.724  4162  4220 I appium  : method: 'xpath', selector: '//android.widget.EditText[1]'
Thu Jul 30 09:01:02 UTC 2026 | ALL | 07-30 09:01:01.724  4162  4220 I appium  : Waiting up to 10000ms for the device to idle
Thu Jul 30 09:01:02 UTC 2026 | ALL | 07-30 09:01:01.726  4162  4220 I appium  : The following attributes will be included to the page source: []
Thu Jul 30 09:01:02 UTC 2026 | ALL | 07-30 09:01:01.740  4162  4220 I appium  : Took 0ms to retrieve 0 matches for '//android.widget.EditText[1]' XPath2 query
Thu Jul 30 09:01:02 UTC 2026 | ALL | 07-30 09:01:01.741  4162  4220 I appium  : AppiumResponse: {"sessionId":"0ec58237-84ed-40bd-bf67-28bb2b70cae2","value":{"error":"no such element","message":"An element could not be located on the page using the given search parameters","stacktrace":"io.appium.uiautomator2.common.exceptions.ElementNotFoundException: An element could not be located on the page using the given search parameters\n\tat io.appium.uiautomator2.utils.ElementLocationHelpers.findElement(ElementLocationHelpers.java:156)\n\tat io.appium.uiautomator2.handler.FindElement.safeHandle(FindElement.java:60)\n\tat io.appium.uiautomator2.handler.request.SafeRequestHandler.handle(SafeRequestHandler.java:59)\n\tat io.appium.uiautomator2.server.AppiumServlet.handleRequest(AppiumServlet.java:259)\n\tat io.appium.uiautomator2.server.AppiumServlet.handleHttpRequest(AppiumServlet.java:253)\n\tat io.appium.uiautomator2.http.ServerHandler.channelRead(ServerHandler.java:77)\n\tat io.netty.channel.AbstractChannelHandlerContext.invokeChannelRead(AbstractChannelHandlerContext.java:374)\n\tat io.netty.channel.AbstractChannelHandlerContext.invokeChannelRead(AbstractChannelHandlerContext.java:360)\n\tat io.netty.channel.AbstractChannelHandlerContext.fireChannelRead(AbstractChannelHandlerContext.java:352)\n\tat io.netty.handler.codec.MessageToMessageDecoder.channelRead(MessageToMessageDecoder.java:102)\n\tat io.netty.channel.AbstractChannelHandlerContext.invokeChannelRead(AbstractChannelHandlerContext.java:374)\n\tat io.netty.channel.AbstractChannelHandlerContext.invokeChannelRead(AbstractChannelHandlerContext.java:360)\n\tat io.netty.channel.AbstractChannelHandlerContext.fireChannelRead(AbstractChannelHandlerContext.java:352)\n\tat io.netty.channel.CombinedChannelDuplexHandler$DelegatingChannelHandlerContext.fireChannelRead(CombinedChannelDuplexHandler.java:438)\n\tat io.netty.handler.codec.ByteToMessageDecoder.fireChannelRead(ByteToMessageDecoder.java:328)\n\tat io.netty.handler.codec.ByteToMessageDecoder.channelRead(ByteToMessageDecoder.java:302)\n\tat io.netty.channel.CombinedChannelDuplexHandler.channelRead(CombinedChannelDuplexHandler.java:253)\n\tat io.netty.channel.AbstractChannelHandlerContext.invokeChannelRead(AbstractChannelHandlerContext.java:374)\n\tat io.netty.channel.AbstractChannelHandlerContext.invokeChannelRead(AbstractChannelHandlerContext.java:360)\n\tat io.netty.channel.AbstractChannelHandlerContext.fireChannelRead(AbstractChannelHandlerContext.java:352)\n\tat io.netty.handler.timeout.IdleStateHandler.channelRead(IdleStateHandler.java:287)\n\tat io.netty.channel.AbstractChannelHandlerContext.invokeChannelRead(AbstractChannelHandlerContext.java:374)\n\tat io.netty.channel.AbstractChannelHandlerContext.invokeChannelRead(AbstractChannelHandlerContext.java:360)\n\tat io.netty.channel.AbstractChannelHandlerContext.fireChannelRead(AbstractChannelHandlerContext.java:352)\n\tat io.netty.channel.DefaultChannelPipeline$HeadContext.channelRead(DefaultChannelPipeline.java:1422)\n\tat io.netty.channel.AbstractChannelHandlerContext.invokeChannelRead(AbstractChannelHandlerContext.java:374)\n\tat io.netty.channel.AbstractChannelHandlerContext.invokeChannelRead(AbstractChannelHandlerContext.java:360)\n\tat io.netty.channel.DefaultChannelPipeline.fireChannelRead(DefaultChannelPipeline.java:931)\n\tat io.netty.channel.nio.AbstractNioByteChannel$NioByteUnsafe.read(AbstractNioByteChannel.java:163)\n\tat io.netty.channel.nio.NioEventLoop.processSelectedKey(NioEventLoop.java:700)\n\tat io.netty.channel.nio.NioEventLoop.processSelectedKeysOptimized(NioEventLoop.java:635)\n\tat io.netty.channel.nio.NioEventLoop.processSelectedKeys(NioEventLoop.java:552)\n\tat io.netty.channel.nio.NioEventLoop.run(NioEventLoop.java:514)\n\tat io.netty.util.concurrent.SingleThreadEventExecutor$6.run(SingleThreadEventExecutor.java:1044)\n\tat io.netty.util.internal.ThreadExecutorMap$2.run(ThreadExecutorMap.java:74)\n\tat io.netty.util.concurrent.FastThreadLocalRunnable.run(FastThreadLocalRunnable.java:30)\n\tat java.lang.Thread.run(Thread.java:1012)\n"}}
Thu Jul 30 09:01:02 UTC 2026 | ALL | 07-30 09:01:01.969   560   664 D ActivityManager: freezing 2572 com.google.android.rkpdapp
Thu Jul 30 09:01:02 UTC 2026 | ALL | 07-30 09:01:01.970   560   833 D InetDiagMessage: Destroyed 0 sockets, proto=IPPROTO_TCP, family=AF_INET, states=14
Thu Jul 30 09:01:02 UTC 2026 | ALL | 07-30 09:01:01.970   560   833 D InetDiagMessage: Destroyed 0 sockets, proto=IPPROTO_TCP, family=AF_INET6, states=14
Thu Jul 30 09:01:02 UTC 2026 | ALL | 07-30 09:01:01.970   560   833 D InetDiagMessage: Destroyed live tcp sockets for uids={10195} in 1ms
Thu Jul 30 09:01:03 UTC 2026 | ALL | 07-30 09:01:02.247  4162  4220 I appium  : channel read: POST /session/0ec58237-84ed-40bd-bf67-28bb2b70cae2/element
Thu Jul 30 09:01:03 UTC 2026 | ALL | 07-30 09:01:02.248  4162  4220 I appium  : FindElement command
Thu Jul 30 09:01:03 UTC 2026 | ALL | 07-30 09:01:02.248  4162  4220 I appium  : method: 'xpath', selector: '//android.widget.EditText[1]'
Thu Jul 30 09:01:03 UTC 2026 | ALL | 07-30 09:01:02.248  4162  4220 I appium  : Waiting up to 10000ms for the device to idle
Thu Jul 30 09:01:03 UTC 2026 | ALL | 07-30 09:01:02.249  4162  4220 I appium  : The following attributes will be included to the page source: []
Thu Jul 30 09:01:03 UTC 2026 | ALL | 07-30 09:01:02.258  4162  4220 I appium  : Took 0ms to retrieve 0 matches for '//android.widget.EditText[1]' XPath2 query
Thu Jul 30 09:01:03 UTC 2026 | ALL | 07-30 09:01:02.260  4162  4220 I appium  : AppiumResponse: {"sessionId":"0ec58237-84ed-40bd-bf67-28bb2b70cae2","value":{"error":"no such element","message":"An element could not be located on the page using the given search parameters","stacktrace":"io.appium.uiautomator2.common.exceptions.ElementNotFoundException: An element could not be located on the page using the given search parameters\n\tat io.appium.uiautomator2.utils.ElementLocationHelpers.findElement(ElementLocationHelpers.java:156)\n\tat io.appium.uiautomator2.handler.FindElement.safeHandle(FindElement.java:60)\n\tat io.appium.uiautomator2.handler.request.SafeRequestHandler.handle(SafeRequestHandler.java:59)\n\tat io.appium.uiautomator2.server.AppiumServlet.handleRequest(AppiumServlet.java:259)\n\tat io.appium.uiautomator2.server.AppiumServlet.handleHttpRequest(AppiumServlet.java:253)\n\tat io.appium.uiautomator2.http.ServerHandler.channelRead(ServerHandler.java:77)\n\tat io.netty.channel.AbstractChannelHandlerContext.invokeChannelRead(AbstractChannelHandlerContext.java:374)\n\tat io.netty.channel.AbstractChannelHandlerContext.invokeChannelRead(AbstractChannelHandlerContext.java:360)\n\tat io.netty.channel.AbstractChannelHandlerContext.fireChannelRead(AbstractChannelHandlerContext.java:352)\n\tat io.netty.handler.codec.MessageToMessageDecoder.channelRead(MessageToMessageDecoder.java:102)\n\tat io.netty.channel.AbstractChannelHandlerContext.invokeChannelRead(AbstractChannelHandlerContext.java:374)\n\tat io.netty.channel.AbstractChannelHandlerContext.invokeChannelRead(AbstractChannelHandlerContext.java:360)\n\tat io.netty.channel.AbstractChannelHandlerContext.fireChannelRead(AbstractChannelHandlerContext.java:352)\n\tat io.netty.channel.CombinedChannelDuplexHandler$DelegatingChannelHandlerContext.fireChannelRead(CombinedChannelDuplexHandler.java:438)\n\tat io.netty.handler.codec.ByteToMessageDecoder.fireChannelRead(ByteToMessageDecoder.java:328)\n\tat io.netty.handler.codec.ByteToMessageDecoder.channelRead(ByteToMessageDecoder.java:302)\n\tat io.netty.channel.CombinedChannelDuplexHandler.channelRead(CombinedChannelDuplexHandler.java:253)\n\tat io.netty.channel.AbstractChannelHandlerContext.invokeChannelRead(AbstractChannelHandlerContext.java:374)\n\tat io.netty.channel.AbstractChannelHandlerContext.invokeChannelRead(AbstractChannelHandlerContext.java:360)\n\tat io.netty.channel.AbstractChannelHandlerContext.fireChannelRead(AbstractChannelHandlerContext.java:352)\n\tat io.netty.handler.timeout.IdleStateHandler.channelRead(IdleStateHandler.java:287)\n\tat io.netty.channel.AbstractChannelHandlerContext.invokeChannelRead(AbstractChannelHandlerContext.java:374)\n\tat io.netty.channel.AbstractChannelHandlerContext.invokeChannelRead(AbstractChannelHandlerContext.java:360)\n\tat io.netty.channel.AbstractChannelHandlerContext.fireChannelRead(AbstractChannelHandlerContext.java:352)\n\tat io.netty.channel.DefaultChannelPipeline$HeadContext.channelRead(DefaultChannelPipeline.java:1422)\n\tat io.netty.channel.AbstractChannelHandlerContext.invokeChannelRead(AbstractChannelHandlerContext.java:374)\n\tat io.netty.channel.AbstractChannelHandlerContext.invokeChannelRead(AbstractChannelHandlerContext.java:360)\n\tat io.netty.channel.DefaultChannelPipeline.fireChannelRead(DefaultChannelPipeline.java:931)\n\tat io.netty.channel.nio.AbstractNioByteChannel$NioByteUnsafe.read(AbstractNioByteChannel.java:163)\n\tat io.netty.channel.nio.NioEventLoop.processSelectedKey(NioEventLoop.java:700)\n\tat io.netty.channel.nio.NioEventLoop.processSelectedKeysOptimized(NioEventLoop.java:635)\n\tat io.netty.channel.nio.NioEventLoop.processSelectedKeys(NioEventLoop.java:552)\n\tat io.netty.channel.nio.NioEventLoop.run(NioEventLoop.java:514)\n\tat io.netty.util.concurrent.SingleThreadEventExecutor$6.run(SingleThreadEventExecutor.java:1044)\n\tat io.netty.util.internal.ThreadExecutorMap$2.run(ThreadExecutorMap.java:74)\n\tat io.netty.util.concurrent.FastThreadLocalRunnable.run(FastThreadLocalRunnable.java:30)\n\tat java.lang.Thread.run(Thread.java:1012)\n"}}
Thu Jul 30 09:01:03 UTC 2026 | ALL | 07-30 09:01:02.475   560   664 D ActivityManager: freezing 2201 com.google.android.gms.unstable
Thu Jul 30 09:01:03 UTC 2026 | ALL | 07-30 09:01:02.498   174  4492 I keystore2: system/security/keystore2/watchdog/src/lib.rs:319 - Watchdog thread idle -> terminating. Have a great day.
Thu Jul 30 09:01:03 UTC 2026 | ALL | 07-30 09:01:02.766  4162  4220 I appium  : channel read: POST /session/0ec58237-84ed-40bd-bf67-28bb2b70cae2/element
Thu Jul 30 09:01:03 UTC 2026 | ALL | 07-30 09:01:02.766  4162  4220 I appium  : FindElement command
Thu Jul 30 09:01:03 UTC 2026 | ALL | 07-30 09:01:02.767  4162  4220 I appium  : method: 'xpath', selector: '//android.widget.EditText[1]'
Thu Jul 30 09:01:03 UTC 2026 | ALL | 07-30 09:01:02.767  4162  4220 I appium  : Waiting up to 10000ms for the device to idle
Thu Jul 30 09:01:03 UTC 2026 | ALL | 07-30 09:01:02.768  4162  4220 I appium  : The following attributes will be included to the page source: []
Thu Jul 30 09:01:03 UTC 2026 | ALL | 07-30 09:01:02.779  4162  4220 I appium  : Took 0ms to retrieve 0 matches for '//android.widget.EditText[1]' XPath2 query
Thu Jul 30 09:01:03 UTC 2026 | ALL | 07-30 09:01:02.781  4162  4220 I appium  : AppiumResponse: {"sessionId":"0ec58237-84ed-40bd-bf67-28bb2b70cae2","value":{"error":"no such element","message":"An element could not be located on the page using the given search parameters","stacktrace":"io.appium.uiautomator2.common.exceptions.ElementNotFoundException: An element could not be located on the page using the given search parameters\n\tat io.appium.uiautomator2.utils.ElementLocationHelpers.findElement(ElementLocationHelpers.java:156)\n\tat io.appium.uiautomator2.handler.FindElement.safeHandle(FindElement.java:60)\n\tat io.appium.uiautomator2.handler.request.SafeRequestHandler.handle(SafeRequestHandler.java:59)\n\tat io.appium.uiautomator2.server.AppiumServlet.handleRequest(AppiumServlet.java:259)\n\tat io.appium.uiautomator2.server.AppiumServlet.handleHttpRequest(AppiumServlet.java:253)\n\tat io.appium.uiautomator2.http.ServerHandler.channelRead(ServerHandler.java:77)\n\tat io.netty.channel.AbstractChannelHandlerContext.invokeChannelRead(AbstractChannelHandlerContext.java:374)\n\tat io.netty.channel.AbstractChannelHandlerContext.invokeChannelRead(AbstractChannelHandlerContext.java:360)\n\tat io.netty.channel.AbstractChannelHandlerContext.fireChannelRead(AbstractChannelHandlerContext.java:352)\n\tat io.netty.handler.codec.MessageToMessageDecoder.channelRead(MessageToMessageDecoder.java:102)\n\tat io.netty.channel.AbstractChannelHandlerContext.invokeChannelRead(AbstractChannelHandlerContext.java:374)\n\tat io.netty.channel.AbstractChannelHandlerContext.invokeChannelRead(AbstractChannelHandlerContext.java:360)\n\tat io.netty.channel.AbstractChannelHandlerContext.fireChannelRead(AbstractChannelHandlerContext.java:352)\n\tat io.netty.channel.CombinedChannelDuplexHandler$DelegatingChannelHandlerContext.fireChannelRead(CombinedChannelDuplexHandler.java:438)\n\tat io.netty.handler.codec.ByteToMessageDecoder.fireChannelRead(ByteToMessageDecoder.java:328)\n\tat io.netty.handler.codec.ByteToMessageDecoder.channelRead(ByteToMessageDecoder.java:302)\n\tat io.netty.channel.CombinedChannelDuplexHandler.channelRead(CombinedChannelDuplexHandler.java:253)\n\tat io.netty.channel.AbstractChannelHandlerContext.invokeChannelRead(AbstractChannelHandlerContext.java:374)\n\tat io.netty.channel.AbstractChannelHandlerContext.invokeChannelRead(AbstractChannelHandlerContext.java:360)\n\tat io.netty.channel.AbstractChannelHandlerContext.fireChannelRead(AbstractChannelHandlerContext.java:352)\n\tat io.netty.handler.timeout.IdleStateHandler.channelRead(IdleStateHandler.java:287)\n\tat io.netty.channel.AbstractChannelHandlerContext.invokeChannelRead(AbstractChannelHandlerContext.java:374)\n\tat io.netty.channel.AbstractChannelHandlerContext.invokeChannelRead(AbstractChannelHandlerContext.java:360)\n\tat io.netty.channel.AbstractChannelHandlerContext.fireChannelRead(AbstractChannelHandlerContext.java:352)\n\tat io.netty.channel.DefaultChannelPipeline$HeadContext.channelRead(DefaultChannelPipeline.java:1422)\n\tat io.netty.channel.AbstractChannelHandlerContext.invokeChannelRead(AbstractChannelHandlerContext.java:374)\n\tat io.netty.channel.AbstractChannelHandlerContext.invokeChannelRead(AbstractChannelHandlerContext.java:360)\n\tat io.netty.channel.DefaultChannelPipeline.fireChannelRead(DefaultChannelPipeline.java:931)\n\tat io.netty.channel.nio.AbstractNioByteChannel$NioByteUnsafe.read(AbstractNioByteChannel.java:163)\n\tat io.netty.channel.nio.NioEventLoop.processSelectedKey(NioEventLoop.java:700)\n\tat io.netty.channel.nio.NioEventLoop.processSelectedKeysOptimized(NioEventLoop.java:635)\n\tat io.netty.channel.nio.NioEventLoop.processSelectedKeys(NioEventLoop.java:552)\n\tat io.netty.channel.nio.NioEventLoop.run(NioEventLoop.java:514)\n\tat io.netty.util.concurrent.SingleThreadEventExecutor$6.run(SingleThreadEventExecutor.java:1044)\n\tat io.netty.util.internal.ThreadExecutorMap$2.run(ThreadExecutorMap.java:74)\n\tat io.netty.util.concurrent.FastThreadLocalRunnable.run(FastThreadLocalRunnable.java:30)\n\tat java.lang.Thread.run(Thread.java:1012)\n"}}
Thu Jul 30 09:01:03 UTC 2026 | ALL | 07-30 09:01:02.789   560   664 D ActivityManager: freezing 1979 com.google.android.as.oss
Thu Jul 30 09:01:03 UTC 2026 | ALL | 07-30 09:01:02.790   560   833 D InetDiagMessage: Destroyed 0 sockets, proto=IPPROTO_TCP, family=AF_INET, states=14
Thu Jul 30 09:01:03 UTC 2026 | ALL | 07-30 09:01:02.791   560   833 D InetDiagMessage: Destroyed 0 sockets, proto=IPPROTO_TCP, family=AF_INET6, states=14
Thu Jul 30 09:01:03 UTC 2026 | ALL | 07-30 09:01:02.791   560   833 D InetDiagMessage: Destroyed live tcp sockets for uids={10132} in 2ms
Thu Jul 30 09:01:04 UTC 2026 | ALL | 07-30 09:01:03.169   560   993 D OomAdjuster: Not killing cached processes
Thu Jul 30 09:01:04 UTC 2026 | ALL | 07-30 09:01:03.184   361   361 I netd    : tetherGetStats() -> {[]} <0.41ms>
Thu Jul 30 09:01:04 UTC 2026 | ALL | 07-30 09:01:03.287  4162  4220 I appium  : channel read: POST /session/0ec58237-84ed-40bd-bf67-28bb2b70cae2/element
Thu Jul 30 09:01:04 UTC 2026 | ALL | 07-30 09:01:03.288  4162  4220 I appium  : FindElement command
Thu Jul 30 09:01:04 UTC 2026 | ALL | 07-30 09:01:03.289  4162  4220 I appium  : method: 'xpath', selector: '//android.widget.EditText[1]'
Thu Jul 30 09:01:04 UTC 2026 | ALL | 07-30 09:01:03.289  4162  4220 I appium  : Waiting up to 10000ms for the device to idle
Thu Jul 30 09:01:04 UTC 2026 | ALL | 07-30 09:01:03.290  4162  4220 I appium  : The following attributes will be included to the page source: []
Thu Jul 30 09:01:04 UTC 2026 | ALL | 07-30 09:01:03.302  4162  4220 I appium  : Took 0ms to retrieve 0 matches for '//android.widget.EditText[1]' XPath2 query
Thu Jul 30 09:01:04 UTC 2026 | ALL | 07-30 09:01:03.303  4162  4220 I appium  : AppiumResponse: {"sessionId":"0ec58237-84ed-40bd-bf67-28bb2b70cae2","value":{"error":"no such element","message":"An element could not be located on the page using the given search parameters","stacktrace":"io.appium.uiautomator2.common.exceptions.ElementNotFoundException: An element could not be located on the page using the given search parameters\n\tat io.appium.uiautomator2.utils.ElementLocationHelpers.findElement(ElementLocationHelpers.java:156)\n\tat io.appium.uiautomator2.handler.FindElement.safeHandle(FindElement.java:60)\n\tat io.appium.uiautomator2.handler.request.SafeRequestHandler.handle(SafeRequestHandler.java:59)\n\tat io.appium.uiautomator2.server.AppiumServlet.handleRequest(AppiumServlet.java:259)\n\tat io.appium.uiautomator2.server.AppiumServlet.handleHttpRequest(AppiumServlet.java:253)\n\tat io.appium.uiautomator2.http.ServerHandler.channelRead(ServerHandler.java:77)\n\tat io.netty.channel.AbstractChannelHandlerContext.invokeChannelRead(AbstractChannelHandlerContext.java:374)\n\tat io.netty.channel.AbstractChannelHandlerContext.invokeChannelRead(AbstractChannelHandlerContext.java:360)\n\tat io.netty.channel.AbstractChannelHandlerContext.fireChannelRead(AbstractChannelHandlerContext.java:352)\n\tat io.netty.handler.codec.MessageToMessageDecoder.channelRead(MessageToMessageDecoder.java:102)\n\tat io.netty.channel.AbstractChannelHandlerContext.invokeChannelRead(AbstractChannelHandlerContext.java:374)\n\tat io.netty.channel.AbstractChannelHandlerContext.invokeChannelRead(AbstractChannelHandlerContext.java:360)\n\tat io.netty.channel.AbstractChannelHandlerContext.fireChannelRead(AbstractChannelHandlerContext.java:352)\n\tat io.netty.channel.CombinedChannelDuplexHandler$DelegatingChannelHandlerContext.fireChannelRead(CombinedChannelDuplexHandler.java:438)\n\tat io.netty.handler.codec.ByteToMessageDecoder.fireChannelRead(ByteToMessageDecoder.java:328)\n\tat io.netty.handler.codec.ByteToMessageDecoder.channelRead(ByteToMessageDecoder.java:302)\n\tat io.netty.channel.CombinedChannelDuplexHandler.channelRead(CombinedChannelDuplexHandler.java:253)\n\tat io.netty.channel.AbstractChannelHandlerContext.invokeChannelRead(AbstractChannelHandlerContext.java:374)\n\tat io.netty.channel.AbstractChannelHandlerContext.invokeChannelRead(AbstractChannelHandlerContext.java:360)\n\tat io.netty.channel.AbstractChannelHandlerContext.fireChannelRead(AbstractChannelHandlerContext.java:352)\n\tat io.netty.handler.timeout.IdleStateHandler.channelRead(IdleStateHandler.java:287)\n\tat io.netty.channel.AbstractChannelHandlerContext.invokeChannelRead(AbstractChannelHandlerContext.java:374)\n\tat io.netty.channel.AbstractChannelHandlerContext.invokeChannelRead(AbstractChannelHandlerContext.java:360)\n\tat io.netty.channel.AbstractChannelHandlerContext.fireChannelRead(AbstractChannelHandlerContext.java:352)\n\tat io.netty.channel.DefaultChannelPipeline$HeadContext.channelRead(DefaultChannelPipeline.java:1422)\n\tat io.netty.channel.AbstractChannelHandlerContext.invokeChannelRead(AbstractChannelHandlerContext.java:374)\n\tat io.netty.channel.AbstractChannelHandlerContext.invokeChannelRead(AbstractChannelHandlerContext.java:360)\n\tat io.netty.channel.DefaultChannelPipeline.fireChannelRead(DefaultChannelPipeline.java:931)\n\tat io.netty.channel.nio.AbstractNioByteChannel$NioByteUnsafe.read(AbstractNioByteChannel.java:163)\n\tat io.netty.channel.nio.NioEventLoop.processSelectedKey(NioEventLoop.java:700)\n\tat io.netty.channel.nio.NioEventLoop.processSelectedKeysOptimized(NioEventLoop.java:635)\n\tat io.netty.channel.nio.NioEventLoop.processSelectedKeys(NioEventLoop.java:552)\n\tat io.netty.channel.nio.NioEventLoop.run(NioEventLoop.java:514)\n\tat io.netty.util.concurrent.SingleThreadEventExecutor$6.run(SingleThreadEventExecutor.java:1044)\n\tat io.netty.util.internal.ThreadExecutorMap$2.run(ThreadExecutorMap.java:74)\n\tat io.netty.util.concurrent.FastThreadLocalRunnable.run(FastThreadLocalRunnable.java:30)\n\tat java.lang.Thread.run(Thread.java:1012)\n"}}
Thu Jul 30 09:01:04 UTC 2026 | ALL | 07-30 09:01:03.810  4162  4220 I appium  : channel read: POST /session/0ec58237-84ed-40bd-bf67-28bb2b70cae2/element
Thu Jul 30 09:01:04 UTC 2026 | ALL | 07-30 09:01:03.811  4162  4220 I appium  : FindElement command
Thu Jul 30 09:01:04 UTC 2026 | ALL | 07-30 09:01:03.812  4162  4220 I appium  : method: 'xpath', selector: '//android.widget.EditText[1]'
Thu Jul 30 09:01:04 UTC 2026 | ALL | 07-30 09:01:03.812  4162  4220 I appium  : Waiting up to 10000ms for the device to idle
Thu Jul 30 09:01:04 UTC 2026 | ALL | 07-30 09:01:03.813  4162  4220 I appium  : The following attributes will be included to the page source: []
Thu Jul 30 09:01:04 UTC 2026 | ALL | 07-30 09:01:03.835  4162  4220 I appium  : Took 0ms to retrieve 0 matches for '//android.widget.EditText[1]' XPath2 query
Thu Jul 30 09:01:04 UTC 2026 | ALL | 07-30 09:01:03.836  4162  4220 I appium  : AppiumResponse: {"sessionId":"0ec58237-84ed-40bd-bf67-28bb2b70cae2","value":{"error":"no such element","message":"An element could not be located on the page using the given search parameters","stacktrace":"io.appium.uiautomator2.common.exceptions.ElementNotFoundException: An element could not be located on the page using the given search parameters\n\tat io.appium.uiautomator2.utils.ElementLocationHelpers.findElement(ElementLocationHelpers.java:156)\n\tat io.appium.uiautomator2.handler.FindElement.safeHandle(FindElement.java:60)\n\tat io.appium.uiautomator2.handler.request.SafeRequestHandler.handle(SafeRequestHandler.java:59)\n\tat io.appium.uiautomator2.server.AppiumServlet.handleRequest(AppiumServlet.java:259)\n\tat io.appium.uiautomator2.server.AppiumServlet.handleHttpRequest(AppiumServlet.java:253)\n\tat io.appium.uiautomator2.http.ServerHandler.channelRead(ServerHandler.java:77)\n\tat io.netty.channel.AbstractChannelHandlerContext.invokeChannelRead(AbstractChannelHandlerContext.java:374)\n\tat io.netty.channel.AbstractChannelHandlerContext.invokeChannelRead(AbstractChannelHandlerContext.java:360)\n\tat io.netty.channel.AbstractChannelHandlerContext.fireChannelRead(AbstractChannelHandlerContext.java:352)\n\tat io.netty.handler.codec.MessageToMessageDecoder.channelRead(MessageToMessageDecoder.java:102)\n\tat io.netty.channel.AbstractChannelHandlerContext.invokeChannelRead(AbstractChannelHandlerContext.java:374)\n\tat io.netty.channel.AbstractChannelHandlerContext.invokeChannelRead(AbstractChannelHandlerContext.java:360)\n\tat io.netty.channel.AbstractChannelHandlerContext.fireChannelRead(AbstractChannelHandlerContext.java:352)\n\tat io.netty.channel.CombinedChannelDuplexHandler$DelegatingChannelHandlerContext.fireChannelRead(CombinedChannelDuplexHandler.java:438)\n\tat io.netty.handler.codec.ByteToMessageDecoder.fireChannelRead(ByteToMessageDecoder.java:328)\n\tat io.netty.handler.codec.ByteToMessageDecoder.channelRead(ByteToMessageDecoder.java:302)\n\tat io.netty.channel.CombinedChannelDuplexHandler.channelRead(CombinedChannelDuplexHandler.java:253)\n\tat io.netty.channel.AbstractChannelHandlerContext.invokeChannelRead(AbstractChannelHandlerContext.java:374)\n\tat io.netty.channel.AbstractChannelHandlerContext.invokeChannelRead(AbstractChannelHandlerContext.java:360)\n\tat io.netty.channel.AbstractChannelHandlerContext.fireChannelRead(AbstractChannelHandlerContext.java:352)\n\tat io.netty.handler.timeout.IdleStateHandler.channelRead(IdleStateHandler.java:287)\n\tat io.netty.channel.AbstractChannelHandlerContext.invokeChannelRead(AbstractChannelHandlerContext.java:374)\n\tat io.netty.channel.AbstractChannelHandlerContext.invokeChannelRead(AbstractChannelHandlerContext.java:360)\n\tat io.netty.channel.AbstractChannelHandlerContext.fireChannelRead(AbstractChannelHandlerContext.java:352)\n\tat io.netty.channel.DefaultChannelPipeline$HeadContext.channelRead(DefaultChannelPipeline.java:1422)\n\tat io.netty.channel.AbstractChannelHandlerContext.invokeChannelRead(AbstractChannelHandlerContext.java:374)\n\tat io.netty.channel.AbstractChannelHandlerContext.invokeChannelRead(AbstractChannelHandlerContext.java:360)\n\tat io.netty.channel.DefaultChannelPipeline.fireChannelRead(DefaultChannelPipeline.java:931)\n\tat io.netty.channel.nio.AbstractNioByteChannel$NioByteUnsafe.read(AbstractNioByteChannel.java:163)\n\tat io.netty.channel.nio.NioEventLoop.processSelectedKey(NioEventLoop.java:700)\n\tat io.netty.channel.nio.NioEventLoop.processSelectedKeysOptimized(NioEventLoop.java:635)\n\tat io.netty.channel.nio.NioEventLoop.processSelectedKeys(NioEventLoop.java:552)\n\tat io.netty.channel.nio.NioEventLoop.run(NioEventLoop.java:514)\n\tat io.netty.util.concurrent.SingleThreadEventExecutor$6.run(SingleThreadEventExecutor.java:1044)\n\tat io.netty.util.internal.ThreadExecutorMap$2.run(ThreadExecutorMap.java:74)\n\tat io.netty.util.concurrent.FastThreadLocalRunnable.run(FastThreadLocalRunnable.java:30)\n\tat java.lang.Thread.run(Thread.java:1012)\n"}}
Thu Jul 30 09:01:05 UTC 2026 | ALL | 07-30 09:01:04.343  4162  4220 I appium  : channel read: POST /session/0ec58237-84ed-40bd-bf67-28bb2b70cae2/element
Thu Jul 30 09:01:05 UTC 2026 | ALL | 07-30 09:01:04.343  4162  4220 I appium  : FindElement command
Thu Jul 30 09:01:05 UTC 2026 | ALL | 07-30 09:01:04.344  4162  4220 I appium  : method: 'xpath', selector: '//android.widget.EditText[1]'
Thu Jul 30 09:01:05 UTC 2026 | ALL | 07-30 09:01:04.344  4162  4220 I appium  : Waiting up to 10000ms for the device to idle
Thu Jul 30 09:01:05 UTC 2026 | ALL | 07-30 09:01:04.345  4162  4220 I appium  : The following attributes will be included to the page source: []
Thu Jul 30 09:01:05 UTC 2026 | ALL | 07-30 09:01:04.356  4162  4220 I appium  : Took 0ms to retrieve 0 matches for '//android.widget.EditText[1]' XPath2 query
Thu Jul 30 09:01:05 UTC 2026 | ALL | 07-30 09:01:04.357  4162  4220 I appium  : AppiumResponse: {"sessionId":"0ec58237-84ed-40bd-bf67-28bb2b70cae2","value":{"error":"no such element","message":"An element could not be located on the page using the given search parameters","stacktrace":"io.appium.uiautomator2.common.exceptions.ElementNotFoundException: An element could not be located on the page using the given search parameters\n\tat io.appium.uiautomator2.utils.ElementLocationHelpers.findElement(ElementLocationHelpers.java:156)\n\tat io.appium.uiautomator2.handler.FindElement.safeHandle(FindElement.java:60)\n\tat io.appium.uiautomator2.handler.request.SafeRequestHandler.handle(SafeRequestHandler.java:59)\n\tat io.appium.uiautomator2.server.AppiumServlet.handleRequest(AppiumServlet.java:259)\n\tat io.appium.uiautomator2.server.AppiumServlet.handleHttpRequest(AppiumServlet.java:253)\n\tat io.appium.uiautomator2.http.ServerHandler.channelRead(ServerHandler.java:77)\n\tat io.netty.channel.AbstractChannelHandlerContext.invokeChannelRead(AbstractChannelHandlerContext.java:374)\n\tat io.netty.channel.AbstractChannelHandlerContext.invokeChannelRead(AbstractChannelHandlerContext.java:360)\n\tat io.netty.channel.AbstractChannelHandlerContext.fireChannelRead(AbstractChannelHandlerContext.java:352)\n\tat io.netty.handler.codec.MessageToMessageDecoder.channelRead(MessageToMessageDecoder.java:102)\n\tat io.netty.channel.AbstractChannelHandlerContext.invokeChannelRead(AbstractChannelHandlerContext.java:374)\n\tat io.netty.channel.AbstractChannelHandlerContext.invokeChannelRead(AbstractChannelHandlerContext.java:360)\n\tat io.netty.channel.AbstractChannelHandlerContext.fireChannelRead(AbstractChannelHandlerContext.java:352)\n\tat io.netty.channel.CombinedChannelDuplexHandler$DelegatingChannelHandlerContext.fireChannelRead(CombinedChannelDuplexHandler.java:438)\n\tat io.netty.handler.codec.ByteToMessageDecoder.fireChannelRead(ByteToMessageDecoder.java:328)\n\tat io.netty.handler.codec.ByteToMessageDecoder.channelRead(ByteToMessageDecoder.java:302)\n\tat io.netty.channel.CombinedChannelDuplexHandler.channelRead(CombinedChannelDuplexHandler.java:253)\n\tat io.netty.channel.AbstractChannelHandlerContext.invokeChannelRead(AbstractChannelHandlerContext.java:374)\n\tat io.netty.channel.AbstractChannelHandlerContext.invokeChannelRead(AbstractChannelHandlerContext.java:360)\n\tat io.netty.channel.AbstractChannelHandlerContext.fireChannelRead(AbstractChannelHandlerContext.java:352)\n\tat io.netty.handler.timeout.IdleStateHandler.channelRead(IdleStateHandler.java:287)\n\tat io.netty.channel.AbstractChannelHandlerContext.invokeChannelRead(AbstractChannelHandlerContext.java:374)\n\tat io.netty.channel.AbstractChannelHandlerContext.invokeChannelRead(AbstractChannelHandlerContext.java:360)\n\tat io.netty.channel.AbstractChannelHandlerContext.fireChannelRead(AbstractChannelHandlerContext.java:352)\n\tat io.netty.channel.DefaultChannelPipeline$HeadContext.channelRead(DefaultChannelPipeline.java:1422)\n\tat io.netty.channel.AbstractChannelHandlerContext.invokeChannelRead(AbstractChannelHandlerContext.java:374)\n\tat io.netty.channel.AbstractChannelHandlerContext.invokeChannelRead(AbstractChannelHandlerContext.java:360)\n\tat io.netty.channel.DefaultChannelPipeline.fireChannelRead(DefaultChannelPipeline.java:931)\n\tat io.netty.channel.nio.AbstractNioByteChannel$NioByteUnsafe.read(AbstractNioByteChannel.java:163)\n\tat io.netty.channel.nio.NioEventLoop.processSelectedKey(NioEventLoop.java:700)\n\tat io.netty.channel.nio.NioEventLoop.processSelectedKeysOptimized(NioEventLoop.java:635)\n\tat io.netty.channel.nio.NioEventLoop.processSelectedKeys(NioEventLoop.java:552)\n\tat io.netty.channel.nio.NioEventLoop.run(NioEventLoop.java:514)\n\tat io.netty.util.concurrent.SingleThreadEventExecutor$6.run(SingleThreadEventExecutor.java:1044)\n\tat io.netty.util.internal.ThreadExecutorMap$2.run(ThreadExecutorMap.java:74)\n\tat io.netty.util.concurrent.FastThreadLocalRunnable.run(FastThreadLocalRunnable.java:30)\n\tat java.lang.Thread.run(Thread.java:1012)\n"}}
Thu Jul 30 09:01:05 UTC 2026 | ALL | 07-30 09:01:04.864  4162  4220 I appium  : channel read: POST /session/0ec58237-84ed-40bd-bf67-28bb2b70cae2/element
Thu Jul 30 09:01:05 UTC 2026 | ALL | 07-30 09:01:04.865  4162  4220 I appium  : FindElement command
Thu Jul 30 09:01:05 UTC 2026 | ALL | 07-30 09:01:04.865  4162  4220 I appium  : method: 'xpath', selector: '//android.widget.EditText[1]'
Thu Jul 30 09:01:05 UTC 2026 | ALL | 07-30 09:01:04.866  4162  4220 I appium  : Waiting up to 10000ms for the device to idle
Thu Jul 30 09:01:05 UTC 2026 | ALL | 07-30 09:01:04.867  4162  4220 I appium  : The following attributes will be included to the page source: []
Thu Jul 30 09:01:05 UTC 2026 | ALL | 07-30 09:01:04.870  4162  4170 I tomator2.server: Method exceeds compiler instruction limit: 19264 in java_cup.runtime.Symbol org.eclipse.wst.xml.xpath2.processor.internal.CUP$XPathCup$actions.CUP$XPathCup$do_action(int, java_cup.runtime.lr_parser, java.util.Stack, int)
Thu Jul 30 09:01:05 UTC 2026 | ALL | 07-30 09:01:04.881  4162  4220 I appium  : Took 0ms to retrieve 0 matches for '//android.widget.EditText[1]' XPath2 query
Thu Jul 30 09:01:05 UTC 2026 | ALL | 07-30 09:01:04.882  4162  4220 I appium  : AppiumResponse: {"sessionId":"0ec58237-84ed-40bd-bf67-28bb2b70cae2","value":{"error":"no such element","message":"An element could not be located on the page using the given search parameters","stacktrace":"io.appium.uiautomator2.common.exceptions.ElementNotFoundException: An element could not be located on the page using the given search parameters\n\tat io.appium.uiautomator2.utils.ElementLocationHelpers.findElement(ElementLocationHelpers.java:156)\n\tat io.appium.uiautomator2.handler.FindElement.safeHandle(FindElement.java:60)\n\tat io.appium.uiautomator2.handler.request.SafeRequestHandler.handle(SafeRequestHandler.java:59)\n\tat io.appium.uiautomator2.server.AppiumServlet.handleRequest(AppiumServlet.java:259)\n\tat io.appium.uiautomator2.server.AppiumServlet.handleHttpRequest(AppiumServlet.java:253)\n\tat io.appium.uiautomator2.http.ServerHandler.channelRead(ServerHandler.java:77)\n\tat io.netty.channel.AbstractChannelHandlerContext.invokeChannelRead(AbstractChannelHandlerContext.java:374)\n\tat io.netty.channel.AbstractChannelHandlerContext.invokeChannelRead(AbstractChannelHandlerContext.java:360)\n\tat io.netty.channel.AbstractChannelHandlerContext.fireChannelRead(AbstractChannelHandlerContext.java:352)\n\tat io.netty.handler.codec.MessageToMessageDecoder.channelRead(MessageToMessageDecoder.java:102)\n\tat io.netty.channel.AbstractChannelHandlerContext.invokeChannelRead(AbstractChannelHandlerContext.java:374)\n\tat io.netty.channel.AbstractChannelHandlerContext.invokeChannelRead(AbstractChannelHandlerContext.java:360)\n\tat io.netty.channel.AbstractChannelHandlerContext.fireChannelRead(AbstractChannelHandlerContext.java:352)\n\tat io.netty.channel.CombinedChannelDuplexHandler$DelegatingChannelHandlerContext.fireChannelRead(CombinedChannelDuplexHandler.java:438)\n\tat io.netty.handler.codec.ByteToMessageDecoder.fireChannelRead(ByteToMessageDecoder.java:328)\n\tat io.netty.handler.codec.ByteToMessageDecoder.channelRead(ByteToMessageDecoder.java:302)\n\tat io.netty.channel.CombinedChannelDuplexHandler.channelRead(CombinedChannelDuplexHandler.java:253)\n\tat io.netty.channel.AbstractChannelHandlerContext.invokeChannelRead(AbstractChannelHandlerContext.java:374)\n\tat io.netty.channel.AbstractChannelHandlerContext.invokeChannelRead(AbstractChannelHandlerContext.java:360)\n\tat io.netty.channel.AbstractChannelHandlerContext.fireChannelRead(AbstractChannelHandlerContext.java:352)\n\tat io.netty.handler.timeout.IdleStateHandler.channelRead(IdleStateHandler.java:287)\n\tat io.netty.channel.AbstractChannelHandlerContext.invokeChannelRead(AbstractChannelHandlerContext.java:374)\n\tat io.netty.channel.AbstractChannelHandlerContext.invokeChannelRead(AbstractChannelHandlerContext.java:360)\n\tat io.netty.channel.AbstractChannelHandlerContext.fireChannelRead(AbstractChannelHandlerContext.java:352)\n\tat io.netty.channel.DefaultChannelPipeline$HeadContext.channelRead(DefaultChannelPipeline.java:1422)\n\tat io.netty.channel.AbstractChannelHandlerContext.invokeChannelRead(AbstractChannelHandlerContext.java:374)\n\tat io.netty.channel.AbstractChannelHandlerContext.invokeChannelRead(AbstractChannelHandlerContext.java:360)\n\tat io.netty.channel.DefaultChannelPipeline.fireChannelRead(DefaultChannelPipeline.java:931)\n\tat io.netty.channel.nio.AbstractNioByteChannel$NioByteUnsafe.read(AbstractNioByteChannel.java:163)\n\tat io.netty.channel.nio.NioEventLoop.processSelectedKey(NioEventLoop.java:700)\n\tat io.netty.channel.nio.NioEventLoop.processSelectedKeysOptimized(NioEventLoop.java:635)\n\tat io.netty.channel.nio.NioEventLoop.processSelectedKeys(NioEventLoop.java:552)\n\tat io.netty.channel.nio.NioEventLoop.run(NioEventLoop.java:514)\n\tat io.netty.util.concurrent.SingleThreadEventExecutor$6.run(SingleThreadEventExecutor.java:1044)\n\tat io.netty.util.internal.ThreadExecutorMap$2.run(ThreadExecutorMap.java:74)\n\tat io.netty.util.concurrent.FastThreadLocalRunnable.run(FastThreadLocalRunnable.java:30)\n\tat java.lang.Thread.run(Thread.java:1012)\n"}}
Thu Jul 30 09:01:06 UTC 2026 | ALL | 07-30 09:01:05.389  4162  4220 I appium  : channel read: POST /session/0ec58237-84ed-40bd-bf67-28bb2b70cae2/element
Thu Jul 30 09:01:06 UTC 2026 | ALL | 07-30 09:01:05.389  4162  4220 I appium  : FindElement command
Thu Jul 30 09:01:06 UTC 2026 | ALL | 07-30 09:01:05.390  4162  4220 I appium  : method: 'xpath', selector: '//android.widget.EditText[1]'
Thu Jul 30 09:01:06 UTC 2026 | ALL | 07-30 09:01:05.390  4162  4220 I appium  : Waiting up to 10000ms for the device to idle
Thu Jul 30 09:01:06 UTC 2026 | ALL | 07-30 09:01:05.391  4162  4220 I appium  : The following attributes will be included to the page source: []
Thu Jul 30 09:01:06 UTC 2026 | ALL | 07-30 09:01:05.404  4162  4220 I appium  : Took 0ms to retrieve 0 matches for '//android.widget.EditText[1]' XPath2 query
Thu Jul 30 09:01:06 UTC 2026 | ALL | 07-30 09:01:05.406  4162  4220 I appium  : AppiumResponse: {"sessionId":"0ec58237-84ed-40bd-bf67-28bb2b70cae2","value":{"error":"no such element","message":"An element could not be located on the page using the given search parameters","stacktrace":"io.appium.uiautomator2.common.exceptions.ElementNotFoundException: An element could not be located on the page using the given search parameters\n\tat io.appium.uiautomator2.utils.ElementLocationHelpers.findElement(ElementLocationHelpers.java:156)\n\tat io.appium.uiautomator2.handler.FindElement.safeHandle(FindElement.java:60)\n\tat io.appium.uiautomator2.handler.request.SafeRequestHandler.handle(SafeRequestHandler.java:59)\n\tat io.appium.uiautomator2.server.AppiumServlet.handleRequest(AppiumServlet.java:259)\n\tat io.appium.uiautomator2.server.AppiumServlet.handleHttpRequest(AppiumServlet.java:253)\n\tat io.appium.uiautomator2.http.ServerHandler.channelRead(ServerHandler.java:77)\n\tat io.netty.channel.AbstractChannelHandlerContext.invokeChannelRead(AbstractChannelHandlerContext.java:374)\n\tat io.netty.channel.AbstractChannelHandlerContext.invokeChannelRead(AbstractChannelHandlerContext.java:360)\n\tat io.netty.channel.AbstractChannelHandlerContext.fireChannelRead(AbstractChannelHandlerContext.java:352)\n\tat io.netty.handler.codec.MessageToMessageDecoder.channelRead(MessageToMessageDecoder.java:102)\n\tat io.netty.channel.AbstractChannelHandlerContext.invokeChannelRead(AbstractChannelHandlerContext.java:374)\n\tat io.netty.channel.AbstractChannelHandlerContext.invokeChannelRead(AbstractChannelHandlerContext.java:360)\n\tat io.netty.channel.AbstractChannelHandlerContext.fireChannelRead(AbstractChannelHandlerContext.java:352)\n\tat io.netty.channel.CombinedChannelDuplexHandler$DelegatingChannelHandlerContext.fireChannelRead(CombinedChannelDuplexHandler.java:438)\n\tat io.netty.handler.codec.ByteToMessageDecoder.fireChannelRead(ByteToMessageDecoder.java:328)\n\tat io.netty.handler.codec.ByteToMessageDecoder.channelRead(ByteToMessageDecoder.java:302)\n\tat io.netty.channel.CombinedChannelDuplexHandler.channelRead(CombinedChannelDuplexHandler.java:253)\n\tat io.netty.channel.AbstractChannelHandlerContext.invokeChannelRead(AbstractChannelHandlerContext.java:374)\n\tat io.netty.channel.AbstractChannelHandlerContext.invokeChannelRead(AbstractChannelHandlerContext.java:360)\n\tat io.netty.channel.AbstractChannelHandlerContext.fireChannelRead(AbstractChannelHandlerContext.java:352)\n\tat io.netty.handler.timeout.IdleStateHandler.channelRead(IdleStateHandler.java:287)\n\tat io.netty.channel.AbstractChannelHandlerContext.invokeChannelRead(AbstractChannelHandlerContext.java:374)\n\tat io.netty.channel.AbstractChannelHandlerContext.invokeChannelRead(AbstractChannelHandlerContext.java:360)\n\tat io.netty.channel.AbstractChannelHandlerContext.fireChannelRead(AbstractChannelHandlerContext.java:352)\n\tat io.netty.channel.DefaultChannelPipeline$HeadContext.channelRead(DefaultChannelPipeline.java:1422)\n\tat io.netty.channel.AbstractChannelHandlerContext.invokeChannelRead(AbstractChannelHandlerContext.java:374)\n\tat io.netty.channel.AbstractChannelHandlerContext.invokeChannelRead(AbstractChannelHandlerContext.java:360)\n\tat io.netty.channel.DefaultChannelPipeline.fireChannelRead(DefaultChannelPipeline.java:931)\n\tat io.netty.channel.nio.AbstractNioByteChannel$NioByteUnsafe.read(AbstractNioByteChannel.java:163)\n\tat io.netty.channel.nio.NioEventLoop.processSelectedKey(NioEventLoop.java:700)\n\tat io.netty.channel.nio.NioEventLoop.processSelectedKeysOptimized(NioEventLoop.java:635)\n\tat io.netty.channel.nio.NioEventLoop.processSelectedKeys(NioEventLoop.java:552)\n\tat io.netty.channel.nio.NioEventLoop.run(NioEventLoop.java:514)\n\tat io.netty.util.concurrent.SingleThreadEventExecutor$6.run(SingleThreadEventExecutor.java:1044)\n\tat io.netty.util.internal.ThreadExecutorMap$2.run(ThreadExecutorMap.java:74)\n\tat io.netty.util.concurrent.FastThreadLocalRunnable.run(FastThreadLocalRunnable.java:30)\n\tat java.lang.Thread.run(Thread.java:1012)\n"}}
Thu Jul 30 09:01:06 UTC 2026 | ALL | 07-30 09:01:05.912  4162  4220 I appium  : channel read: POST /session/0ec58237-84ed-40bd-bf67-28bb2b70cae2/element
Thu Jul 30 09:01:06 UTC 2026 | ALL | 07-30 09:01:05.912  4162  4220 I appium  : FindElement command
Thu Jul 30 09:01:06 UTC 2026 | ALL | 07-30 09:01:05.913  4162  4220 I appium  : method: 'xpath', selector: '//android.widget.EditText[1]'
Thu Jul 30 09:01:06 UTC 2026 | ALL | 07-30 09:01:05.913  4162  4220 I appium  : Waiting up to 10000ms for the device to idle
Thu Jul 30 09:01:06 UTC 2026 | ALL | 07-30 09:01:05.914  4162  4220 I appium  : The following attributes will be included to the page source: []
Thu Jul 30 09:01:06 UTC 2026 | ALL | 07-30 09:01:05.926  4162  4220 I appium  : Took 0ms to retrieve 0 matches for '//android.widget.EditText[1]' XPath2 query
Thu Jul 30 09:01:06 UTC 2026 | ALL | 07-30 09:01:05.927  4162  4220 I appium  : AppiumResponse: {"sessionId":"0ec58237-84ed-40bd-bf67-28bb2b70cae2","value":{"error":"no such element","message":"An element could not be located on the page using the given search parameters","stacktrace":"io.appium.uiautomator2.common.exceptions.ElementNotFoundException: An element could not be located on the page using the given search parameters\n\tat io.appium.uiautomator2.utils.ElementLocationHelpers.findElement(ElementLocationHelpers.java:156)\n\tat io.appium.uiautomator2.handler.FindElement.safeHandle(FindElement.java:60)\n\tat io.appium.uiautomator2.handler.request.SafeRequestHandler.handle(SafeRequestHandler.java:59)\n\tat io.appium.uiautomator2.server.AppiumServlet.handleRequest(AppiumServlet.java:259)\n\tat io.appium.uiautomator2.server.AppiumServlet.handleHttpRequest(AppiumServlet.java:253)\n\tat io.appium.uiautomator2.http.ServerHandler.channelRead(ServerHandler.java:77)\n\tat io.netty.channel.AbstractChannelHandlerContext.invokeChannelRead(AbstractChannelHandlerContext.java:374)\n\tat io.netty.channel.AbstractChannelHandlerContext.invokeChannelRead(AbstractChannelHandlerContext.java:360)\n\tat io.netty.channel.AbstractChannelHandlerContext.fireChannelRead(AbstractChannelHandlerContext.java:352)\n\tat io.netty.handler.codec.MessageToMessageDecoder.channelRead(MessageToMessageDecoder.java:102)\n\tat io.netty.channel.AbstractChannelHandlerContext.invokeChannelRead(AbstractChannelHandlerContext.java:374)\n\tat io.netty.channel.AbstractChannelHandlerContext.invokeChannelRead(AbstractChannelHandlerContext.java:360)\n\tat io.netty.channel.AbstractChannelHandlerContext.fireChannelRead(AbstractChannelHandlerContext.java:352)\n\tat io.netty.channel.CombinedChannelDuplexHandler$DelegatingChannelHandlerContext.fireChannelRead(CombinedChannelDuplexHandler.java:438)\n\tat io.netty.handler.codec.ByteToMessageDecoder.fireChannelRead(ByteToMessageDecoder.java:328)\n\tat io.netty.handler.codec.ByteToMessageDecoder.channelRead(ByteToMessageDecoder.java:302)\n\tat io.netty.channel.CombinedChannelDuplexHandler.channelRead(CombinedChannelDuplexHandler.java:253)\n\tat io.netty.channel.AbstractChannelHandlerContext.invokeChannelRead(AbstractChannelHandlerContext.java:374)\n\tat io.netty.channel.AbstractChannelHandlerContext.invokeChannelRead(AbstractChannelHandlerContext.java:360)\n\tat io.netty.channel.AbstractChannelHandlerContext.fireChannelRead(AbstractChannelHandlerContext.java:352)\n\tat io.netty.handler.timeout.IdleStateHandler.channelRead(IdleStateHandler.java:287)\n\tat io.netty.channel.AbstractChannelHandlerContext.invokeChannelRead(AbstractChannelHandlerContext.java:374)\n\tat io.netty.channel.AbstractChannelHandlerContext.invokeChannelRead(AbstractChannelHandlerContext.java:360)\n\tat io.netty.channel.AbstractChannelHandlerContext.fireChannelRead(AbstractChannelHandlerContext.java:352)\n\tat io.netty.channel.DefaultChannelPipeline$HeadContext.channelRead(DefaultChannelPipeline.java:1422)\n\tat io.netty.channel.AbstractChannelHandlerContext.invokeChannelRead(AbstractChannelHandlerContext.java:374)\n\tat io.netty.channel.AbstractChannelHandlerContext.invokeChannelRead(AbstractChannelHandlerContext.java:360)\n\tat io.netty.channel.DefaultChannelPipeline.fireChannelRead(DefaultChannelPipeline.java:931)\n\tat io.netty.channel.nio.AbstractNioByteChannel$NioByteUnsafe.read(AbstractNioByteChannel.java:163)\n\tat io.netty.channel.nio.NioEventLoop.processSelectedKey(NioEventLoop.java:700)\n\tat io.netty.channel.nio.NioEventLoop.processSelectedKeysOptimized(NioEventLoop.java:635)\n\tat io.netty.channel.nio.NioEventLoop.processSelectedKeys(NioEventLoop.java:552)\n\tat io.netty.channel.nio.NioEventLoop.run(NioEventLoop.java:514)\n\tat io.netty.util.concurrent.SingleThreadEventExecutor$6.run(SingleThreadEventExecutor.java:1044)\n\tat io.netty.util.internal.ThreadExecutorMap$2.run(ThreadExecutorMap.java:74)\n\tat io.netty.util.concurrent.FastThreadLocalRunnable.run(FastThreadLocalRunnable.java:30)\n\tat java.lang.Thread.run(Thread.java:1012)\n"}}
Thu Jul 30 09:01:07 UTC 2026 | ALL | 07-30 09:01:06.434  4162  4220 I appium  : channel read: POST /session/0ec58237-84ed-40bd-bf67-28bb2b70cae2/element
Thu Jul 30 09:01:07 UTC 2026 | ALL | 07-30 09:01:06.434  4162  4220 I appium  : FindElement command
Thu Jul 30 09:01:07 UTC 2026 | ALL | 07-30 09:01:06.435  4162  4220 I appium  : method: 'xpath', selector: '//android.widget.EditText[1]'
Thu Jul 30 09:01:07 UTC 2026 | ALL | 07-30 09:01:06.435  4162  4220 I appium  : Waiting up to 10000ms for the device to idle
Thu Jul 30 09:01:07 UTC 2026 | ALL | 07-30 09:01:06.436  4162  4220 I appium  : The following attributes will be included to the page source: []
Thu Jul 30 09:01:07 UTC 2026 | ALL | 07-30 09:01:06.450  4162  4220 I appium  : Took 0ms to retrieve 0 matches for '//android.widget.EditText[1]' XPath2 query
Thu Jul 30 09:01:07 UTC 2026 | ALL | 07-30 09:01:06.451  4162  4220 I appium  : AppiumResponse: {"sessionId":"0ec58237-84ed-40bd-bf67-28bb2b70cae2","value":{"error":"no such element","message":"An element could not be located on the page using the given search parameters","stacktrace":"io.appium.uiautomator2.common.exceptions.ElementNotFoundException: An element could not be located on the page using the given search parameters\n\tat io.appium.uiautomator2.utils.ElementLocationHelpers.findElement(ElementLocationHelpers.java:156)\n\tat io.appium.uiautomator2.handler.FindElement.safeHandle(FindElement.java:60)\n\tat io.appium.uiautomator2.handler.request.SafeRequestHandler.handle(SafeRequestHandler.java:59)\n\tat io.appium.uiautomator2.server.AppiumServlet.handleRequest(AppiumServlet.java:259)\n\tat io.appium.uiautomator2.server.AppiumServlet.handleHttpRequest(AppiumServlet.java:253)\n\tat io.appium.uiautomator2.http.ServerHandler.channelRead(ServerHandler.java:77)\n\tat io.netty.channel.AbstractChannelHandlerContext.invokeChannelRead(AbstractChannelHandlerContext.java:374)\n\tat io.netty.channel.AbstractChannelHandlerContext.invokeChannelRead(AbstractChannelHandlerContext.java:360)\n\tat io.netty.channel.AbstractChannelHandlerContext.fireChannelRead(AbstractChannelHandlerContext.java:352)\n\tat io.netty.handler.codec.MessageToMessageDecoder.channelRead(MessageToMessageDecoder.java:102)\n\tat io.netty.channel.AbstractChannelHandlerContext.invokeChannelRead(AbstractChannelHandlerContext.java:374)\n\tat io.netty.channel.AbstractChannelHandlerContext.invokeChannelRead(AbstractChannelHandlerContext.java:360)\n\tat io.netty.channel.AbstractChannelHandlerContext.fireChannelRead(AbstractChannelHandlerContext.java:352)\n\tat io.netty.channel.CombinedChannelDuplexHandler$DelegatingChannelHandlerContext.fireChannelRead(CombinedChannelDuplexHandler.java:438)\n\tat io.netty.handler.codec.ByteToMessageDecoder.fireChannelRead(ByteToMessageDecoder.java:328)\n\tat io.netty.handler.codec.ByteToMessageDecoder.channelRead(ByteToMessageDecoder.java:302)\n\tat io.netty.channel.CombinedChannelDuplexHandler.channelRead(CombinedChannelDuplexHandler.java:253)\n\tat io.netty.channel.AbstractChannelHandlerContext.invokeChannelRead(AbstractChannelHandlerContext.java:374)\n\tat io.netty.channel.AbstractChannelHandlerContext.invokeChannelRead(AbstractChannelHandlerContext.java:360)\n\tat io.netty.channel.AbstractChannelHandlerContext.fireChannelRead(AbstractChannelHandlerContext.java:352)\n\tat io.netty.handler.timeout.IdleStateHandler.channelRead(IdleStateHandler.java:287)\n\tat io.netty.channel.AbstractChannelHandlerContext.invokeChannelRead(AbstractChannelHandlerContext.java:374)\n\tat io.netty.channel.AbstractChannelHandlerContext.invokeChannelRead(AbstractChannelHandlerContext.java:360)\n\tat io.netty.channel.AbstractChannelHandlerContext.fireChannelRead(AbstractChannelHandlerContext.java:352)\n\tat io.netty.channel.DefaultChannelPipeline$HeadContext.channelRead(DefaultChannelPipeline.java:1422)\n\tat io.netty.channel.AbstractChannelHandlerContext.invokeChannelRead(AbstractChannelHandlerContext.java:374)\n\tat io.netty.channel.AbstractChannelHandlerContext.invokeChannelRead(AbstractChannelHandlerContext.java:360)\n\tat io.netty.channel.DefaultChannelPipeline.fireChannelRead(DefaultChannelPipeline.java:931)\n\tat io.netty.channel.nio.AbstractNioByteChannel$NioByteUnsafe.read(AbstractNioByteChannel.java:163)\n\tat io.netty.channel.nio.NioEventLoop.processSelectedKey(NioEventLoop.java:700)\n\tat io.netty.channel.nio.NioEventLoop.processSelectedKeysOptimized(NioEventLoop.java:635)\n\tat io.netty.channel.nio.NioEventLoop.processSelectedKeys(NioEventLoop.java:552)\n\tat io.netty.channel.nio.NioEventLoop.run(NioEventLoop.java:514)\n\tat io.netty.util.concurrent.SingleThreadEventExecutor$6.run(SingleThreadEventExecutor.java:1044)\n\tat io.netty.util.internal.ThreadExecutorMap$2.run(ThreadExecutorMap.java:74)\n\tat io.netty.util.concurrent.FastThreadLocalRunnable.run(FastThreadLocalRunnable.java:30)\n\tat java.lang.Thread.run(Thread.java:1012)\n"}}
Thu Jul 30 09:01:07 UTC 2026 | ALL | 07-30 09:01:06.958  4162  4220 I appium  : channel read: POST /session/0ec58237-84ed-40bd-bf67-28bb2b70cae2/element
Thu Jul 30 09:01:07 UTC 2026 | ALL | 07-30 09:01:06.958  4162  4220 I appium  : FindElement command
Thu Jul 30 09:01:07 UTC 2026 | ALL | 07-30 09:01:06.959  4162  4220 I appium  : method: 'xpath', selector: '//android.widget.EditText[1]'
Thu Jul 30 09:01:07 UTC 2026 | ALL | 07-30 09:01:06.959  4162  4220 I appium  : Waiting up to 10000ms for the device to idle
Thu Jul 30 09:01:07 UTC 2026 | ALL | 07-30 09:01:06.960  4162  4220 I appium  : The following attributes will be included to the page source: []
Thu Jul 30 09:01:07 UTC 2026 | ALL | 07-30 09:01:06.971  4162  4220 I appium  : Took 0ms to retrieve 0 matches for '//android.widget.EditText[1]' XPath2 query
Thu Jul 30 09:01:07 UTC 2026 | ALL | 07-30 09:01:06.972  4162  4220 I appium  : AppiumResponse: {"sessionId":"0ec58237-84ed-40bd-bf67-28bb2b70cae2","value":{"error":"no such element","message":"An element could not be located on the page using the given search parameters","stacktrace":"io.appium.uiautomator2.common.exceptions.ElementNotFoundException: An element could not be located on the page using the given search parameters\n\tat io.appium.uiautomator2.utils.ElementLocationHelpers.findElement(ElementLocationHelpers.java:156)\n\tat io.appium.uiautomator2.handler.FindElement.safeHandle(FindElement.java:60)\n\tat io.appium.uiautomator2.handler.request.SafeRequestHandler.handle(SafeRequestHandler.java:59)\n\tat io.appium.uiautomator2.server.AppiumServlet.handleRequest(AppiumServlet.java:259)\n\tat io.appium.uiautomator2.server.AppiumServlet.handleHttpRequest(AppiumServlet.java:253)\n\tat io.appium.uiautomator2.http.ServerHandler.channelRead(ServerHandler.java:77)\n\tat io.netty.channel.AbstractChannelHandlerContext.invokeChannelRead(AbstractChannelHandlerContext.java:374)\n\tat io.netty.channel.AbstractChannelHandlerContext.invokeChannelRead(AbstractChannelHandlerContext.java:360)\n\tat io.netty.channel.AbstractChannelHandlerContext.fireChannelRead(AbstractChannelHandlerContext.java:352)\n\tat io.netty.handler.codec.MessageToMessageDecoder.channelRead(MessageToMessageDecoder.java:102)\n\tat io.netty.channel.AbstractChannelHandlerContext.invokeChannelRead(AbstractChannelHandlerContext.java:374)\n\tat io.netty.channel.AbstractChannelHandlerContext.invokeChannelRead(AbstractChannelHandlerContext.java:360)\n\tat io.netty.channel.AbstractChannelHandlerContext.fireChannelRead(AbstractChannelHandlerContext.java:352)\n\tat io.netty.channel.CombinedChannelDuplexHandler$DelegatingChannelHandlerContext.fireChannelRead(CombinedChannelDuplexHandler.java:438)\n\tat io.netty.handler.codec.ByteToMessageDecoder.fireChannelRead(ByteToMessageDecoder.java:328)\n\tat io.netty.handler.codec.ByteToMessageDecoder.channelRead(ByteToMessageDecoder.java:302)\n\tat io.netty.channel.CombinedChannelDuplexHandler.channelRead(CombinedChannelDuplexHandler.java:253)\n\tat io.netty.channel.AbstractChannelHandlerContext.invokeChannelRead(AbstractChannelHandlerContext.java:374)\n\tat io.netty.channel.AbstractChannelHandlerContext.invokeChannelRead(AbstractChannelHandlerContext.java:360)\n\tat io.netty.channel.AbstractChannelHandlerContext.fireChannelRead(AbstractChannelHandlerContext.java:352)\n\tat io.netty.handler.timeout.IdleStateHandler.channelRead(IdleStateHandler.java:287)\n\tat io.netty.channel.AbstractChannelHandlerContext.invokeChannelRead(AbstractChannelHandlerContext.java:374)\n\tat io.netty.channel.AbstractChannelHandlerContext.invokeChannelRead(AbstractChannelHandlerContext.java:360)\n\tat io.netty.channel.AbstractChannelHandlerContext.fireChannelRead(AbstractChannelHandlerContext.java:352)\n\tat io.netty.channel.DefaultChannelPipeline$HeadContext.channelRead(DefaultChannelPipeline.java:1422)\n\tat io.netty.channel.AbstractChannelHandlerContext.invokeChannelRead(AbstractChannelHandlerContext.java:374)\n\tat io.netty.channel.AbstractChannelHandlerContext.invokeChannelRead(AbstractChannelHandlerContext.java:360)\n\tat io.netty.channel.DefaultChannelPipeline.fireChannelRead(DefaultChannelPipeline.java:931)\n\tat io.netty.channel.nio.AbstractNioByteChannel$NioByteUnsafe.read(AbstractNioByteChannel.java:163)\n\tat io.netty.channel.nio.NioEventLoop.processSelectedKey(NioEventLoop.java:700)\n\tat io.netty.channel.nio.NioEventLoop.processSelectedKeysOptimized(NioEventLoop.java:635)\n\tat io.netty.channel.nio.NioEventLoop.processSelectedKeys(NioEventLoop.java:552)\n\tat io.netty.channel.nio.NioEventLoop.run(NioEventLoop.java:514)\n\tat io.netty.util.concurrent.SingleThreadEventExecutor$6.run(SingleThreadEventExecutor.java:1044)\n\tat io.netty.util.internal.ThreadExecutorMap$2.run(ThreadExecutorMap.java:74)\n\tat io.netty.util.concurrent.FastThreadLocalRunnable.run(FastThreadLocalRunnable.java:30)\n\tat java.lang.Thread.run(Thread.java:1012)\n"}}
Thu Jul 30 09:01:08 UTC 2026 | ALL | 07-30 09:01:07.184  1817  1817 I wpa_supplicant: wlan0: CTRL-EVENT-BEACON-LOSS 
Thu Jul 30 09:01:08 UTC 2026 | ALL | 07-30 09:01:07.478  4162  4220 I appium  : channel read: POST /session/0ec58237-84ed-40bd-bf67-28bb2b70cae2/element
Thu Jul 30 09:01:08 UTC 2026 | ALL | 07-30 09:01:07.479  4162  4220 I appium  : FindElement command
Thu Jul 30 09:01:08 UTC 2026 | ALL | 07-30 09:01:07.479  4162  4220 I appium  : method: 'xpath', selector: '//android.widget.EditText[1]'
Thu Jul 30 09:01:08 UTC 2026 | ALL | 07-30 09:01:07.480  4162  4220 I appium  : Waiting up to 10000ms for the device to idle
Thu Jul 30 09:01:08 UTC 2026 | ALL | 07-30 09:01:07.481  4162  4220 I appium  : The following attributes will be included to the page source: []
Thu Jul 30 09:01:08 UTC 2026 | ALL | 07-30 09:01:07.492  4162  4220 I appium  : Took 0ms to retrieve 0 matches for '//android.widget.EditText[1]' XPath2 query
Thu Jul 30 09:01:08 UTC 2026 | ALL | 07-30 09:01:07.494  4162  4220 I appium  : AppiumResponse: {"sessionId":"0ec58237-84ed-40bd-bf67-28bb2b70cae2","value":{"error":"no such element","message":"An element could not be located on the page using the given search parameters","stacktrace":"io.appium.uiautomator2.common.exceptions.ElementNotFoundException: An element could not be located on the page using the given search parameters\n\tat io.appium.uiautomator2.utils.ElementLocationHelpers.findElement(ElementLocationHelpers.java:156)\n\tat io.appium.uiautomator2.handler.FindElement.safeHandle(FindElement.java:60)\n\tat io.appium.uiautomator2.handler.request.SafeRequestHandler.handle(SafeRequestHandler.java:59)\n\tat io.appium.uiautomator2.server.AppiumServlet.handleRequest(AppiumServlet.java:259)\n\tat io.appium.uiautomator2.server.AppiumServlet.handleHttpRequest(AppiumServlet.java:253)\n\tat io.appium.uiautomator2.http.ServerHandler.channelRead(ServerHandler.java:77)\n\tat io.netty.channel.AbstractChannelHandlerContext.invokeChannelRead(AbstractChannelHandlerContext.java:374)\n\tat io.netty.channel.AbstractChannelHandlerContext.invokeChannelRead(AbstractChannelHandlerContext.java:360)\n\tat io.netty.channel.AbstractChannelHandlerContext.fireChannelRead(AbstractChannelHandlerContext.java:352)\n\tat io.netty.handler.codec.MessageToMessageDecoder.channelRead(MessageToMessageDecoder.java:102)\n\tat io.netty.channel.AbstractChannelHandlerContext.invokeChannelRead(AbstractChannelHandlerContext.java:374)\n\tat io.netty.channel.AbstractChannelHandlerContext.invokeChannelRead(AbstractChannelHandlerContext.java:360)\n\tat io.netty.channel.AbstractChannelHandlerContext.fireChannelRead(AbstractChannelHandlerContext.java:352)\n\tat io.netty.channel.CombinedChannelDuplexHandler$DelegatingChannelHandlerContext.fireChannelRead(CombinedChannelDuplexHandler.java:438)\n\tat io.netty.handler.codec.ByteToMessageDecoder.fireChannelRead(ByteToMessageDecoder.java:328)\n\tat io.netty.handler.codec.ByteToMessageDecoder.channelRead(ByteToMessageDecoder.java:302)\n\tat io.netty.channel.CombinedChannelDuplexHandler.channelRead(CombinedChannelDuplexHandler.java:253)\n\tat io.netty.channel.AbstractChannelHandlerContext.invokeChannelRead(AbstractChannelHandlerContext.java:374)\n\tat io.netty.channel.AbstractChannelHandlerContext.invokeChannelRead(AbstractChannelHandlerContext.java:360)\n\tat io.netty.channel.AbstractChannelHandlerContext.fireChannelRead(AbstractChannelHandlerContext.java:352)\n\tat io.netty.handler.timeout.IdleStateHandler.channelRead(IdleStateHandler.java:287)\n\tat io.netty.channel.AbstractChannelHandlerContext.invokeChannelRead(AbstractChannelHandlerContext.java:374)\n\tat io.netty.channel.AbstractChannelHandlerContext.invokeChannelRead(AbstractChannelHandlerContext.java:360)\n\tat io.netty.channel.AbstractChannelHandlerContext.fireChannelRead(AbstractChannelHandlerContext.java:352)\n\tat io.netty.channel.DefaultChannelPipeline$HeadContext.channelRead(DefaultChannelPipeline.java:1422)\n\tat io.netty.channel.AbstractChannelHandlerContext.invokeChannelRead(AbstractChannelHandlerContext.java:374)\n\tat io.netty.channel.AbstractChannelHandlerContext.invokeChannelRead(AbstractChannelHandlerContext.java:360)\n\tat io.netty.channel.DefaultChannelPipeline.fireChannelRead(DefaultChannelPipeline.java:931)\n\tat io.netty.channel.nio.AbstractNioByteChannel$NioByteUnsafe.read(AbstractNioByteChannel.java:163)\n\tat io.netty.channel.nio.NioEventLoop.processSelectedKey(NioEventLoop.java:700)\n\tat io.netty.channel.nio.NioEventLoop.processSelectedKeysOptimized(NioEventLoop.java:635)\n\tat io.netty.channel.nio.NioEventLoop.processSelectedKeys(NioEventLoop.java:552)\n\tat io.netty.channel.nio.NioEventLoop.run(NioEventLoop.java:514)\n\tat io.netty.util.concurrent.SingleThreadEventExecutor$6.run(SingleThreadEventExecutor.java:1044)\n\tat io.netty.util.internal.ThreadExecutorMap$2.run(ThreadExecutorMap.java:74)\n\tat io.netty.util.concurrent.FastThreadLocalRunnable.run(FastThreadLocalRunnable.java:30)\n\tat java.lang.Thread.run(Thread.java:1012)\n"}}
Thu Jul 30 09:01:08 UTC 2026 | ALL | 07-30 09:01:07.971  1412  1412 D BoundBrokerSvc: onUnbind: Intent { act=com.google.android.gms.common.BIND_SHARED_PREFS pkg=com.google.android.gms }
Thu Jul 30 09:01:08 UTC 2026 | ALL | 07-30 09:01:07.999  4162  4220 I appium  : channel read: POST /session/0ec58237-84ed-40bd-bf67-28bb2b70cae2/element
Thu Jul 30 09:01:08 UTC 2026 | ALL | 07-30 09:01:07.999  4162  4220 I appium  : FindElement command
Thu Jul 30 09:01:08 UTC 2026 | ALL | 07-30 09:01:08.000  4162  4220 I appium  : method: 'xpath', selector: '//android.widget.EditText[1]'
Thu Jul 30 09:01:08 UTC 2026 | ALL | 07-30 09:01:08.000  4162  4220 I appium  : Waiting up to 10000ms for the device to idle
Thu Jul 30 09:01:08 UTC 2026 | ALL | 07-30 09:01:08.001  4162  4220 I appium  : The following attributes will be included to the page source: []
Thu Jul 30 09:01:08 UTC 2026 | ALL | 07-30 09:01:08.013  4162  4220 I appium  : Took 0ms to retrieve 0 matches for '//android.widget.EditText[1]' XPath2 query
Thu Jul 30 09:01:08 UTC 2026 | ALL | 07-30 09:01:08.015  4162  4220 I appium  : AppiumResponse: {"sessionId":"0ec58237-84ed-40bd-bf67-28bb2b70cae2","value":{"error":"no such element","message":"An element could not be located on the page using the given search parameters","stacktrace":"io.appium.uiautomator2.common.exceptions.ElementNotFoundException: An element could not be located on the page using the given search parameters\n\tat io.appium.uiautomator2.utils.ElementLocationHelpers.findElement(ElementLocationHelpers.java:156)\n\tat io.appium.uiautomator2.handler.FindElement.safeHandle(FindElement.java:60)\n\tat io.appium.uiautomator2.handler.request.SafeRequestHandler.handle(SafeRequestHandler.java:59)\n\tat io.appium.uiautomator2.server.AppiumServlet.handleRequest(AppiumServlet.java:259)\n\tat io.appium.uiautomator2.server.AppiumServlet.handleHttpRequest(AppiumServlet.java:253)\n\tat io.appium.uiautomator2.http.ServerHandler.channelRead(ServerHandler.java:77)\n\tat io.netty.channel.AbstractChannelHandlerContext.invokeChannelRead(AbstractChannelHandlerContext.java:374)\n\tat io.netty.channel.AbstractChannelHandlerContext.invokeChannelRead(AbstractChannelHandlerContext.java:360)\n\tat io.netty.channel.AbstractChannelHandlerContext.fireChannelRead(AbstractChannelHandlerContext.java:352)\n\tat io.netty.handler.codec.MessageToMessageDecoder.channelRead(MessageToMessageDecoder.java:102)\n\tat io.netty.channel.AbstractChannelHandlerContext.invokeChannelRead(AbstractChannelHandlerContext.java:374)\n\tat io.netty.channel.AbstractChannelHandlerContext.invokeChannelRead(AbstractChannelHandlerContext.java:360)\n\tat io.netty.channel.AbstractChannelHandlerContext.fireChannelRead(AbstractChannelHandlerContext.java:352)\n\tat io.netty.channel.CombinedChannelDuplexHandler$DelegatingChannelHandlerContext.fireChannelRead(CombinedChannelDuplexHandler.java:438)\n\tat io.netty.handler.codec.ByteToMessageDecoder.fireChannelRead(ByteToMessageDecoder.java:328)\n\tat io.netty.handler.codec.ByteToMessageDecoder.channelRead(ByteToMessageDecoder.java:302)\n\tat io.netty.channel.CombinedChannelDuplexHandler.channelRead(CombinedChannelDuplexHandler.java:253)\n\tat io.netty.channel.AbstractChannelHandlerContext.invokeChannelRead(AbstractChannelHandlerContext.java:374)\n\tat io.netty.channel.AbstractChannelHandlerContext.invokeChannelRead(AbstractChannelHandlerContext.java:360)\n\tat io.netty.channel.AbstractChannelHandlerContext.fireChannelRead(AbstractChannelHandlerContext.java:352)\n\tat io.netty.handler.timeout.IdleStateHandler.channelRead(IdleStateHandler.java:287)\n\tat io.netty.channel.AbstractChannelHandlerContext.invokeChannelRead(AbstractChannelHandlerContext.java:374)\n\tat io.netty.channel.AbstractChannelHandlerContext.invokeChannelRead(AbstractChannelHandlerContext.java:360)\n\tat io.netty.channel.AbstractChannelHandlerContext.fireChannelRead(AbstractChannelHandlerContext.java:352)\n\tat io.netty.channel.DefaultChannelPipeline$HeadContext.channelRead(DefaultChannelPipeline.java:1422)\n\tat io.netty.channel.AbstractChannelHandlerContext.invokeChannelRead(AbstractChannelHandlerContext.java:374)\n\tat io.netty.channel.AbstractChannelHandlerContext.invokeChannelRead(AbstractChannelHandlerContext.java:360)\n\tat io.netty.channel.DefaultChannelPipeline.fireChannelRead(DefaultChannelPipeline.java:931)\n\tat io.netty.channel.nio.AbstractNioByteChannel$NioByteUnsafe.read(AbstractNioByteChannel.java:163)\n\tat io.netty.channel.nio.NioEventLoop.processSelectedKey(NioEventLoop.java:700)\n\tat io.netty.channel.nio.NioEventLoop.processSelectedKeysOptimized(NioEventLoop.java:635)\n\tat io.netty.channel.nio.NioEventLoop.processSelectedKeys(NioEventLoop.java:552)\n\tat io.netty.channel.nio.NioEventLoop.run(NioEventLoop.java:514)\n\tat io.netty.util.concurrent.SingleThreadEventExecutor$6.run(SingleThreadEventExecutor.java:1044)\n\tat io.netty.util.internal.ThreadExecutorMap$2.run(ThreadExecutorMap.java:74)\n\tat io.netty.util.concurrent.FastThreadLocalRunnable.run(FastThreadLocalRunnable.java:30)\n\tat java.lang.Thread.run(Thread.java:1012)\n"}}
Thu Jul 30 09:01:09 UTC 2026 | ALL | 07-30 09:01:08.337     0     0 W healthd : battery l=100 v=5000 t=25.0 h=2 st=2 c=900000 fc=3000000 cc=10 chg=a
Thu Jul 30 09:01:09 UTC 2026 | ALL | 07-30 09:01:08.172   560   993 D OomAdjuster: Not killing cached processes
Thu Jul 30 09:01:09 UTC 2026 | ALL | 07-30 09:01:08.521  4162  4220 I appium  : channel read: POST /session/0ec58237-84ed-40bd-bf67-28bb2b70cae2/element
Thu Jul 30 09:01:09 UTC 2026 | ALL | 07-30 09:01:08.522  4162  4220 I appium  : FindElement command
Thu Jul 30 09:01:09 UTC 2026 | ALL | 07-30 09:01:08.523  4162  4220 I appium  : method: 'xpath', selector: '//android.widget.EditText[1]'
Thu Jul 30 09:01:09 UTC 2026 | ALL | 07-30 09:01:08.523  4162  4220 I appium  : Waiting up to 10000ms for the device to idle
Thu Jul 30 09:01:09 UTC 2026 | ALL | 07-30 09:01:08.524  4162  4220 I appium  : The following attributes will be included to the page source: []
Thu Jul 30 09:01:09 UTC 2026 | ALL | 07-30 09:01:08.533  4162  4220 I appium  : Took 0ms to retrieve 0 matches for '//android.widget.EditText[1]' XPath2 query
Thu Jul 30 09:01:09 UTC 2026 | ALL | 07-30 09:01:08.534  4162  4220 I appium  : AppiumResponse: {"sessionId":"0ec58237-84ed-40bd-bf67-28bb2b70cae2","value":{"error":"no such element","message":"An element could not be located on the page using the given search parameters","stacktrace":"io.appium.uiautomator2.common.exceptions.ElementNotFoundException: An element could not be located on the page using the given search parameters\n\tat io.appium.uiautomator2.utils.ElementLocationHelpers.findElement(ElementLocationHelpers.java:156)\n\tat io.appium.uiautomator2.handler.FindElement.safeHandle(FindElement.java:60)\n\tat io.appium.uiautomator2.handler.request.SafeRequestHandler.handle(SafeRequestHandler.java:59)\n\tat io.appium.uiautomator2.server.AppiumServlet.handleRequest(AppiumServlet.java:259)\n\tat io.appium.uiautomator2.server.AppiumServlet.handleHttpRequest(AppiumServlet.java:253)\n\tat io.appium.uiautomator2.http.ServerHandler.channelRead(ServerHandler.java:77)\n\tat io.netty.channel.AbstractChannelHandlerContext.invokeChannelRead(AbstractChannelHandlerContext.java:374)\n\tat io.netty.channel.AbstractChannelHandlerContext.invokeChannelRead(AbstractChannelHandlerContext.java:360)\n\tat io.netty.channel.AbstractChannelHandlerContext.fireChannelRead(AbstractChannelHandlerContext.java:352)\n\tat io.netty.handler.codec.MessageToMessageDecoder.channelRead(MessageToMessageDecoder.java:102)\n\tat io.netty.channel.AbstractChannelHandlerContext.invokeChannelRead(AbstractChannelHandlerContext.java:374)\n\tat io.netty.channel.AbstractChannelHandlerContext.invokeChannelRead(AbstractChannelHandlerContext.java:360)\n\tat io.netty.channel.AbstractChannelHandlerContext.fireChannelRead(AbstractChannelHandlerContext.java:352)\n\tat io.netty.channel.CombinedChannelDuplexHandler$DelegatingChannelHandlerContext.fireChannelRead(CombinedChannelDuplexHandler.java:438)\n\tat io.netty.handler.codec.ByteToMessageDecoder.fireChannelRead(ByteToMessageDecoder.java:328)\n\tat io.netty.handler.codec.ByteToMessageDecoder.channelRead(ByteToMessageDecoder.java:302)\n\tat io.netty.channel.CombinedChannelDuplexHandler.channelRead(CombinedChannelDuplexHandler.java:253)\n\tat io.netty.channel.AbstractChannelHandlerContext.invokeChannelRead(AbstractChannelHandlerContext.java:374)\n\tat io.netty.channel.AbstractChannelHandlerContext.invokeChannelRead(AbstractChannelHandlerContext.java:360)\n\tat io.netty.channel.AbstractChannelHandlerContext.fireChannelRead(AbstractChannelHandlerContext.java:352)\n\tat io.netty.handler.timeout.IdleStateHandler.channelRead(IdleStateHandler.java:287)\n\tat io.netty.channel.AbstractChannelHandlerContext.invokeChannelRead(AbstractChannelHandlerContext.java:374)\n\tat io.netty.channel.AbstractChannelHandlerContext.invokeChannelRead(AbstractChannelHandlerContext.java:360)\n\tat io.netty.channel.AbstractChannelHandlerContext.fireChannelRead(AbstractChannelHandlerContext.java:352)\n\tat io.netty.channel.DefaultChannelPipeline$HeadContext.channelRead(DefaultChannelPipeline.java:1422)\n\tat io.netty.channel.AbstractChannelHandlerContext.invokeChannelRead(AbstractChannelHandlerContext.java:374)\n\tat io.netty.channel.AbstractChannelHandlerContext.invokeChannelRead(AbstractChannelHandlerContext.java:360)\n\tat io.netty.channel.DefaultChannelPipeline.fireChannelRead(DefaultChannelPipeline.java:931)\n\tat io.netty.channel.nio.AbstractNioByteChannel$NioByteUnsafe.read(AbstractNioByteChannel.java:163)\n\tat io.netty.channel.nio.NioEventLoop.processSelectedKey(NioEventLoop.java:700)\n\tat io.netty.channel.nio.NioEventLoop.processSelectedKeysOptimized(NioEventLoop.java:635)\n\tat io.netty.channel.nio.NioEventLoop.processSelectedKeys(NioEventLoop.java:552)\n\tat io.netty.channel.nio.NioEventLoop.run(NioEventLoop.java:514)\n\tat io.netty.util.concurrent.SingleThreadEventExecutor$6.run(SingleThreadEventExecutor.java:1044)\n\tat io.netty.util.internal.ThreadExecutorMap$2.run(ThreadExecutorMap.java:74)\n\tat io.netty.util.concurrent.FastThreadLocalRunnable.run(FastThreadLocalRunnable.java:30)\n\tat java.lang.Thread.run(Thread.java:1012)\n"}}
Thu Jul 30 09:01:10 UTC 2026 | ALL | 07-30 09:01:09.040  4162  4220 I appium  : channel read: POST /session/0ec58237-84ed-40bd-bf67-28bb2b70cae2/element
Thu Jul 30 09:01:10 UTC 2026 | ALL | 07-30 09:01:09.041  4162  4220 I appium  : FindElement command
Thu Jul 30 09:01:10 UTC 2026 | ALL | 07-30 09:01:09.041  4162  4220 I appium  : method: 'xpath', selector: '//android.widget.EditText[1]'
Thu Jul 30 09:01:10 UTC 2026 | ALL | 07-30 09:01:09.041  4162  4220 I appium  : Waiting up to 10000ms for the device to idle
Thu Jul 30 09:01:10 UTC 2026 | ALL | 07-30 09:01:09.042  4162  4220 I appium  : The following attributes will be included to the page source: []
Thu Jul 30 09:01:10 UTC 2026 | ALL | 07-30 09:01:09.045  4162  4170 I tomator2.server: Method exceeds compiler instruction limit: 19264 in java_cup.runtime.Symbol org.eclipse.wst.xml.xpath2.processor.internal.CUP$XPathCup$actions.CUP$XPathCup$do_action(int, java_cup.runtime.lr_parser, java.util.Stack, int)
Thu Jul 30 09:01:10 UTC 2026 | ALL | 07-30 09:01:09.054  4162  4220 I appium  : Took 0ms to retrieve 0 matches for '//android.widget.EditText[1]' XPath2 query
Thu Jul 30 09:01:10 UTC 2026 | ALL | 07-30 09:01:09.054  4162  4220 I appium  : AppiumResponse: {"sessionId":"0ec58237-84ed-40bd-bf67-28bb2b70cae2","value":{"error":"no such element","message":"An element could not be located on the page using the given search parameters","stacktrace":"io.appium.uiautomator2.common.exceptions.ElementNotFoundException: An element could not be located on the page using the given search parameters\n\tat io.appium.uiautomator2.utils.ElementLocationHelpers.findElement(ElementLocationHelpers.java:156)\n\tat io.appium.uiautomator2.handler.FindElement.safeHandle(FindElement.java:60)\n\tat io.appium.uiautomator2.handler.request.SafeRequestHandler.handle(SafeRequestHandler.java:59)\n\tat io.appium.uiautomator2.server.AppiumServlet.handleRequest(AppiumServlet.java:259)\n\tat io.appium.uiautomator2.server.AppiumServlet.handleHttpRequest(AppiumServlet.java:253)\n\tat io.appium.uiautomator2.http.ServerHandler.channelRead(ServerHandler.java:77)\n\tat io.netty.channel.AbstractChannelHandlerContext.invokeChannelRead(AbstractChannelHandlerContext.java:374)\n\tat io.netty.channel.AbstractChannelHandlerContext.invokeChannelRead(AbstractChannelHandlerContext.java:360)\n\tat io.netty.channel.AbstractChannelHandlerContext.fireChannelRead(AbstractChannelHandlerContext.java:352)\n\tat io.netty.handler.codec.MessageToMessageDecoder.channelRead(MessageToMessageDecoder.java:102)\n\tat io.netty.channel.AbstractChannelHandlerContext.invokeChannelRead(AbstractChannelHandlerContext.java:374)\n\tat io.netty.channel.AbstractChannelHandlerContext.invokeChannelRead(AbstractChannelHandlerContext.java:360)\n\tat io.netty.channel.AbstractChannelHandlerContext.fireChannelRead(AbstractChannelHandlerContext.java:352)\n\tat io.netty.channel.CombinedChannelDuplexHandler$DelegatingChannelHandlerContext.fireChannelRead(CombinedChannelDuplexHandler.java:438)\n\tat io.netty.handler.codec.ByteToMessageDecoder.fireChannelRead(ByteToMessageDecoder.java:328)\n\tat io.netty.handler.codec.ByteToMessageDecoder.channelRead(ByteToMessageDecoder.java:302)\n\tat io.netty.channel.CombinedChannelDuplexHandler.channelRead(CombinedChannelDuplexHandler.java:253)\n\tat io.netty.channel.AbstractChannelHandlerContext.invokeChannelRead(AbstractChannelHandlerContext.java:374)\n\tat io.netty.channel.AbstractChannelHandlerContext.invokeChannelRead(AbstractChannelHandlerContext.java:360)\n\tat io.netty.channel.AbstractChannelHandlerContext.fireChannelRead(AbstractChannelHandlerContext.java:352)\n\tat io.netty.handler.timeout.IdleStateHandler.channelRead(IdleStateHandler.java:287)\n\tat io.netty.channel.AbstractChannelHandlerContext.invokeChannelRead(AbstractChannelHandlerContext.java:374)\n\tat io.netty.channel.AbstractChannelHandlerContext.invokeChannelRead(AbstractChannelHandlerContext.java:360)\n\tat io.netty.channel.AbstractChannelHandlerContext.fireChannelRead(AbstractChannelHandlerContext.java:352)\n\tat io.netty.channel.DefaultChannelPipeline$HeadContext.channelRead(DefaultChannelPipeline.java:1422)\n\tat io.netty.channel.AbstractChannelHandlerContext.invokeChannelRead(AbstractChannelHandlerContext.java:374)\n\tat io.netty.channel.AbstractChannelHandlerContext.invokeChannelRead(AbstractChannelHandlerContext.java:360)\n\tat io.netty.channel.DefaultChannelPipeline.fireChannelRead(DefaultChannelPipeline.java:931)\n\tat io.netty.channel.nio.AbstractNioByteChannel$NioByteUnsafe.read(AbstractNioByteChannel.java:163)\n\tat io.netty.channel.nio.NioEventLoop.processSelectedKey(NioEventLoop.java:700)\n\tat io.netty.channel.nio.NioEventLoop.processSelectedKeysOptimized(NioEventLoop.java:635)\n\tat io.netty.channel.nio.NioEventLoop.processSelectedKeys(NioEventLoop.java:552)\n\tat io.netty.channel.nio.NioEventLoop.run(NioEventLoop.java:514)\n\tat io.netty.util.concurrent.SingleThreadEventExecutor$6.run(SingleThreadEventExecutor.java:1044)\n\tat io.netty.util.internal.ThreadExecutorMap$2.run(ThreadExecutorMap.java:74)\n\tat io.netty.util.concurrent.FastThreadLocalRunnable.run(FastThreadLocalRunnable.java:30)\n\tat java.lang.Thread.run(Thread.java:1012)\n"}}
Thu Jul 30 09:01:10 UTC 2026 | ALL | 07-30 09:01:09.552   361   361 I netd    : tetherGetStats() -> {[]} <0.37ms>
Thu Jul 30 09:01:10 UTC 2026 | ALL | 07-30 09:01:09.554   361   361 I netd    : bandwidthSetGlobalAlert(2097152) <0.09ms>
Thu Jul 30 09:01:10 UTC 2026 | ALL | 07-30 09:01:09.555   361   361 I netd    : bandwidthRemoveInterfaceQuota(eth0) <0.43ms>
Thu Jul 30 09:01:10 UTC 2026 | ALL | 07-30 09:01:09.556   361   361 I netd    : bandwidthSetInterfaceQuota(eth0, 9223372036854775807) <0.53ms>
Thu Jul 30 09:01:10 UTC 2026 | ALL | 07-30 09:01:09.560  4162  4220 I appium  : channel read: POST /session/0ec58237-84ed-40bd-bf67-28bb2b70cae2/element
Thu Jul 30 09:01:10 UTC 2026 | ALL | 07-30 09:01:09.561  4162  4220 I appium  : FindElement command
Thu Jul 30 09:01:10 UTC 2026 | ALL | 07-30 09:01:09.561  4162  4220 I appium  : method: 'xpath', selector: '//android.widget.EditText[1]'
Thu Jul 30 09:01:10 UTC 2026 | ALL | 07-30 09:01:09.561  4162  4220 I appium  : Waiting up to 10000ms for the device to idle
Thu Jul 30 09:01:10 UTC 2026 | ALL | 07-30 09:01:09.562  4162  4220 I appium  : The following attributes will be included to the page source: []
Thu Jul 30 09:01:10 UTC 2026 | ALL | 07-30 09:01:09.574  4162  4220 I appium  : Took 0ms to retrieve 0 matches for '//android.widget.EditText[1]' XPath2 query
Thu Jul 30 09:01:10 UTC 2026 | ALL | 07-30 09:01:09.576  4162  4220 I appium  : AppiumResponse: {"sessionId":"0ec58237-84ed-40bd-bf67-28bb2b70cae2","value":{"error":"no such element","message":"An element could not be located on the page using the given search parameters","stacktrace":"io.appium.uiautomator2.common.exceptions.ElementNotFoundException: An element could not be located on the page using the given search parameters\n\tat io.appium.uiautomator2.utils.ElementLocationHelpers.findElement(ElementLocationHelpers.java:156)\n\tat io.appium.uiautomator2.handler.FindElement.safeHandle(FindElement.java:60)\n\tat io.appium.uiautomator2.handler.request.SafeRequestHandler.handle(SafeRequestHandler.java:59)\n\tat io.appium.uiautomator2.server.AppiumServlet.handleRequest(AppiumServlet.java:259)\n\tat io.appium.uiautomator2.server.AppiumServlet.handleHttpRequest(AppiumServlet.java:253)\n\tat io.appium.uiautomator2.http.ServerHandler.channelRead(ServerHandler.java:77)\n\tat io.netty.channel.AbstractChannelHandlerContext.invokeChannelRead(AbstractChannelHandlerContext.java:374)\n\tat io.netty.channel.AbstractChannelHandlerContext.invokeChannelRead(AbstractChannelHandlerContext.java:360)\n\tat io.netty.channel.AbstractChannelHandlerContext.fireChannelRead(AbstractChannelHandlerContext.java:352)\n\tat io.netty.handler.codec.MessageToMessageDecoder.channelRead(MessageToMessageDecoder.java:102)\n\tat io.netty.channel.AbstractChannelHandlerContext.invokeChannelRead(AbstractChannelHandlerContext.java:374)\n\tat io.netty.channel.AbstractChannelHandlerContext.invokeChannelRead(AbstractChannelHandlerContext.java:360)\n\tat io.netty.channel.AbstractChannelHandlerContext.fireChannelRead(AbstractChannelHandlerContext.java:352)\n\tat io.netty.channel.CombinedChannelDuplexHandler$DelegatingChannelHandlerContext.fireChannelRead(CombinedChannelDuplexHandler.java:438)\n\tat io.netty.handler.codec.ByteToMessageDecoder.fireChannelRead(ByteToMessageDecoder.java:328)\n\tat io.netty.handler.codec.ByteToMessageDecoder.channelRead(ByteToMessageDecoder.java:302)\n\tat io.netty.channel.CombinedChannelDuplexHandler.channelRead(CombinedChannelDuplexHandler.java:253)\n\tat io.netty.channel.AbstractChannelHandlerContext.invokeChannelRead(AbstractChannelHandlerContext.java:374)\n\tat io.netty.channel.AbstractChannelHandlerContext.invokeChannelRead(AbstractChannelHandlerContext.java:360)\n\tat io.netty.channel.AbstractChannelHandlerContext.fireChannelRead(AbstractChannelHandlerContext.java:352)\n\tat io.netty.handler.timeout.IdleStateHandler.channelRead(IdleStateHandler.java:287)\n\tat io.netty.channel.AbstractChannelHandlerContext.invokeChannelRead(AbstractChannelHandlerContext.java:374)\n\tat io.netty.channel.AbstractChannelHandlerContext.invokeChannelRead(AbstractChannelHandlerContext.java:360)\n\tat io.netty.channel.AbstractChannelHandlerContext.fireChannelRead(AbstractChannelHandlerContext.java:352)\n\tat io.netty.channel.DefaultChannelPipeline$HeadContext.channelRead(DefaultChannelPipeline.java:1422)\n\tat io.netty.channel.AbstractChannelHandlerContext.invokeChannelRead(AbstractChannelHandlerContext.java:374)\n\tat io.netty.channel.AbstractChannelHandlerContext.invokeChannelRead(AbstractChannelHandlerContext.java:360)\n\tat io.netty.channel.DefaultChannelPipeline.fireChannelRead(DefaultChannelPipeline.java:931)\n\tat io.netty.channel.nio.AbstractNioByteChannel$NioByteUnsafe.read(AbstractNioByteChannel.java:163)\n\tat io.netty.channel.nio.NioEventLoop.processSelectedKey(NioEventLoop.java:700)\n\tat io.netty.channel.nio.NioEventLoop.processSelectedKeysOptimized(NioEventLoop.java:635)\n\tat io.netty.channel.nio.NioEventLoop.processSelectedKeys(NioEventLoop.java:552)\n\tat io.netty.channel.nio.NioEventLoop.run(NioEventLoop.java:514)\n\tat io.netty.util.concurrent.SingleThreadEventExecutor$6.run(SingleThreadEventExecutor.java:1044)\n\tat io.netty.util.internal.ThreadExecutorMap$2.run(ThreadExecutorMap.java:74)\n\tat io.netty.util.concurrent.FastThreadLocalRunnable.run(FastThreadLocalRunnable.java:30)\n\tat java.lang.Thread.run(Thread.java:1012)\n"}}
Thu Jul 30 09:01:11 UTC 2026 | ALL | 07-30 09:01:10.082  4162  4220 I appium  : channel read: POST /session/0ec58237-84ed-40bd-bf67-28bb2b70cae2/element
Thu Jul 30 09:01:11 UTC 2026 | ALL | 07-30 09:01:10.082  4162  4220 I appium  : FindElement command
Thu Jul 30 09:01:11 UTC 2026 | ALL | 07-30 09:01:10.083  4162  4220 I appium  : method: 'xpath', selector: '//android.widget.EditText[1]'
Thu Jul 30 09:01:11 UTC 2026 | ALL | 07-30 09:01:10.083  4162  4220 I appium  : Waiting up to 10000ms for the device to idle
Thu Jul 30 09:01:11 UTC 2026 | ALL | 07-30 09:01:10.084  4162  4220 I appium  : The following attributes will be included to the page source: []
Thu Jul 30 09:01:11 UTC 2026 | ALL | 07-30 09:01:10.094  4162  4220 I appium  : Took 0ms to retrieve 0 matches for '//android.widget.EditText[1]' XPath2 query
Thu Jul 30 09:01:11 UTC 2026 | ALL | 07-30 09:01:10.095  4162  4220 I appium  : AppiumResponse: {"sessionId":"0ec58237-84ed-40bd-bf67-28bb2b70cae2","value":{"error":"no such element","message":"An element could not be located on the page using the given search parameters","stacktrace":"io.appium.uiautomator2.common.exceptions.ElementNotFoundException: An element could not be located on the page using the given search parameters\n\tat io.appium.uiautomator2.utils.ElementLocationHelpers.findElement(ElementLocationHelpers.java:156)\n\tat io.appium.uiautomator2.handler.FindElement.safeHandle(FindElement.java:60)\n\tat io.appium.uiautomator2.handler.request.SafeRequestHandler.handle(SafeRequestHandler.java:59)\n\tat io.appium.uiautomator2.server.AppiumServlet.handleRequest(AppiumServlet.java:259)\n\tat io.appium.uiautomator2.server.AppiumServlet.handleHttpRequest(AppiumServlet.java:253)\n\tat io.appium.uiautomator2.http.ServerHandler.channelRead(ServerHandler.java:77)\n\tat io.netty.channel.AbstractChannelHandlerContext.invokeChannelRead(AbstractChannelHandlerContext.java:374)\n\tat io.netty.channel.AbstractChannelHandlerContext.invokeChannelRead(AbstractChannelHandlerContext.java:360)\n\tat io.netty.channel.AbstractChannelHandlerContext.fireChannelRead(AbstractChannelHandlerContext.java:352)\n\tat io.netty.handler.codec.MessageToMessageDecoder.channelRead(MessageToMessageDecoder.java:102)\n\tat io.netty.channel.AbstractChannelHandlerContext.invokeChannelRead(AbstractChannelHandlerContext.java:374)\n\tat io.netty.channel.AbstractChannelHandlerContext.invokeChannelRead(AbstractChannelHandlerContext.java:360)\n\tat io.netty.channel.AbstractChannelHandlerContext.fireChannelRead(AbstractChannelHandlerContext.java:352)\n\tat io.netty.channel.CombinedChannelDuplexHandler$DelegatingChannelHandlerContext.fireChannelRead(CombinedChannelDuplexHandler.java:438)\n\tat io.netty.handler.codec.ByteToMessageDecoder.fireChannelRead(ByteToMessageDecoder.java:328)\n\tat io.netty.handler.codec.ByteToMessageDecoder.channelRead(ByteToMessageDecoder.java:302)\n\tat io.netty.channel.CombinedChannelDuplexHandler.channelRead(CombinedChannelDuplexHandler.java:253)\n\tat io.netty.channel.AbstractChannelHandlerContext.invokeChannelRead(AbstractChannelHandlerContext.java:374)\n\tat io.netty.channel.AbstractChannelHandlerContext.invokeChannelRead(AbstractChannelHandlerContext.java:360)\n\tat io.netty.channel.AbstractChannelHandlerContext.fireChannelRead(AbstractChannelHandlerContext.java:352)\n\tat io.netty.handler.timeout.IdleStateHandler.channelRead(IdleStateHandler.java:287)\n\tat io.netty.channel.AbstractChannelHandlerContext.invokeChannelRead(AbstractChannelHandlerContext.java:374)\n\tat io.netty.channel.AbstractChannelHandlerContext.invokeChannelRead(AbstractChannelHandlerContext.java:360)\n\tat io.netty.channel.AbstractChannelHandlerContext.fireChannelRead(AbstractChannelHandlerContext.java:352)\n\tat io.netty.channel.DefaultChannelPipeline$HeadContext.channelRead(DefaultChannelPipeline.java:1422)\n\tat io.netty.channel.AbstractChannelHandlerContext.invokeChannelRead(AbstractChannelHandlerContext.java:374)\n\tat io.netty.channel.AbstractChannelHandlerContext.invokeChannelRead(AbstractChannelHandlerContext.java:360)\n\tat io.netty.channel.DefaultChannelPipeline.fireChannelRead(DefaultChannelPipeline.java:931)\n\tat io.netty.channel.nio.AbstractNioByteChannel$NioByteUnsafe.read(AbstractNioByteChannel.java:163)\n\tat io.netty.channel.nio.NioEventLoop.processSelectedKey(NioEventLoop.java:700)\n\tat io.netty.channel.nio.NioEventLoop.processSelectedKeysOptimized(NioEventLoop.java:635)\n\tat io.netty.channel.nio.NioEventLoop.processSelectedKeys(NioEventLoop.java:552)\n\tat io.netty.channel.nio.NioEventLoop.run(NioEventLoop.java:514)\n\tat io.netty.util.concurrent.SingleThreadEventExecutor$6.run(SingleThreadEventExecutor.java:1044)\n\tat io.netty.util.internal.ThreadExecutorMap$2.run(ThreadExecutorMap.java:74)\n\tat io.netty.util.concurrent.FastThreadLocalRunnable.run(FastThreadLocalRunnable.java:30)\n\tat java.lang.Thread.run(Thread.java:1012)\n"}}
Thu Jul 30 09:01:11 UTC 2026 | ALL | 07-30 09:01:10.602  4162  4220 I appium  : channel read: POST /session/0ec58237-84ed-40bd-bf67-28bb2b70cae2/element
Thu Jul 30 09:01:11 UTC 2026 | ALL | 07-30 09:01:10.603  4162  4220 I appium  : FindElement command
Thu Jul 30 09:01:11 UTC 2026 | ALL | 07-30 09:01:10.603  4162  4220 I appium  : method: 'xpath', selector: '//android.widget.EditText[1]'
Thu Jul 30 09:01:11 UTC 2026 | ALL | 07-30 09:01:10.603  4162  4220 I appium  : Waiting up to 10000ms for the device to idle
Thu Jul 30 09:01:11 UTC 2026 | ALL | 07-30 09:01:10.605  4162  4220 I appium  : The following attributes will be included to the page source: []
Thu Jul 30 09:01:11 UTC 2026 | ALL | 07-30 09:01:10.615  4162  4220 I appium  : Took 0ms to retrieve 0 matches for '//android.widget.EditText[1]' XPath2 query
Thu Jul 30 09:01:11 UTC 2026 | ALL | 07-30 09:01:10.616  4162  4220 I appium  : AppiumResponse: {"sessionId":"0ec58237-84ed-40bd-bf67-28bb2b70cae2","value":{"error":"no such element","message":"An element could not be located on the page using the given search parameters","stacktrace":"io.appium.uiautomator2.common.exceptions.ElementNotFoundException: An element could not be located on the page using the given search parameters\n\tat io.appium.uiautomator2.utils.ElementLocationHelpers.findElement(ElementLocationHelpers.java:156)\n\tat io.appium.uiautomator2.handler.FindElement.safeHandle(FindElement.java:60)\n\tat io.appium.uiautomator2.handler.request.SafeRequestHandler.handle(SafeRequestHandler.java:59)\n\tat io.appium.uiautomator2.server.AppiumServlet.handleRequest(AppiumServlet.java:259)\n\tat io.appium.uiautomator2.server.AppiumServlet.handleHttpRequest(AppiumServlet.java:253)\n\tat io.appium.uiautomator2.http.ServerHandler.channelRead(ServerHandler.java:77)\n\tat io.netty.channel.AbstractChannelHandlerContext.invokeChannelRead(AbstractChannelHandlerContext.java:374)\n\tat io.netty.channel.AbstractChannelHandlerContext.invokeChannelRead(AbstractChannelHandlerContext.java:360)\n\tat io.netty.channel.AbstractChannelHandlerContext.fireChannelRead(AbstractChannelHandlerContext.java:352)\n\tat io.netty.handler.codec.MessageToMessageDecoder.channelRead(MessageToMessageDecoder.java:102)\n\tat io.netty.channel.AbstractChannelHandlerContext.invokeChannelRead(AbstractChannelHandlerContext.java:374)\n\tat io.netty.channel.AbstractChannelHandlerContext.invokeChannelRead(AbstractChannelHandlerContext.java:360)\n\tat io.netty.channel.AbstractChannelHandlerContext.fireChannelRead(AbstractChannelHandlerContext.java:352)\n\tat io.netty.channel.CombinedChannelDuplexHandler$DelegatingChannelHandlerContext.fireChannelRead(CombinedChannelDuplexHandler.java:438)\n\tat io.netty.handler.codec.ByteToMessageDecoder.fireChannelRead(ByteToMessageDecoder.java:328)\n\tat io.netty.handler.codec.ByteToMessageDecoder.channelRead(ByteToMessageDecoder.java:302)\n\tat io.netty.channel.CombinedChannelDuplexHandler.channelRead(CombinedChannelDuplexHandler.java:253)\n\tat io.netty.channel.AbstractChannelHandlerContext.invokeChannelRead(AbstractChannelHandlerContext.java:374)\n\tat io.netty.channel.AbstractChannelHandlerContext.invokeChannelRead(AbstractChannelHandlerContext.java:360)\n\tat io.netty.channel.AbstractChannelHandlerContext.fireChannelRead(AbstractChannelHandlerContext.java:352)\n\tat io.netty.handler.timeout.IdleStateHandler.channelRead(IdleStateHandler.java:287)\n\tat io.netty.channel.AbstractChannelHandlerContext.invokeChannelRead(AbstractChannelHandlerContext.java:374)\n\tat io.netty.channel.AbstractChannelHandlerContext.invokeChannelRead(AbstractChannelHandlerContext.java:360)\n\tat io.netty.channel.AbstractChannelHandlerContext.fireChannelRead(AbstractChannelHandlerContext.java:352)\n\tat io.netty.channel.DefaultChannelPipeline$HeadContext.channelRead(DefaultChannelPipeline.java:1422)\n\tat io.netty.channel.AbstractChannelHandlerContext.invokeChannelRead(AbstractChannelHandlerContext.java:374)\n\tat io.netty.channel.AbstractChannelHandlerContext.invokeChannelRead(AbstractChannelHandlerContext.java:360)\n\tat io.netty.channel.DefaultChannelPipeline.fireChannelRead(DefaultChannelPipeline.java:931)\n\tat io.netty.channel.nio.AbstractNioByteChannel$NioByteUnsafe.read(AbstractNioByteChannel.java:163)\n\tat io.netty.channel.nio.NioEventLoop.processSelectedKey(NioEventLoop.java:700)\n\tat io.netty.channel.nio.NioEventLoop.processSelectedKeysOptimized(NioEventLoop.java:635)\n\tat io.netty.channel.nio.NioEventLoop.processSelectedKeys(NioEventLoop.java:552)\n\tat io.netty.channel.nio.NioEventLoop.run(NioEventLoop.java:514)\n\tat io.netty.util.concurrent.SingleThreadEventExecutor$6.run(SingleThreadEventExecutor.java:1044)\n\tat io.netty.util.internal.ThreadExecutorMap$2.run(ThreadExecutorMap.java:74)\n\tat io.netty.util.concurrent.FastThreadLocalRunnable.run(FastThreadLocalRunnable.java:30)\n\tat java.lang.Thread.run(Thread.java:1012)\n"}}
Thu Jul 30 09:01:12 UTC 2026 | ALL | 07-30 09:01:11.122  4162  4220 I appium  : channel read: POST /session/0ec58237-84ed-40bd-bf67-28bb2b70cae2/element
Thu Jul 30 09:01:12 UTC 2026 | ALL | 07-30 09:01:11.123  4162  4220 I appium  : FindElement command
Thu Jul 30 09:01:12 UTC 2026 | ALL | 07-30 09:01:11.123  4162  4220 I appium  : method: 'xpath', selector: '//android.widget.EditText[1]'
Thu Jul 30 09:01:12 UTC 2026 | ALL | 07-30 09:01:11.124  4162  4220 I appium  : Waiting up to 10000ms for the device to idle
Thu Jul 30 09:01:12 UTC 2026 | ALL | 07-30 09:01:11.125  4162  4220 I appium  : The following attributes will be included to the page source: []
Thu Jul 30 09:01:12 UTC 2026 | ALL | 07-30 09:01:11.137  4162  4220 I appium  : Took 0ms to retrieve 0 matches for '//android.widget.EditText[1]' XPath2 query
Thu Jul 30 09:01:12 UTC 2026 | ALL | 07-30 09:01:11.138  4162  4220 I appium  : AppiumResponse: {"sessionId":"0ec58237-84ed-40bd-bf67-28bb2b70cae2","value":{"error":"no such element","message":"An element could not be located on the page using the given search parameters","stacktrace":"io.appium.uiautomator2.common.exceptions.ElementNotFoundException: An element could not be located on the page using the given search parameters\n\tat io.appium.uiautomator2.utils.ElementLocationHelpers.findElement(ElementLocationHelpers.java:156)\n\tat io.appium.uiautomator2.handler.FindElement.safeHandle(FindElement.java:60)\n\tat io.appium.uiautomator2.handler.request.SafeRequestHandler.handle(SafeRequestHandler.java:59)\n\tat io.appium.uiautomator2.server.AppiumServlet.handleRequest(AppiumServlet.java:259)\n\tat io.appium.uiautomator2.server.AppiumServlet.handleHttpRequest(AppiumServlet.java:253)\n\tat io.appium.uiautomator2.http.ServerHandler.channelRead(ServerHandler.java:77)\n\tat io.netty.channel.AbstractChannelHandlerContext.invokeChannelRead(AbstractChannelHandlerContext.java:374)\n\tat io.netty.channel.AbstractChannelHandlerContext.invokeChannelRead(AbstractChannelHandlerContext.java:360)\n\tat io.netty.channel.AbstractChannelHandlerContext.fireChannelRead(AbstractChannelHandlerContext.java:352)\n\tat io.netty.handler.codec.MessageToMessageDecoder.channelRead(MessageToMessageDecoder.java:102)\n\tat io.netty.channel.AbstractChannelHandlerContext.invokeChannelRead(AbstractChannelHandlerContext.java:374)\n\tat io.netty.channel.AbstractChannelHandlerContext.invokeChannelRead(AbstractChannelHandlerContext.java:360)\n\tat io.netty.channel.AbstractChannelHandlerContext.fireChannelRead(AbstractChannelHandlerContext.java:352)\n\tat io.netty.channel.CombinedChannelDuplexHandler$DelegatingChannelHandlerContext.fireChannelRead(CombinedChannelDuplexHandler.java:438)\n\tat io.netty.handler.codec.ByteToMessageDecoder.fireChannelRead(ByteToMessageDecoder.java:328)\n\tat io.netty.handler.codec.ByteToMessageDecoder.channelRead(ByteToMessageDecoder.java:302)\n\tat io.netty.channel.CombinedChannelDuplexHandler.channelRead(CombinedChannelDuplexHandler.java:253)\n\tat io.netty.channel.AbstractChannelHandlerContext.invokeChannelRead(AbstractChannelHandlerContext.java:374)\n\tat io.netty.channel.AbstractChannelHandlerContext.invokeChannelRead(AbstractChannelHandlerContext.java:360)\n\tat io.netty.channel.AbstractChannelHandlerContext.fireChannelRead(AbstractChannelHandlerContext.java:352)\n\tat io.netty.handler.timeout.IdleStateHandler.channelRead(IdleStateHandler.java:287)\n\tat io.netty.channel.AbstractChannelHandlerContext.invokeChannelRead(AbstractChannelHandlerContext.java:374)\n\tat io.netty.channel.AbstractChannelHandlerContext.invokeChannelRead(AbstractChannelHandlerContext.java:360)\n\tat io.netty.channel.AbstractChannelHandlerContext.fireChannelRead(AbstractChannelHandlerContext.java:352)\n\tat io.netty.channel.DefaultChannelPipeline$HeadContext.channelRead(DefaultChannelPipeline.java:1422)\n\tat io.netty.channel.AbstractChannelHandlerContext.invokeChannelRead(AbstractChannelHandlerContext.java:374)\n\tat io.netty.channel.AbstractChannelHandlerContext.invokeChannelRead(AbstractChannelHandlerContext.java:360)\n\tat io.netty.channel.DefaultChannelPipeline.fireChannelRead(DefaultChannelPipeline.java:931)\n\tat io.netty.channel.nio.AbstractNioByteChannel$NioByteUnsafe.read(AbstractNioByteChannel.java:163)\n\tat io.netty.channel.nio.NioEventLoop.processSelectedKey(NioEventLoop.java:700)\n\tat io.netty.channel.nio.NioEventLoop.processSelectedKeysOptimized(NioEventLoop.java:635)\n\tat io.netty.channel.nio.NioEventLoop.processSelectedKeys(NioEventLoop.java:552)\n\tat io.netty.channel.nio.NioEventLoop.run(NioEventLoop.java:514)\n\tat io.netty.util.concurrent.SingleThreadEventExecutor$6.run(SingleThreadEventExecutor.java:1044)\n\tat io.netty.util.internal.ThreadExecutorMap$2.run(ThreadExecutorMap.java:74)\n\tat io.netty.util.concurrent.FastThreadLocalRunnable.run(FastThreadLocalRunnable.java:30)\n\tat java.lang.Thread.run(Thread.java:1012)\n"}}
Thu Jul 30 09:01:12 UTC 2026 | ALL | 07-30 09:01:11.198  4162  4220 I appium  : channel read: POST /session/0ec58237-84ed-40bd-bf67-28bb2b70cae2/element
Thu Jul 30 09:01:12 UTC 2026 | ALL | 07-30 09:01:11.198  4162  4220 I appium  : FindElement command
Thu Jul 30 09:01:12 UTC 2026 | ALL | 07-30 09:01:11.199  4162  4220 I appium  : method: 'xpath', selector: '//android.widget.EditText[1]'
Thu Jul 30 09:01:12 UTC 2026 | ALL | 07-30 09:01:11.199  4162  4220 I appium  : Waiting up to 10000ms for the device to idle
Thu Jul 30 09:01:12 UTC 2026 | ALL | 07-30 09:01:11.200  4162  4220 I appium  : The following attributes will be included to the page source: []
Thu Jul 30 09:01:12 UTC 2026 | ALL | 07-30 09:01:11.212  4162  4220 I appium  : Took 0ms to retrieve 0 matches for '//android.widget.EditText[1]' XPath2 query
Thu Jul 30 09:01:12 UTC 2026 | ALL | 07-30 09:01:11.213  4162  4220 I appium  : AppiumResponse: {"sessionId":"0ec58237-84ed-40bd-bf67-28bb2b70cae2","value":{"error":"no such element","message":"An element could not be located on the page using the given search parameters","stacktrace":"io.appium.uiautomator2.common.exceptions.ElementNotFoundException: An element could not be located on the page using the given search parameters\n\tat io.appium.uiautomator2.utils.ElementLocationHelpers.findElement(ElementLocationHelpers.java:156)\n\tat io.appium.uiautomator2.handler.FindElement.safeHandle(FindElement.java:60)\n\tat io.appium.uiautomator2.handler.request.SafeRequestHandler.handle(SafeRequestHandler.java:59)\n\tat io.appium.uiautomator2.server.AppiumServlet.handleRequest(AppiumServlet.java:259)\n\tat io.appium.uiautomator2.server.AppiumServlet.handleHttpRequest(AppiumServlet.java:253)\n\tat io.appium.uiautomator2.http.ServerHandler.channelRead(ServerHandler.java:77)\n\tat io.netty.channel.AbstractChannelHandlerContext.invokeChannelRead(AbstractChannelHandlerContext.java:374)\n\tat io.netty.channel.AbstractChannelHandlerContext.invokeChannelRead(AbstractChannelHandlerContext.java:360)\n\tat io.netty.channel.AbstractChannelHandlerContext.fireChannelRead(AbstractChannelHandlerContext.java:352)\n\tat io.netty.handler.codec.MessageToMessageDecoder.channelRead(MessageToMessageDecoder.java:102)\n\tat io.netty.channel.AbstractChannelHandlerContext.invokeChannelRead(AbstractChannelHandlerContext.java:374)\n\tat io.netty.channel.AbstractChannelHandlerContext.invokeChannelRead(AbstractChannelHandlerContext.java:360)\n\tat io.netty.channel.AbstractChannelHandlerContext.fireChannelRead(AbstractChannelHandlerContext.java:352)\n\tat io.netty.channel.CombinedChannelDuplexHandler$DelegatingChannelHandlerContext.fireChannelRead(CombinedChannelDuplexHandler.java:438)\n\tat io.netty.handler.codec.ByteToMessageDecoder.fireChannelRead(ByteToMessageDecoder.java:328)\n\tat io.netty.handler.codec.ByteToMessageDecoder.channelRead(ByteToMessageDecoder.java:302)\n\tat io.netty.channel.CombinedChannelDuplexHandler.channelRead(CombinedChannelDuplexHandler.java:253)\n\tat io.netty.channel.AbstractChannelHandlerContext.invokeChannelRead(AbstractChannelHandlerContext.java:374)\n\tat io.netty.channel.AbstractChannelHandlerContext.invokeChannelRead(AbstractChannelHandlerContext.java:360)\n\tat io.netty.channel.AbstractChannelHandlerContext.fireChannelRead(AbstractChannelHandlerContext.java:352)\n\tat io.netty.handler.timeout.IdleStateHandler.channelRead(IdleStateHandler.java:287)\n\tat io.netty.channel.AbstractChannelHandlerContext.invokeChannelRead(AbstractChannelHandlerContext.java:374)\n\tat io.netty.channel.AbstractChannelHandlerContext.invokeChannelRead(AbstractChannelHandlerContext.java:360)\n\tat io.netty.channel.AbstractChannelHandlerContext.fireChannelRead(AbstractChannelHandlerContext.java:352)\n\tat io.netty.channel.DefaultChannelPipeline$HeadContext.channelRead(DefaultChannelPipeline.java:1422)\n\tat io.netty.channel.AbstractChannelHandlerContext.invokeChannelRead(AbstractChannelHandlerContext.java:374)\n\tat io.netty.channel.AbstractChannelHandlerContext.invokeChannelRead(AbstractChannelHandlerContext.java:360)\n\tat io.netty.channel.DefaultChannelPipeline.fireChannelRead(DefaultChannelPipeline.java:931)\n\tat io.netty.channel.nio.AbstractNioByteChannel$NioByteUnsafe.read(AbstractNioByteChannel.java:163)\n\tat io.netty.channel.nio.NioEventLoop.processSelectedKey(NioEventLoop.java:700)\n\tat io.netty.channel.nio.NioEventLoop.processSelectedKeysOptimized(NioEventLoop.java:635)\n\tat io.netty.channel.nio.NioEventLoop.processSelectedKeys(NioEventLoop.java:552)\n\tat io.netty.channel.nio.NioEventLoop.run(NioEventLoop.java:514)\n\tat io.netty.util.concurrent.SingleThreadEventExecutor$6.run(SingleThreadEventExecutor.java:1044)\n\tat io.netty.util.internal.ThreadExecutorMap$2.run(ThreadExecutorMap.java:74)\n\tat io.netty.util.concurrent.FastThreadLocalRunnable.run(FastThreadLocalRunnable.java:30)\n\tat java.lang.Thread.run(Thread.java:1012)\n"}}
Thu Jul 30 09:01:12 UTC 2026 | ALL | 07-30 09:01:11.728  4162  4220 I appium  : channel read: POST /session/0ec58237-84ed-40bd-bf67-28bb2b70cae2/element
Thu Jul 30 09:01:12 UTC 2026 | ALL | 07-30 09:01:11.728  4162  4220 I appium  : FindElement command
Thu Jul 30 09:01:12 UTC 2026 | ALL | 07-30 09:01:11.729  4162  4220 I appium  : method: 'xpath', selector: '//android.widget.EditText[1]'
Thu Jul 30 09:01:12 UTC 2026 | ALL | 07-30 09:01:11.729  4162  4220 I appium  : Waiting up to 10000ms for the device to idle
Thu Jul 30 09:01:12 UTC 2026 | ALL | 07-30 09:01:11.730  4162  4220 I appium  : The following attributes will be included to the page source: []
Thu Jul 30 09:01:12 UTC 2026 | ALL | 07-30 09:01:11.742  4162  4220 I appium  : Took 0ms to retrieve 0 matches for '//android.widget.EditText[1]' XPath2 query
Thu Jul 30 09:01:12 UTC 2026 | ALL | 07-30 09:01:11.743  4162  4220 I appium  : AppiumResponse: {"sessionId":"0ec58237-84ed-40bd-bf67-28bb2b70cae2","value":{"error":"no such element","message":"An element could not be located on the page using the given search parameters","stacktrace":"io.appium.uiautomator2.common.exceptions.ElementNotFoundException: An element could not be located on the page using the given search parameters\n\tat io.appium.uiautomator2.utils.ElementLocationHelpers.findElement(ElementLocationHelpers.java:156)\n\tat io.appium.uiautomator2.handler.FindElement.safeHandle(FindElement.java:60)\n\tat io.appium.uiautomator2.handler.request.SafeRequestHandler.handle(SafeRequestHandler.java:59)\n\tat io.appium.uiautomator2.server.AppiumServlet.handleRequest(AppiumServlet.java:259)\n\tat io.appium.uiautomator2.server.AppiumServlet.handleHttpRequest(AppiumServlet.java:253)\n\tat io.appium.uiautomator2.http.ServerHandler.channelRead(ServerHandler.java:77)\n\tat io.netty.channel.AbstractChannelHandlerContext.invokeChannelRead(AbstractChannelHandlerContext.java:374)\n\tat io.netty.channel.AbstractChannelHandlerContext.invokeChannelRead(AbstractChannelHandlerContext.java:360)\n\tat io.netty.channel.AbstractChannelHandlerContext.fireChannelRead(AbstractChannelHandlerContext.java:352)\n\tat io.netty.handler.codec.MessageToMessageDecoder.channelRead(MessageToMessageDecoder.java:102)\n\tat io.netty.channel.AbstractChannelHandlerContext.invokeChannelRead(AbstractChannelHandlerContext.java:374)\n\tat io.netty.channel.AbstractChannelHandlerContext.invokeChannelRead(AbstractChannelHandlerContext.java:360)\n\tat io.netty.channel.AbstractChannelHandlerContext.fireChannelRead(AbstractChannelHandlerContext.java:352)\n\tat io.netty.channel.CombinedChannelDuplexHandler$DelegatingChannelHandlerContext.fireChannelRead(CombinedChannelDuplexHandler.java:438)\n\tat io.netty.handler.codec.ByteToMessageDecoder.fireChannelRead(ByteToMessageDecoder.java:328)\n\tat io.netty.handler.codec.ByteToMessageDecoder.channelRead(ByteToMessageDecoder.java:302)\n\tat io.netty.channel.CombinedChannelDuplexHandler.channelRead(CombinedChannelDuplexHandler.java:253)\n\tat io.netty.channel.AbstractChannelHandlerContext.invokeChannelRead(AbstractChannelHandlerContext.java:374)\n\tat io.netty.channel.AbstractChannelHandlerContext.invokeChannelRead(AbstractChannelHandlerContext.java:360)\n\tat io.netty.channel.AbstractChannelHandlerContext.fireChannelRead(AbstractChannelHandlerContext.java:352)\n\tat io.netty.handler.timeout.IdleStateHandler.channelRead(IdleStateHandler.java:287)\n\tat io.netty.channel.AbstractChannelHandlerContext.invokeChannelRead(AbstractChannelHandlerContext.java:374)\n\tat io.netty.channel.AbstractChannelHandlerContext.invokeChannelRead(AbstractChannelHandlerContext.java:360)\n\tat io.netty.channel.AbstractChannelHandlerContext.fireChannelRead(AbstractChannelHandlerContext.java:352)\n\tat io.netty.channel.DefaultChannelPipeline$HeadContext.channelRead(DefaultChannelPipeline.java:1422)\n\tat io.netty.channel.AbstractChannelHandlerContext.invokeChannelRead(AbstractChannelHandlerContext.java:374)\n\tat io.netty.channel.AbstractChannelHandlerContext.invokeChannelRead(AbstractChannelHandlerContext.java:360)\n\tat io.netty.channel.DefaultChannelPipeline.fireChannelRead(DefaultChannelPipeline.java:931)\n\tat io.netty.channel.nio.AbstractNioByteChannel$NioByteUnsafe.read(AbstractNioByteChannel.java:163)\n\tat io.netty.channel.nio.NioEventLoop.processSelectedKey(NioEventLoop.java:700)\n\tat io.netty.channel.nio.NioEventLoop.processSelectedKeysOptimized(NioEventLoop.java:635)\n\tat io.netty.channel.nio.NioEventLoop.processSelectedKeys(NioEventLoop.java:552)\n\tat io.netty.channel.nio.NioEventLoop.run(NioEventLoop.java:514)\n\tat io.netty.util.concurrent.SingleThreadEventExecutor$6.run(SingleThreadEventExecutor.java:1044)\n\tat io.netty.util.internal.ThreadExecutorMap$2.run(ThreadExecutorMap.java:74)\n\tat io.netty.util.concurrent.FastThreadLocalRunnable.run(FastThreadLocalRunnable.java:30)\n\tat java.lang.Thread.run(Thread.java:1012)\n"}}
Thu Jul 30 09:01:13 UTC 2026 | ALL | 07-30 09:01:12.249  4162  4220 I appium  : channel read: POST /session/0ec58237-84ed-40bd-bf67-28bb2b70cae2/element
Thu Jul 30 09:01:13 UTC 2026 | ALL | 07-30 09:01:12.249  4162  4220 I appium  : FindElement command
Thu Jul 30 09:01:13 UTC 2026 | ALL | 07-30 09:01:12.250  4162  4220 I appium  : method: 'xpath', selector: '//android.widget.EditText[1]'
Thu Jul 30 09:01:13 UTC 2026 | ALL | 07-30 09:01:12.250  4162  4220 I appium  : Waiting up to 10000ms for the device to idle
Thu Jul 30 09:01:13 UTC 2026 | ALL | 07-30 09:01:12.252  4162  4220 I appium  : The following attributes will be included to the page source: []
Thu Jul 30 09:01:13 UTC 2026 | ALL | 07-30 09:01:12.256  4162  4170 I tomator2.server: Method exceeds compiler instruction limit: 19264 in java_cup.runtime.Symbol org.eclipse.wst.xml.xpath2.processor.internal.CUP$XPathCup$actions.CUP$XPathCup$do_action(int, java_cup.runtime.lr_parser, java.util.Stack, int)
Thu Jul 30 09:01:13 UTC 2026 | ALL | 07-30 09:01:12.271  4162  4220 I appium  : Took 0ms to retrieve 0 matches for '//android.widget.EditText[1]' XPath2 query
Thu Jul 30 09:01:13 UTC 2026 | ALL | 07-30 09:01:12.273  4162  4220 I appium  : AppiumResponse: {"sessionId":"0ec58237-84ed-40bd-bf67-28bb2b70cae2","value":{"error":"no such element","message":"An element could not be located on the page using the given search parameters","stacktrace":"io.appium.uiautomator2.common.exceptions.ElementNotFoundException: An element could not be located on the page using the given search parameters\n\tat io.appium.uiautomator2.utils.ElementLocationHelpers.findElement(ElementLocationHelpers.java:156)\n\tat io.appium.uiautomator2.handler.FindElement.safeHandle(FindElement.java:60)\n\tat io.appium.uiautomator2.handler.request.SafeRequestHandler.handle(SafeRequestHandler.java:59)\n\tat io.appium.uiautomator2.server.AppiumServlet.handleRequest(AppiumServlet.java:259)\n\tat io.appium.uiautomator2.server.AppiumServlet.handleHttpRequest(AppiumServlet.java:253)\n\tat io.appium.uiautomator2.http.ServerHandler.channelRead(ServerHandler.java:77)\n\tat io.netty.channel.AbstractChannelHandlerContext.invokeChannelRead(AbstractChannelHandlerContext.java:374)\n\tat io.netty.channel.AbstractChannelHandlerContext.invokeChannelRead(AbstractChannelHandlerContext.java:360)\n\tat io.netty.channel.AbstractChannelHandlerContext.fireChannelRead(AbstractChannelHandlerContext.java:352)\n\tat io.netty.handler.codec.MessageToMessageDecoder.channelRead(MessageToMessageDecoder.java:102)\n\tat io.netty.channel.AbstractChannelHandlerContext.invokeChannelRead(AbstractChannelHandlerContext.java:374)\n\tat io.netty.channel.AbstractChannelHandlerContext.invokeChannelRead(AbstractChannelHandlerContext.java:360)\n\tat io.netty.channel.AbstractChannelHandlerContext.fireChannelRead(AbstractChannelHandlerContext.java:352)\n\tat io.netty.channel.CombinedChannelDuplexHandler$DelegatingChannelHandlerContext.fireChannelRead(CombinedChannelDuplexHandler.java:438)\n\tat io.netty.handler.codec.ByteToMessageDecoder.fireChannelRead(ByteToMessageDecoder.java:328)\n\tat io.netty.handler.codec.ByteToMessageDecoder.channelRead(ByteToMessageDecoder.java:302)\n\tat io.netty.channel.CombinedChannelDuplexHandler.channelRead(CombinedChannelDuplexHandler.java:253)\n\tat io.netty.channel.AbstractChannelHandlerContext.invokeChannelRead(AbstractChannelHandlerContext.java:374)\n\tat io.netty.channel.AbstractChannelHandlerContext.invokeChannelRead(AbstractChannelHandlerContext.java:360)\n\tat io.netty.channel.AbstractChannelHandlerContext.fireChannelRead(AbstractChannelHandlerContext.java:352)\n\tat io.netty.handler.timeout.IdleStateHandler.channelRead(IdleStateHandler.java:287)\n\tat io.netty.channel.AbstractChannelHandlerContext.invokeChannelRead(AbstractChannelHandlerContext.java:374)\n\tat io.netty.channel.AbstractChannelHandlerContext.invokeChannelRead(AbstractChannelHandlerContext.java:360)\n\tat io.netty.channel.AbstractChannelHandlerContext.fireChannelRead(AbstractChannelHandlerContext.java:352)\n\tat io.netty.channel.DefaultChannelPipeline$HeadContext.channelRead(DefaultChannelPipeline.java:1422)\n\tat io.netty.channel.AbstractChannelHandlerContext.invokeChannelRead(AbstractChannelHandlerContext.java:374)\n\tat io.netty.channel.AbstractChannelHandlerContext.invokeChannelRead(AbstractChannelHandlerContext.java:360)\n\tat io.netty.channel.DefaultChannelPipeline.fireChannelRead(DefaultChannelPipeline.java:931)\n\tat io.netty.channel.nio.AbstractNioByteChannel$NioByteUnsafe.read(AbstractNioByteChannel.java:163)\n\tat io.netty.channel.nio.NioEventLoop.processSelectedKey(NioEventLoop.java:700)\n\tat io.netty.channel.nio.NioEventLoop.processSelectedKeysOptimized(NioEventLoop.java:635)\n\tat io.netty.channel.nio.NioEventLoop.processSelectedKeys(NioEventLoop.java:552)\n\tat io.netty.channel.nio.NioEventLoop.run(NioEventLoop.java:514)\n\tat io.netty.util.concurrent.SingleThreadEventExecutor$6.run(SingleThreadEventExecutor.java:1044)\n\tat io.netty.util.internal.ThreadExecutorMap$2.run(ThreadExecutorMap.java:74)\n\tat io.netty.util.concurrent.FastThreadLocalRunnable.run(FastThreadLocalRunnable.java:30)\n\tat java.lang.Thread.run(Thread.java:1012)\n"}}
Thu Jul 30 09:01:13 UTC 2026 | ALL | 07-30 09:01:12.778  4162  4220 I appium  : channel read: POST /session/0ec58237-84ed-40bd-bf67-28bb2b70cae2/element
Thu Jul 30 09:01:13 UTC 2026 | ALL | 07-30 09:01:12.779  4162  4220 I appium  : FindElement command
Thu Jul 30 09:01:13 UTC 2026 | ALL | 07-30 09:01:12.779  4162  4220 I appium  : method: 'xpath', selector: '//android.widget.EditText[1]'
Thu Jul 30 09:01:13 UTC 2026 | ALL | 07-30 09:01:12.779  4162  4220 I appium  : Waiting up to 10000ms for the device to idle
Thu Jul 30 09:01:13 UTC 2026 | ALL | 07-30 09:01:12.781  4162  4220 I appium  : The following attributes will be included to the page source: []
Thu Jul 30 09:01:13 UTC 2026 | ALL | 07-30 09:01:12.793  4162  4220 I appium  : Took 0ms to retrieve 0 matches for '//android.widget.EditText[1]' XPath2 query
Thu Jul 30 09:01:13 UTC 2026 | ALL | 07-30 09:01:12.794  4162  4220 I appium  : AppiumResponse: {"sessionId":"0ec58237-84ed-40bd-bf67-28bb2b70cae2","value":{"error":"no such element","message":"An element could not be located on the page using the given search parameters","stacktrace":"io.appium.uiautomator2.common.exceptions.ElementNotFoundException: An element could not be located on the page using the given search parameters\n\tat io.appium.uiautomator2.utils.ElementLocationHelpers.findElement(ElementLocationHelpers.java:156)\n\tat io.appium.uiautomator2.handler.FindElement.safeHandle(FindElement.java:60)\n\tat io.appium.uiautomator2.handler.request.SafeRequestHandler.handle(SafeRequestHandler.java:59)\n\tat io.appium.uiautomator2.server.AppiumServlet.handleRequest(AppiumServlet.java:259)\n\tat io.appium.uiautomator2.server.AppiumServlet.handleHttpRequest(AppiumServlet.java:253)\n\tat io.appium.uiautomator2.http.ServerHandler.channelRead(ServerHandler.java:77)\n\tat io.netty.channel.AbstractChannelHandlerContext.invokeChannelRead(AbstractChannelHandlerContext.java:374)\n\tat io.netty.channel.AbstractChannelHandlerContext.invokeChannelRead(AbstractChannelHandlerContext.java:360)\n\tat io.netty.channel.AbstractChannelHandlerContext.fireChannelRead(AbstractChannelHandlerContext.java:352)\n\tat io.netty.handler.codec.MessageToMessageDecoder.channelRead(MessageToMessageDecoder.java:102)\n\tat io.netty.channel.AbstractChannelHandlerContext.invokeChannelRead(AbstractChannelHandlerContext.java:374)\n\tat io.netty.channel.AbstractChannelHandlerContext.invokeChannelRead(AbstractChannelHandlerContext.java:360)\n\tat io.netty.channel.AbstractChannelHandlerContext.fireChannelRead(AbstractChannelHandlerContext.java:352)\n\tat io.netty.channel.CombinedChannelDuplexHandler$DelegatingChannelHandlerContext.fireChannelRead(CombinedChannelDuplexHandler.java:438)\n\tat io.netty.handler.codec.ByteToMessageDecoder.fireChannelRead(ByteToMessageDecoder.java:328)\n\tat io.netty.handler.codec.ByteToMessageDecoder.channelRead(ByteToMessageDecoder.java:302)\n\tat io.netty.channel.CombinedChannelDuplexHandler.channelRead(CombinedChannelDuplexHandler.java:253)\n\tat io.netty.channel.AbstractChannelHandlerContext.invokeChannelRead(AbstractChannelHandlerContext.java:374)\n\tat io.netty.channel.AbstractChannelHandlerContext.invokeChannelRead(AbstractChannelHandlerContext.java:360)\n\tat io.netty.channel.AbstractChannelHandlerContext.fireChannelRead(AbstractChannelHandlerContext.java:352)\n\tat io.netty.handler.timeout.IdleStateHandler.channelRead(IdleStateHandler.java:287)\n\tat io.netty.channel.AbstractChannelHandlerContext.invokeChannelRead(AbstractChannelHandlerContext.java:374)\n\tat io.netty.channel.AbstractChannelHandlerContext.invokeChannelRead(AbstractChannelHandlerContext.java:360)\n\tat io.netty.channel.AbstractChannelHandlerContext.fireChannelRead(AbstractChannelHandlerContext.java:352)\n\tat io.netty.channel.DefaultChannelPipeline$HeadContext.channelRead(DefaultChannelPipeline.java:1422)\n\tat io.netty.channel.AbstractChannelHandlerContext.invokeChannelRead(AbstractChannelHandlerContext.java:374)\n\tat io.netty.channel.AbstractChannelHandlerContext.invokeChannelRead(AbstractChannelHandlerContext.java:360)\n\tat io.netty.channel.DefaultChannelPipeline.fireChannelRead(DefaultChannelPipeline.java:931)\n\tat io.netty.channel.nio.AbstractNioByteChannel$NioByteUnsafe.read(AbstractNioByteChannel.java:163)\n\tat io.netty.channel.nio.NioEventLoop.processSelectedKey(NioEventLoop.java:700)\n\tat io.netty.channel.nio.NioEventLoop.processSelectedKeysOptimized(NioEventLoop.java:635)\n\tat io.netty.channel.nio.NioEventLoop.processSelectedKeys(NioEventLoop.java:552)\n\tat io.netty.channel.nio.NioEventLoop.run(NioEventLoop.java:514)\n\tat io.netty.util.concurrent.SingleThreadEventExecutor$6.run(SingleThreadEventExecutor.java:1044)\n\tat io.netty.util.internal.ThreadExecutorMap$2.run(ThreadExecutorMap.java:74)\n\tat io.netty.util.concurrent.FastThreadLocalRunnable.run(FastThreadLocalRunnable.java:30)\n\tat java.lang.Thread.run(Thread.java:1012)\n"}}
Thu Jul 30 09:01:14 UTC 2026 | ALL | 07-30 09:01:13.301  4162  4220 I appium  : channel read: POST /session/0ec58237-84ed-40bd-bf67-28bb2b70cae2/element
Thu Jul 30 09:01:14 UTC 2026 | ALL | 07-30 09:01:13.301  4162  4220 I appium  : FindElement command
Thu Jul 30 09:01:14 UTC 2026 | ALL | 07-30 09:01:13.301  4162  4220 I appium  : method: 'xpath', selector: '//android.widget.EditText[1]'
Thu Jul 30 09:01:14 UTC 2026 | ALL | 07-30 09:01:13.301  4162  4220 I appium  : Waiting up to 10000ms for the device to idle
Thu Jul 30 09:01:14 UTC 2026 | ALL | 07-30 09:01:13.302  4162  4220 I appium  : The following attributes will be included to the page source: []
Thu Jul 30 09:01:14 UTC 2026 | ALL | 07-30 09:01:13.312  4162  4220 I appium  : Took 0ms to retrieve 0 matches for '//android.widget.EditText[1]' XPath2 query
Thu Jul 30 09:01:14 UTC 2026 | ALL | 07-30 09:01:13.313  4162  4220 I appium  : AppiumResponse: {"sessionId":"0ec58237-84ed-40bd-bf67-28bb2b70cae2","value":{"error":"no such element","message":"An element could not be located on the page using the given search parameters","stacktrace":"io.appium.uiautomator2.common.exceptions.ElementNotFoundException: An element could not be located on the page using the given search parameters\n\tat io.appium.uiautomator2.utils.ElementLocationHelpers.findElement(ElementLocationHelpers.java:156)\n\tat io.appium.uiautomator2.handler.FindElement.safeHandle(FindElement.java:60)\n\tat io.appium.uiautomator2.handler.request.SafeRequestHandler.handle(SafeRequestHandler.java:59)\n\tat io.appium.uiautomator2.server.AppiumServlet.handleRequest(AppiumServlet.java:259)\n\tat io.appium.uiautomator2.server.AppiumServlet.handleHttpRequest(AppiumServlet.java:253)\n\tat io.appium.uiautomator2.http.ServerHandler.channelRead(ServerHandler.java:77)\n\tat io.netty.channel.AbstractChannelHandlerContext.invokeChannelRead(AbstractChannelHandlerContext.java:374)\n\tat io.netty.channel.AbstractChannelHandlerContext.invokeChannelRead(AbstractChannelHandlerContext.java:360)\n\tat io.netty.channel.AbstractChannelHandlerContext.fireChannelRead(AbstractChannelHandlerContext.java:352)\n\tat io.netty.handler.codec.MessageToMessageDecoder.channelRead(MessageToMessageDecoder.java:102)\n\tat io.netty.channel.AbstractChannelHandlerContext.invokeChannelRead(AbstractChannelHandlerContext.java:374)\n\tat io.netty.channel.AbstractChannelHandlerContext.invokeChannelRead(AbstractChannelHandlerContext.java:360)\n\tat io.netty.channel.AbstractChannelHandlerContext.fireChannelRead(AbstractChannelHandlerContext.java:352)\n\tat io.netty.channel.CombinedChannelDuplexHandler$DelegatingChannelHandlerContext.fireChannelRead(CombinedChannelDuplexHandler.java:438)\n\tat io.netty.handler.codec.ByteToMessageDecoder.fireChannelRead(ByteToMessageDecoder.java:328)\n\tat io.netty.handler.codec.ByteToMessageDecoder.channelRead(ByteToMessageDecoder.java:302)\n\tat io.netty.channel.CombinedChannelDuplexHandler.channelRead(CombinedChannelDuplexHandler.java:253)\n\tat io.netty.channel.AbstractChannelHandlerContext.invokeChannelRead(AbstractChannelHandlerContext.java:374)\n\tat io.netty.channel.AbstractChannelHandlerContext.invokeChannelRead(AbstractChannelHandlerContext.java:360)\n\tat io.netty.channel.AbstractChannelHandlerContext.fireChannelRead(AbstractChannelHandlerContext.java:352)\n\tat io.netty.handler.timeout.IdleStateHandler.channelRead(IdleStateHandler.java:287)\n\tat io.netty.channel.AbstractChannelHandlerContext.invokeChannelRead(AbstractChannelHandlerContext.java:374)\n\tat io.netty.channel.AbstractChannelHandlerContext.invokeChannelRead(AbstractChannelHandlerContext.java:360)\n\tat io.netty.channel.AbstractChannelHandlerContext.fireChannelRead(AbstractChannelHandlerContext.java:352)\n\tat io.netty.channel.DefaultChannelPipeline$HeadContext.channelRead(DefaultChannelPipeline.java:1422)\n\tat io.netty.channel.AbstractChannelHandlerContext.invokeChannelRead(AbstractChannelHandlerContext.java:374)\n\tat io.netty.channel.AbstractChannelHandlerContext.invokeChannelRead(AbstractChannelHandlerContext.java:360)\n\tat io.netty.channel.DefaultChannelPipeline.fireChannelRead(DefaultChannelPipeline.java:931)\n\tat io.netty.channel.nio.AbstractNioByteChannel$NioByteUnsafe.read(AbstractNioByteChannel.java:163)\n\tat io.netty.channel.nio.NioEventLoop.processSelectedKey(NioEventLoop.java:700)\n\tat io.netty.channel.nio.NioEventLoop.processSelectedKeysOptimized(NioEventLoop.java:635)\n\tat io.netty.channel.nio.NioEventLoop.processSelectedKeys(NioEventLoop.java:552)\n\tat io.netty.channel.nio.NioEventLoop.run(NioEventLoop.java:514)\n\tat io.netty.util.concurrent.SingleThreadEventExecutor$6.run(SingleThreadEventExecutor.java:1044)\n\tat io.netty.util.internal.ThreadExecutorMap$2.run(ThreadExecutorMap.java:74)\n\tat io.netty.util.concurrent.FastThreadLocalRunnable.run(FastThreadLocalRunnable.java:30)\n\tat java.lang.Thread.run(Thread.java:1012)\n"}}
Thu Jul 30 09:01:14 UTC 2026 | ALL | 07-30 09:01:13.820  4162  4220 I appium  : channel read: POST /session/0ec58237-84ed-40bd-bf67-28bb2b70cae2/element
Thu Jul 30 09:01:14 UTC 2026 | ALL | 07-30 09:01:13.820  4162  4220 I appium  : FindElement command
Thu Jul 30 09:01:14 UTC 2026 | ALL | 07-30 09:01:13.821  4162  4220 I appium  : method: 'xpath', selector: '//android.widget.EditText[1]'
Thu Jul 30 09:01:14 UTC 2026 | ALL | 07-30 09:01:13.821  4162  4220 I appium  : Waiting up to 10000ms for the device to idle
Thu Jul 30 09:01:14 UTC 2026 | ALL | 07-30 09:01:13.822  4162  4220 I appium  : The following attributes will be included to the page source: []
Thu Jul 30 09:01:14 UTC 2026 | ALL | 07-30 09:01:13.833  4162  4220 I appium  : Took 0ms to retrieve 0 matches for '//android.widget.EditText[1]' XPath2 query
Thu Jul 30 09:01:14 UTC 2026 | ALL | 07-30 09:01:13.834  4162  4220 I appium  : AppiumResponse: {"sessionId":"0ec58237-84ed-40bd-bf67-28bb2b70cae2","value":{"error":"no such element","message":"An element could not be located on the page using the given search parameters","stacktrace":"io.appium.uiautomator2.common.exceptions.ElementNotFoundException: An element could not be located on the page using the given search parameters\n\tat io.appium.uiautomator2.utils.ElementLocationHelpers.findElement(ElementLocationHelpers.java:156)\n\tat io.appium.uiautomator2.handler.FindElement.safeHandle(FindElement.java:60)\n\tat io.appium.uiautomator2.handler.request.SafeRequestHandler.handle(SafeRequestHandler.java:59)\n\tat io.appium.uiautomator2.server.AppiumServlet.handleRequest(AppiumServlet.java:259)\n\tat io.appium.uiautomator2.server.AppiumServlet.handleHttpRequest(AppiumServlet.java:253)\n\tat io.appium.uiautomator2.http.ServerHandler.channelRead(ServerHandler.java:77)\n\tat io.netty.channel.AbstractChannelHandlerContext.invokeChannelRead(AbstractChannelHandlerContext.java:374)\n\tat io.netty.channel.AbstractChannelHandlerContext.invokeChannelRead(AbstractChannelHandlerContext.java:360)\n\tat io.netty.channel.AbstractChannelHandlerContext.fireChannelRead(AbstractChannelHandlerContext.java:352)\n\tat io.netty.handler.codec.MessageToMessageDecoder.channelRead(MessageToMessageDecoder.java:102)\n\tat io.netty.channel.AbstractChannelHandlerContext.invokeChannelRead(AbstractChannelHandlerContext.java:374)\n\tat io.netty.channel.AbstractChannelHandlerContext.invokeChannelRead(AbstractChannelHandlerContext.java:360)\n\tat io.netty.channel.AbstractChannelHandlerContext.fireChannelRead(AbstractChannelHandlerContext.java:352)\n\tat io.netty.channel.CombinedChannelDuplexHandler$DelegatingChannelHandlerContext.fireChannelRead(CombinedChannelDuplexHandler.java:438)\n\tat io.netty.handler.codec.ByteToMessageDecoder.fireChannelRead(ByteToMessageDecoder.java:328)\n\tat io.netty.handler.codec.ByteToMessageDecoder.channelRead(ByteToMessageDecoder.java:302)\n\tat io.netty.channel.CombinedChannelDuplexHandler.channelRead(CombinedChannelDuplexHandler.java:253)\n\tat io.netty.channel.AbstractChannelHandlerContext.invokeChannelRead(AbstractChannelHandlerContext.java:374)\n\tat io.netty.channel.AbstractChannelHandlerContext.invokeChannelRead(AbstractChannelHandlerContext.java:360)\n\tat io.netty.channel.AbstractChannelHandlerContext.fireChannelRead(AbstractChannelHandlerContext.java:352)\n\tat io.netty.handler.timeout.IdleStateHandler.channelRead(IdleStateHandler.java:287)\n\tat io.netty.channel.AbstractChannelHandlerContext.invokeChannelRead(AbstractChannelHandlerContext.java:374)\n\tat io.netty.channel.AbstractChannelHandlerContext.invokeChannelRead(AbstractChannelHandlerContext.java:360)\n\tat io.netty.channel.AbstractChannelHandlerContext.fireChannelRead(AbstractChannelHandlerContext.java:352)\n\tat io.netty.channel.DefaultChannelPipeline$HeadContext.channelRead(DefaultChannelPipeline.java:1422)\n\tat io.netty.channel.AbstractChannelHandlerContext.invokeChannelRead(AbstractChannelHandlerContext.java:374)\n\tat io.netty.channel.AbstractChannelHandlerContext.invokeChannelRead(AbstractChannelHandlerContext.java:360)\n\tat io.netty.channel.DefaultChannelPipeline.fireChannelRead(DefaultChannelPipeline.java:931)\n\tat io.netty.channel.nio.AbstractNioByteChannel$NioByteUnsafe.read(AbstractNioByteChannel.java:163)\n\tat io.netty.channel.nio.NioEventLoop.processSelectedKey(NioEventLoop.java:700)\n\tat io.netty.channel.nio.NioEventLoop.processSelectedKeysOptimized(NioEventLoop.java:635)\n\tat io.netty.channel.nio.NioEventLoop.processSelectedKeys(NioEventLoop.java:552)\n\tat io.netty.channel.nio.NioEventLoop.run(NioEventLoop.java:514)\n\tat io.netty.util.concurrent.SingleThreadEventExecutor$6.run(SingleThreadEventExecutor.java:1044)\n\tat io.netty.util.internal.ThreadExecutorMap$2.run(ThreadExecutorMap.java:74)\n\tat io.netty.util.concurrent.FastThreadLocalRunnable.run(FastThreadLocalRunnable.java:30)\n\tat java.lang.Thread.run(Thread.java:1012)\n"}}
Thu Jul 30 09:01:15 UTC 2026 | ALL | 07-30 09:01:14.340  4162  4220 I appium  : channel read: POST /session/0ec58237-84ed-40bd-bf67-28bb2b70cae2/element
Thu Jul 30 09:01:15 UTC 2026 | ALL | 07-30 09:01:14.340  4162  4220 I appium  : FindElement command
Thu Jul 30 09:01:15 UTC 2026 | ALL | 07-30 09:01:14.341  4162  4220 I appium  : method: 'xpath', selector: '//android.widget.EditText[1]'
Thu Jul 30 09:01:15 UTC 2026 | ALL | 07-30 09:01:14.341  4162  4220 I appium  : Waiting up to 10000ms for the device to idle
Thu Jul 30 09:01:15 UTC 2026 | ALL | 07-30 09:01:14.343  4162  4220 I appium  : The following attributes will be included to the page source: []
Thu Jul 30 09:01:15 UTC 2026 | ALL | 07-30 09:01:14.354  4162  4220 I appium  : Took 0ms to retrieve 0 matches for '//android.widget.EditText[1]' XPath2 query
Thu Jul 30 09:01:15 UTC 2026 | ALL | 07-30 09:01:14.355  4162  4220 I appium  : AppiumResponse: {"sessionId":"0ec58237-84ed-40bd-bf67-28bb2b70cae2","value":{"error":"no such element","message":"An element could not be located on the page using the given search parameters","stacktrace":"io.appium.uiautomator2.common.exceptions.ElementNotFoundException: An element could not be located on the page using the given search parameters\n\tat io.appium.uiautomator2.utils.ElementLocationHelpers.findElement(ElementLocationHelpers.java:156)\n\tat io.appium.uiautomator2.handler.FindElement.safeHandle(FindElement.java:60)\n\tat io.appium.uiautomator2.handler.request.SafeRequestHandler.handle(SafeRequestHandler.java:59)\n\tat io.appium.uiautomator2.server.AppiumServlet.handleRequest(AppiumServlet.java:259)\n\tat io.appium.uiautomator2.server.AppiumServlet.handleHttpRequest(AppiumServlet.java:253)\n\tat io.appium.uiautomator2.http.ServerHandler.channelRead(ServerHandler.java:77)\n\tat io.netty.channel.AbstractChannelHandlerContext.invokeChannelRead(AbstractChannelHandlerContext.java:374)\n\tat io.netty.channel.AbstractChannelHandlerContext.invokeChannelRead(AbstractChannelHandlerContext.java:360)\n\tat io.netty.channel.AbstractChannelHandlerContext.fireChannelRead(AbstractChannelHandlerContext.java:352)\n\tat io.netty.handler.codec.MessageToMessageDecoder.channelRead(MessageToMessageDecoder.java:102)\n\tat io.netty.channel.AbstractChannelHandlerContext.invokeChannelRead(AbstractChannelHandlerContext.java:374)\n\tat io.netty.channel.AbstractChannelHandlerContext.invokeChannelRead(AbstractChannelHandlerContext.java:360)\n\tat io.netty.channel.AbstractChannelHandlerContext.fireChannelRead(AbstractChannelHandlerContext.java:352)\n\tat io.netty.channel.CombinedChannelDuplexHandler$DelegatingChannelHandlerContext.fireChannelRead(CombinedChannelDuplexHandler.java:438)\n\tat io.netty.handler.codec.ByteToMessageDecoder.fireChannelRead(ByteToMessageDecoder.java:328)\n\tat io.netty.handler.codec.ByteToMessageDecoder.channelRead(ByteToMessageDecoder.java:302)\n\tat io.netty.channel.CombinedChannelDuplexHandler.channelRead(CombinedChannelDuplexHandler.java:253)\n\tat io.netty.channel.AbstractChannelHandlerContext.invokeChannelRead(AbstractChannelHandlerContext.java:374)\n\tat io.netty.channel.AbstractChannelHandlerContext.invokeChannelRead(AbstractChannelHandlerContext.java:360)\n\tat io.netty.channel.AbstractChannelHandlerContext.fireChannelRead(AbstractChannelHandlerContext.java:352)\n\tat io.netty.handler.timeout.IdleStateHandler.channelRead(IdleStateHandler.java:287)\n\tat io.netty.channel.AbstractChannelHandlerContext.invokeChannelRead(AbstractChannelHandlerContext.java:374)\n\tat io.netty.channel.AbstractChannelHandlerContext.invokeChannelRead(AbstractChannelHandlerContext.java:360)\n\tat io.netty.channel.AbstractChannelHandlerContext.fireChannelRead(AbstractChannelHandlerContext.java:352)\n\tat io.netty.channel.DefaultChannelPipeline$HeadContext.channelRead(DefaultChannelPipeline.java:1422)\n\tat io.netty.channel.AbstractChannelHandlerContext.invokeChannelRead(AbstractChannelHandlerContext.java:374)\n\tat io.netty.channel.AbstractChannelHandlerContext.invokeChannelRead(AbstractChannelHandlerContext.java:360)\n\tat io.netty.channel.DefaultChannelPipeline.fireChannelRead(DefaultChannelPipeline.java:931)\n\tat io.netty.channel.nio.AbstractNioByteChannel$NioByteUnsafe.read(AbstractNioByteChannel.java:163)\n\tat io.netty.channel.nio.NioEventLoop.processSelectedKey(NioEventLoop.java:700)\n\tat io.netty.channel.nio.NioEventLoop.processSelectedKeysOptimized(NioEventLoop.java:635)\n\tat io.netty.channel.nio.NioEventLoop.processSelectedKeys(NioEventLoop.java:552)\n\tat io.netty.channel.nio.NioEventLoop.run(NioEventLoop.java:514)\n\tat io.netty.util.concurrent.SingleThreadEventExecutor$6.run(SingleThreadEventExecutor.java:1044)\n\tat io.netty.util.internal.ThreadExecutorMap$2.run(ThreadExecutorMap.java:74)\n\tat io.netty.util.concurrent.FastThreadLocalRunnable.run(FastThreadLocalRunnable.java:30)\n\tat java.lang.Thread.run(Thread.java:1012)\n"}}
Thu Jul 30 09:01:15 UTC 2026 | ALL | 07-30 09:01:14.861  4162  4220 I appium  : channel read: POST /session/0ec58237-84ed-40bd-bf67-28bb2b70cae2/element
Thu Jul 30 09:01:15 UTC 2026 | ALL | 07-30 09:01:14.861  4162  4220 I appium  : FindElement command
Thu Jul 30 09:01:15 UTC 2026 | ALL | 07-30 09:01:14.862  4162  4220 I appium  : method: 'xpath', selector: '//android.widget.EditText[1]'
Thu Jul 30 09:01:15 UTC 2026 | ALL | 07-30 09:01:14.862  4162  4220 I appium  : Waiting up to 10000ms for the device to idle
Thu Jul 30 09:01:15 UTC 2026 | ALL | 07-30 09:01:14.863  4162  4220 I appium  : The following attributes will be included to the page source: []
Thu Jul 30 09:01:15 UTC 2026 | ALL | 07-30 09:01:14.875  4162  4220 I appium  : Took 0ms to retrieve 0 matches for '//android.widget.EditText[1]' XPath2 query
Thu Jul 30 09:01:15 UTC 2026 | ALL | 07-30 09:01:14.876  4162  4220 I appium  : AppiumResponse: {"sessionId":"0ec58237-84ed-40bd-bf67-28bb2b70cae2","value":{"error":"no such element","message":"An element could not be located on the page using the given search parameters","stacktrace":"io.appium.uiautomator2.common.exceptions.ElementNotFoundException: An element could not be located on the page using the given search parameters\n\tat io.appium.uiautomator2.utils.ElementLocationHelpers.findElement(ElementLocationHelpers.java:156)\n\tat io.appium.uiautomator2.handler.FindElement.safeHandle(FindElement.java:60)\n\tat io.appium.uiautomator2.handler.request.SafeRequestHandler.handle(SafeRequestHandler.java:59)\n\tat io.appium.uiautomator2.server.AppiumServlet.handleRequest(AppiumServlet.java:259)\n\tat io.appium.uiautomator2.server.AppiumServlet.handleHttpRequest(AppiumServlet.java:253)\n\tat io.appium.uiautomator2.http.ServerHandler.channelRead(ServerHandler.java:77)\n\tat io.netty.channel.AbstractChannelHandlerContext.invokeChannelRead(AbstractChannelHandlerContext.java:374)\n\tat io.netty.channel.AbstractChannelHandlerContext.invokeChannelRead(AbstractChannelHandlerContext.java:360)\n\tat io.netty.channel.AbstractChannelHandlerContext.fireChannelRead(AbstractChannelHandlerContext.java:352)\n\tat io.netty.handler.codec.MessageToMessageDecoder.channelRead(MessageToMessageDecoder.java:102)\n\tat io.netty.channel.AbstractChannelHandlerContext.invokeChannelRead(AbstractChannelHandlerContext.java:374)\n\tat io.netty.channel.AbstractChannelHandlerContext.invokeChannelRead(AbstractChannelHandlerContext.java:360)\n\tat io.netty.channel.AbstractChannelHandlerContext.fireChannelRead(AbstractChannelHandlerContext.java:352)\n\tat io.netty.channel.CombinedChannelDuplexHandler$DelegatingChannelHandlerContext.fireChannelRead(CombinedChannelDuplexHandler.java:438)\n\tat io.netty.handler.codec.ByteToMessageDecoder.fireChannelRead(ByteToMessageDecoder.java:328)\n\tat io.netty.handler.codec.ByteToMessageDecoder.channelRead(ByteToMessageDecoder.java:302)\n\tat io.netty.channel.CombinedChannelDuplexHandler.channelRead(CombinedChannelDuplexHandler.java:253)\n\tat io.netty.channel.AbstractChannelHandlerContext.invokeChannelRead(AbstractChannelHandlerContext.java:374)\n\tat io.netty.channel.AbstractChannelHandlerContext.invokeChannelRead(AbstractChannelHandlerContext.java:360)\n\tat io.netty.channel.AbstractChannelHandlerContext.fireChannelRead(AbstractChannelHandlerContext.java:352)\n\tat io.netty.handler.timeout.IdleStateHandler.channelRead(IdleStateHandler.java:287)\n\tat io.netty.channel.AbstractChannelHandlerContext.invokeChannelRead(AbstractChannelHandlerContext.java:374)\n\tat io.netty.channel.AbstractChannelHandlerContext.invokeChannelRead(AbstractChannelHandlerContext.java:360)\n\tat io.netty.channel.AbstractChannelHandlerContext.fireChannelRead(AbstractChannelHandlerContext.java:352)\n\tat io.netty.channel.DefaultChannelPipeline$HeadContext.channelRead(DefaultChannelPipeline.java:1422)\n\tat io.netty.channel.AbstractChannelHandlerContext.invokeChannelRead(AbstractChannelHandlerContext.java:374)\n\tat io.netty.channel.AbstractChannelHandlerContext.invokeChannelRead(AbstractChannelHandlerContext.java:360)\n\tat io.netty.channel.DefaultChannelPipeline.fireChannelRead(DefaultChannelPipeline.java:931)\n\tat io.netty.channel.nio.AbstractNioByteChannel$NioByteUnsafe.read(AbstractNioByteChannel.java:163)\n\tat io.netty.channel.nio.NioEventLoop.processSelectedKey(NioEventLoop.java:700)\n\tat io.netty.channel.nio.NioEventLoop.processSelectedKeysOptimized(NioEventLoop.java:635)\n\tat io.netty.channel.nio.NioEventLoop.processSelectedKeys(NioEventLoop.java:552)\n\tat io.netty.channel.nio.NioEventLoop.run(NioEventLoop.java:514)\n\tat io.netty.util.concurrent.SingleThreadEventExecutor$6.run(SingleThreadEventExecutor.java:1044)\n\tat io.netty.util.internal.ThreadExecutorMap$2.run(ThreadExecutorMap.java:74)\n\tat io.netty.util.concurrent.FastThreadLocalRunnable.run(FastThreadLocalRunnable.java:30)\n\tat java.lang.Thread.run(Thread.java:1012)\n"}}
Thu Jul 30 09:01:16 UTC 2026 | ALL | 07-30 09:01:15.120  1817  1817 I wpa_supplicant: wlan0: CTRL-EVENT-BEACON-LOSS 
Thu Jul 30 09:01:16 UTC 2026 | ALL | 07-30 09:01:15.382  4162  4220 I appium  : channel read: POST /session/0ec58237-84ed-40bd-bf67-28bb2b70cae2/element
Thu Jul 30 09:01:16 UTC 2026 | ALL | 07-30 09:01:15.382  4162  4220 I appium  : FindElement command
Thu Jul 30 09:01:16 UTC 2026 | ALL | 07-30 09:01:15.383  4162  4220 I appium  : method: 'xpath', selector: '//android.widget.EditText[1]'
Thu Jul 30 09:01:16 UTC 2026 | ALL | 07-30 09:01:15.383  4162  4220 I appium  : Waiting up to 10000ms for the device to idle
Thu Jul 30 09:01:16 UTC 2026 | ALL | 07-30 09:01:15.384  4162  4220 I appium  : The following attributes will be included to the page source: []
Thu Jul 30 09:01:16 UTC 2026 | ALL | 07-30 09:01:15.394  4162  4220 I appium  : Took 0ms to retrieve 0 matches for '//android.widget.EditText[1]' XPath2 query
Thu Jul 30 09:01:16 UTC 2026 | ALL | 07-30 09:01:15.394  4162  4220 I appium  : AppiumResponse: {"sessionId":"0ec58237-84ed-40bd-bf67-28bb2b70cae2","value":{"error":"no such element","message":"An element could not be located on the page using the given search parameters","stacktrace":"io.appium.uiautomator2.common.exceptions.ElementNotFoundException: An element could not be located on the page using the given search parameters\n\tat io.appium.uiautomator2.utils.ElementLocationHelpers.findElement(ElementLocationHelpers.java:156)\n\tat io.appium.uiautomator2.handler.FindElement.safeHandle(FindElement.java:60)\n\tat io.appium.uiautomator2.handler.request.SafeRequestHandler.handle(SafeRequestHandler.java:59)\n\tat io.appium.uiautomator2.server.AppiumServlet.handleRequest(AppiumServlet.java:259)\n\tat io.appium.uiautomator2.server.AppiumServlet.handleHttpRequest(AppiumServlet.java:253)\n\tat io.appium.uiautomator2.http.ServerHandler.channelRead(ServerHandler.java:77)\n\tat io.netty.channel.AbstractChannelHandlerContext.invokeChannelRead(AbstractChannelHandlerContext.java:374)\n\tat io.netty.channel.AbstractChannelHandlerContext.invokeChannelRead(AbstractChannelHandlerContext.java:360)\n\tat io.netty.channel.AbstractChannelHandlerContext.fireChannelRead(AbstractChannelHandlerContext.java:352)\n\tat io.netty.handler.codec.MessageToMessageDecoder.channelRead(MessageToMessageDecoder.java:102)\n\tat io.netty.channel.AbstractChannelHandlerContext.invokeChannelRead(AbstractChannelHandlerContext.java:374)\n\tat io.netty.channel.AbstractChannelHandlerContext.invokeChannelRead(AbstractChannelHandlerContext.java:360)\n\tat io.netty.channel.AbstractChannelHandlerContext.fireChannelRead(AbstractChannelHandlerContext.java:352)\n\tat io.netty.channel.CombinedChannelDuplexHandler$DelegatingChannelHandlerContext.fireChannelRead(CombinedChannelDuplexHandler.java:438)\n\tat io.netty.handler.codec.ByteToMessageDecoder.fireChannelRead(ByteToMessageDecoder.java:328)\n\tat io.netty.handler.codec.ByteToMessageDecoder.channelRead(ByteToMessageDecoder.java:302)\n\tat io.netty.channel.CombinedChannelDuplexHandler.channelRead(CombinedChannelDuplexHandler.java:253)\n\tat io.netty.channel.AbstractChannelHandlerContext.invokeChannelRead(AbstractChannelHandlerContext.java:374)\n\tat io.netty.channel.AbstractChannelHandlerContext.invokeChannelRead(AbstractChannelHandlerContext.java:360)\n\tat io.netty.channel.AbstractChannelHandlerContext.fireChannelRead(AbstractChannelHandlerContext.java:352)\n\tat io.netty.handler.timeout.IdleStateHandler.channelRead(IdleStateHandler.java:287)\n\tat io.netty.channel.AbstractChannelHandlerContext.invokeChannelRead(AbstractChannelHandlerContext.java:374)\n\tat io.netty.channel.AbstractChannelHandlerContext.invokeChannelRead(AbstractChannelHandlerContext.java:360)\n\tat io.netty.channel.AbstractChannelHandlerContext.fireChannelRead(AbstractChannelHandlerContext.java:352)\n\tat io.netty.channel.DefaultChannelPipeline$HeadContext.channelRead(DefaultChannelPipeline.java:1422)\n\tat io.netty.channel.AbstractChannelHandlerContext.invokeChannelRead(AbstractChannelHandlerContext.java:374)\n\tat io.netty.channel.AbstractChannelHandlerContext.invokeChannelRead(AbstractChannelHandlerContext.java:360)\n\tat io.netty.channel.DefaultChannelPipeline.fireChannelRead(DefaultChannelPipeline.java:931)\n\tat io.netty.channel.nio.AbstractNioByteChannel$NioByteUnsafe.read(AbstractNioByteChannel.java:163)\n\tat io.netty.channel.nio.NioEventLoop.processSelectedKey(NioEventLoop.java:700)\n\tat io.netty.channel.nio.NioEventLoop.processSelectedKeysOptimized(NioEventLoop.java:635)\n\tat io.netty.channel.nio.NioEventLoop.processSelectedKeys(NioEventLoop.java:552)\n\tat io.netty.channel.nio.NioEventLoop.run(NioEventLoop.java:514)\n\tat io.netty.util.concurrent.SingleThreadEventExecutor$6.run(SingleThreadEventExecutor.java:1044)\n\tat io.netty.util.internal.ThreadExecutorMap$2.run(ThreadExecutorMap.java:74)\n\tat io.netty.util.concurrent.FastThreadLocalRunnable.run(FastThreadLocalRunnable.java:30)\n\tat java.lang.Thread.run(Thread.java:1012)\n"}}
Thu Jul 30 09:01:16 UTC 2026 | ALL | 07-30 09:01:15.901  4162  4220 I appium  : channel read: POST /session/0ec58237-84ed-40bd-bf67-28bb2b70cae2/element
Thu Jul 30 09:01:16 UTC 2026 | ALL | 07-30 09:01:15.901  4162  4220 I appium  : FindElement command
Thu Jul 30 09:01:16 UTC 2026 | ALL | 07-30 09:01:15.901  4162  4220 I appium  : method: 'xpath', selector: '//android.widget.EditText[1]'
Thu Jul 30 09:01:16 UTC 2026 | ALL | 07-30 09:01:15.902  4162  4220 I appium  : Waiting up to 10000ms for the device to idle
Thu Jul 30 09:01:16 UTC 2026 | ALL | 07-30 09:01:15.903  4162  4220 I appium  : The following attributes will be included to the page source: []
Thu Jul 30 09:01:16 UTC 2026 | ALL | 07-30 09:01:15.906  4162  4170 I tomator2.server: Method exceeds compiler instruction limit: 19264 in java_cup.runtime.Symbol org.eclipse.wst.xml.xpath2.processor.internal.CUP$XPathCup$actions.CUP$XPathCup$do_action(int, java_cup.runtime.lr_parser, java.util.Stack, int)
Thu Jul 30 09:01:16 UTC 2026 | ALL | 07-30 09:01:15.913  4162  4220 I appium  : Took 0ms to retrieve 0 matches for '//android.widget.EditText[1]' XPath2 query
Thu Jul 30 09:01:16 UTC 2026 | ALL | 07-30 09:01:15.914  4162  4220 I appium  : AppiumResponse: {"sessionId":"0ec58237-84ed-40bd-bf67-28bb2b70cae2","value":{"error":"no such element","message":"An element could not be located on the page using the given search parameters","stacktrace":"io.appium.uiautomator2.common.exceptions.ElementNotFoundException: An element could not be located on the page using the given search parameters\n\tat io.appium.uiautomator2.utils.ElementLocationHelpers.findElement(ElementLocationHelpers.java:156)\n\tat io.appium.uiautomator2.handler.FindElement.safeHandle(FindElement.java:60)\n\tat io.appium.uiautomator2.handler.request.SafeRequestHandler.handle(SafeRequestHandler.java:59)\n\tat io.appium.uiautomator2.server.AppiumServlet.handleRequest(AppiumServlet.java:259)\n\tat io.appium.uiautomator2.server.AppiumServlet.handleHttpRequest(AppiumServlet.java:253)\n\tat io.appium.uiautomator2.http.ServerHandler.channelRead(ServerHandler.java:77)\n\tat io.netty.channel.AbstractChannelHandlerContext.invokeChannelRead(AbstractChannelHandlerContext.java:374)\n\tat io.netty.channel.AbstractChannelHandlerContext.invokeChannelRead(AbstractChannelHandlerContext.java:360)\n\tat io.netty.channel.AbstractChannelHandlerContext.fireChannelRead(AbstractChannelHandlerContext.java:352)\n\tat io.netty.handler.codec.MessageToMessageDecoder.channelRead(MessageToMessageDecoder.java:102)\n\tat io.netty.channel.AbstractChannelHandlerContext.invokeChannelRead(AbstractChannelHandlerContext.java:374)\n\tat io.netty.channel.AbstractChannelHandlerContext.invokeChannelRead(AbstractChannelHandlerContext.java:360)\n\tat io.netty.channel.AbstractChannelHandlerContext.fireChannelRead(AbstractChannelHandlerContext.java:352)\n\tat io.netty.channel.CombinedChannelDuplexHandler$DelegatingChannelHandlerContext.fireChannelRead(CombinedChannelDuplexHandler.java:438)\n\tat io.netty.handler.codec.ByteToMessageDecoder.fireChannelRead(ByteToMessageDecoder.java:328)\n\tat io.netty.handler.codec.ByteToMessageDecoder.channelRead(ByteToMessageDecoder.java:302)\n\tat io.netty.channel.CombinedChannelDuplexHandler.channelRead(CombinedChannelDuplexHandler.java:253)\n\tat io.netty.channel.AbstractChannelHandlerContext.invokeChannelRead(AbstractChannelHandlerContext.java:374)\n\tat io.netty.channel.AbstractChannelHandlerContext.invokeChannelRead(AbstractChannelHandlerContext.java:360)\n\tat io.netty.channel.AbstractChannelHandlerContext.fireChannelRead(AbstractChannelHandlerContext.java:352)\n\tat io.netty.handler.timeout.IdleStateHandler.channelRead(IdleStateHandler.java:287)\n\tat io.netty.channel.AbstractChannelHandlerContext.invokeChannelRead(AbstractChannelHandlerContext.java:374)\n\tat io.netty.channel.AbstractChannelHandlerContext.invokeChannelRead(AbstractChannelHandlerContext.java:360)\n\tat io.netty.channel.AbstractChannelHandlerContext.fireChannelRead(AbstractChannelHandlerContext.java:352)\n\tat io.netty.channel.DefaultChannelPipeline$HeadContext.channelRead(DefaultChannelPipeline.java:1422)\n\tat io.netty.channel.AbstractChannelHandlerContext.invokeChannelRead(AbstractChannelHandlerContext.java:374)\n\tat io.netty.channel.AbstractChannelHandlerContext.invokeChannelRead(AbstractChannelHandlerContext.java:360)\n\tat io.netty.channel.DefaultChannelPipeline.fireChannelRead(DefaultChannelPipeline.java:931)\n\tat io.netty.channel.nio.AbstractNioByteChannel$NioByteUnsafe.read(AbstractNioByteChannel.java:163)\n\tat io.netty.channel.nio.NioEventLoop.processSelectedKey(NioEventLoop.java:700)\n\tat io.netty.channel.nio.NioEventLoop.processSelectedKeysOptimized(NioEventLoop.java:635)\n\tat io.netty.channel.nio.NioEventLoop.processSelectedKeys(NioEventLoop.java:552)\n\tat io.netty.channel.nio.NioEventLoop.run(NioEventLoop.java:514)\n\tat io.netty.util.concurrent.SingleThreadEventExecutor$6.run(SingleThreadEventExecutor.java:1044)\n\tat io.netty.util.internal.ThreadExecutorMap$2.run(ThreadExecutorMap.java:74)\n\tat io.netty.util.concurrent.FastThreadLocalRunnable.run(FastThreadLocalRunnable.java:30)\n\tat java.lang.Thread.run(Thread.java:1012)\n"}}
Thu Jul 30 09:01:17 UTC 2026 | ALL | 07-30 09:01:16.420  4162  4220 I appium  : channel read: POST /session/0ec58237-84ed-40bd-bf67-28bb2b70cae2/element
Thu Jul 30 09:01:17 UTC 2026 | ALL | 07-30 09:01:16.421  4162  4220 I appium  : FindElement command
Thu Jul 30 09:01:17 UTC 2026 | ALL | 07-30 09:01:16.421  4162  4220 I appium  : method: 'xpath', selector: '//android.widget.EditText[1]'
Thu Jul 30 09:01:17 UTC 2026 | ALL | 07-30 09:01:16.422  4162  4220 I appium  : Waiting up to 10000ms for the device to idle
Thu Jul 30 09:01:17 UTC 2026 | ALL | 07-30 09:01:16.423  4162  4220 I appium  : The following attributes will be included to the page source: []
Thu Jul 30 09:01:17 UTC 2026 | ALL | 07-30 09:01:16.433  4162  4220 I appium  : Took 0ms to retrieve 0 matches for '//android.widget.EditText[1]' XPath2 query
Thu Jul 30 09:01:17 UTC 2026 | ALL | 07-30 09:01:16.434  4162  4220 I appium  : AppiumResponse: {"sessionId":"0ec58237-84ed-40bd-bf67-28bb2b70cae2","value":{"error":"no such element","message":"An element could not be located on the page using the given search parameters","stacktrace":"io.appium.uiautomator2.common.exceptions.ElementNotFoundException: An element could not be located on the page using the given search parameters\n\tat io.appium.uiautomator2.utils.ElementLocationHelpers.findElement(ElementLocationHelpers.java:156)\n\tat io.appium.uiautomator2.handler.FindElement.safeHandle(FindElement.java:60)\n\tat io.appium.uiautomator2.handler.request.SafeRequestHandler.handle(SafeRequestHandler.java:59)\n\tat io.appium.uiautomator2.server.AppiumServlet.handleRequest(AppiumServlet.java:259)\n\tat io.appium.uiautomator2.server.AppiumServlet.handleHttpRequest(AppiumServlet.java:253)\n\tat io.appium.uiautomator2.http.ServerHandler.channelRead(ServerHandler.java:77)\n\tat io.netty.channel.AbstractChannelHandlerContext.invokeChannelRead(AbstractChannelHandlerContext.java:374)\n\tat io.netty.channel.AbstractChannelHandlerContext.invokeChannelRead(AbstractChannelHandlerContext.java:360)\n\tat io.netty.channel.AbstractChannelHandlerContext.fireChannelRead(AbstractChannelHandlerContext.java:352)\n\tat io.netty.handler.codec.MessageToMessageDecoder.channelRead(MessageToMessageDecoder.java:102)\n\tat io.netty.channel.AbstractChannelHandlerContext.invokeChannelRead(AbstractChannelHandlerContext.java:374)\n\tat io.netty.channel.AbstractChannelHandlerContext.invokeChannelRead(AbstractChannelHandlerContext.java:360)\n\tat io.netty.channel.AbstractChannelHandlerContext.fireChannelRead(AbstractChannelHandlerContext.java:352)\n\tat io.netty.channel.CombinedChannelDuplexHandler$DelegatingChannelHandlerContext.fireChannelRead(CombinedChannelDuplexHandler.java:438)\n\tat io.netty.handler.codec.ByteToMessageDecoder.fireChannelRead(ByteToMessageDecoder.java:328)\n\tat io.netty.handler.codec.ByteToMessageDecoder.channelRead(ByteToMessageDecoder.java:302)\n\tat io.netty.channel.CombinedChannelDuplexHandler.channelRead(CombinedChannelDuplexHandler.java:253)\n\tat io.netty.channel.AbstractChannelHandlerContext.invokeChannelRead(AbstractChannelHandlerContext.java:374)\n\tat io.netty.channel.AbstractChannelHandlerContext.invokeChannelRead(AbstractChannelHandlerContext.java:360)\n\tat io.netty.channel.AbstractChannelHandlerContext.fireChannelRead(AbstractChannelHandlerContext.java:352)\n\tat io.netty.handler.timeout.IdleStateHandler.channelRead(IdleStateHandler.java:287)\n\tat io.netty.channel.AbstractChannelHandlerContext.invokeChannelRead(AbstractChannelHandlerContext.java:374)\n\tat io.netty.channel.AbstractChannelHandlerContext.invokeChannelRead(AbstractChannelHandlerContext.java:360)\n\tat io.netty.channel.AbstractChannelHandlerContext.fireChannelRead(AbstractChannelHandlerContext.java:352)\n\tat io.netty.channel.DefaultChannelPipeline$HeadContext.channelRead(DefaultChannelPipeline.java:1422)\n\tat io.netty.channel.AbstractChannelHandlerContext.invokeChannelRead(AbstractChannelHandlerContext.java:374)\n\tat io.netty.channel.AbstractChannelHandlerContext.invokeChannelRead(AbstractChannelHandlerContext.java:360)\n\tat io.netty.channel.DefaultChannelPipeline.fireChannelRead(DefaultChannelPipeline.java:931)\n\tat io.netty.channel.nio.AbstractNioByteChannel$NioByteUnsafe.read(AbstractNioByteChannel.java:163)\n\tat io.netty.channel.nio.NioEventLoop.processSelectedKey(NioEventLoop.java:700)\n\tat io.netty.channel.nio.NioEventLoop.processSelectedKeysOptimized(NioEventLoop.java:635)\n\tat io.netty.channel.nio.NioEventLoop.processSelectedKeys(NioEventLoop.java:552)\n\tat io.netty.channel.nio.NioEventLoop.run(NioEventLoop.java:514)\n\tat io.netty.util.concurrent.SingleThreadEventExecutor$6.run(SingleThreadEventExecutor.java:1044)\n\tat io.netty.util.internal.ThreadExecutorMap$2.run(ThreadExecutorMap.java:74)\n\tat io.netty.util.concurrent.FastThreadLocalRunnable.run(FastThreadLocalRunnable.java:30)\n\tat java.lang.Thread.run(Thread.java:1012)\n"}}
Thu Jul 30 09:01:17 UTC 2026 | ALL | 07-30 09:01:16.942  4162  4220 I appium  : channel read: POST /session/0ec58237-84ed-40bd-bf67-28bb2b70cae2/element
Thu Jul 30 09:01:17 UTC 2026 | ALL | 07-30 09:01:16.942  4162  4220 I appium  : FindElement command
Thu Jul 30 09:01:17 UTC 2026 | ALL | 07-30 09:01:16.943  4162  4220 I appium  : method: 'xpath', selector: '//android.widget.EditText[1]'
Thu Jul 30 09:01:17 UTC 2026 | ALL | 07-30 09:01:16.943  4162  4220 I appium  : Waiting up to 10000ms for the device to idle
Thu Jul 30 09:01:17 UTC 2026 | ALL | 07-30 09:01:16.944  4162  4220 I appium  : The following attributes will be included to the page source: []
Thu Jul 30 09:01:17 UTC 2026 | ALL | 07-30 09:01:16.957  4162  4220 I appium  : Took 0ms to retrieve 0 matches for '//android.widget.EditText[1]' XPath2 query
Thu Jul 30 09:01:17 UTC 2026 | ALL | 07-30 09:01:16.958  4162  4220 I appium  : AppiumResponse: {"sessionId":"0ec58237-84ed-40bd-bf67-28bb2b70cae2","value":{"error":"no such element","message":"An element could not be located on the page using the given search parameters","stacktrace":"io.appium.uiautomator2.common.exceptions.ElementNotFoundException: An element could not be located on the page using the given search parameters\n\tat io.appium.uiautomator2.utils.ElementLocationHelpers.findElement(ElementLocationHelpers.java:156)\n\tat io.appium.uiautomator2.handler.FindElement.safeHandle(FindElement.java:60)\n\tat io.appium.uiautomator2.handler.request.SafeRequestHandler.handle(SafeRequestHandler.java:59)\n\tat io.appium.uiautomator2.server.AppiumServlet.handleRequest(AppiumServlet.java:259)\n\tat io.appium.uiautomator2.server.AppiumServlet.handleHttpRequest(AppiumServlet.java:253)\n\tat io.appium.uiautomator2.http.ServerHandler.channelRead(ServerHandler.java:77)\n\tat io.netty.channel.AbstractChannelHandlerContext.invokeChannelRead(AbstractChannelHandlerContext.java:374)\n\tat io.netty.channel.AbstractChannelHandlerContext.invokeChannelRead(AbstractChannelHandlerContext.java:360)\n\tat io.netty.channel.AbstractChannelHandlerContext.fireChannelRead(AbstractChannelHandlerContext.java:352)\n\tat io.netty.handler.codec.MessageToMessageDecoder.channelRead(MessageToMessageDecoder.java:102)\n\tat io.netty.channel.AbstractChannelHandlerContext.invokeChannelRead(AbstractChannelHandlerContext.java:374)\n\tat io.netty.channel.AbstractChannelHandlerContext.invokeChannelRead(AbstractChannelHandlerContext.java:360)\n\tat io.netty.channel.AbstractChannelHandlerContext.fireChannelRead(AbstractChannelHandlerContext.java:352)\n\tat io.netty.channel.CombinedChannelDuplexHandler$DelegatingChannelHandlerContext.fireChannelRead(CombinedChannelDuplexHandler.java:438)\n\tat io.netty.handler.codec.ByteToMessageDecoder.fireChannelRead(ByteToMessageDecoder.java:328)\n\tat io.netty.handler.codec.ByteToMessageDecoder.channelRead(ByteToMessageDecoder.java:302)\n\tat io.netty.channel.CombinedChannelDuplexHandler.channelRead(CombinedChannelDuplexHandler.java:253)\n\tat io.netty.channel.AbstractChannelHandlerContext.invokeChannelRead(AbstractChannelHandlerContext.java:374)\n\tat io.netty.channel.AbstractChannelHandlerContext.invokeChannelRead(AbstractChannelHandlerContext.java:360)\n\tat io.netty.channel.AbstractChannelHandlerContext.fireChannelRead(AbstractChannelHandlerContext.java:352)\n\tat io.netty.handler.timeout.IdleStateHandler.channelRead(IdleStateHandler.java:287)\n\tat io.netty.channel.AbstractChannelHandlerContext.invokeChannelRead(AbstractChannelHandlerContext.java:374)\n\tat io.netty.channel.AbstractChannelHandlerContext.invokeChannelRead(AbstractChannelHandlerContext.java:360)\n\tat io.netty.channel.AbstractChannelHandlerContext.fireChannelRead(AbstractChannelHandlerContext.java:352)\n\tat io.netty.channel.DefaultChannelPipeline$HeadContext.channelRead(DefaultChannelPipeline.java:1422)\n\tat io.netty.channel.AbstractChannelHandlerContext.invokeChannelRead(AbstractChannelHandlerContext.java:374)\n\tat io.netty.channel.AbstractChannelHandlerContext.invokeChannelRead(AbstractChannelHandlerContext.java:360)\n\tat io.netty.channel.DefaultChannelPipeline.fireChannelRead(DefaultChannelPipeline.java:931)\n\tat io.netty.channel.nio.AbstractNioByteChannel$NioByteUnsafe.read(AbstractNioByteChannel.java:163)\n\tat io.netty.channel.nio.NioEventLoop.processSelectedKey(NioEventLoop.java:700)\n\tat io.netty.channel.nio.NioEventLoop.processSelectedKeysOptimized(NioEventLoop.java:635)\n\tat io.netty.channel.nio.NioEventLoop.processSelectedKeys(NioEventLoop.java:552)\n\tat io.netty.channel.nio.NioEventLoop.run(NioEventLoop.java:514)\n\tat io.netty.util.concurrent.SingleThreadEventExecutor$6.run(SingleThreadEventExecutor.java:1044)\n\tat io.netty.util.internal.ThreadExecutorMap$2.run(ThreadExecutorMap.java:74)\n\tat io.netty.util.concurrent.FastThreadLocalRunnable.run(FastThreadLocalRunnable.java:30)\n\tat java.lang.Thread.run(Thread.java:1012)\n"}}
Thu Jul 30 09:01:18 UTC 2026 | ALL | 07-30 09:01:17.465  4162  4220 I appium  : channel read: POST /session/0ec58237-84ed-40bd-bf67-28bb2b70cae2/element
Thu Jul 30 09:01:18 UTC 2026 | ALL | 07-30 09:01:17.465  4162  4220 I appium  : FindElement command
Thu Jul 30 09:01:18 UTC 2026 | ALL | 07-30 09:01:17.466  4162  4220 I appium  : method: 'xpath', selector: '//android.widget.EditText[1]'
Thu Jul 30 09:01:18 UTC 2026 | ALL | 07-30 09:01:17.466  4162  4220 I appium  : Waiting up to 10000ms for the device to idle
Thu Jul 30 09:01:18 UTC 2026 | ALL | 07-30 09:01:17.467  4162  4220 I appium  : The following attributes will be included to the page source: []
Thu Jul 30 09:01:18 UTC 2026 | ALL | 07-30 09:01:17.478  4162  4220 I appium  : Took 0ms to retrieve 0 matches for '//android.widget.EditText[1]' XPath2 query
Thu Jul 30 09:01:18 UTC 2026 | ALL | 07-30 09:01:17.479  4162  4220 I appium  : AppiumResponse: {"sessionId":"0ec58237-84ed-40bd-bf67-28bb2b70cae2","value":{"error":"no such element","message":"An element could not be located on the page using the given search parameters","stacktrace":"io.appium.uiautomator2.common.exceptions.ElementNotFoundException: An element could not be located on the page using the given search parameters\n\tat io.appium.uiautomator2.utils.ElementLocationHelpers.findElement(ElementLocationHelpers.java:156)\n\tat io.appium.uiautomator2.handler.FindElement.safeHandle(FindElement.java:60)\n\tat io.appium.uiautomator2.handler.request.SafeRequestHandler.handle(SafeRequestHandler.java:59)\n\tat io.appium.uiautomator2.server.AppiumServlet.handleRequest(AppiumServlet.java:259)\n\tat io.appium.uiautomator2.server.AppiumServlet.handleHttpRequest(AppiumServlet.java:253)\n\tat io.appium.uiautomator2.http.ServerHandler.channelRead(ServerHandler.java:77)\n\tat io.netty.channel.AbstractChannelHandlerContext.invokeChannelRead(AbstractChannelHandlerContext.java:374)\n\tat io.netty.channel.AbstractChannelHandlerContext.invokeChannelRead(AbstractChannelHandlerContext.java:360)\n\tat io.netty.channel.AbstractChannelHandlerContext.fireChannelRead(AbstractChannelHandlerContext.java:352)\n\tat io.netty.handler.codec.MessageToMessageDecoder.channelRead(MessageToMessageDecoder.java:102)\n\tat io.netty.channel.AbstractChannelHandlerContext.invokeChannelRead(AbstractChannelHandlerContext.java:374)\n\tat io.netty.channel.AbstractChannelHandlerContext.invokeChannelRead(AbstractChannelHandlerContext.java:360)\n\tat io.netty.channel.AbstractChannelHandlerContext.fireChannelRead(AbstractChannelHandlerContext.java:352)\n\tat io.netty.channel.CombinedChannelDuplexHandler$DelegatingChannelHandlerContext.fireChannelRead(CombinedChannelDuplexHandler.java:438)\n\tat io.netty.handler.codec.ByteToMessageDecoder.fireChannelRead(ByteToMessageDecoder.java:328)\n\tat io.netty.handler.codec.ByteToMessageDecoder.channelRead(ByteToMessageDecoder.java:302)\n\tat io.netty.channel.CombinedChannelDuplexHandler.channelRead(CombinedChannelDuplexHandler.java:253)\n\tat io.netty.channel.AbstractChannelHandlerContext.invokeChannelRead(AbstractChannelHandlerContext.java:374)\n\tat io.netty.channel.AbstractChannelHandlerContext.invokeChannelRead(AbstractChannelHandlerContext.java:360)\n\tat io.netty.channel.AbstractChannelHandlerContext.fireChannelRead(AbstractChannelHandlerContext.java:352)\n\tat io.netty.handler.timeout.IdleStateHandler.channelRead(IdleStateHandler.java:287)\n\tat io.netty.channel.AbstractChannelHandlerContext.invokeChannelRead(AbstractChannelHandlerContext.java:374)\n\tat io.netty.channel.AbstractChannelHandlerContext.invokeChannelRead(AbstractChannelHandlerContext.java:360)\n\tat io.netty.channel.AbstractChannelHandlerContext.fireChannelRead(AbstractChannelHandlerContext.java:352)\n\tat io.netty.channel.DefaultChannelPipeline$HeadContext.channelRead(DefaultChannelPipeline.java:1422)\n\tat io.netty.channel.AbstractChannelHandlerContext.invokeChannelRead(AbstractChannelHandlerContext.java:374)\n\tat io.netty.channel.AbstractChannelHandlerContext.invokeChannelRead(AbstractChannelHandlerContext.java:360)\n\tat io.netty.channel.DefaultChannelPipeline.fireChannelRead(DefaultChannelPipeline.java:931)\n\tat io.netty.channel.nio.AbstractNioByteChannel$NioByteUnsafe.read(AbstractNioByteChannel.java:163)\n\tat io.netty.channel.nio.NioEventLoop.processSelectedKey(NioEventLoop.java:700)\n\tat io.netty.channel.nio.NioEventLoop.processSelectedKeysOptimized(NioEventLoop.java:635)\n\tat io.netty.channel.nio.NioEventLoop.processSelectedKeys(NioEventLoop.java:552)\n\tat io.netty.channel.nio.NioEventLoop.run(NioEventLoop.java:514)\n\tat io.netty.util.concurrent.SingleThreadEventExecutor$6.run(SingleThreadEventExecutor.java:1044)\n\tat io.netty.util.internal.ThreadExecutorMap$2.run(ThreadExecutorMap.java:74)\n\tat io.netty.util.concurrent.FastThreadLocalRunnable.run(FastThreadLocalRunnable.java:30)\n\tat java.lang.Thread.run(Thread.java:1012)\n"}}
Thu Jul 30 09:01:18 UTC 2026 | ALL | 07-30 09:01:17.481   560  1820 D WifiNl80211Manager: Scan result ready event
Thu Jul 30 09:01:18 UTC 2026 | ALL | 07-30 09:01:17.481   560  1820 D WifiNative: Scan result ready event
Thu Jul 30 09:01:18 UTC 2026 | ALL | 07-30 09:01:17.483   560   826 I HalDevMgr: bestIfaceCreationProposal is null, requestIface=STA, existingIface=[name=wlan0 type=STA]
Thu Jul 30 09:01:18 UTC 2026 | ALL | 07-30 09:01:17.985  4162  4220 I appium  : channel read: POST /session/0ec58237-84ed-40bd-bf67-28bb2b70cae2/element
Thu Jul 30 09:01:18 UTC 2026 | ALL | 07-30 09:01:17.986  4162  4220 I appium  : FindElement command
Thu Jul 30 09:01:18 UTC 2026 | ALL | 07-30 09:01:17.987  4162  4220 I appium  : method: 'xpath', selector: '//android.widget.EditText[1]'
Thu Jul 30 09:01:18 UTC 2026 | ALL | 07-30 09:01:17.987  4162  4220 I appium  : Waiting up to 10000ms for the device to idle
Thu Jul 30 09:01:18 UTC 2026 | ALL | 07-30 09:01:17.988  4162  4220 I appium  : The following attributes will be included to the page source: []
Thu Jul 30 09:01:18 UTC 2026 | ALL | 07-30 09:01:17.998  4162  4220 I appium  : Took 0ms to retrieve 0 matches for '//android.widget.EditText[1]' XPath2 query
Thu Jul 30 09:01:18 UTC 2026 | ALL | 07-30 09:01:17.999  4162  4220 I appium  : AppiumResponse: {"sessionId":"0ec58237-84ed-40bd-bf67-28bb2b70cae2","value":{"error":"no such element","message":"An element could not be located on the page using the given search parameters","stacktrace":"io.appium.uiautomator2.common.exceptions.ElementNotFoundException: An element could not be located on the page using the given search parameters\n\tat io.appium.uiautomator2.utils.ElementLocationHelpers.findElement(ElementLocationHelpers.java:156)\n\tat io.appium.uiautomator2.handler.FindElement.safeHandle(FindElement.java:60)\n\tat io.appium.uiautomator2.handler.request.SafeRequestHandler.handle(SafeRequestHandler.java:59)\n\tat io.appium.uiautomator2.server.AppiumServlet.handleRequest(AppiumServlet.java:259)\n\tat io.appium.uiautomator2.server.AppiumServlet.handleHttpRequest(AppiumServlet.java:253)\n\tat io.appium.uiautomator2.http.ServerHandler.channelRead(ServerHandler.java:77)\n\tat io.netty.channel.AbstractChannelHandlerContext.invokeChannelRead(AbstractChannelHandlerContext.java:374)\n\tat io.netty.channel.AbstractChannelHandlerContext.invokeChannelRead(AbstractChannelHandlerContext.java:360)\n\tat io.netty.channel.AbstractChannelHandlerContext.fireChannelRead(AbstractChannelHandlerContext.java:352)\n\tat io.netty.handler.codec.MessageToMessageDecoder.channelRead(MessageToMessageDecoder.java:102)\n\tat io.netty.channel.AbstractChannelHandlerContext.invokeChannelRead(AbstractChannelHandlerContext.java:374)\n\tat io.netty.channel.AbstractChannelHandlerContext.invokeChannelRead(AbstractChannelHandlerContext.java:360)\n\tat io.netty.channel.AbstractChannelHandlerContext.fireChannelRead(AbstractChannelHandlerContext.java:352)\n\tat io.netty.channel.CombinedChannelDuplexHandler$DelegatingChannelHandlerContext.fireChannelRead(CombinedChannelDuplexHandler.java:438)\n\tat io.netty.handler.codec.ByteToMessageDecoder.fireChannelRead(ByteToMessageDecoder.java:328)\n\tat io.netty.handler.codec.ByteToMessageDecoder.channelRead(ByteToMessageDecoder.java:302)\n\tat io.netty.channel.CombinedChannelDuplexHandler.channelRead(CombinedChannelDuplexHandler.java:253)\n\tat io.netty.channel.AbstractChannelHandlerContext.invokeChannelRead(AbstractChannelHandlerContext.java:374)\n\tat io.netty.channel.AbstractChannelHandlerContext.invokeChannelRead(AbstractChannelHandlerContext.java:360)\n\tat io.netty.channel.AbstractChannelHandlerContext.fireChannelRead(AbstractChannelHandlerContext.java:352)\n\tat io.netty.handler.timeout.IdleStateHandler.channelRead(IdleStateHandler.java:287)\n\tat io.netty.channel.AbstractChannelHandlerContext.invokeChannelRead(AbstractChannelHandlerContext.java:374)\n\tat io.netty.channel.AbstractChannelHandlerContext.invokeChannelRead(AbstractChannelHandlerContext.java:360)\n\tat io.netty.channel.AbstractChannelHandlerContext.fireChannelRead(AbstractChannelHandlerContext.java:352)\n\tat io.netty.channel.DefaultChannelPipeline$HeadContext.channelRead(DefaultChannelPipeline.java:1422)\n\tat io.netty.channel.AbstractChannelHandlerContext.invokeChannelRead(AbstractChannelHandlerContext.java:374)\n\tat io.netty.channel.AbstractChannelHandlerContext.invokeChannelRead(AbstractChannelHandlerContext.java:360)\n\tat io.netty.channel.DefaultChannelPipeline.fireChannelRead(DefaultChannelPipeline.java:931)\n\tat io.netty.channel.nio.AbstractNioByteChannel$NioByteUnsafe.read(AbstractNioByteChannel.java:163)\n\tat io.netty.channel.nio.NioEventLoop.processSelectedKey(NioEventLoop.java:700)\n\tat io.netty.channel.nio.NioEventLoop.processSelectedKeysOptimized(NioEventLoop.java:635)\n\tat io.netty.channel.nio.NioEventLoop.processSelectedKeys(NioEventLoop.java:552)\n\tat io.netty.channel.nio.NioEventLoop.run(NioEventLoop.java:514)\n\tat io.netty.util.concurrent.SingleThreadEventExecutor$6.run(SingleThreadEventExecutor.java:1044)\n\tat io.netty.util.internal.ThreadExecutorMap$2.run(ThreadExecutorMap.java:74)\n\tat io.netty.util.concurrent.FastThreadLocalRunnable.run(FastThreadLocalRunnable.java:30)\n\tat java.lang.Thread.run(Thread.java:1012)\n"}}
Thu Jul 30 09:01:18 UTC 2026 | ALL | 07-30 09:01:18.019   560   664 D ActivityManager: freezing 1412 com.google.android.gms
Thu Jul 30 09:01:19 UTC 2026 | ALL | 07-30 09:01:18.504  4162  4220 I appium  : channel read: POST /session/0ec58237-84ed-40bd-bf67-28bb2b70cae2/element
Thu Jul 30 09:01:19 UTC 2026 | ALL | 07-30 09:01:18.504  4162  4220 I appium  : FindElement command
Thu Jul 30 09:01:19 UTC 2026 | ALL | 07-30 09:01:18.505  4162  4220 I appium  : method: 'xpath', selector: '//android.widget.EditText[1]'
Thu Jul 30 09:01:19 UTC 2026 | ALL | 07-30 09:01:18.505  4162  4220 I appium  : Waiting up to 10000ms for the device to idle
Thu Jul 30 09:01:19 UTC 2026 | ALL | 07-30 09:01:18.506  4162  4220 I appium  : The following attributes will be included to the page source: []
Thu Jul 30 09:01:19 UTC 2026 | ALL | 07-30 09:01:18.515  4162  4220 I appium  : Took 0ms to retrieve 0 matches for '//android.widget.EditText[1]' XPath2 query
Thu Jul 30 09:01:19 UTC 2026 | ALL | 07-30 09:01:18.516  4162  4220 I appium  : AppiumResponse: {"sessionId":"0ec58237-84ed-40bd-bf67-28bb2b70cae2","value":{"error":"no such element","message":"An element could not be located on the page using the given search parameters","stacktrace":"io.appium.uiautomator2.common.exceptions.ElementNotFoundException: An element could not be located on the page using the given search parameters\n\tat io.appium.uiautomator2.utils.ElementLocationHelpers.findElement(ElementLocationHelpers.java:156)\n\tat io.appium.uiautomator2.handler.FindElement.safeHandle(FindElement.java:60)\n\tat io.appium.uiautomator2.handler.request.SafeRequestHandler.handle(SafeRequestHandler.java:59)\n\tat io.appium.uiautomator2.server.AppiumServlet.handleRequest(AppiumServlet.java:259)\n\tat io.appium.uiautomator2.server.AppiumServlet.handleHttpRequest(AppiumServlet.java:253)\n\tat io.appium.uiautomator2.http.ServerHandler.channelRead(ServerHandler.java:77)\n\tat io.netty.channel.AbstractChannelHandlerContext.invokeChannelRead(AbstractChannelHandlerContext.java:374)\n\tat io.netty.channel.AbstractChannelHandlerContext.invokeChannelRead(AbstractChannelHandlerContext.java:360)\n\tat io.netty.channel.AbstractChannelHandlerContext.fireChannelRead(AbstractChannelHandlerContext.java:352)\n\tat io.netty.handler.codec.MessageToMessageDecoder.channelRead(MessageToMessageDecoder.java:102)\n\tat io.netty.channel.AbstractChannelHandlerContext.invokeChannelRead(AbstractChannelHandlerContext.java:374)\n\tat io.netty.channel.AbstractChannelHandlerContext.invokeChannelRead(AbstractChannelHandlerContext.java:360)\n\tat io.netty.channel.AbstractChannelHandlerContext.fireChannelRead(AbstractChannelHandlerContext.java:352)\n\tat io.netty.channel.CombinedChannelDuplexHandler$DelegatingChannelHandlerContext.fireChannelRead(CombinedChannelDuplexHandler.java:438)\n\tat io.netty.handler.codec.ByteToMessageDecoder.fireChannelRead(ByteToMessageDecoder.java:328)\n\tat io.netty.handler.codec.ByteToMessageDecoder.channelRead(ByteToMessageDecoder.java:302)\n\tat io.netty.channel.CombinedChannelDuplexHandler.channelRead(CombinedChannelDuplexHandler.java:253)\n\tat io.netty.channel.AbstractChannelHandlerContext.invokeChannelRead(AbstractChannelHandlerContext.java:374)\n\tat io.netty.channel.AbstractChannelHandlerContext.invokeChannelRead(AbstractChannelHandlerContext.java:360)\n\tat io.netty.channel.AbstractChannelHandlerContext.fireChannelRead(AbstractChannelHandlerContext.java:352)\n\tat io.netty.handler.timeout.IdleStateHandler.channelRead(IdleStateHandler.java:287)\n\tat io.netty.channel.AbstractChannelHandlerContext.invokeChannelRead(AbstractChannelHandlerContext.java:374)\n\tat io.netty.channel.AbstractChannelHandlerContext.invokeChannelRead(AbstractChannelHandlerContext.java:360)\n\tat io.netty.channel.AbstractChannelHandlerContext.fireChannelRead(AbstractChannelHandlerContext.java:352)\n\tat io.netty.channel.DefaultChannelPipeline$HeadContext.channelRead(DefaultChannelPipeline.java:1422)\n\tat io.netty.channel.AbstractChannelHandlerContext.invokeChannelRead(AbstractChannelHandlerContext.java:374)\n\tat io.netty.channel.AbstractChannelHandlerContext.invokeChannelRead(AbstractChannelHandlerContext.java:360)\n\tat io.netty.channel.DefaultChannelPipeline.fireChannelRead(DefaultChannelPipeline.java:931)\n\tat io.netty.channel.nio.AbstractNioByteChannel$NioByteUnsafe.read(AbstractNioByteChannel.java:163)\n\tat io.netty.channel.nio.NioEventLoop.processSelectedKey(NioEventLoop.java:700)\n\tat io.netty.channel.nio.NioEventLoop.processSelectedKeysOptimized(NioEventLoop.java:635)\n\tat io.netty.channel.nio.NioEventLoop.processSelectedKeys(NioEventLoop.java:552)\n\tat io.netty.channel.nio.NioEventLoop.run(NioEventLoop.java:514)\n\tat io.netty.util.concurrent.SingleThreadEventExecutor$6.run(SingleThreadEventExecutor.java:1044)\n\tat io.netty.util.internal.ThreadExecutorMap$2.run(ThreadExecutorMap.java:74)\n\tat io.netty.util.concurrent.FastThreadLocalRunnable.run(FastThreadLocalRunnable.java:30)\n\tat java.lang.Thread.run(Thread.java:1012)\n"}}
Thu Jul 30 09:01:19 UTC 2026 | ALL | 07-30 09:01:19.022  4162  4220 I appium  : channel read: POST /session/0ec58237-84ed-40bd-bf67-28bb2b70cae2/element
Thu Jul 30 09:01:19 UTC 2026 | ALL | 07-30 09:01:19.022  4162  4220 I appium  : FindElement command
Thu Jul 30 09:01:19 UTC 2026 | ALL | 07-30 09:01:19.023  4162  4220 I appium  : method: 'xpath', selector: '//android.widget.EditText[1]'
Thu Jul 30 09:01:19 UTC 2026 | ALL | 07-30 09:01:19.023  4162  4220 I appium  : Waiting up to 10000ms for the device to idle
Thu Jul 30 09:01:19 UTC 2026 | ALL | 07-30 09:01:19.024  4162  4220 I appium  : The following attributes will be included to the page source: []
Thu Jul 30 09:01:20 UTC 2026 | ALL | 07-30 09:01:19.033  4162  4220 I appium  : Took 0ms to retrieve 0 matches for '//android.widget.EditText[1]' XPath2 query
Thu Jul 30 09:01:20 UTC 2026 | ALL | 07-30 09:01:19.035  4162  4220 I appium  : AppiumResponse: {"sessionId":"0ec58237-84ed-40bd-bf67-28bb2b70cae2","value":{"error":"no such element","message":"An element could not be located on the page using the given search parameters","stacktrace":"io.appium.uiautomator2.common.exceptions.ElementNotFoundException: An element could not be located on the page using the given search parameters\n\tat io.appium.uiautomator2.utils.ElementLocationHelpers.findElement(ElementLocationHelpers.java:156)\n\tat io.appium.uiautomator2.handler.FindElement.safeHandle(FindElement.java:60)\n\tat io.appium.uiautomator2.handler.request.SafeRequestHandler.handle(SafeRequestHandler.java:59)\n\tat io.appium.uiautomator2.server.AppiumServlet.handleRequest(AppiumServlet.java:259)\n\tat io.appium.uiautomator2.server.AppiumServlet.handleHttpRequest(AppiumServlet.java:253)\n\tat io.appium.uiautomator2.http.ServerHandler.channelRead(ServerHandler.java:77)\n\tat io.netty.channel.AbstractChannelHandlerContext.invokeChannelRead(AbstractChannelHandlerContext.java:374)\n\tat io.netty.channel.AbstractChannelHandlerContext.invokeChannelRead(AbstractChannelHandlerContext.java:360)\n\tat io.netty.channel.AbstractChannelHandlerContext.fireChannelRead(AbstractChannelHandlerContext.java:352)\n\tat io.netty.handler.codec.MessageToMessageDecoder.channelRead(MessageToMessageDecoder.java:102)\n\tat io.netty.channel.AbstractChannelHandlerContext.invokeChannelRead(AbstractChannelHandlerContext.java:374)\n\tat io.netty.channel.AbstractChannelHandlerContext.invokeChannelRead(AbstractChannelHandlerContext.java:360)\n\tat io.netty.channel.AbstractChannelHandlerContext.fireChannelRead(AbstractChannelHandlerContext.java:352)\n\tat io.netty.channel.CombinedChannelDuplexHandler$DelegatingChannelHandlerContext.fireChannelRead(CombinedChannelDuplexHandler.java:438)\n\tat io.netty.handler.codec.ByteToMessageDecoder.fireChannelRead(ByteToMessageDecoder.java:328)\n\tat io.netty.handler.codec.ByteToMessageDecoder.channelRead(ByteToMessageDecoder.java:302)\n\tat io.netty.channel.CombinedChannelDuplexHandler.channelRead(CombinedChannelDuplexHandler.java:253)\n\tat io.netty.channel.AbstractChannelHandlerContext.invokeChannelRead(AbstractChannelHandlerContext.java:374)\n\tat io.netty.channel.AbstractChannelHandlerContext.invokeChannelRead(AbstractChannelHandlerContext.java:360)\n\tat io.netty.channel.AbstractChannelHandlerContext.fireChannelRead(AbstractChannelHandlerContext.java:352)\n\tat io.netty.handler.timeout.IdleStateHandler.channelRead(IdleStateHandler.java:287)\n\tat io.netty.channel.AbstractChannelHandlerContext.invokeChannelRead(AbstractChannelHandlerContext.java:374)\n\tat io.netty.channel.AbstractChannelHandlerContext.invokeChannelRead(AbstractChannelHandlerContext.java:360)\n\tat io.netty.channel.AbstractChannelHandlerContext.fireChannelRead(AbstractChannelHandlerContext.java:352)\n\tat io.netty.channel.DefaultChannelPipeline$HeadContext.channelRead(DefaultChannelPipeline.java:1422)\n\tat io.netty.channel.AbstractChannelHandlerContext.invokeChannelRead(AbstractChannelHandlerContext.java:374)\n\tat io.netty.channel.AbstractChannelHandlerContext.invokeChannelRead(AbstractChannelHandlerContext.java:360)\n\tat io.netty.channel.DefaultChannelPipeline.fireChannelRead(DefaultChannelPipeline.java:931)\n\tat io.netty.channel.nio.AbstractNioByteChannel$NioByteUnsafe.read(AbstractNioByteChannel.java:163)\n\tat io.netty.channel.nio.NioEventLoop.processSelectedKey(NioEventLoop.java:700)\n\tat io.netty.channel.nio.NioEventLoop.processSelectedKeysOptimized(NioEventLoop.java:635)\n\tat io.netty.channel.nio.NioEventLoop.processSelectedKeys(NioEventLoop.java:552)\n\tat io.netty.channel.nio.NioEventLoop.run(NioEventLoop.java:514)\n\tat io.netty.util.concurrent.SingleThreadEventExecutor$6.run(SingleThreadEventExecutor.java:1044)\n\tat io.netty.util.internal.ThreadExecutorMap$2.run(ThreadExecutorMap.java:74)\n\tat io.netty.util.concurrent.FastThreadLocalRunnable.run(FastThreadLocalRunnable.java:30)\n\tat java.lang.Thread.run(Thread.java:1012)\n"}}
Thu Jul 30 09:01:20 UTC 2026 | ALL | 07-30 09:01:19.541  4162  4220 I appium  : channel read: POST /session/0ec58237-84ed-40bd-bf67-28bb2b70cae2/element
Thu Jul 30 09:01:20 UTC 2026 | ALL | 07-30 09:01:19.541  4162  4220 I appium  : FindElement command
Thu Jul 30 09:01:20 UTC 2026 | ALL | 07-30 09:01:19.542  4162  4220 I appium  : method: 'xpath', selector: '//android.widget.EditText[1]'
Thu Jul 30 09:01:20 UTC 2026 | ALL | 07-30 09:01:19.542  4162  4220 I appium  : Waiting up to 10000ms for the device to idle
Thu Jul 30 09:01:20 UTC 2026 | ALL | 07-30 09:01:19.543  4162  4220 I appium  : The following attributes will be included to the page source: []
Thu Jul 30 09:01:20 UTC 2026 | ALL | 07-30 09:01:19.552  4162  4220 I appium  : Took 0ms to retrieve 0 matches for '//android.widget.EditText[1]' XPath2 query
Thu Jul 30 09:01:20 UTC 2026 | ALL | 07-30 09:01:19.553  4162  4220 I appium  : AppiumResponse: {"sessionId":"0ec58237-84ed-40bd-bf67-28bb2b70cae2","value":{"error":"no such element","message":"An element could not be located on the page using the given search parameters","stacktrace":"io.appium.uiautomator2.common.exceptions.ElementNotFoundException: An element could not be located on the page using the given search parameters\n\tat io.appium.uiautomator2.utils.ElementLocationHelpers.findElement(ElementLocationHelpers.java:156)\n\tat io.appium.uiautomator2.handler.FindElement.safeHandle(FindElement.java:60)\n\tat io.appium.uiautomator2.handler.request.SafeRequestHandler.handle(SafeRequestHandler.java:59)\n\tat io.appium.uiautomator2.server.AppiumServlet.handleRequest(AppiumServlet.java:259)\n\tat io.appium.uiautomator2.server.AppiumServlet.handleHttpRequest(AppiumServlet.java:253)\n\tat io.appium.uiautomator2.http.ServerHandler.channelRead(ServerHandler.java:77)\n\tat io.netty.channel.AbstractChannelHandlerContext.invokeChannelRead(AbstractChannelHandlerContext.java:374)\n\tat io.netty.channel.AbstractChannelHandlerContext.invokeChannelRead(AbstractChannelHandlerContext.java:360)\n\tat io.netty.channel.AbstractChannelHandlerContext.fireChannelRead(AbstractChannelHandlerContext.java:352)\n\tat io.netty.handler.codec.MessageToMessageDecoder.channelRead(MessageToMessageDecoder.java:102)\n\tat io.netty.channel.AbstractChannelHandlerContext.invokeChannelRead(AbstractChannelHandlerContext.java:374)\n\tat io.netty.channel.AbstractChannelHandlerContext.invokeChannelRead(AbstractChannelHandlerContext.java:360)\n\tat io.netty.channel.AbstractChannelHandlerContext.fireChannelRead(AbstractChannelHandlerContext.java:352)\n\tat io.netty.channel.CombinedChannelDuplexHandler$DelegatingChannelHandlerContext.fireChannelRead(CombinedChannelDuplexHandler.java:438)\n\tat io.netty.handler.codec.ByteToMessageDecoder.fireChannelRead(ByteToMessageDecoder.java:328)\n\tat io.netty.handler.codec.ByteToMessageDecoder.channelRead(ByteToMessageDecoder.java:302)\n\tat io.netty.channel.CombinedChannelDuplexHandler.channelRead(CombinedChannelDuplexHandler.java:253)\n\tat io.netty.channel.AbstractChannelHandlerContext.invokeChannelRead(AbstractChannelHandlerContext.java:374)\n\tat io.netty.channel.AbstractChannelHandlerContext.invokeChannelRead(AbstractChannelHandlerContext.java:360)\n\tat io.netty.channel.AbstractChannelHandlerContext.fireChannelRead(AbstractChannelHandlerContext.java:352)\n\tat io.netty.handler.timeout.IdleStateHandler.channelRead(IdleStateHandler.java:287)\n\tat io.netty.channel.AbstractChannelHandlerContext.invokeChannelRead(AbstractChannelHandlerContext.java:374)\n\tat io.netty.channel.AbstractChannelHandlerContext.invokeChannelRead(AbstractChannelHandlerContext.java:360)\n\tat io.netty.channel.AbstractChannelHandlerContext.fireChannelRead(AbstractChannelHandlerContext.java:352)\n\tat io.netty.channel.DefaultChannelPipeline$HeadContext.channelRead(DefaultChannelPipeline.java:1422)\n\tat io.netty.channel.AbstractChannelHandlerContext.invokeChannelRead(AbstractChannelHandlerContext.java:374)\n\tat io.netty.channel.AbstractChannelHandlerContext.invokeChannelRead(AbstractChannelHandlerContext.java:360)\n\tat io.netty.channel.DefaultChannelPipeline.fireChannelRead(DefaultChannelPipeline.java:931)\n\tat io.netty.channel.nio.AbstractNioByteChannel$NioByteUnsafe.read(AbstractNioByteChannel.java:163)\n\tat io.netty.channel.nio.NioEventLoop.processSelectedKey(NioEventLoop.java:700)\n\tat io.netty.channel.nio.NioEventLoop.processSelectedKeysOptimized(NioEventLoop.java:635)\n\tat io.netty.channel.nio.NioEventLoop.processSelectedKeys(NioEventLoop.java:552)\n\tat io.netty.channel.nio.NioEventLoop.run(NioEventLoop.java:514)\n\tat io.netty.util.concurrent.SingleThreadEventExecutor$6.run(SingleThreadEventExecutor.java:1044)\n\tat io.netty.util.internal.ThreadExecutorMap$2.run(ThreadExecutorMap.java:74)\n\tat io.netty.util.concurrent.FastThreadLocalRunnable.run(FastThreadLocalRunnable.java:30)\n\tat java.lang.Thread.run(Thread.java:1012)\n"}}
Thu Jul 30 09:01:21 UTC 2026 | ALL | 07-30 09:01:20.058  4162  4220 I appium  : channel read: POST /session/0ec58237-84ed-40bd-bf67-28bb2b70cae2/element
Thu Jul 30 09:01:21 UTC 2026 | ALL | 07-30 09:01:20.058  4162  4220 I appium  : FindElement command
Thu Jul 30 09:01:21 UTC 2026 | ALL | 07-30 09:01:20.058  4162  4220 I appium  : method: 'xpath', selector: '//android.widget.EditText[1]'
Thu Jul 30 09:01:21 UTC 2026 | ALL | 07-30 09:01:20.058  4162  4220 I appium  : Waiting up to 10000ms for the device to idle
Thu Jul 30 09:01:21 UTC 2026 | ALL | 07-30 09:01:20.060  4162  4220 I appium  : The following attributes will be included to the page source: []
Thu Jul 30 09:01:21 UTC 2026 | ALL | 07-30 09:01:20.063  4162  4170 I tomator2.server: Method exceeds compiler instruction limit: 19264 in java_cup.runtime.Symbol org.eclipse.wst.xml.xpath2.processor.internal.CUP$XPathCup$actions.CUP$XPathCup$do_action(int, java_cup.runtime.lr_parser, java.util.Stack, int)
Thu Jul 30 09:01:21 UTC 2026 | ALL | 07-30 09:01:20.069  4162  4220 I appium  : Took 0ms to retrieve 0 matches for '//android.widget.EditText[1]' XPath2 query
Thu Jul 30 09:01:21 UTC 2026 | ALL | 07-30 09:01:20.070  4162  4220 I appium  : AppiumResponse: {"sessionId":"0ec58237-84ed-40bd-bf67-28bb2b70cae2","value":{"error":"no such element","message":"An element could not be located on the page using the given search parameters","stacktrace":"io.appium.uiautomator2.common.exceptions.ElementNotFoundException: An element could not be located on the page using the given search parameters\n\tat io.appium.uiautomator2.utils.ElementLocationHelpers.findElement(ElementLocationHelpers.java:156)\n\tat io.appium.uiautomator2.handler.FindElement.safeHandle(FindElement.java:60)\n\tat io.appium.uiautomator2.handler.request.SafeRequestHandler.handle(SafeRequestHandler.java:59)\n\tat io.appium.uiautomator2.server.AppiumServlet.handleRequest(AppiumServlet.java:259)\n\tat io.appium.uiautomator2.server.AppiumServlet.handleHttpRequest(AppiumServlet.java:253)\n\tat io.appium.uiautomator2.http.ServerHandler.channelRead(ServerHandler.java:77)\n\tat io.netty.channel.AbstractChannelHandlerContext.invokeChannelRead(AbstractChannelHandlerContext.java:374)\n\tat io.netty.channel.AbstractChannelHandlerContext.invokeChannelRead(AbstractChannelHandlerContext.java:360)\n\tat io.netty.channel.AbstractChannelHandlerContext.fireChannelRead(AbstractChannelHandlerContext.java:352)\n\tat io.netty.handler.codec.MessageToMessageDecoder.channelRead(MessageToMessageDecoder.java:102)\n\tat io.netty.channel.AbstractChannelHandlerContext.invokeChannelRead(AbstractChannelHandlerContext.java:374)\n\tat io.netty.channel.AbstractChannelHandlerContext.invokeChannelRead(AbstractChannelHandlerContext.java:360)\n\tat io.netty.channel.AbstractChannelHandlerContext.fireChannelRead(AbstractChannelHandlerContext.java:352)\n\tat io.netty.channel.CombinedChannelDuplexHandler$DelegatingChannelHandlerContext.fireChannelRead(CombinedChannelDuplexHandler.java:438)\n\tat io.netty.handler.codec.ByteToMessageDecoder.fireChannelRead(ByteToMessageDecoder.java:328)\n\tat io.netty.handler.codec.ByteToMessageDecoder.channelRead(ByteToMessageDecoder.java:302)\n\tat io.netty.channel.CombinedChannelDuplexHandler.channelRead(CombinedChannelDuplexHandler.java:253)\n\tat io.netty.channel.AbstractChannelHandlerContext.invokeChannelRead(AbstractChannelHandlerContext.java:374)\n\tat io.netty.channel.AbstractChannelHandlerContext.invokeChannelRead(AbstractChannelHandlerContext.java:360)\n\tat io.netty.channel.AbstractChannelHandlerContext.fireChannelRead(AbstractChannelHandlerContext.java:352)\n\tat io.netty.handler.timeout.IdleStateHandler.channelRead(IdleStateHandler.java:287)\n\tat io.netty.channel.AbstractChannelHandlerContext.invokeChannelRead(AbstractChannelHandlerContext.java:374)\n\tat io.netty.channel.AbstractChannelHandlerContext.invokeChannelRead(AbstractChannelHandlerContext.java:360)\n\tat io.netty.channel.AbstractChannelHandlerContext.fireChannelRead(AbstractChannelHandlerContext.java:352)\n\tat io.netty.channel.DefaultChannelPipeline$HeadContext.channelRead(DefaultChannelPipeline.java:1422)\n\tat io.netty.channel.AbstractChannelHandlerContext.invokeChannelRead(AbstractChannelHandlerContext.java:374)\n\tat io.netty.channel.AbstractChannelHandlerContext.invokeChannelRead(AbstractChannelHandlerContext.java:360)\n\tat io.netty.channel.DefaultChannelPipeline.fireChannelRead(DefaultChannelPipeline.java:931)\n\tat io.netty.channel.nio.AbstractNioByteChannel$NioByteUnsafe.read(AbstractNioByteChannel.java:163)\n\tat io.netty.channel.nio.NioEventLoop.processSelectedKey(NioEventLoop.java:700)\n\tat io.netty.channel.nio.NioEventLoop.processSelectedKeysOptimized(NioEventLoop.java:635)\n\tat io.netty.channel.nio.NioEventLoop.processSelectedKeys(NioEventLoop.java:552)\n\tat io.netty.channel.nio.NioEventLoop.run(NioEventLoop.java:514)\n\tat io.netty.util.concurrent.SingleThreadEventExecutor$6.run(SingleThreadEventExecutor.java:1044)\n\tat io.netty.util.internal.ThreadExecutorMap$2.run(ThreadExecutorMap.java:74)\n\tat io.netty.util.concurrent.FastThreadLocalRunnable.run(FastThreadLocalRunnable.java:30)\n\tat java.lang.Thread.run(Thread.java:1012)\n"}}
Thu Jul 30 09:01:21 UTC 2026 | ALL | 07-30 09:01:20.575  4162  4220 I appium  : channel read: POST /session/0ec58237-84ed-40bd-bf67-28bb2b70cae2/element
Thu Jul 30 09:01:21 UTC 2026 | ALL | 07-30 09:01:20.575  4162  4220 I appium  : FindElement command
Thu Jul 30 09:01:21 UTC 2026 | ALL | 07-30 09:01:20.576  4162  4220 I appium  : method: 'xpath', selector: '//android.widget.EditText[1]'
Thu Jul 30 09:01:21 UTC 2026 | ALL | 07-30 09:01:20.576  4162  4220 I appium  : Waiting up to 10000ms for the device to idle
Thu Jul 30 09:01:21 UTC 2026 | ALL | 07-30 09:01:20.577  4162  4220 I appium  : The following attributes will be included to the page source: []
Thu Jul 30 09:01:21 UTC 2026 | ALL | 07-30 09:01:20.589  4162  4220 I appium  : Took 0ms to retrieve 0 matches for '//android.widget.EditText[1]' XPath2 query
Thu Jul 30 09:01:21 UTC 2026 | ALL | 07-30 09:01:20.590  4162  4220 I appium  : AppiumResponse: {"sessionId":"0ec58237-84ed-40bd-bf67-28bb2b70cae2","value":{"error":"no such element","message":"An element could not be located on the page using the given search parameters","stacktrace":"io.appium.uiautomator2.common.exceptions.ElementNotFoundException: An element could not be located on the page using the given search parameters\n\tat io.appium.uiautomator2.utils.ElementLocationHelpers.findElement(ElementLocationHelpers.java:156)\n\tat io.appium.uiautomator2.handler.FindElement.safeHandle(FindElement.java:60)\n\tat io.appium.uiautomator2.handler.request.SafeRequestHandler.handle(SafeRequestHandler.java:59)\n\tat io.appium.uiautomator2.server.AppiumServlet.handleRequest(AppiumServlet.java:259)\n\tat io.appium.uiautomator2.server.AppiumServlet.handleHttpRequest(AppiumServlet.java:253)\n\tat io.appium.uiautomator2.http.ServerHandler.channelRead(ServerHandler.java:77)\n\tat io.netty.channel.AbstractChannelHandlerContext.invokeChannelRead(AbstractChannelHandlerContext.java:374)\n\tat io.netty.channel.AbstractChannelHandlerContext.invokeChannelRead(AbstractChannelHandlerContext.java:360)\n\tat io.netty.channel.AbstractChannelHandlerContext.fireChannelRead(AbstractChannelHandlerContext.java:352)\n\tat io.netty.handler.codec.MessageToMessageDecoder.channelRead(MessageToMessageDecoder.java:102)\n\tat io.netty.channel.AbstractChannelHandlerContext.invokeChannelRead(AbstractChannelHandlerContext.java:374)\n\tat io.netty.channel.AbstractChannelHandlerContext.invokeChannelRead(AbstractChannelHandlerContext.java:360)\n\tat io.netty.channel.AbstractChannelHandlerContext.fireChannelRead(AbstractChannelHandlerContext.java:352)\n\tat io.netty.channel.CombinedChannelDuplexHandler$DelegatingChannelHandlerContext.fireChannelRead(CombinedChannelDuplexHandler.java:438)\n\tat io.netty.handler.codec.ByteToMessageDecoder.fireChannelRead(ByteToMessageDecoder.java:328)\n\tat io.netty.handler.codec.ByteToMessageDecoder.channelRead(ByteToMessageDecoder.java:302)\n\tat io.netty.channel.CombinedChannelDuplexHandler.channelRead(CombinedChannelDuplexHandler.java:253)\n\tat io.netty.channel.AbstractChannelHandlerContext.invokeChannelRead(AbstractChannelHandlerContext.java:374)\n\tat io.netty.channel.AbstractChannelHandlerContext.invokeChannelRead(AbstractChannelHandlerContext.java:360)\n\tat io.netty.channel.AbstractChannelHandlerContext.fireChannelRead(AbstractChannelHandlerContext.java:352)\n\tat io.netty.handler.timeout.IdleStateHandler.channelRead(IdleStateHandler.java:287)\n\tat io.netty.channel.AbstractChannelHandlerContext.invokeChannelRead(AbstractChannelHandlerContext.java:374)\n\tat io.netty.channel.AbstractChannelHandlerContext.invokeChannelRead(AbstractChannelHandlerContext.java:360)\n\tat io.netty.channel.AbstractChannelHandlerContext.fireChannelRead(AbstractChannelHandlerContext.java:352)\n\tat io.netty.channel.DefaultChannelPipeline$HeadContext.channelRead(DefaultChannelPipeline.java:1422)\n\tat io.netty.channel.AbstractChannelHandlerContext.invokeChannelRead(AbstractChannelHandlerContext.java:374)\n\tat io.netty.channel.AbstractChannelHandlerContext.invokeChannelRead(AbstractChannelHandlerContext.java:360)\n\tat io.netty.channel.DefaultChannelPipeline.fireChannelRead(DefaultChannelPipeline.java:931)\n\tat io.netty.channel.nio.AbstractNioByteChannel$NioByteUnsafe.read(AbstractNioByteChannel.java:163)\n\tat io.netty.channel.nio.NioEventLoop.processSelectedKey(NioEventLoop.java:700)\n\tat io.netty.channel.nio.NioEventLoop.processSelectedKeysOptimized(NioEventLoop.java:635)\n\tat io.netty.channel.nio.NioEventLoop.processSelectedKeys(NioEventLoop.java:552)\n\tat io.netty.channel.nio.NioEventLoop.run(NioEventLoop.java:514)\n\tat io.netty.util.concurrent.SingleThreadEventExecutor$6.run(SingleThreadEventExecutor.java:1044)\n\tat io.netty.util.internal.ThreadExecutorMap$2.run(ThreadExecutorMap.java:74)\n\tat io.netty.util.concurrent.FastThreadLocalRunnable.run(FastThreadLocalRunnable.java:30)\n\tat java.lang.Thread.run(Thread.java:1012)\n"}}
Thu Jul 30 09:01:22 UTC 2026 | ALL | 07-30 09:01:21.096  4162  4220 I appium  : channel read: POST /session/0ec58237-84ed-40bd-bf67-28bb2b70cae2/element
Thu Jul 30 09:01:22 UTC 2026 | ALL | 07-30 09:01:21.096  4162  4220 I appium  : FindElement command
Thu Jul 30 09:01:22 UTC 2026 | ALL | 07-30 09:01:21.097  4162  4220 I appium  : method: 'xpath', selector: '//android.widget.EditText[1]'
Thu Jul 30 09:01:22 UTC 2026 | ALL | 07-30 09:01:21.097  4162  4220 I appium  : Waiting up to 10000ms for the device to idle
Thu Jul 30 09:01:22 UTC 2026 | ALL | 07-30 09:01:21.098  4162  4220 I appium  : The following attributes will be included to the page source: []
Thu Jul 30 09:01:22 UTC 2026 | ALL | 07-30 09:01:21.118  4162  4220 I appium  : Took 0ms to retrieve 0 matches for '//android.widget.EditText[1]' XPath2 query
Thu Jul 30 09:01:22 UTC 2026 | ALL | 07-30 09:01:21.119  4162  4220 I appium  : AppiumResponse: {"sessionId":"0ec58237-84ed-40bd-bf67-28bb2b70cae2","value":{"error":"no such element","message":"An element could not be located on the page using the given search parameters","stacktrace":"io.appium.uiautomator2.common.exceptions.ElementNotFoundException: An element could not be located on the page using the given search parameters\n\tat io.appium.uiautomator2.utils.ElementLocationHelpers.findElement(ElementLocationHelpers.java:156)\n\tat io.appium.uiautomator2.handler.FindElement.safeHandle(FindElement.java:60)\n\tat io.appium.uiautomator2.handler.request.SafeRequestHandler.handle(SafeRequestHandler.java:59)\n\tat io.appium.uiautomator2.server.AppiumServlet.handleRequest(AppiumServlet.java:259)\n\tat io.appium.uiautomator2.server.AppiumServlet.handleHttpRequest(AppiumServlet.java:253)\n\tat io.appium.uiautomator2.http.ServerHandler.channelRead(ServerHandler.java:77)\n\tat io.netty.channel.AbstractChannelHandlerContext.invokeChannelRead(AbstractChannelHandlerContext.java:374)\n\tat io.netty.channel.AbstractChannelHandlerContext.invokeChannelRead(AbstractChannelHandlerContext.java:360)\n\tat io.netty.channel.AbstractChannelHandlerContext.fireChannelRead(AbstractChannelHandlerContext.java:352)\n\tat io.netty.handler.codec.MessageToMessageDecoder.channelRead(MessageToMessageDecoder.java:102)\n\tat io.netty.channel.AbstractChannelHandlerContext.invokeChannelRead(AbstractChannelHandlerContext.java:374)\n\tat io.netty.channel.AbstractChannelHandlerContext.invokeChannelRead(AbstractChannelHandlerContext.java:360)\n\tat io.netty.channel.AbstractChannelHandlerContext.fireChannelRead(AbstractChannelHandlerContext.java:352)\n\tat io.netty.channel.CombinedChannelDuplexHandler$DelegatingChannelHandlerContext.fireChannelRead(CombinedChannelDuplexHandler.java:438)\n\tat io.netty.handler.codec.ByteToMessageDecoder.fireChannelRead(ByteToMessageDecoder.java:328)\n\tat io.netty.handler.codec.ByteToMessageDecoder.channelRead(ByteToMessageDecoder.java:302)\n\tat io.netty.channel.CombinedChannelDuplexHandler.channelRead(CombinedChannelDuplexHandler.java:253)\n\tat io.netty.channel.AbstractChannelHandlerContext.invokeChannelRead(AbstractChannelHandlerContext.java:374)\n\tat io.netty.channel.AbstractChannelHandlerContext.invokeChannelRead(AbstractChannelHandlerContext.java:360)\n\tat io.netty.channel.AbstractChannelHandlerContext.fireChannelRead(AbstractChannelHandlerContext.java:352)\n\tat io.netty.handler.timeout.IdleStateHandler.channelRead(IdleStateHandler.java:287)\n\tat io.netty.channel.AbstractChannelHandlerContext.invokeChannelRead(AbstractChannelHandlerContext.java:374)\n\tat io.netty.channel.AbstractChannelHandlerContext.invokeChannelRead(AbstractChannelHandlerContext.java:360)\n\tat io.netty.channel.AbstractChannelHandlerContext.fireChannelRead(AbstractChannelHandlerContext.java:352)\n\tat io.netty.channel.DefaultChannelPipeline$HeadContext.channelRead(DefaultChannelPipeline.java:1422)\n\tat io.netty.channel.AbstractChannelHandlerContext.invokeChannelRead(AbstractChannelHandlerContext.java:374)\n\tat io.netty.channel.AbstractChannelHandlerContext.invokeChannelRead(AbstractChannelHandlerContext.java:360)\n\tat io.netty.channel.DefaultChannelPipeline.fireChannelRead(DefaultChannelPipeline.java:931)\n\tat io.netty.channel.nio.AbstractNioByteChannel$NioByteUnsafe.read(AbstractNioByteChannel.java:163)\n\tat io.netty.channel.nio.NioEventLoop.processSelectedKey(NioEventLoop.java:700)\n\tat io.netty.channel.nio.NioEventLoop.processSelectedKeysOptimized(NioEventLoop.java:635)\n\tat io.netty.channel.nio.NioEventLoop.processSelectedKeys(NioEventLoop.java:552)\n\tat io.netty.channel.nio.NioEventLoop.run(NioEventLoop.java:514)\n\tat io.netty.util.concurrent.SingleThreadEventExecutor$6.run(SingleThreadEventExecutor.java:1044)\n\tat io.netty.util.internal.ThreadExecutorMap$2.run(ThreadExecutorMap.java:74)\n\tat io.netty.util.concurrent.FastThreadLocalRunnable.run(FastThreadLocalRunnable.java:30)\n\tat java.lang.Thread.run(Thread.java:1012)\n"}}
Thu Jul 30 09:01:22 UTC 2026 | ALL | 07-30 09:01:21.625  4162  4220 I appium  : channel read: POST /session/0ec58237-84ed-40bd-bf67-28bb2b70cae2/element
Thu Jul 30 09:01:22 UTC 2026 | ALL | 07-30 09:01:21.625  4162  4220 I appium  : FindElement command
Thu Jul 30 09:01:22 UTC 2026 | ALL | 07-30 09:01:21.626  4162  4220 I appium  : method: 'xpath', selector: '//android.widget.EditText[1]'
Thu Jul 30 09:01:22 UTC 2026 | ALL | 07-30 09:01:21.626  4162  4220 I appium  : Waiting up to 10000ms for the device to idle
Thu Jul 30 09:01:22 UTC 2026 | ALL | 07-30 09:01:21.627  4162  4220 I appium  : The following attributes will be included to the page source: []
Thu Jul 30 09:01:22 UTC 2026 | ALL | 07-30 09:01:21.639  4162  4220 I appium  : Took 0ms to retrieve 0 matches for '//android.widget.EditText[1]' XPath2 query
Thu Jul 30 09:01:22 UTC 2026 | ALL | 07-30 09:01:21.640  4162  4220 I appium  : AppiumResponse: {"sessionId":"0ec58237-84ed-40bd-bf67-28bb2b70cae2","value":{"error":"no such element","message":"An element could not be located on the page using the given search parameters","stacktrace":"io.appium.uiautomator2.common.exceptions.ElementNotFoundException: An element could not be located on the page using the given search parameters\n\tat io.appium.uiautomator2.utils.ElementLocationHelpers.findElement(ElementLocationHelpers.java:156)\n\tat io.appium.uiautomator2.handler.FindElement.safeHandle(FindElement.java:60)\n\tat io.appium.uiautomator2.handler.request.SafeRequestHandler.handle(SafeRequestHandler.java:59)\n\tat io.appium.uiautomator2.server.AppiumServlet.handleRequest(AppiumServlet.java:259)\n\tat io.appium.uiautomator2.server.AppiumServlet.handleHttpRequest(AppiumServlet.java:253)\n\tat io.appium.uiautomator2.http.ServerHandler.channelRead(ServerHandler.java:77)\n\tat io.netty.channel.AbstractChannelHandlerContext.invokeChannelRead(AbstractChannelHandlerContext.java:374)\n\tat io.netty.channel.AbstractChannelHandlerContext.invokeChannelRead(AbstractChannelHandlerContext.java:360)\n\tat io.netty.channel.AbstractChannelHandlerContext.fireChannelRead(AbstractChannelHandlerContext.java:352)\n\tat io.netty.handler.codec.MessageToMessageDecoder.channelRead(MessageToMessageDecoder.java:102)\n\tat io.netty.channel.AbstractChannelHandlerContext.invokeChannelRead(AbstractChannelHandlerContext.java:374)\n\tat io.netty.channel.AbstractChannelHandlerContext.invokeChannelRead(AbstractChannelHandlerContext.java:360)\n\tat io.netty.channel.AbstractChannelHandlerContext.fireChannelRead(AbstractChannelHandlerContext.java:352)\n\tat io.netty.channel.CombinedChannelDuplexHandler$DelegatingChannelHandlerContext.fireChannelRead(CombinedChannelDuplexHandler.java:438)\n\tat io.netty.handler.codec.ByteToMessageDecoder.fireChannelRead(ByteToMessageDecoder.java:328)\n\tat io.netty.handler.codec.ByteToMessageDecoder.channelRead(ByteToMessageDecoder.java:302)\n\tat io.netty.channel.CombinedChannelDuplexHandler.channelRead(CombinedChannelDuplexHandler.java:253)\n\tat io.netty.channel.AbstractChannelHandlerContext.invokeChannelRead(AbstractChannelHandlerContext.java:374)\n\tat io.netty.channel.AbstractChannelHandlerContext.invokeChannelRead(AbstractChannelHandlerContext.java:360)\n\tat io.netty.channel.AbstractChannelHandlerContext.fireChannelRead(AbstractChannelHandlerContext.java:352)\n\tat io.netty.handler.timeout.IdleStateHandler.channelRead(IdleStateHandler.java:287)\n\tat io.netty.channel.AbstractChannelHandlerContext.invokeChannelRead(AbstractChannelHandlerContext.java:374)\n\tat io.netty.channel.AbstractChannelHandlerContext.invokeChannelRead(AbstractChannelHandlerContext.java:360)\n\tat io.netty.channel.AbstractChannelHandlerContext.fireChannelRead(AbstractChannelHandlerContext.java:352)\n\tat io.netty.channel.DefaultChannelPipeline$HeadContext.channelRead(DefaultChannelPipeline.java:1422)\n\tat io.netty.channel.AbstractChannelHandlerContext.invokeChannelRead(AbstractChannelHandlerContext.java:374)\n\tat io.netty.channel.AbstractChannelHandlerContext.invokeChannelRead(AbstractChannelHandlerContext.java:360)\n\tat io.netty.channel.DefaultChannelPipeline.fireChannelRead(DefaultChannelPipeline.java:931)\n\tat io.netty.channel.nio.AbstractNioByteChannel$NioByteUnsafe.read(AbstractNioByteChannel.java:163)\n\tat io.netty.channel.nio.NioEventLoop.processSelectedKey(NioEventLoop.java:700)\n\tat io.netty.channel.nio.NioEventLoop.processSelectedKeysOptimized(NioEventLoop.java:635)\n\tat io.netty.channel.nio.NioEventLoop.processSelectedKeys(NioEventLoop.java:552)\n\tat io.netty.channel.nio.NioEventLoop.run(NioEventLoop.java:514)\n\tat io.netty.util.concurrent.SingleThreadEventExecutor$6.run(SingleThreadEventExecutor.java:1044)\n\tat io.netty.util.internal.ThreadExecutorMap$2.run(ThreadExecutorMap.java:74)\n\tat io.netty.util.concurrent.FastThreadLocalRunnable.run(FastThreadLocalRunnable.java:30)\n\tat java.lang.Thread.run(Thread.java:1012)\n"}}
Thu Jul 30 09:01:22 UTC 2026 | ALL | 07-30 09:01:21.728  4162  4220 I appium  : channel read: POST /session/0ec58237-84ed-40bd-bf67-28bb2b70cae2/element
Thu Jul 30 09:01:22 UTC 2026 | ALL | 07-30 09:01:21.728  4162  4220 I appium  : FindElement command
Thu Jul 30 09:01:22 UTC 2026 | ALL | 07-30 09:01:21.729  4162  4220 I appium  : method: 'xpath', selector: '//android.widget.EditText[1]'
Thu Jul 30 09:01:22 UTC 2026 | ALL | 07-30 09:01:21.729  4162  4220 I appium  : Waiting up to 10000ms for the device to idle
Thu Jul 30 09:01:22 UTC 2026 | ALL | 07-30 09:01:21.730  4162  4220 I appium  : The following attributes will be included to the page source: []
Thu Jul 30 09:01:22 UTC 2026 | ALL | 07-30 09:01:21.739  4162  4220 I appium  : Took 0ms to retrieve 0 matches for '//android.widget.EditText[1]' XPath2 query
Thu Jul 30 09:01:22 UTC 2026 | ALL | 07-30 09:01:21.740  4162  4220 I appium  : AppiumResponse: {"sessionId":"0ec58237-84ed-40bd-bf67-28bb2b70cae2","value":{"error":"no such element","message":"An element could not be located on the page using the given search parameters","stacktrace":"io.appium.uiautomator2.common.exceptions.ElementNotFoundException: An element could not be located on the page using the given search parameters\n\tat io.appium.uiautomator2.utils.ElementLocationHelpers.findElement(ElementLocationHelpers.java:156)\n\tat io.appium.uiautomator2.handler.FindElement.safeHandle(FindElement.java:60)\n\tat io.appium.uiautomator2.handler.request.SafeRequestHandler.handle(SafeRequestHandler.java:59)\n\tat io.appium.uiautomator2.server.AppiumServlet.handleRequest(AppiumServlet.java:259)\n\tat io.appium.uiautomator2.server.AppiumServlet.handleHttpRequest(AppiumServlet.java:253)\n\tat io.appium.uiautomator2.http.ServerHandler.channelRead(ServerHandler.java:77)\n\tat io.netty.channel.AbstractChannelHandlerContext.invokeChannelRead(AbstractChannelHandlerContext.java:374)\n\tat io.netty.channel.AbstractChannelHandlerContext.invokeChannelRead(AbstractChannelHandlerContext.java:360)\n\tat io.netty.channel.AbstractChannelHandlerContext.fireChannelRead(AbstractChannelHandlerContext.java:352)\n\tat io.netty.handler.codec.MessageToMessageDecoder.channelRead(MessageToMessageDecoder.java:102)\n\tat io.netty.channel.AbstractChannelHandlerContext.invokeChannelRead(AbstractChannelHandlerContext.java:374)\n\tat io.netty.channel.AbstractChannelHandlerContext.invokeChannelRead(AbstractChannelHandlerContext.java:360)\n\tat io.netty.channel.AbstractChannelHandlerContext.fireChannelRead(AbstractChannelHandlerContext.java:352)\n\tat io.netty.channel.CombinedChannelDuplexHandler$DelegatingChannelHandlerContext.fireChannelRead(CombinedChannelDuplexHandler.java:438)\n\tat io.netty.handler.codec.ByteToMessageDecoder.fireChannelRead(ByteToMessageDecoder.java:328)\n\tat io.netty.handler.codec.ByteToMessageDecoder.channelRead(ByteToMessageDecoder.java:302)\n\tat io.netty.channel.CombinedChannelDuplexHandler.channelRead(CombinedChannelDuplexHandler.java:253)\n\tat io.netty.channel.AbstractChannelHandlerContext.invokeChannelRead(AbstractChannelHandlerContext.java:374)\n\tat io.netty.channel.AbstractChannelHandlerContext.invokeChannelRead(AbstractChannelHandlerContext.java:360)\n\tat io.netty.channel.AbstractChannelHandlerContext.fireChannelRead(AbstractChannelHandlerContext.java:352)\n\tat io.netty.handler.timeout.IdleStateHandler.channelRead(IdleStateHandler.java:287)\n\tat io.netty.channel.AbstractChannelHandlerContext.invokeChannelRead(AbstractChannelHandlerContext.java:374)\n\tat io.netty.channel.AbstractChannelHandlerContext.invokeChannelRead(AbstractChannelHandlerContext.java:360)\n\tat io.netty.channel.AbstractChannelHandlerContext.fireChannelRead(AbstractChannelHandlerContext.java:352)\n\tat io.netty.channel.DefaultChannelPipeline$HeadContext.channelRead(DefaultChannelPipeline.java:1422)\n\tat io.netty.channel.AbstractChannelHandlerContext.invokeChannelRead(AbstractChannelHandlerContext.java:374)\n\tat io.netty.channel.AbstractChannelHandlerContext.invokeChannelRead(AbstractChannelHandlerContext.java:360)\n\tat io.netty.channel.DefaultChannelPipeline.fireChannelRead(DefaultChannelPipeline.java:931)\n\tat io.netty.channel.nio.AbstractNioByteChannel$NioByteUnsafe.read(AbstractNioByteChannel.java:163)\n\tat io.netty.channel.nio.NioEventLoop.processSelectedKey(NioEventLoop.java:700)\n\tat io.netty.channel.nio.NioEventLoop.processSelectedKeysOptimized(NioEventLoop.java:635)\n\tat io.netty.channel.nio.NioEventLoop.processSelectedKeys(NioEventLoop.java:552)\n\tat io.netty.channel.nio.NioEventLoop.run(NioEventLoop.java:514)\n\tat io.netty.util.concurrent.SingleThreadEventExecutor$6.run(SingleThreadEventExecutor.java:1044)\n\tat io.netty.util.internal.ThreadExecutorMap$2.run(ThreadExecutorMap.java:74)\n\tat io.netty.util.concurrent.FastThreadLocalRunnable.run(FastThreadLocalRunnable.java:30)\n\tat java.lang.Thread.run(Thread.java:1012)\n"}}
Thu Jul 30 09:01:22 UTC 2026 | ALL | 07-30 09:01:21.753  4162  4220 I appium  : channel read: GET /session/0ec58237-84ed-40bd-bf67-28bb2b70cae2/screenshot
Thu Jul 30 09:01:22 UTC 2026 | ALL | 07-30 09:01:21.754  4162  4220 I appium  : CaptureScreenshot command
Thu Jul 30 09:01:22 UTC 2026 | ALL | 07-30 09:01:21.754   560  1619 D WindowManager: captureDisplay
Thu Jul 30 09:01:22 UTC 2026 | ALL | 07-30 09:01:21.762  4162  4220 I appium  : Got screenshot with resolution: 320x640
Thu Jul 30 09:01:22 UTC 2026 | ALL | 07-30 09:01:21.772  4162  4220 I appium  : AppiumResponse: {"sessionId":"0ec58237-84ed-40bd-bf67-28bb2b70cae2","value":"iVBORw0KGgoAAAANSUhEUgAAAUAAAAKACAIAAABi8jbUAAAAAXNSR0IArs4c6QAAAANzQklUCAgI2+FP4AAAIABJREFUeJzt3Xl8FOX9B/DvzOyVzSYkgUBCEu4z4RTklltAkQqlWn/VKq2tQj3qWbTV1rP1qHhSxftAEJAbERBEzhDuACEHAQKBkJD72ntnfn8MLEuyu9kkm+w8u5/3i5dO5nxmdj47M8/MPsNJkkQAwCY…
