=== Device Logcat for TC_REG_001 ===
Captured at: Thu Jul 30 09:09:24 UTC 2026
Entry count: 1981
===========================================
Thu Jul 30 09:08:03 UTC 2026 | ALL | 07-30 09:08:02.837  4162  4220 I appium  : channel read: POST /session/0ec58237-84ed-40bd-bf67-28bb2b70cae2/element
Thu Jul 30 09:08:03 UTC 2026 | ALL | 07-30 09:08:02.837  4162  4220 I appium  : FindElement command
Thu Jul 30 09:08:03 UTC 2026 | ALL | 07-30 09:08:02.838  4162  4220 I appium  : method: 'xpath', selector: '//*[contains(@text, 'Welcome Back!') or contains(@content-desc, 'Welcome Back!')]'
Thu Jul 30 09:08:03 UTC 2026 | ALL | 07-30 09:08:02.838  4162  4220 I appium  : Waiting up to 10000ms for the device to idle
Thu Jul 30 09:08:03 UTC 2026 | ALL | 07-30 09:08:02.839  4162  4220 I appium  : The following attributes will be included to the page source: [text, content-desc]
Thu Jul 30 09:08:03 UTC 2026 | ALL | 07-30 09:08:02.842  4162  4170 I tomator2.server: Method exceeds compiler instruction limit: 19264 in java_cup.runtime.Symbol org.eclipse.wst.xml.xpath2.processor.internal.CUP$XPathCup$actions.CUP$XPathCup$do_action(int, java_cup.runtime.lr_parser, java.util.Stack, int)
Thu Jul 30 09:08:03 UTC 2026 | ALL | 07-30 09:08:02.847  4162  4220 I appium  : Took 0ms to retrieve 0 matches for '//*[contains(@text, 'Welcome Back!') or contains(@content-desc, 'Welcome Back!')]' XPath2 query
Thu Jul 30 09:08:03 UTC 2026 | ALL | 07-30 09:08:02.848  4162  4220 I appium  : AppiumResponse: {"sessionId":"0ec58237-84ed-40bd-bf67-28bb2b70cae2","value":{"error":"no such element","message":"An element could not be located on the page using the given search parameters","stacktrace":"io.appium.uiautomator2.common.exceptions.ElementNotFoundException: An element could not be located on the page using the given search parameters\n\tat io.appium.uiautomator2.utils.ElementLocationHelpers.findElement(ElementLocationHelpers.java:156)\n\tat io.appium.uiautomator2.handler.FindElement.safeHandle(FindElement.java:60)\n\tat io.appium.uiautomator2.handler.request.SafeRequestHandler.handle(SafeRequestHandler.java:59)\n\tat io.appium.uiautomator2.server.AppiumServlet.handleRequest(AppiumServlet.java:259)\n\tat io.appium.uiautomator2.server.AppiumServlet.handleHttpRequest(AppiumServlet.java:253)\n\tat io.appium.uiautomator2.http.ServerHandler.channelRead(ServerHandler.java:77)\n\tat io.netty.channel.AbstractChannelHandlerContext.invokeChannelRead(AbstractChannelHandlerContext.java:374)\n\tat io.netty.channel.AbstractChannelHandlerContext.invokeChannelRead(AbstractChannelHandlerContext.java:360)\n\tat io.netty.channel.AbstractChannelHandlerContext.fireChannelRead(AbstractChannelHandlerContext.java:352)\n\tat io.netty.handler.codec.MessageToMessageDecoder.channelRead(MessageToMessageDecoder.java:102)\n\tat io.netty.channel.AbstractChannelHandlerContext.invokeChannelRead(AbstractChannelHandlerContext.java:374)\n\tat io.netty.channel.AbstractChannelHandlerContext.invokeChannelRead(AbstractChannelHandlerContext.java:360)\n\tat io.netty.channel.AbstractChannelHandlerContext.fireChannelRead(AbstractChannelHandlerContext.java:352)\n\tat io.netty.channel.CombinedChannelDuplexHandler$DelegatingChannelHandlerContext.fireChannelRead(CombinedChannelDuplexHandler.java:438)\n\tat io.netty.handler.codec.ByteToMessageDecoder.fireChannelRead(ByteToMessageDecoder.java:328)\n\tat io.netty.handler.codec.ByteToMessageDecoder.channelRead(ByteToMessageDecoder.java:302)\n\tat io.netty.channel.CombinedChannelDuplexHandler.channelRead(CombinedChannelDuplexHandler.java:253)\n\tat io.netty.channel.AbstractChannelHandlerContext.invokeChannelRead(AbstractChannelHandlerContext.java:374)\n\tat io.netty.channel.AbstractChannelHandlerContext.invokeChannelRead(AbstractChannelHandlerContext.java:360)\n\tat io.netty.channel.AbstractChannelHandlerContext.fireChannelRead(AbstractChannelHandlerContext.java:352)\n\tat io.netty.handler.timeout.IdleStateHandler.channelRead(IdleStateHandler.java:287)\n\tat io.netty.channel.AbstractChannelHandlerContext.invokeChannelRead(AbstractChannelHandlerContext.java:374)\n\tat io.netty.channel.AbstractChannelHandlerContext.invokeChannelRead(AbstractChannelHandlerContext.java:360)\n\tat io.netty.channel.AbstractChannelHandlerContext.fireChannelRead(AbstractChannelHandlerContext.java:352)\n\tat io.netty.channel.DefaultChannelPipeline$HeadContext.channelRead(DefaultChannelPipeline.java:1422)\n\tat io.netty.channel.AbstractChannelHandlerContext.invokeChannelRead(AbstractChannelHandlerContext.java:374)\n\tat io.netty.channel.AbstractChannelHandlerContext.invokeChannelRead(AbstractChannelHandlerContext.java:360)\n\tat io.netty.channel.DefaultChannelPipeline.fireChannelRead(DefaultChannelPipeline.java:931)\n\tat io.netty.channel.nio.AbstractNioByteChannel$NioByteUnsafe.read(AbstractNioByteChannel.java:163)\n\tat io.netty.channel.nio.NioEventLoop.processSelectedKey(NioEventLoop.java:700)\n\tat io.netty.channel.nio.NioEventLoop.processSelectedKeysOptimized(NioEventLoop.java:635)\n\tat io.netty.channel.nio.NioEventLoop.processSelectedKeys(NioEventLoop.java:552)\n\tat io.netty.channel.nio.NioEventLoop.run(NioEventLoop.java:514)\n\tat io.netty.util.concurrent.SingleThreadEventExecutor$6.run(SingleThreadEventExecutor.java:1044)\n\tat io.netty.util.internal.ThreadExecutorMap$2.run(ThreadExecutorMap.java:74)\n\tat io.netty.util.concurrent.FastThreadLocalRunnable.run(FastThreadLocalRunnable.java:30)\n\tat java.lang.Thread.run(Thread.java:1012)\n"}}
Thu Jul 30 09:08:04 UTC 2026 | ALL | 07-30 09:08:03.352  4162  4220 I appium  : channel read: POST /session/0ec58237-84ed-40bd-bf67-28bb2b70cae2/element
Thu Jul 30 09:08:04 UTC 2026 | ALL | 07-30 09:08:03.353  4162  4220 I appium  : FindElement command
Thu Jul 30 09:08:04 UTC 2026 | ALL | 07-30 09:08:03.353  4162  4220 I appium  : method: 'xpath', selector: '//*[contains(@text, 'Welcome Back!') or contains(@content-desc, 'Welcome Back!')]'
Thu Jul 30 09:08:04 UTC 2026 | ALL | 07-30 09:08:03.353  4162  4220 I appium  : Waiting up to 10000ms for the device to idle
Thu Jul 30 09:08:04 UTC 2026 | ALL | 07-30 09:08:03.354  4162  4220 I appium  : The following attributes will be included to the page source: [text, content-desc]
Thu Jul 30 09:08:04 UTC 2026 | ALL | 07-30 09:08:03.364  4162  4220 I appium  : Took 0ms to retrieve 0 matches for '//*[contains(@text, 'Welcome Back!') or contains(@content-desc, 'Welcome Back!')]' XPath2 query
Thu Jul 30 09:08:04 UTC 2026 | ALL | 07-30 09:08:03.365  4162  4220 I appium  : AppiumResponse: {"sessionId":"0ec58237-84ed-40bd-bf67-28bb2b70cae2","value":{"error":"no such element","message":"An element could not be located on the page using the given search parameters","stacktrace":"io.appium.uiautomator2.common.exceptions.ElementNotFoundException: An element could not be located on the page using the given search parameters\n\tat io.appium.uiautomator2.utils.ElementLocationHelpers.findElement(ElementLocationHelpers.java:156)\n\tat io.appium.uiautomator2.handler.FindElement.safeHandle(FindElement.java:60)\n\tat io.appium.uiautomator2.handler.request.SafeRequestHandler.handle(SafeRequestHandler.java:59)\n\tat io.appium.uiautomator2.server.AppiumServlet.handleRequest(AppiumServlet.java:259)\n\tat io.appium.uiautomator2.server.AppiumServlet.handleHttpRequest(AppiumServlet.java:253)\n\tat io.appium.uiautomator2.http.ServerHandler.channelRead(ServerHandler.java:77)\n\tat io.netty.channel.AbstractChannelHandlerContext.invokeChannelRead(AbstractChannelHandlerContext.java:374)\n\tat io.netty.channel.AbstractChannelHandlerContext.invokeChannelRead(AbstractChannelHandlerContext.java:360)\n\tat io.netty.channel.AbstractChannelHandlerContext.fireChannelRead(AbstractChannelHandlerContext.java:352)\n\tat io.netty.handler.codec.MessageToMessageDecoder.channelRead(MessageToMessageDecoder.java:102)\n\tat io.netty.channel.AbstractChannelHandlerContext.invokeChannelRead(AbstractChannelHandlerContext.java:374)\n\tat io.netty.channel.AbstractChannelHandlerContext.invokeChannelRead(AbstractChannelHandlerContext.java:360)\n\tat io.netty.channel.AbstractChannelHandlerContext.fireChannelRead(AbstractChannelHandlerContext.java:352)\n\tat io.netty.channel.CombinedChannelDuplexHandler$DelegatingChannelHandlerContext.fireChannelRead(CombinedChannelDuplexHandler.java:438)\n\tat io.netty.handler.codec.ByteToMessageDecoder.fireChannelRead(ByteToMessageDecoder.java:328)\n\tat io.netty.handler.codec.ByteToMessageDecoder.channelRead(ByteToMessageDecoder.java:302)\n\tat io.netty.channel.CombinedChannelDuplexHandler.channelRead(CombinedChannelDuplexHandler.java:253)\n\tat io.netty.channel.AbstractChannelHandlerContext.invokeChannelRead(AbstractChannelHandlerContext.java:374)\n\tat io.netty.channel.AbstractChannelHandlerContext.invokeChannelRead(AbstractChannelHandlerContext.java:360)\n\tat io.netty.channel.AbstractChannelHandlerContext.fireChannelRead(AbstractChannelHandlerContext.java:352)\n\tat io.netty.handler.timeout.IdleStateHandler.channelRead(IdleStateHandler.java:287)\n\tat io.netty.channel.AbstractChannelHandlerContext.invokeChannelRead(AbstractChannelHandlerContext.java:374)\n\tat io.netty.channel.AbstractChannelHandlerContext.invokeChannelRead(AbstractChannelHandlerContext.java:360)\n\tat io.netty.channel.AbstractChannelHandlerContext.fireChannelRead(AbstractChannelHandlerContext.java:352)\n\tat io.netty.channel.DefaultChannelPipeline$HeadContext.channelRead(DefaultChannelPipeline.java:1422)\n\tat io.netty.channel.AbstractChannelHandlerContext.invokeChannelRead(AbstractChannelHandlerContext.java:374)\n\tat io.netty.channel.AbstractChannelHandlerContext.invokeChannelRead(AbstractChannelHandlerContext.java:360)\n\tat io.netty.channel.DefaultChannelPipeline.fireChannelRead(DefaultChannelPipeline.java:931)\n\tat io.netty.channel.nio.AbstractNioByteChannel$NioByteUnsafe.read(AbstractNioByteChannel.java:163)\n\tat io.netty.channel.nio.NioEventLoop.processSelectedKey(NioEventLoop.java:700)\n\tat io.netty.channel.nio.NioEventLoop.processSelectedKeysOptimized(NioEventLoop.java:635)\n\tat io.netty.channel.nio.NioEventLoop.processSelectedKeys(NioEventLoop.java:552)\n\tat io.netty.channel.nio.NioEventLoop.run(NioEventLoop.java:514)\n\tat io.netty.util.concurrent.SingleThreadEventExecutor$6.run(SingleThreadEventExecutor.java:1044)\n\tat io.netty.util.internal.ThreadExecutorMap$2.run(ThreadExecutorMap.java:74)\n\tat io.netty.util.concurrent.FastThreadLocalRunnable.run(FastThreadLocalRunnable.java:30)\n\tat java.lang.Thread.run(Thread.java:1012)\n"}}
Thu Jul 30 09:08:04 UTC 2026 | ALL | 07-30 09:08:03.869  4162  4220 I appium  : channel read: POST /session/0ec58237-84ed-40bd-bf67-28bb2b70cae2/element
Thu Jul 30 09:08:04 UTC 2026 | ALL | 07-30 09:08:03.869  4162  4220 I appium  : FindElement command
Thu Jul 30 09:08:04 UTC 2026 | ALL | 07-30 09:08:03.869  4162  4220 I appium  : method: 'xpath', selector: '//*[contains(@text, 'Welcome Back!') or contains(@content-desc, 'Welcome Back!')]'
Thu Jul 30 09:08:04 UTC 2026 | ALL | 07-30 09:08:03.869  4162  4220 I appium  : Waiting up to 10000ms for the device to idle
Thu Jul 30 09:08:04 UTC 2026 | ALL | 07-30 09:08:03.870  4162  4220 I appium  : The following attributes will be included to the page source: [text, content-desc]
Thu Jul 30 09:08:04 UTC 2026 | ALL | 07-30 09:08:03.879  4162  4220 I appium  : Took 0ms to retrieve 0 matches for '//*[contains(@text, 'Welcome Back!') or contains(@content-desc, 'Welcome Back!')]' XPath2 query
Thu Jul 30 09:08:04 UTC 2026 | ALL | 07-30 09:08:03.880  4162  4220 I appium  : AppiumResponse: {"sessionId":"0ec58237-84ed-40bd-bf67-28bb2b70cae2","value":{"error":"no such element","message":"An element could not be located on the page using the given search parameters","stacktrace":"io.appium.uiautomator2.common.exceptions.ElementNotFoundException: An element could not be located on the page using the given search parameters\n\tat io.appium.uiautomator2.utils.ElementLocationHelpers.findElement(ElementLocationHelpers.java:156)\n\tat io.appium.uiautomator2.handler.FindElement.safeHandle(FindElement.java:60)\n\tat io.appium.uiautomator2.handler.request.SafeRequestHandler.handle(SafeRequestHandler.java:59)\n\tat io.appium.uiautomator2.server.AppiumServlet.handleRequest(AppiumServlet.java:259)\n\tat io.appium.uiautomator2.server.AppiumServlet.handleHttpRequest(AppiumServlet.java:253)\n\tat io.appium.uiautomator2.http.ServerHandler.channelRead(ServerHandler.java:77)\n\tat io.netty.channel.AbstractChannelHandlerContext.invokeChannelRead(AbstractChannelHandlerContext.java:374)\n\tat io.netty.channel.AbstractChannelHandlerContext.invokeChannelRead(AbstractChannelHandlerContext.java:360)\n\tat io.netty.channel.AbstractChannelHandlerContext.fireChannelRead(AbstractChannelHandlerContext.java:352)\n\tat io.netty.handler.codec.MessageToMessageDecoder.channelRead(MessageToMessageDecoder.java:102)\n\tat io.netty.channel.AbstractChannelHandlerContext.invokeChannelRead(AbstractChannelHandlerContext.java:374)\n\tat io.netty.channel.AbstractChannelHandlerContext.invokeChannelRead(AbstractChannelHandlerContext.java:360)\n\tat io.netty.channel.AbstractChannelHandlerContext.fireChannelRead(AbstractChannelHandlerContext.java:352)\n\tat io.netty.channel.CombinedChannelDuplexHandler$DelegatingChannelHandlerContext.fireChannelRead(CombinedChannelDuplexHandler.java:438)\n\tat io.netty.handler.codec.ByteToMessageDecoder.fireChannelRead(ByteToMessageDecoder.java:328)\n\tat io.netty.handler.codec.ByteToMessageDecoder.channelRead(ByteToMessageDecoder.java:302)\n\tat io.netty.channel.CombinedChannelDuplexHandler.channelRead(CombinedChannelDuplexHandler.java:253)\n\tat io.netty.channel.AbstractChannelHandlerContext.invokeChannelRead(AbstractChannelHandlerContext.java:374)\n\tat io.netty.channel.AbstractChannelHandlerContext.invokeChannelRead(AbstractChannelHandlerContext.java:360)\n\tat io.netty.channel.AbstractChannelHandlerContext.fireChannelRead(AbstractChannelHandlerContext.java:352)\n\tat io.netty.handler.timeout.IdleStateHandler.channelRead(IdleStateHandler.java:287)\n\tat io.netty.channel.AbstractChannelHandlerContext.invokeChannelRead(AbstractChannelHandlerContext.java:374)\n\tat io.netty.channel.AbstractChannelHandlerContext.invokeChannelRead(AbstractChannelHandlerContext.java:360)\n\tat io.netty.channel.AbstractChannelHandlerContext.fireChannelRead(AbstractChannelHandlerContext.java:352)\n\tat io.netty.channel.DefaultChannelPipeline$HeadContext.channelRead(DefaultChannelPipeline.java:1422)\n\tat io.netty.channel.AbstractChannelHandlerContext.invokeChannelRead(AbstractChannelHandlerContext.java:374)\n\tat io.netty.channel.AbstractChannelHandlerContext.invokeChannelRead(AbstractChannelHandlerContext.java:360)\n\tat io.netty.channel.DefaultChannelPipeline.fireChannelRead(DefaultChannelPipeline.java:931)\n\tat io.netty.channel.nio.AbstractNioByteChannel$NioByteUnsafe.read(AbstractNioByteChannel.java:163)\n\tat io.netty.channel.nio.NioEventLoop.processSelectedKey(NioEventLoop.java:700)\n\tat io.netty.channel.nio.NioEventLoop.processSelectedKeysOptimized(NioEventLoop.java:635)\n\tat io.netty.channel.nio.NioEventLoop.processSelectedKeys(NioEventLoop.java:552)\n\tat io.netty.channel.nio.NioEventLoop.run(NioEventLoop.java:514)\n\tat io.netty.util.concurrent.SingleThreadEventExecutor$6.run(SingleThreadEventExecutor.java:1044)\n\tat io.netty.util.internal.ThreadExecutorMap$2.run(ThreadExecutorMap.java:74)\n\tat io.netty.util.concurrent.FastThreadLocalRunnable.run(FastThreadLocalRunnable.java:30)\n\tat java.lang.Thread.run(Thread.java:1012)\n"}}
Thu Jul 30 09:08:05 UTC 2026 | ALL | 07-30 09:08:04.384  4162  4220 I appium  : channel read: POST /session/0ec58237-84ed-40bd-bf67-28bb2b70cae2/element
Thu Jul 30 09:08:05 UTC 2026 | ALL | 07-30 09:08:04.384  4162  4220 I appium  : FindElement command
Thu Jul 30 09:08:05 UTC 2026 | ALL | 07-30 09:08:04.385  4162  4220 I appium  : method: 'xpath', selector: '//*[contains(@text, 'Welcome Back!') or contains(@content-desc, 'Welcome Back!')]'
Thu Jul 30 09:08:05 UTC 2026 | ALL | 07-30 09:08:04.385  4162  4220 I appium  : Waiting up to 10000ms for the device to idle
Thu Jul 30 09:08:05 UTC 2026 | ALL | 07-30 09:08:04.386  4162  4220 I appium  : The following attributes will be included to the page source: [text, content-desc]
Thu Jul 30 09:08:05 UTC 2026 | ALL | 07-30 09:08:04.389  4162  4170 I tomator2.server: Method exceeds compiler instruction limit: 19264 in java_cup.runtime.Symbol org.eclipse.wst.xml.xpath2.processor.internal.CUP$XPathCup$actions.CUP$XPathCup$do_action(int, java_cup.runtime.lr_parser, java.util.Stack, int)
Thu Jul 30 09:08:05 UTC 2026 | ALL | 07-30 09:08:04.396  4162  4220 I appium  : Took 0ms to retrieve 0 matches for '//*[contains(@text, 'Welcome Back!') or contains(@content-desc, 'Welcome Back!')]' XPath2 query
Thu Jul 30 09:08:05 UTC 2026 | ALL | 07-30 09:08:04.397  4162  4220 I appium  : AppiumResponse: {"sessionId":"0ec58237-84ed-40bd-bf67-28bb2b70cae2","value":{"error":"no such element","message":"An element could not be located on the page using the given search parameters","stacktrace":"io.appium.uiautomator2.common.exceptions.ElementNotFoundException: An element could not be located on the page using the given search parameters\n\tat io.appium.uiautomator2.utils.ElementLocationHelpers.findElement(ElementLocationHelpers.java:156)\n\tat io.appium.uiautomator2.handler.FindElement.safeHandle(FindElement.java:60)\n\tat io.appium.uiautomator2.handler.request.SafeRequestHandler.handle(SafeRequestHandler.java:59)\n\tat io.appium.uiautomator2.server.AppiumServlet.handleRequest(AppiumServlet.java:259)\n\tat io.appium.uiautomator2.server.AppiumServlet.handleHttpRequest(AppiumServlet.java:253)\n\tat io.appium.uiautomator2.http.ServerHandler.channelRead(ServerHandler.java:77)\n\tat io.netty.channel.AbstractChannelHandlerContext.invokeChannelRead(AbstractChannelHandlerContext.java:374)\n\tat io.netty.channel.AbstractChannelHandlerContext.invokeChannelRead(AbstractChannelHandlerContext.java:360)\n\tat io.netty.channel.AbstractChannelHandlerContext.fireChannelRead(AbstractChannelHandlerContext.java:352)\n\tat io.netty.handler.codec.MessageToMessageDecoder.channelRead(MessageToMessageDecoder.java:102)\n\tat io.netty.channel.AbstractChannelHandlerContext.invokeChannelRead(AbstractChannelHandlerContext.java:374)\n\tat io.netty.channel.AbstractChannelHandlerContext.invokeChannelRead(AbstractChannelHandlerContext.java:360)\n\tat io.netty.channel.AbstractChannelHandlerContext.fireChannelRead(AbstractChannelHandlerContext.java:352)\n\tat io.netty.channel.CombinedChannelDuplexHandler$DelegatingChannelHandlerContext.fireChannelRead(CombinedChannelDuplexHandler.java:438)\n\tat io.netty.handler.codec.ByteToMessageDecoder.fireChannelRead(ByteToMessageDecoder.java:328)\n\tat io.netty.handler.codec.ByteToMessageDecoder.channelRead(ByteToMessageDecoder.java:302)\n\tat io.netty.channel.CombinedChannelDuplexHandler.channelRead(CombinedChannelDuplexHandler.java:253)\n\tat io.netty.channel.AbstractChannelHandlerContext.invokeChannelRead(AbstractChannelHandlerContext.java:374)\n\tat io.netty.channel.AbstractChannelHandlerContext.invokeChannelRead(AbstractChannelHandlerContext.java:360)\n\tat io.netty.channel.AbstractChannelHandlerContext.fireChannelRead(AbstractChannelHandlerContext.java:352)\n\tat io.netty.handler.timeout.IdleStateHandler.channelRead(IdleStateHandler.java:287)\n\tat io.netty.channel.AbstractChannelHandlerContext.invokeChannelRead(AbstractChannelHandlerContext.java:374)\n\tat io.netty.channel.AbstractChannelHandlerContext.invokeChannelRead(AbstractChannelHandlerContext.java:360)\n\tat io.netty.channel.AbstractChannelHandlerContext.fireChannelRead(AbstractChannelHandlerContext.java:352)\n\tat io.netty.channel.DefaultChannelPipeline$HeadContext.channelRead(DefaultChannelPipeline.java:1422)\n\tat io.netty.channel.AbstractChannelHandlerContext.invokeChannelRead(AbstractChannelHandlerContext.java:374)\n\tat io.netty.channel.AbstractChannelHandlerContext.invokeChannelRead(AbstractChannelHandlerContext.java:360)\n\tat io.netty.channel.DefaultChannelPipeline.fireChannelRead(DefaultChannelPipeline.java:931)\n\tat io.netty.channel.nio.AbstractNioByteChannel$NioByteUnsafe.read(AbstractNioByteChannel.java:163)\n\tat io.netty.channel.nio.NioEventLoop.processSelectedKey(NioEventLoop.java:700)\n\tat io.netty.channel.nio.NioEventLoop.processSelectedKeysOptimized(NioEventLoop.java:635)\n\tat io.netty.channel.nio.NioEventLoop.processSelectedKeys(NioEventLoop.java:552)\n\tat io.netty.channel.nio.NioEventLoop.run(NioEventLoop.java:514)\n\tat io.netty.util.concurrent.SingleThreadEventExecutor$6.run(SingleThreadEventExecutor.java:1044)\n\tat io.netty.util.internal.ThreadExecutorMap$2.run(ThreadExecutorMap.java:74)\n\tat io.netty.util.concurrent.FastThreadLocalRunnable.run(FastThreadLocalRunnable.java:30)\n\tat java.lang.Thread.run(Thread.java:1012)\n"}}
Thu Jul 30 09:08:05 UTC 2026 | ALL | 07-30 09:08:04.455   917  1052 D EGL_emulation: app_time_stats: avg=4443.48ms min=4443.48ms max=4443.48ms count=1
Thu Jul 30 09:08:05 UTC 2026 | ALL | 07-30 09:08:04.457  4619  4664 I Bugle   : BugleStartup: Registering SIM change receiver...
Thu Jul 30 09:08:05 UTC 2026 | ALL | 07-30 09:08:04.458  4619  4664 I Bugle   : BugleStartup: Updating app config...
Thu Jul 30 09:08:05 UTC 2026 | ALL | 07-30 09:08:04.460  4619  4664 I Bugle   : BugleStartup: Done with SIM change receiver & app config.
Thu Jul 30 09:08:05 UTC 2026 | ALL | 07-30 09:08:04.460  4619  4664 I Bugle   : BugleStartup: Handling shared prefs upgrade & Load MMS Configuration...
Thu Jul 30 09:08:05 UTC 2026 | ALL | 07-30 09:08:04.466  4619  4664 I Bugle   : BugleStartup: Initializing RCS availability...
Thu Jul 30 09:08:05 UTC 2026 | ALL | 07-30 09:08:04.467   560  1964 D CompatChangeReporter: Compat change id reported: 297989574; UID 10134; state: ENABLED
Thu Jul 30 09:08:05 UTC 2026 | ALL | 07-30 09:08:04.467  4619  4664 I Bugle   : BugleStartup: Done with RCS availability.
Thu Jul 30 09:08:05 UTC 2026 | ALL | 07-30 09:08:04.467  4619  4664 I Bugle   : BugleStartup: Done initializing with enabled individual init failures.
Thu Jul 30 09:08:05 UTC 2026 | ALL | 07-30 09:08:04.467  4619  4708 I BugleRcsEngine: do not delay first event [CONTEXT thread_id=82 ]
Thu Jul 30 09:08:05 UTC 2026 | ALL | 07-30 09:08:04.471  4619  4642 I BugleSimStateTracker: Updating PhoneSimState
Thu Jul 30 09:08:05 UTC 2026 | ALL | 07-30 09:08:04.476  4619  4682 W Bugle   : BuglePhoneNumberUtils: canonicalizeMccMnc: invalid mccmnc. mcc: null, mnc: null
Thu Jul 30 09:08:05 UTC 2026 | ALL | 07-30 09:08:04.477  4619  4645 I BugleRcsEngine: SIM state event delay enabled: attempts 0, maxAttempts 3, delaySeconds 90 MSIM delayseconds 90, effective delay seconds 90 [CONTEXT thread_id=57 ]
Thu Jul 30 09:08:05 UTC 2026 | ALL | 07-30 09:08:04.477  4619  4645 I BugleRcsEngine: posted simEventProcessTask to handler with delay 90 [CONTEXT thread_id=57 ]
Thu Jul 30 09:08:05 UTC 2026 | ALL | 07-30 09:08:04.478  4619  4645 I BugleRcsEngine: delay SIM event: android.intent.action.SIM_STATE_CHANGED, LOADED [CONTEXT log_prefix="(Sim)" thread_id=57 ]
Thu Jul 30 09:08:05 UTC 2026 | ALL | 07-30 09:08:04.479  4619  4708 I BugleRcsEngine: Processing an intent [CONTEXT log_prefix="(Sim)" thread_id=82 ]
Thu Jul 30 09:08:05 UTC 2026 | ALL | 07-30 09:08:04.479  4619  4708 I BugleRcsEngine: SIM state LOADED [CONTEXT log_prefix="(Sim)" thread_id=82 ]
Thu Jul 30 09:08:05 UTC 2026 | ALL | 07-30 09:08:04.489  4619  4708 I BugleRcsEngine: SIM changed: false. current id: redacted-pii:sim_id[chars:20,last3:897]; stored id: redacted-pii:sim_id[chars:20,last3:897]; isFiDevice: false; subId: 1; slotIndex: 0 [CONTEXT log_prefix="(Sim)" thread_id=82 ]
Thu Jul 30 09:08:05 UTC 2026 | ALL | 07-30 09:08:04.505  4619  4642 I BugleSimStateTracker: Is carrier config for identified carrier: true
Thu Jul 30 09:08:05 UTC 2026 | ALL | 07-30 09:08:04.507   560  1619 D CompatChangeReporter: Compat change id reported: 311402873; UID 10134; state: ENABLED
Thu Jul 30 09:08:05 UTC 2026 | ALL | 07-30 09:08:04.507   560  1619 D CompatChangeReporter: Compat change id reported: 323349338; UID 10134; state: ENABLED
Thu Jul 30 09:08:05 UTC 2026 | ALL | 07-30 09:08:04.516  4619  4708 I BugleRcsEngine: Skipping writing subId because this is main bugle process. [CONTEXT log_prefix="(Sim)" thread_id=82 ]
Thu Jul 30 09:08:05 UTC 2026 | ALL | 07-30 09:08:04.517  4619  4708 I BugleRcsEngine: Updated SIM info: currentSimId: redacted-pii:sim_id[chars:20,last3:897]; imsi: redacted-pii:imsi[chars:15]; rawMsisdn: redacted-pii:phone_number[chars:12,last2:67]; formattedMsisdn: redacted-pii:phone_number[chars:12,last2:67]; mccmnc: redacted-pii:sim_operator[chars:6]; gid1: redacted-pii:sim_gid[chars:0]; isFiDevice: false; subId: 1; slotIndex: 0 [CONTEXT log_prefix="(Sim)" thread_id=82 ]
Thu Jul 30 09:08:05 UTC 2026 | ALL | 07-30 09:08:04.519  4619  4708 I BugleRcsEngine: Handling SIM_LOADED in PhoneSimsStateUpdater. [CONTEXT log_prefix="(Sim)" thread_id=82 ]
Thu Jul 30 09:08:05 UTC 2026 | ALL | 07-30 09:08:04.523  4619  4637 I GnpSdk  : set is [].
Thu Jul 30 09:08:05 UTC 2026 | ALL | 07-30 09:08:04.526  4619  4642 I BugleSimStateTracker: Looking up Fi through package names.
Thu Jul 30 09:08:05 UTC 2026 | ALL | 07-30 09:08:04.530  4619  4664 I BugleJobs: Starts to observe table change.
Thu Jul 30 09:08:05 UTC 2026 | ALL | 07-30 09:08:04.533  4619  4642 I BugleSimStateTracker: default call SIM: redacted-pii:sim_id[chars:20,last3:897], default sms SIM redacted-pii:sim_id[chars:20,last3:897]. default data SIM redacted-pii:sim_id[chars:20,last3:897].
Thu Jul 30 09:08:05 UTC 2026 | ALL | 07-30 09:08:04.535  4619  4644 I BugleJobs: Icing index repair service is not scheduled. [CONTEXT class_name="IcingMonitoringUtils" ]
Thu Jul 30 09:08:05 UTC 2026 | ALL | 07-30 09:08:04.542  4619  4663 I Forking : Starting analysis.
Thu Jul 30 09:08:05 UTC 2026 | ALL | 07-30 09:08:04.543  4619  4663 I Misthreading: Starting analysis.
Thu Jul 30 09:08:05 UTC 2026 | ALL | 07-30 09:08:04.554  4619  4642 I BugleSimStateTracker: Looking up Fi through package names.
Thu Jul 30 09:08:05 UTC 2026 | ALL | 07-30 09:08:04.558  4619  4654 I FirebaseApp: Device unlocked: initializing all Firebase APIs for app [DEFAULT]
Thu Jul 30 09:08:05 UTC 2026 | ALL | 07-30 09:08:04.565  1226  1612 W BpBinder: Large outgoing transaction of 424372 bytes, interface descriptor , code 4
Thu Jul 30 09:08:05 UTC 2026 | ALL | 07-30 09:08:04.566  4619  4642 I Bugle   : CountryCodeDetector: updateSmsNetworkCountry from default subscription network country. detected country: us
Thu Jul 30 09:08:05 UTC 2026 | ALL | 07-30 09:08:04.571  4619  4643 I BugleNetwork: FirebaseRegistrationStartupTask: Enabling Firebase component
Thu Jul 30 09:08:05 UTC 2026 | ALL | 07-30 09:08:04.572  4619  4642 I BugleSimStateTracker: allNewlyBuiltSimSubscriptionInfos (simId, loggableGuid): [(redacted-pii:sim_id[chars:20,last3:897], 17956492-1384-4259-a92c-695e69b80934)]
Thu Jul 30 09:08:05 UTC 2026 | ALL | 07-30 09:08:04.573  4619  4642 I BugleSimStateTracker: Storing updatedSimSubscriptionInfos: [(redacted-pii:sim_id[chars:20,last3:897], 17956492-1384-4259-a92c-695e69b80934)]
Thu Jul 30 09:08:05 UTC 2026 | ALL | 07-30 09:08:04.574  4619  4642 I BugleSimStateTracker: Handling SIM loaded event for all SIMs on first update: [(redacted-pii[20-chars], 17956492-1384-4259-a92c-695e69b80934)]
Thu Jul 30 09:08:05 UTC 2026 | ALL | 07-30 09:08:04.582  4619  4643 I Bugle   : RcsAvailabilityUtilForProvisioningEngineV2: updateAvailabilityForAllSimsAsync, hint: NO_HINT
Thu Jul 30 09:08:05 UTC 2026 | ALL | 07-30 09:08:04.583  4619  4643 I RcsAvailabilityUpdaterL: updateAvailabilityForAllSimsAsync: scheduling updateAvailabilityForRcsProvisioningId call. Hint: NO_HINT, enableWelcomePopupWithoutGoogleTos: false, reshowSuccessPopup: false
Thu Jul 30 09:08:05 UTC 2026 | ALL | 07-30 09:08:04.585  4619  4641 I RcsAvailabilityUpdaterL: updateRcsAvailabilityForMultipleSims: hint: NO_HINT, canReshowWelcomeMessage: false
Thu Jul 30 09:08:05 UTC 2026 | ALL | 07-30 09:08:04.587  4619  4665 D nativeloader: Load /product/priv-app/PrebuiltBugle/PrebuiltBugle.apk!/lib/x86_64/libscytale_v2_jni.so using ns product-clns-8 from class loader (caller=/product/priv-app/PrebuiltBugle/PrebuiltBugle.apk!classes3.dex): ok
Thu Jul 30 09:08:05 UTC 2026 | ALL | 07-30 09:08:04.590  4619  4665 W BugleEtouffee: E2eeStartupTask: No identities to perform prekey checking for.
Thu Jul 30 09:08:05 UTC 2026 | ALL | 07-30 09:08:04.594  4619  4641 I BugleRcsEngine: [SR]: Single Registration is disabled. Skipping Single Registration capability check for subId: 1, OS.isAtLeastS:[true], enableSingleRegistrationProvisioning:[false] [CONTEXT thread_id=53 ]
Thu Jul 30 09:08:05 UTC 2026 | ALL | 07-30 09:08:04.595  4619  4641 I BugleRcsEngine: No RCS Configuration was found in Bugle for simID: redacted-pii:sim_id[chars:20,last3:897] [CONTEXT log_prefix="ProvisioningEngineDataRetriever" thread_id=53 ]
Thu Jul 30 09:08:05 UTC 2026 | ALL | 07-30 09:08:04.595  4619  4641 I RcsAvailabilityUpdaterL: RcsAvailability configuration availability and enabled status: simId: redacted-pii:sim_id[chars:20,last3:897], SipConnectionType: DUAL_REG, isConfigurationAvailableAndEnabled: false
Thu Jul 30 09:08:05 UTC 2026 | ALL | 07-30 09:08:04.595  4619  4641 I BugleRcsEngine: Using config server URL from biuf [CONTEXT log_prefix="ProvisioningServerUtil" thread_id=53 ]
Thu Jul 30 09:08:05 UTC 2026 | ALL | 07-30 09:08:04.602  4619  4642 I MobileConfigurationApi: registerParameters successfully stored 4 parameters
Thu Jul 30 09:08:05 UTC 2026 | ALL | 07-30 09:08:04.602  4619  4642 I SyncScheduler: scheduling sync for 0 seconds later, policy = KEEP
Thu Jul 30 09:08:05 UTC 2026 | ALL | 07-30 09:08:04.605  4619  4641 W BugleRcsProvisioning: Failed to get RCS configuration from the cached provider, configuration is empty.
Thu Jul 30 09:08:05 UTC 2026 | ALL | 07-30 09:08:04.605  4619  4641 W BugleRcsProvisioning: dncp: FULL
Thu Jul 30 09:08:05 UTC 2026 | ALL | 07-30 09:08:04.605  4619  4641 W BugleRcsProvisioning: 	at afzl.c(PG:130)
Thu Jul 30 09:08:05 UTC 2026 | ALL | 07-30 09:08:04.605  4619  4641 W BugleRcsProvisioning: 	at afzl.f(PG:13)
Thu Jul 30 09:08:05 UTC 2026 | ALL | 07-30 09:08:04.605  4619  4641 W BugleRcsProvisioning: 	at afwq.a(PG:9)
Thu Jul 30 09:08:05 UTC 2026 | ALL | 07-30 09:08:04.605  4619  4641 W BugleRcsProvisioning: 	at bluy.apply(PG:125)
Thu Jul 30 09:08:05 UTC 2026 | ALL | 07-30 09:08:04.605  4619  4641 W BugleRcsProvisioning: 	at j$.util.Optional.map(SourceFile:17)
Thu Jul 30 09:08:05 UTC 2026 | ALL | 07-30 09:08:04.605  4619  4641 W BugleRcsProvisioning: 	at blve.s(PG:255)
Thu Jul 30 09:08:05 UTC 2026 | ALL | 07-30 09:08:04.605  4619  4641 W BugleRcsProvisioning: 	at blve.o(PG:58)
Thu Jul 30 09:08:05 UTC 2026 | ALL | 07-30 09:08:04.605  4619  4641 W BugleRcsProvisioning: 	at bluo.run(PG:6)
Thu Jul 30 09:08:05 UTC 2026 | ALL | 07-30 09:08:04.605  4619  4641 W BugleRcsProvisioning: 	at dkqk.run(PG:21)
Thu Jul 30 09:08:05 UTC 2026 | ALL | 07-30 09:08:04.605  4619  4641 W BugleRcsProvisioning: 	at java.util.concurrent.Executors$RunnableAdapter.call(Executors.java:487)
Thu Jul 30 09:08:05 UTC 2026 | ALL | 07-30 09:08:04.605  4619  4641 W BugleRcsProvisioning: 	at dqsy.a(PG:3)
Thu Jul 30 09:08:05 UTC 2026 | ALL | 07-30 09:08:04.605  4619  4641 W BugleRcsProvisioning: 	at dqrv.run(PG:21)
Thu Jul 30 09:08:05 UTC 2026 | ALL | 07-30 09:08:04.605  4619  4641 W BugleRcsProvisioning: 	at dqsz.run(PG:5)
Thu Jul 30 09:08:05 UTC 2026 | ALL | 07-30 09:08:04.605  4619  4641 W BugleRcsProvisioning: 	at crzm.run(PG:3)
Thu Jul 30 09:08:05 UTC 2026 | ALL | 07-30 09:08:04.605  4619  4641 W BugleRcsProvisioning: 	at java.util.concurrent.ThreadPoolExecutor.runWorker(ThreadPoolExecutor.java:1145)
Thu Jul 30 09:08:05 UTC 2026 | ALL | 07-30 09:08:04.605  4619  4641 W BugleRcsProvisioning: 	at java.util.concurrent.ThreadPoolExecutor$Worker.run(ThreadPoolExecutor.java:644)
Thu Jul 30 09:08:05 UTC 2026 | ALL | 07-30 09:08:04.605  4619  4641 W BugleRcsProvisioning: 	at cryq.run(PG:6)
Thu Jul 30 09:08:05 UTC 2026 | ALL | 07-30 09:08:04.605  4619  4641 W BugleRcsProvisioning: 	at java.lang.Thread.run(Thread.java:1012)
Thu Jul 30 09:08:05 UTC 2026 | ALL | 07-30 09:08:04.605  4619  4641 W BugleRcsProvisioning: 	at csaw.run(PG:64)
Thu Jul 30 09:08:05 UTC 2026 | ALL | 07-30 09:08:04.605  4619  4641 I RcsAvailabilityUpdaterL: RcsAvailability: Subscription Id: 1, simId: redacted-pii:sim_id[chars:20,last3:897], sipConnectionType: DUAL_REG, isRcsAvailable: false
Thu Jul 30 09:08:05 UTC 2026 | ALL | 07-30 09:08:04.605  4619  4641 I RcsAvailabilityUpdaterL: updateAvailabilityForRcsProvisioningId. SimId: redacted-pii:sim_id[chars:20,last3:897], currentAvailability: 10, newAvailability: 10, hint: NO_HINT
Thu Jul 30 09:08:05 UTC 2026 | ALL | 07-30 09:08:04.608  4619  4653 I BugleRcsProvisioning: RcsProvisioningTrigger: onRcsAvailabilityUpdate : availability is updated to Carrier RCS is not set up, lastAvailabilityLocal is null, simId hash = 2077763483644552727, simId = redacted-pii:sim_id[chars:20,last3:897], isPev3Enabled = true
Thu Jul 30 09:08:05 UTC 2026 | ALL | 07-30 09:08:04.613  4619  4653 I BugleRcsEngine: getRcsProvisioningGoogleTosConfiguration # bnuv@5d5fcd, consentState = 0, ServerUpdateTime = 0 [CONTEXT log_prefix="ProvisioningEngineDataRetriever" thread_id=64 ]
Thu Jul 30 09:08:05 UTC 2026 | ALL | 07-30 09:08:04.615  4619  4653 I BugleRcsProvisioning: RcsProvisioningTrigger: Should not schedule Revoke Google Consent Task because both the consent types are empty in the Storage
Thu Jul 30 09:08:05 UTC 2026 | ALL | 07-30 09:08:04.616  4619  4642 I BugleRcsProvisioning: RcsProvisioningTrigger: Did not schedule RevokeGoogleConsentTask
Thu Jul 30 09:08:05 UTC 2026 | ALL | 07-30 09:08:04.618  4619  4653 I BugleRcsEngine: Receive onRcsAvailabilityUpdate, SIM = redacted-pii:sim_id[chars:20,last3:897], availability = RcsAvailability{mAvailability=CARRIER_SETUP_PENDING (Carrier RCS is not set up)} [CONTEXT log_prefix="RcsProvisioningManager" thread_id=64 ]
Thu Jul 30 09:08:05 UTC 2026 | ALL | 07-30 09:08:04.619  4619  4642 I BugleRcsProvisioning: BugleSystemBindingManager: onBuglePhenotypeFlagChanged
Thu Jul 30 09:08:05 UTC 2026 | ALL | 07-30 09:08:04.620  4619  4646 W BugleRcs: getAvailableProvisioningIds: accessing uninitialized provisioning identities.
Thu Jul 30 09:08:05 UTC 2026 | ALL | 07-30 09:08:04.620  4619  4646 W BugleRcs: dncp: FULL
Thu Jul 30 09:08:05 UTC 2026 | ALL | 07-30 09:08:04.620  4619  4646 W BugleRcs: 	at cjmd.i(PG:53)
Thu Jul 30 09:08:05 UTC 2026 | ALL | 07-30 09:08:04.620  4619  4646 W BugleRcs: 	at cjvb.q(PG:169)
Thu Jul 30 09:08:05 UTC 2026 | ALL | 07-30 09:08:04.620  4619  4646 W BugleRcs: 	at brts.a(PG:27)
Thu Jul 30 09:08:05 UTC 2026 | ALL | 07-30 09:08:04.620  4619  4646 W BugleRcs: 	at brsg.b(PG:24)
Thu Jul 30 09:08:05 UTC 2026 | ALL | 07-30 09:08:04.620  4619  4646 W BugleRcs: 	at brsg.a(PG:13)
Thu Jul 30 09:08:05 UTC 2026 | ALL | 07-30 09:08:04.620  4619  4646 W BugleRcs: 	at efhn.a(PG:14)
Thu Jul 30 09:08:05 UTC 2026 | ALL | 07-30 09:08:04.620  4619  4646 W BugleRcs: 	at eerl.a(PG:10)
Thu Jul 30 09:08:05 UTC 2026 | ALL | 07-30 09:08:04.620  4619  4646 W BugleRcs: 	at dlmg.b(PG:84)
Thu Jul 30 09:08:05 UTC 2026 | ALL | 07-30 09:08:04.620  4619  4646 W BugleRcs: 	at eegr.w(PG:11)
Thu Jul 30 09:08:05 UTC 2026 | ALL | 07-30 09:08:04.620  4619  4646 W BugleRcs: 	at eerz.run(PG:109)
Thu Jul 30 09:08:05 UTC 2026 | ALL | 07-30 09:08:04.620  4619  4646 W BugleRcs: 	at djfc.run(PG:3)
Thu Jul 30 09:08:05 UTC 2026 | ALL | 07-30 09:08:04.620  4619  4646 W BugleRcs: 	at dkqk.run(PG:21)
Thu Jul 30 09:08:05 UTC 2026 | ALL | 07-30 09:08:04.620  4619  4646 W BugleRcs: 	at crzm.run(PG:3)
Thu Jul 30 09:08:05 UTC 2026 | ALL | 07-30 09:08:04.620  4619  4646 W BugleRcs: 	at java.util.concurrent.ThreadPoolExecutor.runWorker(ThreadPoolExecutor.java:1145)
Thu Jul 30 09:08:05 UTC 2026 | ALL | 07-30 09:08:04.620  4619  4646 W BugleRcs: 	at java.util.concurrent.ThreadPoolExecutor$Worker.run(ThreadPoolExecutor.java:644)
Thu Jul 30 09:08:05 UTC 2026 | ALL | 07-30 09:08:04.620  4619  4646 W BugleRcs: 	at cryq.run(PG:6)
Thu Jul 30 09:08:05 UTC 2026 | ALL | 07-30 09:08:04.620  4619  4646 W BugleRcs: 	at java.lang.Thread.run(Thread.java:1012)
Thu Jul 30 09:08:05 UTC 2026 | ALL | 07-30 09:08:04.620  4619  4646 W BugleRcs: 	at csaw.run(PG:64)
Thu Jul 30 09:08:05 UTC 2026 | ALL | 07-30 09:08:04.620  4619  4646 I BugleTransport: Retrieved RCS available simIds: []
Thu Jul 30 09:08:05 UTC 2026 | ALL | 07-30 09:08:04.620  4619  4666 I BugleTransport: Deregister all SIMs except for SIMs with subIds: [] from chat transport: SINGLE_REGISTRATION.
Thu Jul 30 09:08:05 UTC 2026 | ALL | 07-30 09:08:04.623  4619  4665 I BugleRcsEngine: AvailabilityObserver.onUpdate : Notify RcsAvailabilityListener brtj@2e56a91 onRcsAvailabilityUpdate, SIM = redacted-pii:sim_id[chars:20,last3:897], availability = 10 [CONTEXT log_prefix="RcsProvisioningManager" thread_id=73 ]
Thu Jul 30 09:08:05 UTC 2026 | ALL | 07-30 09:08:04.624  4619  4641 W BugleRcsEngine: Unable to send diagnostic log [CONTEXT thread_id=53 ]
Thu Jul 30 09:08:05 UTC 2026 | ALL | 07-30 09:08:04.625  4619  4654 I RcsClientLib: Connecting RcsEngineLifecycleServiceV2
Thu Jul 30 09:08:05 UTC 2026 | ALL | 07-30 09:08:04.625  4619  4664 I BugleTransport: Deregister all SIMs except for SIMs with subIds: [] from chat transport: TACHYGRAM.
Thu Jul 30 09:08:05 UTC 2026 | ALL | 07-30 09:08:04.627  4619  4654 W RcsClientLib: No CS.apk RCS service found. Is RCS running in Bugle?
Thu Jul 30 09:08:05 UTC 2026 | ALL | 07-30 09:08:04.631  4619  4636 I BugleRcsEngine: SystemBinding enabled: true [CONTEXT log_prefix="SystemBindingManager" thread_id=48 ]
Thu Jul 30 09:08:05 UTC 2026 | ALL | 07-30 09:08:04.632  4619  4636 I BugleRcsEngine: System Binding updated [CONTEXT thread_id=48 ]
Thu Jul 30 09:08:05 UTC 2026 | ALL | 07-30 09:08:04.637  4619  4646 W BugleRcs: getAvailableProvisioningIds: accessing uninitialized provisioning identities.
Thu Jul 30 09:08:05 UTC 2026 | ALL | 07-30 09:08:04.637  4619  4646 W BugleRcs: dncp: FULL
Thu Jul 30 09:08:05 UTC 2026 | ALL | 07-30 09:08:04.637  4619  4646 W BugleRcs: 	at cjmd.i(PG:53)
Thu Jul 30 09:08:05 UTC 2026 | ALL | 07-30 09:08:04.637  4619  4646 W BugleRcs: 	at cjuu.a(PG:3)
Thu Jul 30 09:08:05 UTC 2026 | ALL | 07-30 09:08:04.637  4619  4646 W BugleRcs: 	at cjux.a(PG:17)
Thu Jul 30 09:08:05 UTC 2026 | ALL | 07-30 09:08:04.637  4619  4646 W BugleRcs: 	at cknu.run(PG:9)
Thu Jul 30 09:08:05 UTC 2026 | ALL | 07-30 09:08:04.637  4619  4646 W BugleRcs: 	at dkqk.run(PG:21)
Thu Jul 30 09:08:05 UTC 2026 | ALL | 07-30 09:08:04.637  4619  4646 W BugleRcs: 	at crzm.run(PG:3)
Thu Jul 30 09:08:05 UTC 2026 | ALL | 07-30 09:08:04.637  4619  4646 W BugleRcs: 	at java.util.concurrent.ThreadPoolExecutor.runWorker(ThreadPoolExecutor.java:1145)
Thu Jul 30 09:08:05 UTC 2026 | ALL | 07-30 09:08:04.637  4619  4646 W BugleRcs: 	at java.util.concurrent.ThreadPoolExecutor$Worker.run(ThreadPoolExecutor.java:644)
Thu Jul 30 09:08:05 UTC 2026 | ALL | 07-30 09:08:04.637  4619  4646 W BugleRcs: 	at cryq.run(PG:6)
Thu Jul 30 09:08:05 UTC 2026 | ALL | 07-30 09:08:04.637  4619  4646 W BugleRcs: 	at java.lang.Thread.run(Thread.java:1012)
Thu Jul 30 09:08:05 UTC 2026 | ALL | 07-30 09:08:04.637  4619  4646 W BugleRcs: 	at csaw.run(PG:64)
Thu Jul 30 09:08:05 UTC 2026 | ALL | 07-30 09:08:04.637  4619  4646 I BugleRcsEngine: CommonRcsProvisioningChangeListenerHandler.notifyListener : Notify RcsProvisioningChangeListener bjbz@f4cbdf6 onRcsProvisioningChange, SIM = redacted-pii:sim_id[chars:35,last3:97)], available rcs provisioning ids  =  [CONTEXT log_prefix="RcsProvisioningManager" thread_id=58 ]
Thu Jul 30 09:08:05 UTC 2026 | ALL | 07-30 09:08:04.640  4619  4643 W BugleRcsEngine: Unable to send RCS extension log [CONTEXT thread_id=55 ]
Thu Jul 30 09:08:05 UTC 2026 | ALL | 07-30 09:08:04.640  4619  4665 W BugleRcsEngine: Unable to send diagnostic log [CONTEXT thread_id=73 ]
Thu Jul 30 09:08:05 UTC 2026 | ALL | 07-30 09:08:04.644  4619  4641 I BugleTransport: Deregister all SIMs except for SIMs with subIds: [] from chat transport: DUAL_REGISTRATION.
Thu Jul 30 09:08:05 UTC 2026 | ALL | 07-30 09:08:04.645  4619  4666 I RcsClientLib: Connecting RcsEngineLifecycleServiceV2
Thu Jul 30 09:08:05 UTC 2026 | ALL | 07-30 09:08:04.645  4619  4666 W RcsClientLib: No CS.apk RCS service found. Is RCS running in Bugle?
Thu Jul 30 09:08:05 UTC 2026 | ALL | 07-30 09:08:04.646  4619  4666 I RcsClientLib: shouldUseCarrierServicesJibeService: false, CarrierServices rcs service found: false
Thu Jul 30 09:08:05 UTC 2026 | ALL | 07-30 09:08:04.648  4619  4653 I BugleRcsEngine: No RCS Configuration was found in Bugle for simID: redacted-pii:sim_id[chars:20,last3:897] [CONTEXT log_prefix="ProvisioningEngineDataRetriever" thread_id=64 ]
Thu Jul 30 09:08:05 UTC 2026 | ALL | 07-30 09:08:04.649  4619  4653 I BugleRcsProvisioning: RcsProvisioningTrigger: onRcsAvailabilityUpdate : isPreviousDisabled = true, isCurrentDisabled = false, config[simId:redacted-pii:sim_id[chars:20,last3:897]] = [Type: 0, Version: 0, Validity: 0, Last updated: 0, Remaining validity: 0, Reconfiguration requested: false, Messaging technology: SIMPLE_IM, rcsVolteSingleRegistration: false], hasToken: false, isValidAndUpdated: false
Thu Jul 30 09:08:05 UTC 2026 | ALL | 07-30 09:08:04.649  4619  4653 I BugleRcsProvisioning: RcsProvisioningTrigger: Schedule KEEP provision when trigger configuration not valid
Thu Jul 30 09:08:05 UTC 2026 | ALL | 07-30 09:08:04.649  4619  4653 I BugleRcsProvisioning: scheduleProvisioningForRcsProvisioningId rcsProvisioningId: redacted-pii:sim_id[chars:35,last3:97)], provisioningTriggerEvent: 0
Thu Jul 30 09:08:05 UTC 2026 | ALL | 07-30 09:08:04.651  4619  4637 W ziparchive: Unable to open '/data/user_de/0/com.google.android.gms/app_chimera/m/00000002/DynamiteLoader.uncompressed.dm': No such file or directory
Thu Jul 30 09:08:05 UTC 2026 | ALL | 07-30 09:08:04.651  4619  4637 W ziparchive: Unable to open '/data/user_de/0/com.google.android.gms/app_chimera/m/00000002/DynamiteLoader.uncompressed.dm': No such file or directory
Thu Jul 30 09:08:05 UTC 2026 | ALL | 07-30 09:08:04.651  4619  4654 I RcsClientLib: shouldUseCarrierServicesJibeService: false, CarrierServices rcs service found: false
Thu Jul 30 09:08:05 UTC 2026 | ALL | 07-30 09:08:04.654  4619  4637 I DynamiteModule: Considering local module com.google.android.gms.cronet_dynamite:0 and remote module com.google.android.gms.cronet_dynamite:3111
Thu Jul 30 09:08:05 UTC 2026 | ALL | 07-30 09:08:04.654  4619  4637 I DynamiteModule: Selected remote version of com.google.android.gms.cronet_dynamite, version >= 3111
Thu Jul 30 09:08:05 UTC 2026 | ALL | 07-30 09:08:04.654  4619  4637 V DynamiteModule: Dynamite loader version >= 2, using loadModule2NoCrashUtils
Thu Jul 30 09:08:05 UTC 2026 | ALL | 07-30 09:08:04.655  4619  4643 I RcsClientLib: com.google.android.rcs.client.lifecycle.RcsEngineLifecycleServiceV2 connected
Thu Jul 30 09:08:05 UTC 2026 | ALL | 07-30 09:08:04.657  4619  4664 I BugleMDD: MddBackgroundStartupTask: Scheduled MDD periodic tasks.
Thu Jul 30 09:08:05 UTC 2026 | ALL | 07-30 09:08:04.660  4619  4682 I afym    : scheduleProvisioningForRcsProvisioningId: rcsProvisioningId: SimId(idValue=89860318640220133897) operationTrigger: 6 bugle trigger event: 0
Thu Jul 30 09:08:05 UTC 2026 | ALL | 07-30 09:08:04.661  3433  3535 I BugleRcsEngine: stopAllRcsTransportsExcept: ignoring stopping the RcsEngine. RcsEngine is still running [CONTEXT log_prefix="RcsEngineProxyImpl:[7ed344ff-b3b7]" thread_id=63 ]
Thu Jul 30 09:08:05 UTC 2026 | ALL | 07-30 09:08:04.662  4619  4682 I BugleRcsEngine: [SR]: Single Registration is disabled. Skipping Single Registration capability check for subId: 1, OS.isAtLeastS:[true], enableSingleRegistrationProvisioning:[false] [CONTEXT thread_id=78 ]
Thu Jul 30 09:08:05 UTC 2026 | ALL | 07-30 09:08:04.662  4619  4682 I afym    : RcsProvisioningTrigger: DR is active, initializing DR provisioning. DUAL_REG
Thu Jul 30 09:08:05 UTC 2026 | ALL | 07-30 09:08:04.663  4619  4663 I RcsClientLib: Disconnecting RcsEngineLifecycleServiceV2
Thu Jul 30 09:08:05 UTC 2026 | ALL | 07-30 09:08:04.674   560  1964 D CompatChangeReporter: Compat change id reported: 311208629; UID 10134; state: ENABLED
Thu Jul 30 09:08:05 UTC 2026 | ALL | 07-30 09:08:04.679  1226  1226 E WearableService: PackageRecordCache: appContext was already set bbpj@10ddb45 -> bbpj@7b1e811
Thu Jul 30 09:08:05 UTC 2026 | ALL | 07-30 09:08:04.679  4619  4682 I RcsClientLib: com.google.android.rcs.client.lifecycle.RcsEngineLifecycleServiceV2 connected
Thu Jul 30 09:08:05 UTC 2026 | ALL | 07-30 09:08:04.680  3433  3489 I BugleRcsEngine: stopAllRcsTransportsExcept: ignoring stopping the RcsEngine. RcsEngine is still running [CONTEXT log_prefix="RcsEngineProxyImpl:[7ed344ff-b3b7]" thread_id=48 ]
Thu Jul 30 09:08:05 UTC 2026 | ALL | 07-30 09:08:04.680  4619  4663 I RcsClientLib: Disconnecting RcsEngineLifecycleServiceV2
Thu Jul 30 09:08:05 UTC 2026 | ALL | 07-30 09:08:04.681  4619  4666 I BugleRcsEngine: [SR]: Single Registration is disabled. Skipping Single Registration capability check for subId: 1, OS.isAtLeastS:[true], enableSingleRegistrationProvisioning:[false] [CONTEXT thread_id=74 ]
Thu Jul 30 09:08:05 UTC 2026 | ALL | 07-30 09:08:04.689  4619  4645 I Bugle   : RcsAvailabilityUtilForProvisioningEngineV2: onCsLibPhenotypeUpdated
Thu Jul 30 09:08:05 UTC 2026 | ALL | 07-30 09:08:04.689  4619  4645 I BugleRcsProvisioning: RcsProvisioningTrigger: onCsLibPhenotypeUpdated, enableProvisioningTaskInBugle = true
Thu Jul 30 09:08:05 UTC 2026 | ALL | 07-30 09:08:04.689  4619  4645 I BugleRcsProvisioning: RcsProvisioningTrigger: updateAvailabilityForAllSimsAsync : hint = CSLIB_PHENOTYPE_UPDATE logTriggerEvent = true
Thu Jul 30 09:08:05 UTC 2026 | ALL | 07-30 09:08:04.689  4619  4645 I Bugle   : RcsAvailabilityUtilForProvisioningEngineV2: updateAvailabilityForAllSimsAsync, hint: CSLIB_PHENOTYPE_UPDATE
Thu Jul 30 09:08:05 UTC 2026 | ALL | 07-30 09:08:04.689  1226  1226 I Wear_Controller: Wearable module requires a companion app to be installed.
Thu Jul 30 09:08:05 UTC 2026 | ALL | 07-30 09:08:04.689  1226  1226 I WearableService: onCreate: Wearable Services not starting. Wear is not available on this device.
Thu Jul 30 09:08:05 UTC 2026 | ALL | 07-30 09:08:04.689  4619  4645 I RcsAvailabilityUpdaterL: updateAvailabilityForAllSimsAsync: scheduling updateAvailabilityForRcsProvisioningId call. Hint: CSLIB_PHENOTYPE_UPDATE, enableWelcomePopupWithoutGoogleTos: false, reshowSuccessPopup: false
Thu Jul 30 09:08:05 UTC 2026 | ALL | 07-30 09:08:04.694  4619  4644 I BugleRcsEngine: SystemBinding enabled: true [CONTEXT log_prefix="SystemBindingManager" thread_id=56 ]
Thu Jul 30 09:08:05 UTC 2026 | ALL | 07-30 09:08:04.694  4619  4644 I BugleRcsEngine: System Binding updated [CONTEXT thread_id=56 ]
Thu Jul 30 09:08:05 UTC 2026 | ALL | 07-30 09:08:04.695  4619  4643 I RcsAvailabilityUpdaterL: updateRcsAvailabilityForMultipleSims: hint: CSLIB_PHENOTYPE_UPDATE, canReshowWelcomeMessage: false
Thu Jul 30 09:08:05 UTC 2026 | ALL | 07-30 09:08:04.697  4619  4666 I BugleRcsEngine: No RCS Configuration was found in Bugle for simID: redacted-pii:sim_id[chars:20,last3:897] [CONTEXT log_prefix="ProvisioningEngineDataRetriever" thread_id=74 ]
Thu Jul 30 09:08:05 UTC 2026 | ALL | 07-30 09:08:04.701  1226  1493 W WearableService: onGetService: Wear is not available on this device.
Thu Jul 30 09:08:05 UTC 2026 | ALL | 07-30 09:08:04.713  4619  4654 W BugleRcsEngine: Unable to send diagnostic log [CONTEXT thread_id=65 ]
Thu Jul 30 09:08:05 UTC 2026 | ALL | 07-30 09:08:04.716  1412  4721 I FinderWearable: [WearableReadinessStateIntentOperation] Wearable provisioning is disabled. [CONTEXT service_id=284 ]
Thu Jul 30 09:08:05 UTC 2026 | ALL | 07-30 09:08:04.716  4619  4643 I BugleRcsEngine: [SR]: Single Registration is disabled. Skipping Single Registration capability check for subId: 1, OS.isAtLeastS:[true], enableSingleRegistrationProvisioning:[false] [CONTEXT thread_id=55 ]
Thu Jul 30 09:08:05 UTC 2026 | ALL | 07-30 09:08:04.716  4619  4682 W BugleRcsEngine: Unable to send diagnostic log [CONTEXT thread_id=78 ]
Thu Jul 30 09:08:05 UTC 2026 | ALL | 07-30 09:08:04.717  4619  4646 W BugleRcs: getAvailableProvisioningIds: accessing uninitialized provisioning identities.
Thu Jul 30 09:08:05 UTC 2026 | ALL | 07-30 09:08:04.717  4619  4646 W BugleRcs: dncp: FULL
Thu Jul 30 09:08:05 UTC 2026 | ALL | 07-30 09:08:04.717  4619  4646 W BugleRcs: 	at cjmd.i(PG:53)
Thu Jul 30 09:08:05 UTC 2026 | ALL | 07-30 09:08:04.717  4619  4646 W BugleRcs: 	at cjvb.q(PG:169)
Thu Jul 30 09:08:05 UTC 2026 | ALL | 07-30 09:08:04.717  4619  4646 W BugleRcs: 	at brts.a(PG:27)
Thu Jul 30 09:08:05 UTC 2026 | ALL | 07-30 09:08:04.717  4619  4646 W BugleRcs: 	at brsg.b(PG:24)
Thu Jul 30 09:08:05 UTC 2026 | ALL | 07-30 09:08:04.717  4619  4646 W BugleRcs: 	at brsg.a(PG:13)
Thu Jul 30 09:08:05 UTC 2026 | ALL | 07-30 09:08:04.717  4619  4646 W BugleRcs: 	at efhn.a(PG:14)
Thu Jul 30 09:08:05 UTC 2026 | ALL | 07-30 09:08:04.717  4619  4646 W BugleRcs: 	at eerl.a(PG:10)
Thu Jul 30 09:08:05 UTC 2026 | ALL | 07-30 09:08:04.717  4619  4646 W BugleRcs: 	at dlmg.b(PG:84)
Thu Jul 30 09:08:05 UTC 2026 | ALL | 07-30 09:08:04.717  4619  4646 W BugleRcs: 	at eegr.w(PG:11)
Thu Jul 30 09:08:05 UTC 2026 | ALL | 07-30 09:08:04.717  4619  4646 W BugleRcs: 	at eerz.run(PG:109)
Thu Jul 30 09:08:05 UTC 2026 | ALL | 07-30 09:08:04.717  4619  4646 W BugleRcs: 	at djfc.run(PG:3)
Thu Jul 30 09:08:05 UTC 2026 | ALL | 07-30 09:08:04.717  4619  4646 W BugleRcs: 	at dkqk.run(PG:21)
Thu Jul 30 09:08:05 UTC 2026 | ALL | 07-30 09:08:04.717  4619  4646 W BugleRcs: 	at crzm.run(PG:3)
Thu Jul 30 09:08:05 UTC 2026 | ALL | 07-30 09:08:04.717  4619  4646 W BugleRcs: 	at java.util.concurrent.ThreadPoolExecutor.runWorker(ThreadPoolExecutor.java:1145)
Thu Jul 30 09:08:05 UTC 2026 | ALL | 07-30 09:08:04.717  4619  4646 W BugleRcs: 	at java.util.concurrent.ThreadPoolExecutor$Worker.run(ThreadPoolExecutor.java:644)
Thu Jul 30 09:08:05 UTC 2026 | ALL | 07-30 09:08:04.717  4619  4646 W BugleRcs: 	at cryq.run(PG:6)
Thu Jul 30 09:08:05 UTC 2026 | ALL | 07-30 09:08:04.717  4619  4646 W BugleRcs: 	at java.lang.Thread.run(Thread.java:1012)
Thu Jul 30 09:08:05 UTC 2026 | ALL | 07-30 09:08:04.717  4619  4646 W BugleRcs: 	at csaw.run(PG:64)
Thu Jul 30 09:08:05 UTC 2026 | ALL | 07-30 09:08:04.717  4619  4646 I BugleTransport: Retrieved RCS available simIds: []
Thu Jul 30 09:08:05 UTC 2026 | ALL | 07-30 09:08:04.717  4619  4637 W ziparchive: Unable to open '/data/user_de/0/com.google.android.gms/app_chimera/m/00000001/CronetDynamite.uncompressed.dm': No such file or directory
Thu Jul 30 09:08:05 UTC 2026 | ALL | 07-30 09:08:04.717  4619  4637 W ziparchive: Unable to open '/data/user_de/0/com.google.android.gms/app_chimera/m/00000001/CronetDynamite.uncompressed.dm': No such file or directory
Thu Jul 30 09:08:05 UTC 2026 | ALL | 07-30 09:08:04.719  4619  4666 I BugleRcsEngine: Scheduled provisioning task with 0 seconds delay, KEEP policy, trigger is UNDEFINED_TRIGGER_EVENT, workerId is 02464664-bd88-41cb-83dd-51ede70c4b9c, simId is redacted-pii:sim_id[chars:20,last3:897] [CONTEXT log_prefix="provisioning" thread_id=74 ]
Thu Jul 30 09:08:05 UTC 2026 | ALL | 07-30 09:08:04.721  4619  4643 I BugleRcsEngine: No RCS Configuration was found in Bugle for simID: redacted-pii:sim_id[chars:20,last3:897] [CONTEXT log_prefix="ProvisioningEngineDataRetriever" thread_id=55 ]
Thu Jul 30 09:08:05 UTC 2026 | ALL | 07-30 09:08:04.725  4619  4637 I .apps.messaging: Waiting for a blocking GC ClassLinker
Thu Jul 30 09:08:05 UTC 2026 | ALL | 07-30 09:08:04.726  4619  4642 I BugleTransport: Deregister all SIMs except for SIMs with subIds: [] from chat transport: SINGLE_REGISTRATION.
Thu Jul 30 09:08:05 UTC 2026 | ALL | 07-30 09:08:04.727  4619  4664 I BugleTransport: Deregister all SIMs except for SIMs with subIds: [] from chat transport: DUAL_REGISTRATION.
Thu Jul 30 09:08:05 UTC 2026 | ALL | 07-30 09:08:04.728  4619  4720 D ProfileInstaller: Installing profile for com.google.android.apps.messaging
Thu Jul 30 09:08:05 UTC 2026 | ALL | 07-30 09:08:04.729  4619  4646 I RcsClientLib: Connecting RcsEngineLifecycleServiceV2
Thu Jul 30 09:08:05 UTC 2026 | ALL | 07-30 09:08:04.731  4619  4643 I RcsAvailabilityUpdaterL: RcsAvailability configuration availability and enabled status: simId: redacted-pii:sim_id[chars:20,last3:897], SipConnectionType: DUAL_REG, isConfigurationAvailableAndEnabled: false
Thu Jul 30 09:08:05 UTC 2026 | ALL | 07-30 09:08:04.733  4619  4641 I BugleTransport: Deregister all SIMs except for SIMs with subIds: [] from chat transport: TACHYGRAM.
Thu Jul 30 09:08:05 UTC 2026 | ALL | 07-30 09:08:04.733  4619  4719 I RcsClientLib: Connecting RcsEngineLifecycleServiceV2
Thu Jul 30 09:08:05 UTC 2026 | ALL | 07-30 09:08:04.734  4619  4646 W RcsClientLib: No CS.apk RCS service found. Is RCS running in Bugle?
Thu Jul 30 09:08:05 UTC 2026 | ALL | 07-30 09:08:04.739  4619  4719 W RcsClientLib: No CS.apk RCS service found. Is RCS running in Bugle?
Thu Jul 30 09:08:05 UTC 2026 | ALL | 07-30 09:08:04.739  4619  4643 I BugleRcsEngine: Using config server URL from biuf [CONTEXT log_prefix="ProvisioningServerUtil" thread_id=55 ]
Thu Jul 30 09:08:05 UTC 2026 | ALL | 07-30 09:08:04.742  4619  4682 D MddListenableWorkerFactory: createWorker for class: com.google.android.apps.messaging.shared.datamodel.workqueue.WorkQueueWorkerShim
Thu Jul 30 09:08:05 UTC 2026 | ALL | 07-30 09:08:04.749  4619  4719 I RcsClientLib: shouldUseCarrierServicesJibeService: false, CarrierServices rcs service found: false
Thu Jul 30 09:08:05 UTC 2026 | ALL | 07-30 09:08:04.750  4619  4642 I BugleRcsProvisioning: RcsProvisioningTrigger: Schedule provisioning on app startup
Thu Jul 30 09:08:05 UTC 2026 | ALL | 07-30 09:08:04.750  4619  4642 I BugleRcsProvisioning: RcsProvisioningTrigger: updateAvailabilityForAllSimsAsync : hint = NO_HINT logTriggerEvent = false
Thu Jul 30 09:08:05 UTC 2026 | ALL | 07-30 09:08:04.750  4619  4642 I Bugle   : RcsAvailabilityUtilForProvisioningEngineV2: updateAvailabilityForAllSimsAsync, hint: NO_HINT
Thu Jul 30 09:08:05 UTC 2026 | ALL | 07-30 09:08:04.750  4619  4642 I RcsAvailabilityUpdaterL: updateAvailabilityForAllSimsAsync: scheduling updateAvailabilityForRcsProvisioningId call. Hint: NO_HINT, enableWelcomePopupWithoutGoogleTos: false, reshowSuccessPopup: false
Thu Jul 30 09:08:05 UTC 2026 | ALL | 07-30 09:08:04.751  4619  4664 I BugleNetwork: Startup: registering tachyon.
Thu Jul 30 09:08:05 UTC 2026 | ALL | 07-30 09:08:04.755  4619  4643 W BugleRcsProvisioning: Failed to get RCS configuration from the cached provider, configuration is empty.
Thu Jul 30 09:08:05 UTC 2026 | ALL | 07-30 09:08:04.755  4619  4643 W BugleRcsProvisioning: dncp: FULL
Thu Jul 30 09:08:05 UTC 2026 | ALL | 07-30 09:08:04.755  4619  4643 W BugleRcsProvisioning: 	at afzl.c(PG:130)
Thu Jul 30 09:08:05 UTC 2026 | ALL | 07-30 09:08:04.755  4619  4643 W BugleRcsProvisioning: 	at afzl.f(PG:13)
Thu Jul 30 09:08:05 UTC 2026 | ALL | 07-30 09:08:04.755  4619  4643 W BugleRcsProvisioning: 	at afwq.a(PG:9)
Thu Jul 30 09:08:05 UTC 2026 | ALL | 07-30 09:08:04.755  4619  4643 W BugleRcsProvisioning: 	at bluy.apply(PG:125)
Thu Jul 30 09:08:05 UTC 2026 | ALL | 07-30 09:08:04.755  4619  4643 W BugleRcsProvisioning: 	at j$.util.Optional.map(SourceFile:17)
Thu Jul 30 09:08:05 UTC 2026 | ALL | 07-30 09:08:04.755  4619  4643 W BugleRcsProvisioning: 	at blve.s(PG:255)
Thu Jul 30 09:08:05 UTC 2026 | ALL | 07-30 09:08:04.755  4619  4643 W BugleRcsProvisioning: 	at blve.o(PG:58)
Thu Jul 30 09:08:05 UTC 2026 | ALL | 07-30 09:08:04.755  4619  4643 W BugleRcsProvisioning: 	at bluo.run(PG:6)
Thu Jul 30 09:08:05 UTC 2026 | ALL | 07-30 09:08:04.755  4619  4643 W BugleRcsProvisioning: 	at dkqk.run(PG:21)
Thu Jul 30 09:08:05 UTC 2026 | ALL | 07-30 09:08:04.755  4619  4643 W BugleRcsProvisioning: 	at java.util.concurrent.Executors$RunnableAdapter.call(Executors.java:487)
Thu Jul 30 09:08:05 UTC 2026 | ALL | 07-30 09:08:04.755  4619  4643 W BugleRcsProvisioning: 	at dqsy.a(PG:3)
Thu Jul 30 09:08:05 UTC 2026 | ALL | 07-30 09:08:04.755  4619  4643 W BugleRcsProvisioning: 	at dqrv.run(PG:21)
Thu Jul 30 09:08:05 UTC 2026 | ALL | 07-30 09:08:04.755  4619  4643 W BugleRcsProvisioning: 	at dqsz.run(PG:5)
Thu Jul 30 09:08:05 UTC 2026 | ALL | 07-30 09:08:04.755  4619  4643 W BugleRcsProvisioning: 	at crzm.run(PG:3)
Thu Jul 30 09:08:05 UTC 2026 | ALL | 07-30 09:08:04.755  4619  4643 W BugleRcsProvisioning: 	at java.util.concurrent.ThreadPoolExecutor.runWorker(ThreadPoolExecutor.java:1145)
Thu Jul 30 09:08:05 UTC 2026 | ALL | 07-30 09:08:04.755  4619  4643 W BugleRcsProvisioning: 	at java.util.concurrent.ThreadPoolExecutor$Worker.run(ThreadPoolExecutor.java:644)
Thu Jul 30 09:08:05 UTC 2026 | ALL | 07-30 09:08:04.755  4619  4643 W BugleRcsProvisioning: 	at cryq.run(PG:6)
Thu Jul 30 09:08:05 UTC 2026 | ALL | 07-30 09:08:04.755  4619  4643 W BugleRcsProvisioning: 	at java.lang.Thread.run(Thread.java:1012)
Thu Jul 30 09:08:05 UTC 2026 | ALL | 07-30 09:08:04.755  4619  4643 W BugleRcsProvisioning: 	at csaw.run(PG:64)
Thu Jul 30 09:08:05 UTC 2026 | ALL | 07-30 09:08:04.756  4619  4643 I RcsAvailabilityUpdaterL: RcsAvailability: Subscription Id: 1, simId: redacted-pii:sim_id[chars:20,last3:897], sipConnectionType: DUAL_REG, isRcsAvailable: false
Thu Jul 30 09:08:05 UTC 2026 | ALL | 07-30 09:08:04.756  4619  4641 I RcsAvailabilityUpdaterL: updateRcsAvailabilityForMultipleSims: hint: NO_HINT, canReshowWelcomeMessage: false
Thu Jul 30 09:08:05 UTC 2026 | ALL | 07-30 09:08:04.757  4619  4646 I RcsClientLib: shouldUseCarrierServicesJibeService: false, CarrierServices rcs service found: false
Thu Jul 30 09:08:05 UTC 2026 | ALL | 07-30 09:08:04.764  4619  4637 I .apps.messaging: WaitForGcToComplete blocked ClassLinker on Background for 38.672ms
Thu Jul 30 09:08:05 UTC 2026 | ALL | 07-30 09:08:04.764  4619  4642 I RcsClientLib: com.google.android.rcs.client.lifecycle.RcsEngineLifecycleServiceV2 connected
Thu Jul 30 09:08:05 UTC 2026 | ALL | 07-30 09:08:04.764  4619  4641 I BugleRcsEngine: [SR]: Single Registration is disabled. Skipping Single Registration capability check for subId: 1, OS.isAtLeastS:[true], enableSingleRegistrationProvisioning:[false] [CONTEXT thread_id=53 ]
Thu Jul 30 09:08:05 UTC 2026 | ALL | 07-30 09:08:04.764  4619  4642 I RcsClientLib: com.google.android.rcs.client.lifecycle.RcsEngineLifecycleServiceV2 connected
Thu Jul 30 09:08:05 UTC 2026 | ALL | 07-30 09:08:04.765  3433  3712 I BugleRcsEngine: stopAllRcsTransportsExcept: ignoring stopping the RcsEngine. RcsEngine is still running [CONTEXT log_prefix="RcsEngineProxyImpl:[7ed344ff-b3b7]" thread_id=68 ]
Thu Jul 30 09:08:05 UTC 2026 | ALL | 07-30 09:08:04.766  4619  4652 I RcsClientLib: Disconnecting RcsEngineLifecycleServiceV2
Thu Jul 30 09:08:05 UTC 2026 | ALL | 07-30 09:08:04.766  4619  4643 I RcsAvailabilityUpdaterL: updateAvailabilityForRcsProvisioningId. SimId: redacted-pii:sim_id[chars:20,last3:897], currentAvailability: 10, newAvailability: 10, hint: CSLIB_PHENOTYPE_UPDATE
Thu Jul 30 09:08:05 UTC 2026 | ALL | 07-30 09:08:04.767  3433  3489 I BugleRcsEngine: stopAllRcsTransportsExcept: ignoring stopping the RcsEngine. RcsEngine is still running [CONTEXT log_prefix="RcsEngineProxyImpl:[7ed344ff-b3b7]" thread_id=48 ]
Thu Jul 30 09:08:05 UTC 2026 | ALL | 07-30 09:08:04.767  4619  4663 I RcsClientLib: Disconnecting RcsEngineLifecycleServiceV2
Thu Jul 30 09:08:05 UTC 2026 | ALL | 07-30 09:08:04.769  4619  4666 I BugleRcsProvisioning: scheduleProvisioningForEligibleSims
Thu Jul 30 09:08:05 UTC 2026 | ALL | 07-30 09:08:04.770  4619  4641 I BugleRcsEngine: No RCS Configuration was found in Bugle for simID: redacted-pii:sim_id[chars:20,last3:897] [CONTEXT log_prefix="ProvisioningEngineDataRetriever" thread_id=53 ]
Thu Jul 30 09:08:05 UTC 2026 | ALL | 07-30 09:08:04.770  4619  4719 I afym    : scheduleProvisioningForEligibleSims: operationTrigger: 2 bugle trigger event: 9
Thu Jul 30 09:08:05 UTC 2026 | ALL | 07-30 09:08:04.770  4619  4719 I afym    : scheduleProvisioningForAllEligibleSims: operationTrigger: 2 bugle trigger event: 9
Thu Jul 30 09:08:05 UTC 2026 | ALL | 07-30 09:08:04.770  4619  4719 I afym    : scheduleProvisioningForDefaultSimIfEligible: defaultSimType: DEFAULT_CALL_SIM operationTrigger: 2 bugle trigger event: 9
Thu Jul 30 09:08:05 UTC 2026 | ALL | 07-30 09:08:04.770  4619  4719 I BugleRcsEngine: [SR]: Single Registration is disabled. Skipping Single Registration capability check for subId: 1, OS.isAtLeastS:[true], enableSingleRegistrationProvisioning:[false] [CONTEXT thread_id=92 ]
Thu Jul 30 09:08:05 UTC 2026 | ALL | 07-30 09:08:04.770  4619  4719 I afym    : RcsProvisioningTrigger: DR is active, initializing DR provisioning. DUAL_REG
Thu Jul 30 09:08:05 UTC 2026 | ALL | 07-30 09:08:04.770  4619  4719 I afym    : scheduleProvisioningForDefaultSimIfEligible: defaultSimType: DEFAULT_SMS_SIM operationTrigger: 2 bugle trigger event: 9
Thu Jul 30 09:08:05 UTC 2026 | ALL | 07-30 09:08:04.771  4619  4719 I BugleRcsEngine: [SR]: Single Registration is disabled. Skipping Single Registration capability check for subId: 1, OS.isAtLeastS:[true], enableSingleRegistrationProvisioning:[false] [CONTEXT thread_id=92 ]
Thu Jul 30 09:08:05 UTC 2026 | ALL | 07-30 09:08:04.771  4619  4719 I afym    : RcsProvisioningTrigger: DR is active, initializing DR provisioning. DUAL_REG
Thu Jul 30 09:08:05 UTC 2026 | ALL | 07-30 09:08:04.773  4619  4641 I RcsAvailabilityUpdaterL: RcsAvailability configuration availability and enabled status: simId: redacted-pii:sim_id[chars:20,last3:897], SipConnectionType: DUAL_REG, isConfigurationAvailableAndEnabled: false
Thu Jul 30 09:08:05 UTC 2026 | ALL | 07-30 09:08:04.774  4619  4641 I BugleRcsEngine: Using config server URL from biuf [CONTEXT log_prefix="ProvisioningServerUtil" thread_id=53 ]
Thu Jul 30 09:08:05 UTC 2026 | ALL | 07-30 09:08:04.774  4619  4664 I BugleNetwork: Startup: registering tachyon for phone.
Thu Jul 30 09:08:05 UTC 2026 | ALL | 07-30 09:08:04.774  4619  4664 I BugleNetwork: Profile service is not connected at startup task.
Thu Jul 30 09:08:05 UTC 2026 | ALL | 07-30 09:08:04.775  4619  4665 I WM-WorkerWrapper: Worker result SUCCESS for Work [ id=fc04d17f-b2f6-4d4c-a0b4-baaf52a913f1, tags={ com.google.android.apps.messaging.shared.datamodel.workqueue.WorkQueueWorkerShim,data_upgrade- } ]
Thu Jul 30 09:08:05 UTC 2026 | ALL | 07-30 09:08:04.777  4619  4666 I BugleRcsEngine: [SR]: Single Registration is disabled. Skipping Single Registration capability check for subId: 1, OS.isAtLeastS:[true], enableSingleRegistrationProvisioning:[false] [CONTEXT thread_id=74 ]
Thu Jul 30 09:08:05 UTC 2026 | ALL | 07-30 09:08:04.778  4619  4666 I BugleRcsEngine: No RCS Configuration was found in Bugle for simID: redacted-pii:sim_id[chars:20,last3:897] [CONTEXT log_prefix="ProvisioningEngineDataRetriever" thread_id=74 ]
Thu Jul 30 09:08:05 UTC 2026 | ALL | 07-30 09:08:04.779  4619  4666 I BugleRcsEngine: Scheduled provisioning task with 0 seconds delay, KEEP policy, trigger is CSLIB_PHENOTYPE_UPDATE, workerId is 251c084c-6b20-4899-b921-85f191e6c1c3, simId is redacted-pii:sim_id[chars:20,last3:897] [CONTEXT log_prefix="provisioning" thread_id=74 ]
Thu Jul 30 09:08:05 UTC 2026 | ALL | 07-30 09:08:04.781  4619  4641 W BugleRcsProvisioning: Failed to get RCS configuration from the cached provider, configuration is empty.
Thu Jul 30 09:08:05 UTC 2026 | ALL | 07-30 09:08:04.781  4619  4641 W BugleRcsProvisioning: dncp: FULL
Thu Jul 30 09:08:05 UTC 2026 | ALL | 07-30 09:08:04.781  4619  4641 W BugleRcsProvisioning: 	at afzl.c(PG:130)
Thu Jul 30 09:08:05 UTC 2026 | ALL | 07-30 09:08:04.781  4619  4641 W BugleRcsProvisioning: 	at afzl.f(PG:13)
Thu Jul 30 09:08:05 UTC 2026 | ALL | 07-30 09:08:04.781  4619  4641 W BugleRcsProvisioning: 	at afwq.a(PG:9)
Thu Jul 30 09:08:05 UTC 2026 | ALL | 07-30 09:08:04.781  4619  4641 W BugleRcsProvisioning: 	at bluy.apply(PG:125)
Thu Jul 30 09:08:05 UTC 2026 | ALL | 07-30 09:08:04.781  4619  4641 W BugleRcsProvisioning: 	at j$.util.Optional.map(SourceFile:17)
Thu Jul 30 09:08:05 UTC 2026 | ALL | 07-30 09:08:04.781  4619  4641 W BugleRcsProvisioning: 	at blve.s(PG:255)
Thu Jul 30 09:08:05 UTC 2026 | ALL | 07-30 09:08:04.781  4619  4641 W BugleRcsProvisioning: 	at blve.o(PG:58)
Thu Jul 30 09:08:05 UTC 2026 | ALL | 07-30 09:08:04.781  4619  4641 W BugleRcsProvisioning: 	at bluo.run(PG:6)
Thu Jul 30 09:08:05 UTC 2026 | ALL | 07-30 09:08:04.781  4619  4641 W BugleRcsProvisioning: 	at dkqk.run(PG:21)
Thu Jul 30 09:08:05 UTC 2026 | ALL | 07-30 09:08:04.781  4619  4641 W BugleRcsProvisioning: 	at java.util.concurrent.Executors$RunnableAdapter.call(Executors.java:487)
Thu Jul 30 09:08:05 UTC 2026 | ALL | 07-30 09:08:04.781  4619  4641 W BugleRcsProvisioning: 	at dqsy.a(PG:3)
Thu Jul 30 09:08:05 UTC 2026 | ALL | 07-30 09:08:04.781  4619  4641 W BugleRcsProvisioning: 	at dqrv.run(PG:21)
Thu Jul 30 09:08:05 UTC 2026 | ALL | 07-30 09:08:04.781  4619  4641 W BugleRcsProvisioning: 	at dqsz.run(PG:5)
Thu Jul 30 09:08:05 UTC 2026 | ALL | 07-30 09:08:04.781  4619  4641 W BugleRcsProvisioning: 	at crzm.run(PG:3)
Thu Jul 30 09:08:05 UTC 2026 | ALL | 07-30 09:08:04.781  4619  4641 W BugleRcsProvisioning: 	at java.util.concurrent.ThreadPoolExecutor.runWorker(ThreadPoolExecutor.java:1145)
Thu Jul 30 09:08:05 UTC 2026 | ALL | 07-30 09:08:04.781  4619  4641 W BugleRcsProvisioning: 	at java.util.concurrent.ThreadPoolExecutor$Worker.run(ThreadPoolExecutor.java:644)
Thu Jul 30 09:08:05 UTC 2026 | ALL | 07-30 09:08:04.781  4619  4641 W BugleRcsProvisioning: 	at cryq.run(PG:6)
Thu Jul 30 09:08:05 UTC 2026 | ALL | 07-30 09:08:04.781  4619  4641 W BugleRcsProvisioning: 	at java.lang.Thread.run(Thread.java:1012)
Thu Jul 30 09:08:05 UTC 2026 | ALL | 07-30 09:08:04.781  4619  4641 W BugleRcsProvisioning: 	at csaw.run(PG:64)
Thu Jul 30 09:08:05 UTC 2026 | ALL | 07-30 09:08:04.782  4619  4720 I BugleRcsEngine: [SR]: Single Registration is disabled. Skipping Single Registration capability check for subId: 1, OS.isAtLeastS:[true], enableSingleRegistrationProvisioning:[false] [CONTEXT thread_id=93 ]
Thu Jul 30 09:08:05 UTC 2026 | ALL | 07-30 09:08:04.783  4619  4720 I BugleRcsEngine: No RCS Configuration was found in Bugle for simID: redacted-pii:sim_id[chars:20,last3:897] [CONTEXT log_prefix="ProvisioningEngineDataRetriever" thread_id=93 ]
Thu Jul 30 09:08:05 UTC 2026 | ALL | 07-30 09:08:04.783  4619  4641 I RcsAvailabilityUpdaterL: RcsAvailability: Subscription Id: 1, simId: redacted-pii:sim_id[chars:20,last3:897], sipConnectionType: DUAL_REG, isRcsAvailable: false
Thu Jul 30 09:08:05 UTC 2026 | ALL | 07-30 09:08:04.787  4619  4643 I BugleRcsProvisioning: RcsProvisioningTrigger: onRcsAvailabilityUpdate : availability is updated to Carrier RCS is not set up, lastAvailabilityLocal is Carrier RCS is not set up, simId hash = 2077763483644552727, simId = redacted-pii:sim_id[chars:20,last3:897], isPev3Enabled = true
Thu Jul 30 09:08:05 UTC 2026 | ALL | 07-30 09:08:04.787  1412  1412 D BoundBrokerSvc: onUnbind: Intent { act=com.google.android.mobstore.service.START pkg=com.google.android.gms }
Thu Jul 30 09:08:05 UTC 2026 | ALL | 07-30 09:08:04.788  4619  4664 I Bugle   : VerifiedSmsEnabledCheckerImpl: VSMS is disabled via Phenotype flag.
Thu Jul 30 09:08:05 UTC 2026 | ALL | 07-30 09:08:04.789  4619  4636 I Bugle   : VerifiedSmsStartupTask: Checking if Verified SMS tasks should be enqueued. feature supported: false, feature enabled: false, eligible / has registered key: false, C11N: false
Thu Jul 30 09:08:05 UTC 2026 | ALL | 07-30 09:08:04.789  4619  4636 I Bugle   : VerifiedSmsStartupTask: Not enqueuing VSMS periodic task, VSMS is disabled or not supported.
Thu Jul 30 09:08:05 UTC 2026 | ALL | 07-30 09:08:04.790  4619  4663 I Bugle   : VerifiedSmsStartupTask: Not calling C11N to get phone numbers.
Thu Jul 30 09:08:05 UTC 2026 | ALL | 07-30 09:08:04.792  4619  4641 I RcsAvailabilityUpdaterL: updateAvailabilityForRcsProvisioningId. SimId: redacted-pii:sim_id[chars:20,last3:897], currentAvailability: 10, newAvailability: 10, hint: NO_HINT
Thu Jul 30 09:08:05 UTC 2026 | ALL | 07-30 09:08:04.794  4619  4719 I BugleRcsProvisioning: RcsProvisioningTrigger: onRcsAvailabilityUpdate : availability is updated to Carrier RCS is not set up, lastAvailabilityLocal is Carrier RCS is not set up, simId hash = 2077763483644552727, simId = redacted-pii:sim_id[chars:20,last3:897], isPev3Enabled = true
Thu Jul 30 09:08:05 UTC 2026 | ALL | 07-30 09:08:04.794  4619  4682 I BugleRcsProvisioning: scheduleProvisioningForEligibleSims
Thu Jul 30 09:08:05 UTC 2026 | ALL | 07-30 09:08:04.794  4619  4720 I BugleRcsEngine: Scheduled provisioning task with 0 seconds delay, KEEP policy, trigger is CSLIB_PHENOTYPE_UPDATE, workerId is 5e059ad5-7c6d-4f15-900b-7541d412bff8, simId is redacted-pii:sim_id[chars:20,last3:897] [CONTEXT log_prefix="provisioning" thread_id=93 ]
Thu Jul 30 09:08:05 UTC 2026 | ALL | 07-30 09:08:04.795  4619  4654 I afym    : scheduleProvisioningForEligibleSims: operationTrigger: 5 bugle trigger event: 4
Thu Jul 30 09:08:05 UTC 2026 | ALL | 07-30 09:08:04.796  4619  4654 I afym    : scheduleProvisioningForAllEligibleSims: operationTrigger: 5 bugle trigger event: 4
Thu Jul 30 09:08:05 UTC 2026 | ALL | 07-30 09:08:04.796  4619  4654 I afym    : scheduleProvisioningForDefaultSimIfEligible: defaultSimType: DEFAULT_CALL_SIM operationTrigger: 5 bugle trigger event: 4
Thu Jul 30 09:08:05 UTC 2026 | ALL | 07-30 09:08:04.798  4619  4654 I BugleRcsEngine: [SR]: Single Registration is disabled. Skipping Single Registration capability check for subId: 1, OS.isAtLeastS:[true], enableSingleRegistrationProvisioning:[false] [CONTEXT thread_id=65 ]
Thu Jul 30 09:08:05 UTC 2026 | ALL | 07-30 09:08:04.798  4619  4654 I afym    : RcsProvisioningTrigger: DR is active, initializing DR provisioning. DUAL_REG
Thu Jul 30 09:08:05 UTC 2026 | ALL | 07-30 09:08:04.799  4619  4720 I BugleRcsEngine: [SR]: Single Registration is disabled. Skipping Single Registration capability check for subId: 1, OS.isAtLeastS:[true], enableSingleRegistrationProvisioning:[false] [CONTEXT thread_id=93 ]
Thu Jul 30 09:08:05 UTC 2026 | ALL | 07-30 09:08:04.800  4619  4654 I afym    : scheduleProvisioningForDefaultSimIfEligible: defaultSimType: DEFAULT_SMS_SIM operationTrigger: 5 bugle trigger event: 4
Thu Jul 30 09:08:05 UTC 2026 | ALL | 07-30 09:08:04.801  4619  4654 I BugleRcsEngine: [SR]: Single Registration is disabled. Skipping Single Registration capability check for subId: 1, OS.isAtLeastS:[true], enableSingleRegistrationProvisioning:[false] [CONTEXT thread_id=65 ]
Thu Jul 30 09:08:05 UTC 2026 | ALL | 07-30 09:08:04.801  4619  4654 I afym    : RcsProvisioningTrigger: DR is active, initializing DR provisioning. DUAL_REG
Thu Jul 30 09:08:05 UTC 2026 | ALL | 07-30 09:08:04.805  1226  1231 I .gms.persistent: Background concurrent mark compact GC freed 26MB AllocSpace bytes, 9(280KB) LOS objects, 49% free, 21MB/43MB, paused 168us,884us total 119.248ms
Thu Jul 30 09:08:05 UTC 2026 | ALL | 07-30 09:08:04.806  4619  4720 I BugleRcsEngine: No RCS Configuration was found in Bugle for simID: redacted-pii:sim_id[chars:20,last3:897] [CONTEXT log_prefix="ProvisioningEngineDataRetriever" thread_id=93 ]
Thu Jul 30 09:08:05 UTC 2026 | ALL | 07-30 09:08:04.807  4619  4720 I BugleRcsEngine: Scheduled provisioning task with 0 seconds delay, KEEP policy, trigger is APP_STARTUP, workerId is 4e3996a7-3faa-4aca-be2b-30fe810f7635, simId is redacted-pii:sim_id[chars:20,last3:897] [CONTEXT log_prefix="provisioning" thread_id=93 ]
Thu Jul 30 09:08:05 UTC 2026 | ALL | 07-30 09:08:04.808  4619  4666 I BugleRcsEngine: [SR]: Single Registration is disabled. Skipping Single Registration capability check for subId: 1, OS.isAtLeastS:[true], enableSingleRegistrationProvisioning:[false] [CONTEXT thread_id=74 ]
Thu Jul 30 09:08:05 UTC 2026 | ALL | 07-30 09:08:04.812  4619  4666 I BugleRcsEngine: No RCS Configuration was found in Bugle for simID: redacted-pii:sim_id[chars:20,last3:897] [CONTEXT log_prefix="ProvisioningEngineDataRetriever" thread_id=74 ]
Thu Jul 30 09:08:05 UTC 2026 | ALL | 07-30 09:08:04.815  4619  4666 I BugleRcsEngine: Scheduled provisioning task with 0 seconds delay, KEEP policy, trigger is APP_STARTUP, workerId is 975d3ac9-3922-4a35-ac61-c7ce9da3d39f, simId is redacted-pii:sim_id[chars:20,last3:897] [CONTEXT log_prefix="provisioning" thread_id=74 ]
Thu Jul 30 09:08:05 UTC 2026 | ALL | 07-30 09:08:04.817  1226  1233 W .gms.persistent: ApkAssets: Deleting an ApkAssets object '<empty> and /product/priv-app/PrebuiltBugle/PrebuiltBugle.apk' with 1 weak references
Thu Jul 30 09:08:05 UTC 2026 | ALL | 07-30 09:08:04.821  4619  4637 D nativeloader: Configuring clns-12 for other apk . target_sdk_version=35, uses_libraries=ALL, library_path=/data/user_de/0/com.google.android.gms/app_chimera/m/00000001/CronetDynamite.uncompressed.apk!/lib/x86_64:/data/user_de/0/com.google.android.gms/app_chimera/m/00000001/CronetDynamite.uncompressed.apk!/lib/arm64-v8a, permitted_path=/data:/mnt/expand
Thu Jul 30 09:08:05 UTC 2026 | ALL | 07-30 09:08:04.826  4619  4637 D nativeloader: Load /data/user_de/0/com.google.android.gms/app_chimera/m/00000001/CronetDynamite.uncompressed.apk!/lib/x86_64/libcronet.126.0.6452.4.so using isolated ns clns-12 (caller=/data/user_de/0/com.google.android.gms/app_chimera/m/00000001/CronetDynamite.uncompressed.apk): ok
Thu Jul 30 09:08:05 UTC 2026 | ALL | 07-30 09:08:04.832  4619  4637 I cr_CronetLibraryLoader: Cronet version: 126.0.6452.4, arch: x86_64
Thu Jul 30 09:08:05 UTC 2026 | ALL | 07-30 09:08:04.834   560  1619 D ConnectivityService: requestNetwork for uid/pid:10134/4619 activeRequest: null callbackRequest: 149 [NetworkRequest [ TRACK_DEFAULT id=150, [ Capabilities: INTERNET&NOT_RESTRICTED&TRUSTED&NOT_VCN_MANAGED&NOT_BANDWIDTH_CONSTRAINED Uid: 10134 RequestorUid: 10134 RequestorPkg: com.google.android.apps.messaging UnderlyingNetworks: Null] ], NetworkRequest [ REQUEST id=151, [ Transports: SATELLITE Capabilities: INTERNET&TRUSTED&NOT_VCN_MANAGED Uid: 10134 RequestorUid: 10134 RequestorPkg: com.google.android.apps.messaging UnderlyingNetworks: Null] ]] callback flags: 0 order: 2147483647 isUidTracked: false
Thu Jul 30 09:08:05 UTC 2026 | ALL | 07-30 09:08:04.835   560  1619 D CompatChangeReporter: Compat change id reported: 319212206; UID 10134; state: ENABLED
Thu Jul 30 09:08:05 UTC 2026 | ALL | 07-30 09:08:04.836   560   833 D ConnectivityService: NetReassign [150 : null → 100] [c 0] [a 1] [i 1]
Thu Jul 30 09:08:05 UTC 2026 | ALL | 07-30 09:08:04.837   560   833 D ConnectivityService: NetReassign [no changes] [c 0] [a 0] [i 0]
Thu Jul 30 09:08:05 UTC 2026 | ALL | 07-30 09:08:04.844   361  4731 I resolv  : GetAddrInfoHandler::run: {100 786532 100 983140 10134 0}
Thu Jul 30 09:08:05 UTC 2026 | ALL | 07-30 09:08:04.845   361  4732 I resolv  : res_nmkquery: (QUERY, IN, AAAA)
Thu Jul 30 09:08:05 UTC 2026 | ALL | 07-30 09:08:04.845   361  4733 I resolv  : res_nmkquery: (QUERY, IN, A)
Thu Jul 30 09:08:05 UTC 2026 | ALL | 07-30 09:08:04.901  4162  4220 I appium  : channel read: POST /session/0ec58237-84ed-40bd-bf67-28bb2b70cae2/element
Thu Jul 30 09:08:05 UTC 2026 | ALL | 07-30 09:08:04.902  4162  4220 I appium  : FindElement command
Thu Jul 30 09:08:05 UTC 2026 | ALL | 07-30 09:08:04.902  4162  4220 I appium  : method: 'xpath', selector: '//*[contains(@text, 'Welcome Back!') or contains(@content-desc, 'Welcome Back!')]'
Thu Jul 30 09:08:05 UTC 2026 | ALL | 07-30 09:08:04.902  4162  4220 I appium  : Waiting up to 10000ms for the device to idle
Thu Jul 30 09:08:05 UTC 2026 | ALL | 07-30 09:08:04.948   361  4732 I resolv  : res_nsend: used send_dg 273 terrno: 0
Thu Jul 30 09:08:05 UTC 2026 | ALL | 07-30 09:08:04.948   361  4733 I resolv  : res_nsend: used send_dg 177 terrno: 0
Thu Jul 30 09:08:05 UTC 2026 | ALL | 07-30 09:08:04.948   361  4732 I resolv  : doQuery: rcode=0, ancount=8, return value=273
Thu Jul 30 09:08:05 UTC 2026 | ALL | 07-30 09:08:04.948   361  4733 I resolv  : doQuery: rcode=0, ancount=8, return value=177
Thu Jul 30 09:08:05 UTC 2026 | ALL | 07-30 09:08:04.950  4162  4220 I appium  : The following attributes will be included to the page source: [text, content-desc]
Thu Jul 30 09:08:05 UTC 2026 | ALL | 07-30 09:08:04.965  4162  4220 I appium  : Took 0ms to retrieve 0 matches for '//*[contains(@text, 'Welcome Back!') or contains(@content-desc, 'Welcome Back!')]' XPath2 query
Thu Jul 30 09:08:05 UTC 2026 | ALL | 07-30 09:08:04.966  4162  4220 I appium  : AppiumResponse: {"sessionId":"0ec58237-84ed-40bd-bf67-28bb2b70cae2","value":{"error":"no such element","message":"An element could not be located on the page using the given search parameters","stacktrace":"io.appium.uiautomator2.common.exceptions.ElementNotFoundException: An element could not be located on the page using the given search parameters\n\tat io.appium.uiautomator2.utils.ElementLocationHelpers.findElement(ElementLocationHelpers.java:156)\n\tat io.appium.uiautomator2.handler.FindElement.safeHandle(FindElement.java:60)\n\tat io.appium.uiautomator2.handler.request.SafeRequestHandler.handle(SafeRequestHandler.java:59)\n\tat io.appium.uiautomator2.server.AppiumServlet.handleRequest(AppiumServlet.java:259)\n\tat io.appium.uiautomator2.server.AppiumServlet.handleHttpRequest(AppiumServlet.java:253)\n\tat io.appium.uiautomator2.http.ServerHandler.channelRead(ServerHandler.java:77)\n\tat io.netty.channel.AbstractChannelHandlerContext.invokeChannelRead(AbstractChannelHandlerContext.java:374)\n\tat io.netty.channel.AbstractChannelHandlerContext.invokeChannelRead(AbstractChannelHandlerContext.java:360)\n\tat io.netty.channel.AbstractChannelHandlerContext.fireChannelRead(AbstractChannelHandlerContext.java:352)\n\tat io.netty.handler.codec.MessageToMessageDecoder.channelRead(MessageToMessageDecoder.java:102)\n\tat io.netty.channel.AbstractChannelHandlerContext.invokeChannelRead(AbstractChannelHandlerContext.java:374)\n\tat io.netty.channel.AbstractChannelHandlerContext.invokeChannelRead(AbstractChannelHandlerContext.java:360)\n\tat io.netty.channel.AbstractChannelHandlerContext.fireChannelRead(AbstractChannelHandlerContext.java:352)\n\tat io.netty.channel.CombinedChannelDuplexHandler$DelegatingChannelHandlerContext.fireChannelRead(CombinedChannelDuplexHandler.java:438)\n\tat io.netty.handler.codec.ByteToMessageDecoder.fireChannelRead(ByteToMessageDecoder.java:328)\n\tat io.netty.handler.codec.ByteToMessageDecoder.channelRead(ByteToMessageDecoder.java:302)\n\tat io.netty.channel.CombinedChannelDuplexHandler.channelRead(CombinedChannelDuplexHandler.java:253)\n\tat io.netty.channel.AbstractChannelHandlerContext.invokeChannelRead(AbstractChannelHandlerContext.java:374)\n\tat io.netty.channel.AbstractChannelHandlerContext.invokeChannelRead(AbstractChannelHandlerContext.java:360)\n\tat io.netty.channel.AbstractChannelHandlerContext.fireChannelRead(AbstractChannelHandlerContext.java:352)\n\tat io.netty.handler.timeout.IdleStateHandler.channelRead(IdleStateHandler.java:287)\n\tat io.netty.channel.AbstractChannelHandlerContext.invokeChannelRead(AbstractChannelHandlerContext.java:374)\n\tat io.netty.channel.AbstractChannelHandlerContext.invokeChannelRead(AbstractChannelHandlerContext.java:360)\n\tat io.netty.channel.AbstractChannelHandlerContext.fireChannelRead(AbstractChannelHandlerContext.java:352)\n\tat io.netty.channel.DefaultChannelPipeline$HeadContext.channelRead(DefaultChannelPipeline.java:1422)\n\tat io.netty.channel.AbstractChannelHandlerContext.invokeChannelRead(AbstractChannelHandlerContext.java:374)\n\tat io.netty.channel.AbstractChannelHandlerContext.invokeChannelRead(AbstractChannelHandlerContext.java:360)\n\tat io.netty.channel.DefaultChannelPipeline.fireChannelRead(DefaultChannelPipeline.java:931)\n\tat io.netty.channel.nio.AbstractNioByteChannel$NioByteUnsafe.read(AbstractNioByteChannel.java:163)\n\tat io.netty.channel.nio.NioEventLoop.processSelectedKey(NioEventLoop.java:700)\n\tat io.netty.channel.nio.NioEventLoop.processSelectedKeysOptimized(NioEventLoop.java:635)\n\tat io.netty.channel.nio.NioEventLoop.processSelectedKeys(NioEventLoop.java:552)\n\tat io.netty.channel.nio.NioEventLoop.run(NioEventLoop.java:514)\n\tat io.netty.util.concurrent.SingleThreadEventExecutor$6.run(SingleThreadEventExecutor.java:1044)\n\tat io.netty.util.internal.ThreadExecutorMap$2.run(ThreadExecutorMap.java:74)\n\tat io.netty.util.concurrent.FastThreadLocalRunnable.run(FastThreadLocalRunnable.java:30)\n\tat java.lang.Thread.run(Thread.java:1012)\n"}}
Thu Jul 30 09:08:06 UTC 2026 | ALL | 07-30 09:08:05.471  4162  4220 I appium  : channel read: POST /session/0ec58237-84ed-40bd-bf67-28bb2b70cae2/element
Thu Jul 30 09:08:06 UTC 2026 | ALL | 07-30 09:08:05.471  4162  4220 I appium  : FindElement command
Thu Jul 30 09:08:06 UTC 2026 | ALL | 07-30 09:08:05.472  4162  4220 I appium  : method: 'xpath', selector: '//*[contains(@text, 'Welcome Back!') or contains(@content-desc, 'Welcome Back!')]'
Thu Jul 30 09:08:06 UTC 2026 | ALL | 07-30 09:08:05.472  4162  4220 I appium  : Waiting up to 10000ms for the device to idle
Thu Jul 30 09:08:06 UTC 2026 | ALL | 07-30 09:08:05.473  4162  4220 I appium  : The following attributes will be included to the page source: [text, content-desc]
Thu Jul 30 09:08:06 UTC 2026 | ALL | 07-30 09:08:05.493  4162  4220 I appium  : Took 0ms to retrieve 0 matches for '//*[contains(@text, 'Welcome Back!') or contains(@content-desc, 'Welcome Back!')]' XPath2 query
Thu Jul 30 09:08:06 UTC 2026 | ALL | 07-30 09:08:05.494  4162  4220 I appium  : AppiumResponse: {"sessionId":"0ec58237-84ed-40bd-bf67-28bb2b70cae2","value":{"error":"no such element","message":"An element could not be located on the page using the given search parameters","stacktrace":"io.appium.uiautomator2.common.exceptions.ElementNotFoundException: An element could not be located on the page using the given search parameters\n\tat io.appium.uiautomator2.utils.ElementLocationHelpers.findElement(ElementLocationHelpers.java:156)\n\tat io.appium.uiautomator2.handler.FindElement.safeHandle(FindElement.java:60)\n\tat io.appium.uiautomator2.handler.request.SafeRequestHandler.handle(SafeRequestHandler.java:59)\n\tat io.appium.uiautomator2.server.AppiumServlet.handleRequest(AppiumServlet.java:259)\n\tat io.appium.uiautomator2.server.AppiumServlet.handleHttpRequest(AppiumServlet.java:253)\n\tat io.appium.uiautomator2.http.ServerHandler.channelRead(ServerHandler.java:77)\n\tat io.netty.channel.AbstractChannelHandlerContext.invokeChannelRead(AbstractChannelHandlerContext.java:374)\n\tat io.netty.channel.AbstractChannelHandlerContext.invokeChannelRead(AbstractChannelHandlerContext.java:360)\n\tat io.netty.channel.AbstractChannelHandlerContext.fireChannelRead(AbstractChannelHandlerContext.java:352)\n\tat io.netty.handler.codec.MessageToMessageDecoder.channelRead(MessageToMessageDecoder.java:102)\n\tat io.netty.channel.AbstractChannelHandlerContext.invokeChannelRead(AbstractChannelHandlerContext.java:374)\n\tat io.netty.channel.AbstractChannelHandlerContext.invokeChannelRead(AbstractChannelHandlerContext.java:360)\n\tat io.netty.channel.AbstractChannelHandlerContext.fireChannelRead(AbstractChannelHandlerContext.java:352)\n\tat io.netty.channel.CombinedChannelDuplexHandler$DelegatingChannelHandlerContext.fireChannelRead(CombinedChannelDuplexHandler.java:438)\n\tat io.netty.handler.codec.ByteToMessageDecoder.fireChannelRead(ByteToMessageDecoder.java:328)\n\tat io.netty.handler.codec.ByteToMessageDecoder.channelRead(ByteToMessageDecoder.java:302)\n\tat io.netty.channel.CombinedChannelDuplexHandler.channelRead(CombinedChannelDuplexHandler.java:253)\n\tat io.netty.channel.AbstractChannelHandlerContext.invokeChannelRead(AbstractChannelHandlerContext.java:374)\n\tat io.netty.channel.AbstractChannelHandlerContext.invokeChannelRead(AbstractChannelHandlerContext.java:360)\n\tat io.netty.channel.AbstractChannelHandlerContext.fireChannelRead(AbstractChannelHandlerContext.java:352)\n\tat io.netty.handler.timeout.IdleStateHandler.channelRead(IdleStateHandler.java:287)\n\tat io.netty.channel.AbstractChannelHandlerContext.invokeChannelRead(AbstractChannelHandlerContext.java:374)\n\tat io.netty.channel.AbstractChannelHandlerContext.invokeChannelRead(AbstractChannelHandlerContext.java:360)\n\tat io.netty.channel.AbstractChannelHandlerContext.fireChannelRead(AbstractChannelHandlerContext.java:352)\n\tat io.netty.channel.DefaultChannelPipeline$HeadContext.channelRead(DefaultChannelPipeline.java:1422)\n\tat io.netty.channel.AbstractChannelHandlerContext.invokeChannelRead(AbstractChannelHandlerContext.java:374)\n\tat io.netty.channel.AbstractChannelHandlerContext.invokeChannelRead(AbstractChannelHandlerContext.java:360)\n\tat io.netty.channel.DefaultChannelPipeline.fireChannelRead(DefaultChannelPipeline.java:931)\n\tat io.netty.channel.nio.AbstractNioByteChannel$NioByteUnsafe.read(AbstractNioByteChannel.java:163)\n\tat io.netty.channel.nio.NioEventLoop.processSelectedKey(NioEventLoop.java:700)\n\tat io.netty.channel.nio.NioEventLoop.processSelectedKeysOptimized(NioEventLoop.java:635)\n\tat io.netty.channel.nio.NioEventLoop.processSelectedKeys(NioEventLoop.java:552)\n\tat io.netty.channel.nio.NioEventLoop.run(NioEventLoop.java:514)\n\tat io.netty.util.concurrent.SingleThreadEventExecutor$6.run(SingleThreadEventExecutor.java:1044)\n\tat io.netty.util.internal.ThreadExecutorMap$2.run(ThreadExecutorMap.java:74)\n\tat io.netty.util.concurrent.FastThreadLocalRunnable.run(FastThreadLocalRunnable.java:30)\n\tat java.lang.Thread.run(Thread.java:1012)\n"}}
Thu Jul 30 09:08:06 UTC 2026 | ALL | 07-30 09:08:05.999  4162  4220 I appium  : channel read: POST /session/0ec58237-84ed-40bd-bf67-28bb2b70cae2/element
Thu Jul 30 09:08:06 UTC 2026 | ALL | 07-30 09:08:05.999  4162  4220 I appium  : FindElement command
Thu Jul 30 09:08:06 UTC 2026 | ALL | 07-30 09:08:05.999  4162  4220 I appium  : method: 'xpath', selector: '//*[contains(@text, 'Welcome Back!') or contains(@content-desc, 'Welcome Back!')]'
Thu Jul 30 09:08:06 UTC 2026 | ALL | 07-30 09:08:05.999  4162  4220 I appium  : Waiting up to 10000ms for the device to idle
Thu Jul 30 09:08:06 UTC 2026 | ALL | 07-30 09:08:06.001  4162  4220 I appium  : The following attributes will be included to the page source: [text, content-desc]
Thu Jul 30 09:08:06 UTC 2026 | ALL | 07-30 09:08:06.003  4162  4170 I tomator2.server: Method exceeds compiler instruction limit: 19264 in java_cup.runtime.Symbol org.eclipse.wst.xml.xpath2.processor.internal.CUP$XPathCup$actions.CUP$XPathCup$do_action(int, java_cup.runtime.lr_parser, java.util.Stack, int)
Thu Jul 30 09:08:06 UTC 2026 | ALL | 07-30 09:08:06.011  4162  4220 I appium  : Took 0ms to retrieve 0 matches for '//*[contains(@text, 'Welcome Back!') or contains(@content-desc, 'Welcome Back!')]' XPath2 query
Thu Jul 30 09:08:06 UTC 2026 | ALL | 07-30 09:08:06.012  4162  4220 I appium  : AppiumResponse: {"sessionId":"0ec58237-84ed-40bd-bf67-28bb2b70cae2","value":{"error":"no such element","message":"An element could not be located on the page using the given search parameters","stacktrace":"io.appium.uiautomator2.common.exceptions.ElementNotFoundException: An element could not be located on the page using the given search parameters\n\tat io.appium.uiautomator2.utils.ElementLocationHelpers.findElement(ElementLocationHelpers.java:156)\n\tat io.appium.uiautomator2.handler.FindElement.safeHandle(FindElement.java:60)\n\tat io.appium.uiautomator2.handler.request.SafeRequestHandler.handle(SafeRequestHandler.java:59)\n\tat io.appium.uiautomator2.server.AppiumServlet.handleRequest(AppiumServlet.java:259)\n\tat io.appium.uiautomator2.server.AppiumServlet.handleHttpRequest(AppiumServlet.java:253)\n\tat io.appium.uiautomator2.http.ServerHandler.channelRead(ServerHandler.java:77)\n\tat io.netty.channel.AbstractChannelHandlerContext.invokeChannelRead(AbstractChannelHandlerContext.java:374)\n\tat io.netty.channel.AbstractChannelHandlerContext.invokeChannelRead(AbstractChannelHandlerContext.java:360)\n\tat io.netty.channel.AbstractChannelHandlerContext.fireChannelRead(AbstractChannelHandlerContext.java:352)\n\tat io.netty.handler.codec.MessageToMessageDecoder.channelRead(MessageToMessageDecoder.java:102)\n\tat io.netty.channel.AbstractChannelHandlerContext.invokeChannelRead(AbstractChannelHandlerContext.java:374)\n\tat io.netty.channel.AbstractChannelHandlerContext.invokeChannelRead(AbstractChannelHandlerContext.java:360)\n\tat io.netty.channel.AbstractChannelHandlerContext.fireChannelRead(AbstractChannelHandlerContext.java:352)\n\tat io.netty.channel.CombinedChannelDuplexHandler$DelegatingChannelHandlerContext.fireChannelRead(CombinedChannelDuplexHandler.java:438)\n\tat io.netty.handler.codec.ByteToMessageDecoder.fireChannelRead(ByteToMessageDecoder.java:328)\n\tat io.netty.handler.codec.ByteToMessageDecoder.channelRead(ByteToMessageDecoder.java:302)\n\tat io.netty.channel.CombinedChannelDuplexHandler.channelRead(CombinedChannelDuplexHandler.java:253)\n\tat io.netty.channel.AbstractChannelHandlerContext.invokeChannelRead(AbstractChannelHandlerContext.java:374)\n\tat io.netty.channel.AbstractChannelHandlerContext.invokeChannelRead(AbstractChannelHandlerContext.java:360)\n\tat io.netty.channel.AbstractChannelHandlerContext.fireChannelRead(AbstractChannelHandlerContext.java:352)\n\tat io.netty.handler.timeout.IdleStateHandler.channelRead(IdleStateHandler.java:287)\n\tat io.netty.channel.AbstractChannelHandlerContext.invokeChannelRead(AbstractChannelHandlerContext.java:374)\n\tat io.netty.channel.AbstractChannelHandlerContext.invokeChannelRead(AbstractChannelHandlerContext.java:360)\n\tat io.netty.channel.AbstractChannelHandlerContext.fireChannelRead(AbstractChannelHandlerContext.java:352)\n\tat io.netty.channel.DefaultChannelPipeline$HeadContext.channelRead(DefaultChannelPipeline.java:1422)\n\tat io.netty.channel.AbstractChannelHandlerContext.invokeChannelRead(AbstractChannelHandlerContext.java:374)\n\tat io.netty.channel.AbstractChannelHandlerContext.invokeChannelRead(AbstractChannelHandlerContext.java:360)\n\tat io.netty.channel.DefaultChannelPipeline.fireChannelRead(DefaultChannelPipeline.java:931)\n\tat io.netty.channel.nio.AbstractNioByteChannel$NioByteUnsafe.read(AbstractNioByteChannel.java:163)\n\tat io.netty.channel.nio.NioEventLoop.processSelectedKey(NioEventLoop.java:700)\n\tat io.netty.channel.nio.NioEventLoop.processSelectedKeysOptimized(NioEventLoop.java:635)\n\tat io.netty.channel.nio.NioEventLoop.processSelectedKeys(NioEventLoop.java:552)\n\tat io.netty.channel.nio.NioEventLoop.run(NioEventLoop.java:514)\n\tat io.netty.util.concurrent.SingleThreadEventExecutor$6.run(SingleThreadEventExecutor.java:1044)\n\tat io.netty.util.internal.ThreadExecutorMap$2.run(ThreadExecutorMap.java:74)\n\tat io.netty.util.concurrent.FastThreadLocalRunnable.run(FastThreadLocalRunnable.java:30)\n\tat java.lang.Thread.run(Thread.java:1012)\n"}}
Thu Jul 30 09:08:07 UTC 2026 | ALL | 07-30 09:08:06.060   560  1619 D OomAdjuster: Not killing cached processes
Thu Jul 30 09:08:07 UTC 2026 | ALL | 07-30 09:08:06.516  4162  4220 I appium  : channel read: POST /session/0ec58237-84ed-40bd-bf67-28bb2b70cae2/element
Thu Jul 30 09:08:07 UTC 2026 | ALL | 07-30 09:08:06.517  4162  4220 I appium  : FindElement command
Thu Jul 30 09:08:07 UTC 2026 | ALL | 07-30 09:08:06.517  4162  4220 I appium  : method: 'xpath', selector: '//*[contains(@text, 'Welcome Back!') or contains(@content-desc, 'Welcome Back!')]'
Thu Jul 30 09:08:07 UTC 2026 | ALL | 07-30 09:08:06.517  4162  4220 I appium  : Waiting up to 10000ms for the device to idle
Thu Jul 30 09:08:07 UTC 2026 | ALL | 07-30 09:08:06.518  4162  4220 I appium  : The following attributes will be included to the page source: [text, content-desc]
Thu Jul 30 09:08:07 UTC 2026 | ALL | 07-30 09:08:06.529  4162  4220 I appium  : Took 0ms to retrieve 0 matches for '//*[contains(@text, 'Welcome Back!') or contains(@content-desc, 'Welcome Back!')]' XPath2 query
Thu Jul 30 09:08:07 UTC 2026 | ALL | 07-30 09:08:06.530  4162  4220 I appium  : AppiumResponse: {"sessionId":"0ec58237-84ed-40bd-bf67-28bb2b70cae2","value":{"error":"no such element","message":"An element could not be located on the page using the given search parameters","stacktrace":"io.appium.uiautomator2.common.exceptions.ElementNotFoundException: An element could not be located on the page using the given search parameters\n\tat io.appium.uiautomator2.utils.ElementLocationHelpers.findElement(ElementLocationHelpers.java:156)\n\tat io.appium.uiautomator2.handler.FindElement.safeHandle(FindElement.java:60)\n\tat io.appium.uiautomator2.handler.request.SafeRequestHandler.handle(SafeRequestHandler.java:59)\n\tat io.appium.uiautomator2.server.AppiumServlet.handleRequest(AppiumServlet.java:259)\n\tat io.appium.uiautomator2.server.AppiumServlet.handleHttpRequest(AppiumServlet.java:253)\n\tat io.appium.uiautomator2.http.ServerHandler.channelRead(ServerHandler.java:77)\n\tat io.netty.channel.AbstractChannelHandlerContext.invokeChannelRead(AbstractChannelHandlerContext.java:374)\n\tat io.netty.channel.AbstractChannelHandlerContext.invokeChannelRead(AbstractChannelHandlerContext.java:360)\n\tat io.netty.channel.AbstractChannelHandlerContext.fireChannelRead(AbstractChannelHandlerContext.java:352)\n\tat io.netty.handler.codec.MessageToMessageDecoder.channelRead(MessageToMessageDecoder.java:102)\n\tat io.netty.channel.AbstractChannelHandlerContext.invokeChannelRead(AbstractChannelHandlerContext.java:374)\n\tat io.netty.channel.AbstractChannelHandlerContext.invokeChannelRead(AbstractChannelHandlerContext.java:360)\n\tat io.netty.channel.AbstractChannelHandlerContext.fireChannelRead(AbstractChannelHandlerContext.java:352)\n\tat io.netty.channel.CombinedChannelDuplexHandler$DelegatingChannelHandlerContext.fireChannelRead(CombinedChannelDuplexHandler.java:438)\n\tat io.netty.handler.codec.ByteToMessageDecoder.fireChannelRead(ByteToMessageDecoder.java:328)\n\tat io.netty.handler.codec.ByteToMessageDecoder.channelRead(ByteToMessageDecoder.java:302)\n\tat io.netty.channel.CombinedChannelDuplexHandler.channelRead(CombinedChannelDuplexHandler.java:253)\n\tat io.netty.channel.AbstractChannelHandlerContext.invokeChannelRead(AbstractChannelHandlerContext.java:374)\n\tat io.netty.channel.AbstractChannelHandlerContext.invokeChannelRead(AbstractChannelHandlerContext.java:360)\n\tat io.netty.channel.AbstractChannelHandlerContext.fireChannelRead(AbstractChannelHandlerContext.java:352)\n\tat io.netty.handler.timeout.IdleStateHandler.channelRead(IdleStateHandler.java:287)\n\tat io.netty.channel.AbstractChannelHandlerContext.invokeChannelRead(AbstractChannelHandlerContext.java:374)\n\tat io.netty.channel.AbstractChannelHandlerContext.invokeChannelRead(AbstractChannelHandlerContext.java:360)\n\tat io.netty.channel.AbstractChannelHandlerContext.fireChannelRead(AbstractChannelHandlerContext.java:352)\n\tat io.netty.channel.DefaultChannelPipeline$HeadContext.channelRead(DefaultChannelPipeline.java:1422)\n\tat io.netty.channel.AbstractChannelHandlerContext.invokeChannelRead(AbstractChannelHandlerContext.java:374)\n\tat io.netty.channel.AbstractChannelHandlerContext.invokeChannelRead(AbstractChannelHandlerContext.java:360)\n\tat io.netty.channel.DefaultChannelPipeline.fireChannelRead(DefaultChannelPipeline.java:931)\n\tat io.netty.channel.nio.AbstractNioByteChannel$NioByteUnsafe.read(AbstractNioByteChannel.java:163)\n\tat io.netty.channel.nio.NioEventLoop.processSelectedKey(NioEventLoop.java:700)\n\tat io.netty.channel.nio.NioEventLoop.processSelectedKeysOptimized(NioEventLoop.java:635)\n\tat io.netty.channel.nio.NioEventLoop.processSelectedKeys(NioEventLoop.java:552)\n\tat io.netty.channel.nio.NioEventLoop.run(NioEventLoop.java:514)\n\tat io.netty.util.concurrent.SingleThreadEventExecutor$6.run(SingleThreadEventExecutor.java:1044)\n\tat io.netty.util.internal.ThreadExecutorMap$2.run(ThreadExecutorMap.java:74)\n\tat io.netty.util.concurrent.FastThreadLocalRunnable.run(FastThreadLocalRunnable.java:30)\n\tat java.lang.Thread.run(Thread.java:1012)\n"}}
Thu Jul 30 09:08:08 UTC 2026 | ALL | 07-30 09:08:07.034  4162  4220 I appium  : channel read: POST /session/0ec58237-84ed-40bd-bf67-28bb2b70cae2/element
Thu Jul 30 09:08:08 UTC 2026 | ALL | 07-30 09:08:07.034  4162  4220 I appium  : FindElement command
Thu Jul 30 09:08:08 UTC 2026 | ALL | 07-30 09:08:07.035  4162  4220 I appium  : method: 'xpath', selector: '//*[contains(@text, 'Welcome Back!') or contains(@content-desc, 'Welcome Back!')]'
Thu Jul 30 09:08:08 UTC 2026 | ALL | 07-30 09:08:07.035  4162  4220 I appium  : Waiting up to 10000ms for the device to idle
Thu Jul 30 09:08:08 UTC 2026 | ALL | 07-30 09:08:07.036  4162  4220 I appium  : The following attributes will be included to the page source: [text, content-desc]
Thu Jul 30 09:08:08 UTC 2026 | ALL | 07-30 09:08:07.046  4162  4220 I appium  : Took 0ms to retrieve 0 matches for '//*[contains(@text, 'Welcome Back!') or contains(@content-desc, 'Welcome Back!')]' XPath2 query
Thu Jul 30 09:08:08 UTC 2026 | ALL | 07-30 09:08:07.047  4162  4220 I appium  : AppiumResponse: {"sessionId":"0ec58237-84ed-40bd-bf67-28bb2b70cae2","value":{"error":"no such element","message":"An element could not be located on the page using the given search parameters","stacktrace":"io.appium.uiautomator2.common.exceptions.ElementNotFoundException: An element could not be located on the page using the given search parameters\n\tat io.appium.uiautomator2.utils.ElementLocationHelpers.findElement(ElementLocationHelpers.java:156)\n\tat io.appium.uiautomator2.handler.FindElement.safeHandle(FindElement.java:60)\n\tat io.appium.uiautomator2.handler.request.SafeRequestHandler.handle(SafeRequestHandler.java:59)\n\tat io.appium.uiautomator2.server.AppiumServlet.handleRequest(AppiumServlet.java:259)\n\tat io.appium.uiautomator2.server.AppiumServlet.handleHttpRequest(AppiumServlet.java:253)\n\tat io.appium.uiautomator2.http.ServerHandler.channelRead(ServerHandler.java:77)\n\tat io.netty.channel.AbstractChannelHandlerContext.invokeChannelRead(AbstractChannelHandlerContext.java:374)\n\tat io.netty.channel.AbstractChannelHandlerContext.invokeChannelRead(AbstractChannelHandlerContext.java:360)\n\tat io.netty.channel.AbstractChannelHandlerContext.fireChannelRead(AbstractChannelHandlerContext.java:352)\n\tat io.netty.handler.codec.MessageToMessageDecoder.channelRead(MessageToMessageDecoder.java:102)\n\tat io.netty.channel.AbstractChannelHandlerContext.invokeChannelRead(AbstractChannelHandlerContext.java:374)\n\tat io.netty.channel.AbstractChannelHandlerContext.invokeChannelRead(AbstractChannelHandlerContext.java:360)\n\tat io.netty.channel.AbstractChannelHandlerContext.fireChannelRead(AbstractChannelHandlerContext.java:352)\n\tat io.netty.channel.CombinedChannelDuplexHandler$DelegatingChannelHandlerContext.fireChannelRead(CombinedChannelDuplexHandler.java:438)\n\tat io.netty.handler.codec.ByteToMessageDecoder.fireChannelRead(ByteToMessageDecoder.java:328)\n\tat io.netty.handler.codec.ByteToMessageDecoder.channelRead(ByteToMessageDecoder.java:302)\n\tat io.netty.channel.CombinedChannelDuplexHandler.channelRead(CombinedChannelDuplexHandler.java:253)\n\tat io.netty.channel.AbstractChannelHandlerContext.invokeChannelRead(AbstractChannelHandlerContext.java:374)\n\tat io.netty.channel.AbstractChannelHandlerContext.invokeChannelRead(AbstractChannelHandlerContext.java:360)\n\tat io.netty.channel.AbstractChannelHandlerContext.fireChannelRead(AbstractChannelHandlerContext.java:352)\n\tat io.netty.handler.timeout.IdleStateHandler.channelRead(IdleStateHandler.java:287)\n\tat io.netty.channel.AbstractChannelHandlerContext.invokeChannelRead(AbstractChannelHandlerContext.java:374)\n\tat io.netty.channel.AbstractChannelHandlerContext.invokeChannelRead(AbstractChannelHandlerContext.java:360)\n\tat io.netty.channel.AbstractChannelHandlerContext.fireChannelRead(AbstractChannelHandlerContext.java:352)\n\tat io.netty.channel.DefaultChannelPipeline$HeadContext.channelRead(DefaultChannelPipeline.java:1422)\n\tat io.netty.channel.AbstractChannelHandlerContext.invokeChannelRead(AbstractChannelHandlerContext.java:374)\n\tat io.netty.channel.AbstractChannelHandlerContext.invokeChannelRead(AbstractChannelHandlerContext.java:360)\n\tat io.netty.channel.DefaultChannelPipeline.fireChannelRead(DefaultChannelPipeline.java:931)\n\tat io.netty.channel.nio.AbstractNioByteChannel$NioByteUnsafe.read(AbstractNioByteChannel.java:163)\n\tat io.netty.channel.nio.NioEventLoop.processSelectedKey(NioEventLoop.java:700)\n\tat io.netty.channel.nio.NioEventLoop.processSelectedKeysOptimized(NioEventLoop.java:635)\n\tat io.netty.channel.nio.NioEventLoop.processSelectedKeys(NioEventLoop.java:552)\n\tat io.netty.channel.nio.NioEventLoop.run(NioEventLoop.java:514)\n\tat io.netty.util.concurrent.SingleThreadEventExecutor$6.run(SingleThreadEventExecutor.java:1044)\n\tat io.netty.util.internal.ThreadExecutorMap$2.run(ThreadExecutorMap.java:74)\n\tat io.netty.util.concurrent.FastThreadLocalRunnable.run(FastThreadLocalRunnable.java:30)\n\tat java.lang.Thread.run(Thread.java:1012)\n"}}
Thu Jul 30 09:08:08 UTC 2026 | ALL | 07-30 09:08:07.280  1817  1817 I wpa_supplicant: wlan0: CTRL-EVENT-BEACON-LOSS 
Thu Jul 30 09:08:08 UTC 2026 | ALL | 07-30 09:08:07.551  4162  4220 I appium  : channel read: POST /session/0ec58237-84ed-40bd-bf67-28bb2b70cae2/element
Thu Jul 30 09:08:08 UTC 2026 | ALL | 07-30 09:08:07.551  4162  4220 I appium  : FindElement command
Thu Jul 30 09:08:08 UTC 2026 | ALL | 07-30 09:08:07.551  4162  4220 I appium  : method: 'xpath', selector: '//*[contains(@text, 'Welcome Back!') or contains(@content-desc, 'Welcome Back!')]'
Thu Jul 30 09:08:08 UTC 2026 | ALL | 07-30 09:08:07.551  4162  4220 I appium  : Waiting up to 10000ms for the device to idle
Thu Jul 30 09:08:08 UTC 2026 | ALL | 07-30 09:08:07.553  4162  4220 I appium  : The following attributes will be included to the page source: [text, content-desc]
Thu Jul 30 09:08:08 UTC 2026 | ALL | 07-30 09:08:07.555  4162  4170 I tomator2.server: Method exceeds compiler instruction limit: 19264 in java_cup.runtime.Symbol org.eclipse.wst.xml.xpath2.processor.internal.CUP$XPathCup$actions.CUP$XPathCup$do_action(int, java_cup.runtime.lr_parser, java.util.Stack, int)
Thu Jul 30 09:08:08 UTC 2026 | ALL | 07-30 09:08:07.565  4162  4220 I appium  : Took 0ms to retrieve 0 matches for '//*[contains(@text, 'Welcome Back!') or contains(@content-desc, 'Welcome Back!')]' XPath2 query
Thu Jul 30 09:08:08 UTC 2026 | ALL | 07-30 09:08:07.566  4162  4220 I appium  : AppiumResponse: {"sessionId":"0ec58237-84ed-40bd-bf67-28bb2b70cae2","value":{"error":"no such element","message":"An element could not be located on the page using the given search parameters","stacktrace":"io.appium.uiautomator2.common.exceptions.ElementNotFoundException: An element could not be located on the page using the given search parameters\n\tat io.appium.uiautomator2.utils.ElementLocationHelpers.findElement(ElementLocationHelpers.java:156)\n\tat io.appium.uiautomator2.handler.FindElement.safeHandle(FindElement.java:60)\n\tat io.appium.uiautomator2.handler.request.SafeRequestHandler.handle(SafeRequestHandler.java:59)\n\tat io.appium.uiautomator2.server.AppiumServlet.handleRequest(AppiumServlet.java:259)\n\tat io.appium.uiautomator2.server.AppiumServlet.handleHttpRequest(AppiumServlet.java:253)\n\tat io.appium.uiautomator2.http.ServerHandler.channelRead(ServerHandler.java:77)\n\tat io.netty.channel.AbstractChannelHandlerContext.invokeChannelRead(AbstractChannelHandlerContext.java:374)\n\tat io.netty.channel.AbstractChannelHandlerContext.invokeChannelRead(AbstractChannelHandlerContext.java:360)\n\tat io.netty.channel.AbstractChannelHandlerContext.fireChannelRead(AbstractChannelHandlerContext.java:352)\n\tat io.netty.handler.codec.MessageToMessageDecoder.channelRead(MessageToMessageDecoder.java:102)\n\tat io.netty.channel.AbstractChannelHandlerContext.invokeChannelRead(AbstractChannelHandlerContext.java:374)\n\tat io.netty.channel.AbstractChannelHandlerContext.invokeChannelRead(AbstractChannelHandlerContext.java:360)\n\tat io.netty.channel.AbstractChannelHandlerContext.fireChannelRead(AbstractChannelHandlerContext.java:352)\n\tat io.netty.channel.CombinedChannelDuplexHandler$DelegatingChannelHandlerContext.fireChannelRead(CombinedChannelDuplexHandler.java:438)\n\tat io.netty.handler.codec.ByteToMessageDecoder.fireChannelRead(ByteToMessageDecoder.java:328)\n\tat io.netty.handler.codec.ByteToMessageDecoder.channelRead(ByteToMessageDecoder.java:302)\n\tat io.netty.channel.CombinedChannelDuplexHandler.channelRead(CombinedChannelDuplexHandler.java:253)\n\tat io.netty.channel.AbstractChannelHandlerContext.invokeChannelRead(AbstractChannelHandlerContext.java:374)\n\tat io.netty.channel.AbstractChannelHandlerContext.invokeChannelRead(AbstractChannelHandlerContext.java:360)\n\tat io.netty.channel.AbstractChannelHandlerContext.fireChannelRead(AbstractChannelHandlerContext.java:352)\n\tat io.netty.handler.timeout.IdleStateHandler.channelRead(IdleStateHandler.java:287)\n\tat io.netty.channel.AbstractChannelHandlerContext.invokeChannelRead(AbstractChannelHandlerContext.java:374)\n\tat io.netty.channel.AbstractChannelHandlerContext.invokeChannelRead(AbstractChannelHandlerContext.java:360)\n\tat io.netty.channel.AbstractChannelHandlerContext.fireChannelRead(AbstractChannelHandlerContext.java:352)\n\tat io.netty.channel.DefaultChannelPipeline$HeadContext.channelRead(DefaultChannelPipeline.java:1422)\n\tat io.netty.channel.AbstractChannelHandlerContext.invokeChannelRead(AbstractChannelHandlerContext.java:374)\n\tat io.netty.channel.AbstractChannelHandlerContext.invokeChannelRead(AbstractChannelHandlerContext.java:360)\n\tat io.netty.channel.DefaultChannelPipeline.fireChannelRead(DefaultChannelPipeline.java:931)\n\tat io.netty.channel.nio.AbstractNioByteChannel$NioByteUnsafe.read(AbstractNioByteChannel.java:163)\n\tat io.netty.channel.nio.NioEventLoop.processSelectedKey(NioEventLoop.java:700)\n\tat io.netty.channel.nio.NioEventLoop.processSelectedKeysOptimized(NioEventLoop.java:635)\n\tat io.netty.channel.nio.NioEventLoop.processSelectedKeys(NioEventLoop.java:552)\n\tat io.netty.channel.nio.NioEventLoop.run(NioEventLoop.java:514)\n\tat io.netty.util.concurrent.SingleThreadEventExecutor$6.run(SingleThreadEventExecutor.java:1044)\n\tat io.netty.util.internal.ThreadExecutorMap$2.run(ThreadExecutorMap.java:74)\n\tat io.netty.util.concurrent.FastThreadLocalRunnable.run(FastThreadLocalRunnable.java:30)\n\tat java.lang.Thread.run(Thread.java:1012)\n"}}
Thu Jul 30 09:08:09 UTC 2026 | ALL | 07-30 09:08:08.071  4162  4220 I appium  : channel read: POST /session/0ec58237-84ed-40bd-bf67-28bb2b70cae2/element
Thu Jul 30 09:08:09 UTC 2026 | ALL | 07-30 09:08:08.071  4162  4220 I appium  : FindElement command
Thu Jul 30 09:08:09 UTC 2026 | ALL | 07-30 09:08:08.071  4162  4220 I appium  : method: 'xpath', selector: '//*[contains(@text, 'Welcome Back!') or contains(@content-desc, 'Welcome Back!')]'
Thu Jul 30 09:08:09 UTC 2026 | ALL | 07-30 09:08:08.071  4162  4220 I appium  : Waiting up to 10000ms for the device to idle
Thu Jul 30 09:08:09 UTC 2026 | ALL | 07-30 09:08:08.072  4162  4220 I appium  : The following attributes will be included to the page source: [text, content-desc]
Thu Jul 30 09:08:09 UTC 2026 | ALL | 07-30 09:08:08.084  4162  4220 I appium  : Took 0ms to retrieve 0 matches for '//*[contains(@text, 'Welcome Back!') or contains(@content-desc, 'Welcome Back!')]' XPath2 query
Thu Jul 30 09:08:09 UTC 2026 | ALL | 07-30 09:08:08.085  4162  4220 I appium  : AppiumResponse: {"sessionId":"0ec58237-84ed-40bd-bf67-28bb2b70cae2","value":{"error":"no such element","message":"An element could not be located on the page using the given search parameters","stacktrace":"io.appium.uiautomator2.common.exceptions.ElementNotFoundException: An element could not be located on the page using the given search parameters\n\tat io.appium.uiautomator2.utils.ElementLocationHelpers.findElement(ElementLocationHelpers.java:156)\n\tat io.appium.uiautomator2.handler.FindElement.safeHandle(FindElement.java:60)\n\tat io.appium.uiautomator2.handler.request.SafeRequestHandler.handle(SafeRequestHandler.java:59)\n\tat io.appium.uiautomator2.server.AppiumServlet.handleRequest(AppiumServlet.java:259)\n\tat io.appium.uiautomator2.server.AppiumServlet.handleHttpRequest(AppiumServlet.java:253)\n\tat io.appium.uiautomator2.http.ServerHandler.channelRead(ServerHandler.java:77)\n\tat io.netty.channel.AbstractChannelHandlerContext.invokeChannelRead(AbstractChannelHandlerContext.java:374)\n\tat io.netty.channel.AbstractChannelHandlerContext.invokeChannelRead(AbstractChannelHandlerContext.java:360)\n\tat io.netty.channel.AbstractChannelHandlerContext.fireChannelRead(AbstractChannelHandlerContext.java:352)\n\tat io.netty.handler.codec.MessageToMessageDecoder.channelRead(MessageToMessageDecoder.java:102)\n\tat io.netty.channel.AbstractChannelHandlerContext.invokeChannelRead(AbstractChannelHandlerContext.java:374)\n\tat io.netty.channel.AbstractChannelHandlerContext.invokeChannelRead(AbstractChannelHandlerContext.java:360)\n\tat io.netty.channel.AbstractChannelHandlerContext.fireChannelRead(AbstractChannelHandlerContext.java:352)\n\tat io.netty.channel.CombinedChannelDuplexHandler$DelegatingChannelHandlerContext.fireChannelRead(CombinedChannelDuplexHandler.java:438)\n\tat io.netty.handler.codec.ByteToMessageDecoder.fireChannelRead(ByteToMessageDecoder.java:328)\n\tat io.netty.handler.codec.ByteToMessageDecoder.channelRead(ByteToMessageDecoder.java:302)\n\tat io.netty.channel.CombinedChannelDuplexHandler.channelRead(CombinedChannelDuplexHandler.java:253)\n\tat io.netty.channel.AbstractChannelHandlerContext.invokeChannelRead(AbstractChannelHandlerContext.java:374)\n\tat io.netty.channel.AbstractChannelHandlerContext.invokeChannelRead(AbstractChannelHandlerContext.java:360)\n\tat io.netty.channel.AbstractChannelHandlerContext.fireChannelRead(AbstractChannelHandlerContext.java:352)\n\tat io.netty.handler.timeout.IdleStateHandler.channelRead(IdleStateHandler.java:287)\n\tat io.netty.channel.AbstractChannelHandlerContext.invokeChannelRead(AbstractChannelHandlerContext.java:374)\n\tat io.netty.channel.AbstractChannelHandlerContext.invokeChannelRead(AbstractChannelHandlerContext.java:360)\n\tat io.netty.channel.AbstractChannelHandlerContext.fireChannelRead(AbstractChannelHandlerContext.java:352)\n\tat io.netty.channel.DefaultChannelPipeline$HeadContext.channelRead(DefaultChannelPipeline.java:1422)\n\tat io.netty.channel.AbstractChannelHandlerContext.invokeChannelRead(AbstractChannelHandlerContext.java:374)\n\tat io.netty.channel.AbstractChannelHandlerContext.invokeChannelRead(AbstractChannelHandlerContext.java:360)\n\tat io.netty.channel.DefaultChannelPipeline.fireChannelRead(DefaultChannelPipeline.java:931)\n\tat io.netty.channel.nio.AbstractNioByteChannel$NioByteUnsafe.read(AbstractNioByteChannel.java:163)\n\tat io.netty.channel.nio.NioEventLoop.processSelectedKey(NioEventLoop.java:700)\n\tat io.netty.channel.nio.NioEventLoop.processSelectedKeysOptimized(NioEventLoop.java:635)\n\tat io.netty.channel.nio.NioEventLoop.processSelectedKeys(NioEventLoop.java:552)\n\tat io.netty.channel.nio.NioEventLoop.run(NioEventLoop.java:514)\n\tat io.netty.util.concurrent.SingleThreadEventExecutor$6.run(SingleThreadEventExecutor.java:1044)\n\tat io.netty.util.internal.ThreadExecutorMap$2.run(ThreadExecutorMap.java:74)\n\tat io.netty.util.concurrent.FastThreadLocalRunnable.run(FastThreadLocalRunnable.java:30)\n\tat java.lang.Thread.run(Thread.java:1012)\n"}}
Thu Jul 30 09:08:09 UTC 2026 | ALL | 07-30 09:08:08.337     0     0 W healthd : battery l=100 v=5000 t=25.0 h=2 st=2 c=900000 fc=3000000 cc=10 chg=a
Thu Jul 30 09:08:09 UTC 2026 | ALL | 07-30 09:08:08.589  4162  4220 I appium  : channel read: POST /session/0ec58237-84ed-40bd-bf67-28bb2b70cae2/element
Thu Jul 30 09:08:09 UTC 2026 | ALL | 07-30 09:08:08.589  4162  4220 I appium  : FindElement command
Thu Jul 30 09:08:09 UTC 2026 | ALL | 07-30 09:08:08.590  4162  4220 I appium  : method: 'xpath', selector: '//*[contains(@text, 'Welcome Back!') or contains(@content-desc, 'Welcome Back!')]'
Thu Jul 30 09:08:09 UTC 2026 | ALL | 07-30 09:08:08.590  4162  4220 I appium  : Waiting up to 10000ms for the device to idle
Thu Jul 30 09:08:09 UTC 2026 | ALL | 07-30 09:08:08.591  4162  4220 I appium  : The following attributes will be included to the page source: [text, content-desc]
Thu Jul 30 09:08:09 UTC 2026 | ALL | 07-30 09:08:08.594  4162  4170 I tomator2.server: Method exceeds compiler instruction limit: 19264 in java_cup.runtime.Symbol org.eclipse.wst.xml.xpath2.processor.internal.CUP$XPathCup$actions.CUP$XPathCup$do_action(int, java_cup.runtime.lr_parser, java.util.Stack, int)
Thu Jul 30 09:08:09 UTC 2026 | ALL | 07-30 09:08:08.601  4162  4220 I appium  : Took 0ms to retrieve 0 matches for '//*[contains(@text, 'Welcome Back!') or contains(@content-desc, 'Welcome Back!')]' XPath2 query
Thu Jul 30 09:08:09 UTC 2026 | ALL | 07-30 09:08:08.602  4162  4220 I appium  : AppiumResponse: {"sessionId":"0ec58237-84ed-40bd-bf67-28bb2b70cae2","value":{"error":"no such element","message":"An element could not be located on the page using the given search parameters","stacktrace":"io.appium.uiautomator2.common.exceptions.ElementNotFoundException: An element could not be located on the page using the given search parameters\n\tat io.appium.uiautomator2.utils.ElementLocationHelpers.findElement(ElementLocationHelpers.java:156)\n\tat io.appium.uiautomator2.handler.FindElement.safeHandle(FindElement.java:60)\n\tat io.appium.uiautomator2.handler.request.SafeRequestHandler.handle(SafeRequestHandler.java:59)\n\tat io.appium.uiautomator2.server.AppiumServlet.handleRequest(AppiumServlet.java:259)\n\tat io.appium.uiautomator2.server.AppiumServlet.handleHttpRequest(AppiumServlet.java:253)\n\tat io.appium.uiautomator2.http.ServerHandler.channelRead(ServerHandler.java:77)\n\tat io.netty.channel.AbstractChannelHandlerContext.invokeChannelRead(AbstractChannelHandlerContext.java:374)\n\tat io.netty.channel.AbstractChannelHandlerContext.invokeChannelRead(AbstractChannelHandlerContext.java:360)\n\tat io.netty.channel.AbstractChannelHandlerContext.fireChannelRead(AbstractChannelHandlerContext.java:352)\n\tat io.netty.handler.codec.MessageToMessageDecoder.channelRead(MessageToMessageDecoder.java:102)\n\tat io.netty.channel.AbstractChannelHandlerContext.invokeChannelRead(AbstractChannelHandlerContext.java:374)\n\tat io.netty.channel.AbstractChannelHandlerContext.invokeChannelRead(AbstractChannelHandlerContext.java:360)\n\tat io.netty.channel.AbstractChannelHandlerContext.fireChannelRead(AbstractChannelHandlerContext.java:352)\n\tat io.netty.channel.CombinedChannelDuplexHandler$DelegatingChannelHandlerContext.fireChannelRead(CombinedChannelDuplexHandler.java:438)\n\tat io.netty.handler.codec.ByteToMessageDecoder.fireChannelRead(ByteToMessageDecoder.java:328)\n\tat io.netty.handler.codec.ByteToMessageDecoder.channelRead(ByteToMessageDecoder.java:302)\n\tat io.netty.channel.CombinedChannelDuplexHandler.channelRead(CombinedChannelDuplexHandler.java:253)\n\tat io.netty.channel.AbstractChannelHandlerContext.invokeChannelRead(AbstractChannelHandlerContext.java:374)\n\tat io.netty.channel.AbstractChannelHandlerContext.invokeChannelRead(AbstractChannelHandlerContext.java:360)\n\tat io.netty.channel.AbstractChannelHandlerContext.fireChannelRead(AbstractChannelHandlerContext.java:352)\n\tat io.netty.handler.timeout.IdleStateHandler.channelRead(IdleStateHandler.java:287)\n\tat io.netty.channel.AbstractChannelHandlerContext.invokeChannelRead(AbstractChannelHandlerContext.java:374)\n\tat io.netty.channel.AbstractChannelHandlerContext.invokeChannelRead(AbstractChannelHandlerContext.java:360)\n\tat io.netty.channel.AbstractChannelHandlerContext.fireChannelRead(AbstractChannelHandlerContext.java:352)\n\tat io.netty.channel.DefaultChannelPipeline$HeadContext.channelRead(DefaultChannelPipeline.java:1422)\n\tat io.netty.channel.AbstractChannelHandlerContext.invokeChannelRead(AbstractChannelHandlerContext.java:374)\n\tat io.netty.channel.AbstractChannelHandlerContext.invokeChannelRead(AbstractChannelHandlerContext.java:360)\n\tat io.netty.channel.DefaultChannelPipeline.fireChannelRead(DefaultChannelPipeline.java:931)\n\tat io.netty.channel.nio.AbstractNioByteChannel$NioByteUnsafe.read(AbstractNioByteChannel.java:163)\n\tat io.netty.channel.nio.NioEventLoop.processSelectedKey(NioEventLoop.java:700)\n\tat io.netty.channel.nio.NioEventLoop.processSelectedKeysOptimized(NioEventLoop.java:635)\n\tat io.netty.channel.nio.NioEventLoop.processSelectedKeys(NioEventLoop.java:552)\n\tat io.netty.channel.nio.NioEventLoop.run(NioEventLoop.java:514)\n\tat io.netty.util.concurrent.SingleThreadEventExecutor$6.run(SingleThreadEventExecutor.java:1044)\n\tat io.netty.util.internal.ThreadExecutorMap$2.run(ThreadExecutorMap.java:74)\n\tat io.netty.util.concurrent.FastThreadLocalRunnable.run(FastThreadLocalRunnable.java:30)\n\tat java.lang.Thread.run(Thread.java:1012)\n"}}
Thu Jul 30 09:08:10 UTC 2026 | ALL | 07-30 09:08:09.107  4162  4220 I appium  : channel read: POST /session/0ec58237-84ed-40bd-bf67-28bb2b70cae2/element
Thu Jul 30 09:08:10 UTC 2026 | ALL | 07-30 09:08:09.107  4162  4220 I appium  : FindElement command
Thu Jul 30 09:08:10 UTC 2026 | ALL | 07-30 09:08:09.107  4162  4220 I appium  : method: 'xpath', selector: '//*[contains(@text, 'Welcome Back!') or contains(@content-desc, 'Welcome Back!')]'
Thu Jul 30 09:08:10 UTC 2026 | ALL | 07-30 09:08:09.108  4162  4220 I appium  : Waiting up to 10000ms for the device to idle
Thu Jul 30 09:08:10 UTC 2026 | ALL | 07-30 09:08:09.109  4162  4220 I appium  : The following attributes will be included to the page source: [text, content-desc]
Thu Jul 30 09:08:10 UTC 2026 | ALL | 07-30 09:08:09.120  4162  4220 I appium  : Took 0ms to retrieve 0 matches for '//*[contains(@text, 'Welcome Back!') or contains(@content-desc, 'Welcome Back!')]' XPath2 query
Thu Jul 30 09:08:10 UTC 2026 | ALL | 07-30 09:08:09.122  4162  4220 I appium  : AppiumResponse: {"sessionId":"0ec58237-84ed-40bd-bf67-28bb2b70cae2","value":{"error":"no such element","message":"An element could not be located on the page using the given search parameters","stacktrace":"io.appium.uiautomator2.common.exceptions.ElementNotFoundException: An element could not be located on the page using the given search parameters\n\tat io.appium.uiautomator2.utils.ElementLocationHelpers.findElement(ElementLocationHelpers.java:156)\n\tat io.appium.uiautomator2.handler.FindElement.safeHandle(FindElement.java:60)\n\tat io.appium.uiautomator2.handler.request.SafeRequestHandler.handle(SafeRequestHandler.java:59)\n\tat io.appium.uiautomator2.server.AppiumServlet.handleRequest(AppiumServlet.java:259)\n\tat io.appium.uiautomator2.server.AppiumServlet.handleHttpRequest(AppiumServlet.java:253)\n\tat io.appium.uiautomator2.http.ServerHandler.channelRead(ServerHandler.java:77)\n\tat io.netty.channel.AbstractChannelHandlerContext.invokeChannelRead(AbstractChannelHandlerContext.java:374)\n\tat io.netty.channel.AbstractChannelHandlerContext.invokeChannelRead(AbstractChannelHandlerContext.java:360)\n\tat io.netty.channel.AbstractChannelHandlerContext.fireChannelRead(AbstractChannelHandlerContext.java:352)\n\tat io.netty.handler.codec.MessageToMessageDecoder.channelRead(MessageToMessageDecoder.java:102)\n\tat io.netty.channel.AbstractChannelHandlerContext.invokeChannelRead(AbstractChannelHandlerContext.java:374)\n\tat io.netty.channel.AbstractChannelHandlerContext.invokeChannelRead(AbstractChannelHandlerContext.java:360)\n\tat io.netty.channel.AbstractChannelHandlerContext.fireChannelRead(AbstractChannelHandlerContext.java:352)\n\tat io.netty.channel.CombinedChannelDuplexHandler$DelegatingChannelHandlerContext.fireChannelRead(CombinedChannelDuplexHandler.java:438)\n\tat io.netty.handler.codec.ByteToMessageDecoder.fireChannelRead(ByteToMessageDecoder.java:328)\n\tat io.netty.handler.codec.ByteToMessageDecoder.channelRead(ByteToMessageDecoder.java:302)\n\tat io.netty.channel.CombinedChannelDuplexHandler.channelRead(CombinedChannelDuplexHandler.java:253)\n\tat io.netty.channel.AbstractChannelHandlerContext.invokeChannelRead(AbstractChannelHandlerContext.java:374)\n\tat io.netty.channel.AbstractChannelHandlerContext.invokeChannelRead(AbstractChannelHandlerContext.java:360)\n\tat io.netty.channel.AbstractChannelHandlerContext.fireChannelRead(AbstractChannelHandlerContext.java:352)\n\tat io.netty.handler.timeout.IdleStateHandler.channelRead(IdleStateHandler.java:287)\n\tat io.netty.channel.AbstractChannelHandlerContext.invokeChannelRead(AbstractChannelHandlerContext.java:374)\n\tat io.netty.channel.AbstractChannelHandlerContext.invokeChannelRead(AbstractChannelHandlerContext.java:360)\n\tat io.netty.channel.AbstractChannelHandlerContext.fireChannelRead(AbstractChannelHandlerContext.java:352)\n\tat io.netty.channel.DefaultChannelPipeline$HeadContext.channelRead(DefaultChannelPipeline.java:1422)\n\tat io.netty.channel.AbstractChannelHandlerContext.invokeChannelRead(AbstractChannelHandlerContext.java:374)\n\tat io.netty.channel.AbstractChannelHandlerContext.invokeChannelRead(AbstractChannelHandlerContext.java:360)\n\tat io.netty.channel.DefaultChannelPipeline.fireChannelRead(DefaultChannelPipeline.java:931)\n\tat io.netty.channel.nio.AbstractNioByteChannel$NioByteUnsafe.read(AbstractNioByteChannel.java:163)\n\tat io.netty.channel.nio.NioEventLoop.processSelectedKey(NioEventLoop.java:700)\n\tat io.netty.channel.nio.NioEventLoop.processSelectedKeysOptimized(NioEventLoop.java:635)\n\tat io.netty.channel.nio.NioEventLoop.processSelectedKeys(NioEventLoop.java:552)\n\tat io.netty.channel.nio.NioEventLoop.run(NioEventLoop.java:514)\n\tat io.netty.util.concurrent.SingleThreadEventExecutor$6.run(SingleThreadEventExecutor.java:1044)\n\tat io.netty.util.internal.ThreadExecutorMap$2.run(ThreadExecutorMap.java:74)\n\tat io.netty.util.concurrent.FastThreadLocalRunnable.run(FastThreadLocalRunnable.java:30)\n\tat java.lang.Thread.run(Thread.java:1012)\n"}}
Thu Jul 30 09:08:10 UTC 2026 | ALL | 07-30 09:08:09.626  4162  4220 I appium  : channel read: POST /session/0ec58237-84ed-40bd-bf67-28bb2b70cae2/element
Thu Jul 30 09:08:10 UTC 2026 | ALL | 07-30 09:08:09.626  4162  4220 I appium  : FindElement command
Thu Jul 30 09:08:10 UTC 2026 | ALL | 07-30 09:08:09.626  4162  4220 I appium  : method: 'xpath', selector: '//*[contains(@text, 'Welcome Back!') or contains(@content-desc, 'Welcome Back!')]'
Thu Jul 30 09:08:10 UTC 2026 | ALL | 07-30 09:08:09.627  4162  4220 I appium  : Waiting up to 10000ms for the device to idle
Thu Jul 30 09:08:10 UTC 2026 | ALL | 07-30 09:08:09.628  4162  4220 I appium  : The following attributes will be included to the page source: [text, content-desc]
Thu Jul 30 09:08:10 UTC 2026 | ALL | 07-30 09:08:09.642  4162  4220 I appium  : Took 0ms to retrieve 0 matches for '//*[contains(@text, 'Welcome Back!') or contains(@content-desc, 'Welcome Back!')]' XPath2 query
Thu Jul 30 09:08:10 UTC 2026 | ALL | 07-30 09:08:09.643  4162  4220 I appium  : AppiumResponse: {"sessionId":"0ec58237-84ed-40bd-bf67-28bb2b70cae2","value":{"error":"no such element","message":"An element could not be located on the page using the given search parameters","stacktrace":"io.appium.uiautomator2.common.exceptions.ElementNotFoundException: An element could not be located on the page using the given search parameters\n\tat io.appium.uiautomator2.utils.ElementLocationHelpers.findElement(ElementLocationHelpers.java:156)\n\tat io.appium.uiautomator2.handler.FindElement.safeHandle(FindElement.java:60)\n\tat io.appium.uiautomator2.handler.request.SafeRequestHandler.handle(SafeRequestHandler.java:59)\n\tat io.appium.uiautomator2.server.AppiumServlet.handleRequest(AppiumServlet.java:259)\n\tat io.appium.uiautomator2.server.AppiumServlet.handleHttpRequest(AppiumServlet.java:253)\n\tat io.appium.uiautomator2.http.ServerHandler.channelRead(ServerHandler.java:77)\n\tat io.netty.channel.AbstractChannelHandlerContext.invokeChannelRead(AbstractChannelHandlerContext.java:374)\n\tat io.netty.channel.AbstractChannelHandlerContext.invokeChannelRead(AbstractChannelHandlerContext.java:360)\n\tat io.netty.channel.AbstractChannelHandlerContext.fireChannelRead(AbstractChannelHandlerContext.java:352)\n\tat io.netty.handler.codec.MessageToMessageDecoder.channelRead(MessageToMessageDecoder.java:102)\n\tat io.netty.channel.AbstractChannelHandlerContext.invokeChannelRead(AbstractChannelHandlerContext.java:374)\n\tat io.netty.channel.AbstractChannelHandlerContext.invokeChannelRead(AbstractChannelHandlerContext.java:360)\n\tat io.netty.channel.AbstractChannelHandlerContext.fireChannelRead(AbstractChannelHandlerContext.java:352)\n\tat io.netty.channel.CombinedChannelDuplexHandler$DelegatingChannelHandlerContext.fireChannelRead(CombinedChannelDuplexHandler.java:438)\n\tat io.netty.handler.codec.ByteToMessageDecoder.fireChannelRead(ByteToMessageDecoder.java:328)\n\tat io.netty.handler.codec.ByteToMessageDecoder.channelRead(ByteToMessageDecoder.java:302)\n\tat io.netty.channel.CombinedChannelDuplexHandler.channelRead(CombinedChannelDuplexHandler.java:253)\n\tat io.netty.channel.AbstractChannelHandlerContext.invokeChannelRead(AbstractChannelHandlerContext.java:374)\n\tat io.netty.channel.AbstractChannelHandlerContext.invokeChannelRead(AbstractChannelHandlerContext.java:360)\n\tat io.netty.channel.AbstractChannelHandlerContext.fireChannelRead(AbstractChannelHandlerContext.java:352)\n\tat io.netty.handler.timeout.IdleStateHandler.channelRead(IdleStateHandler.java:287)\n\tat io.netty.channel.AbstractChannelHandlerContext.invokeChannelRead(AbstractChannelHandlerContext.java:374)\n\tat io.netty.channel.AbstractChannelHandlerContext.invokeChannelRead(AbstractChannelHandlerContext.java:360)\n\tat io.netty.channel.AbstractChannelHandlerContext.fireChannelRead(AbstractChannelHandlerContext.java:352)\n\tat io.netty.channel.DefaultChannelPipeline$HeadContext.channelRead(DefaultChannelPipeline.java:1422)\n\tat io.netty.channel.AbstractChannelHandlerContext.invokeChannelRead(AbstractChannelHandlerContext.java:374)\n\tat io.netty.channel.AbstractChannelHandlerContext.invokeChannelRead(AbstractChannelHandlerContext.java:360)\n\tat io.netty.channel.DefaultChannelPipeline.fireChannelRead(DefaultChannelPipeline.java:931)\n\tat io.netty.channel.nio.AbstractNioByteChannel$NioByteUnsafe.read(AbstractNioByteChannel.java:163)\n\tat io.netty.channel.nio.NioEventLoop.processSelectedKey(NioEventLoop.java:700)\n\tat io.netty.channel.nio.NioEventLoop.processSelectedKeysOptimized(NioEventLoop.java:635)\n\tat io.netty.channel.nio.NioEventLoop.processSelectedKeys(NioEventLoop.java:552)\n\tat io.netty.channel.nio.NioEventLoop.run(NioEventLoop.java:514)\n\tat io.netty.util.concurrent.SingleThreadEventExecutor$6.run(SingleThreadEventExecutor.java:1044)\n\tat io.netty.util.internal.ThreadExecutorMap$2.run(ThreadExecutorMap.java:74)\n\tat io.netty.util.concurrent.FastThreadLocalRunnable.run(FastThreadLocalRunnable.java:30)\n\tat java.lang.Thread.run(Thread.java:1012)\n"}}
Thu Jul 30 09:08:11 UTC 2026 | ALL | 07-30 09:08:10.149  4162  4220 I appium  : channel read: POST /session/0ec58237-84ed-40bd-bf67-28bb2b70cae2/element
Thu Jul 30 09:08:11 UTC 2026 | ALL | 07-30 09:08:10.149  4162  4220 I appium  : FindElement command
Thu Jul 30 09:08:11 UTC 2026 | ALL | 07-30 09:08:10.149  4162  4220 I appium  : method: 'xpath', selector: '//*[contains(@text, 'Welcome Back!') or contains(@content-desc, 'Welcome Back!')]'
Thu Jul 30 09:08:11 UTC 2026 | ALL | 07-30 09:08:10.149  4162  4220 I appium  : Waiting up to 10000ms for the device to idle
Thu Jul 30 09:08:11 UTC 2026 | ALL | 07-30 09:08:10.151  4162  4220 I appium  : The following attributes will be included to the page source: [text, content-desc]
Thu Jul 30 09:08:11 UTC 2026 | ALL | 07-30 09:08:10.154  4162  4170 I tomator2.server: Method exceeds compiler instruction limit: 19264 in java_cup.runtime.Symbol org.eclipse.wst.xml.xpath2.processor.internal.CUP$XPathCup$actions.CUP$XPathCup$do_action(int, java_cup.runtime.lr_parser, java.util.Stack, int)
Thu Jul 30 09:08:11 UTC 2026 | ALL | 07-30 09:08:10.164  4162  4220 I appium  : Took 0ms to retrieve 0 matches for '//*[contains(@text, 'Welcome Back!') or contains(@content-desc, 'Welcome Back!')]' XPath2 query
Thu Jul 30 09:08:11 UTC 2026 | ALL | 07-30 09:08:10.165  4162  4220 I appium  : AppiumResponse: {"sessionId":"0ec58237-84ed-40bd-bf67-28bb2b70cae2","value":{"error":"no such element","message":"An element could not be located on the page using the given search parameters","stacktrace":"io.appium.uiautomator2.common.exceptions.ElementNotFoundException: An element could not be located on the page using the given search parameters\n\tat io.appium.uiautomator2.utils.ElementLocationHelpers.findElement(ElementLocationHelpers.java:156)\n\tat io.appium.uiautomator2.handler.FindElement.safeHandle(FindElement.java:60)\n\tat io.appium.uiautomator2.handler.request.SafeRequestHandler.handle(SafeRequestHandler.java:59)\n\tat io.appium.uiautomator2.server.AppiumServlet.handleRequest(AppiumServlet.java:259)\n\tat io.appium.uiautomator2.server.AppiumServlet.handleHttpRequest(AppiumServlet.java:253)\n\tat io.appium.uiautomator2.http.ServerHandler.channelRead(ServerHandler.java:77)\n\tat io.netty.channel.AbstractChannelHandlerContext.invokeChannelRead(AbstractChannelHandlerContext.java:374)\n\tat io.netty.channel.AbstractChannelHandlerContext.invokeChannelRead(AbstractChannelHandlerContext.java:360)\n\tat io.netty.channel.AbstractChannelHandlerContext.fireChannelRead(AbstractChannelHandlerContext.java:352)\n\tat io.netty.handler.codec.MessageToMessageDecoder.channelRead(MessageToMessageDecoder.java:102)\n\tat io.netty.channel.AbstractChannelHandlerContext.invokeChannelRead(AbstractChannelHandlerContext.java:374)\n\tat io.netty.channel.AbstractChannelHandlerContext.invokeChannelRead(AbstractChannelHandlerContext.java:360)\n\tat io.netty.channel.AbstractChannelHandlerContext.fireChannelRead(AbstractChannelHandlerContext.java:352)\n\tat io.netty.channel.CombinedChannelDuplexHandler$DelegatingChannelHandlerContext.fireChannelRead(CombinedChannelDuplexHandler.java:438)\n\tat io.netty.handler.codec.ByteToMessageDecoder.fireChannelRead(ByteToMessageDecoder.java:328)\n\tat io.netty.handler.codec.ByteToMessageDecoder.channelRead(ByteToMessageDecoder.java:302)\n\tat io.netty.channel.CombinedChannelDuplexHandler.channelRead(CombinedChannelDuplexHandler.java:253)\n\tat io.netty.channel.AbstractChannelHandlerContext.invokeChannelRead(AbstractChannelHandlerContext.java:374)\n\tat io.netty.channel.AbstractChannelHandlerContext.invokeChannelRead(AbstractChannelHandlerContext.java:360)\n\tat io.netty.channel.AbstractChannelHandlerContext.fireChannelRead(AbstractChannelHandlerContext.java:352)\n\tat io.netty.handler.timeout.IdleStateHandler.channelRead(IdleStateHandler.java:287)\n\tat io.netty.channel.AbstractChannelHandlerContext.invokeChannelRead(AbstractChannelHandlerContext.java:374)\n\tat io.netty.channel.AbstractChannelHandlerContext.invokeChannelRead(AbstractChannelHandlerContext.java:360)\n\tat io.netty.channel.AbstractChannelHandlerContext.fireChannelRead(AbstractChannelHandlerContext.java:352)\n\tat io.netty.channel.DefaultChannelPipeline$HeadContext.channelRead(DefaultChannelPipeline.java:1422)\n\tat io.netty.channel.AbstractChannelHandlerContext.invokeChannelRead(AbstractChannelHandlerContext.java:374)\n\tat io.netty.channel.AbstractChannelHandlerContext.invokeChannelRead(AbstractChannelHandlerContext.java:360)\n\tat io.netty.channel.DefaultChannelPipeline.fireChannelRead(DefaultChannelPipeline.java:931)\n\tat io.netty.channel.nio.AbstractNioByteChannel$NioByteUnsafe.read(AbstractNioByteChannel.java:163)\n\tat io.netty.channel.nio.NioEventLoop.processSelectedKey(NioEventLoop.java:700)\n\tat io.netty.channel.nio.NioEventLoop.processSelectedKeysOptimized(NioEventLoop.java:635)\n\tat io.netty.channel.nio.NioEventLoop.processSelectedKeys(NioEventLoop.java:552)\n\tat io.netty.channel.nio.NioEventLoop.run(NioEventLoop.java:514)\n\tat io.netty.util.concurrent.SingleThreadEventExecutor$6.run(SingleThreadEventExecutor.java:1044)\n\tat io.netty.util.internal.ThreadExecutorMap$2.run(ThreadExecutorMap.java:74)\n\tat io.netty.util.concurrent.FastThreadLocalRunnable.run(FastThreadLocalRunnable.java:30)\n\tat java.lang.Thread.run(Thread.java:1012)\n"}}
Thu Jul 30 09:08:11 UTC 2026 | ALL | 07-30 09:08:10.379   560   833 W IPCThreadState: Sending oneway calls to frozen process.
Thu Jul 30 09:08:11 UTC 2026 | ALL | 07-30 09:08:10.381  1226  2261 I ChimeraSrvcProxy: NullBinder for android.net.action.RECOMMEND_NETWORKS triggering remote TransactionTooLargeException due to Service without Chimera impl
Thu Jul 30 09:08:11 UTC 2026 | ALL | 07-30 09:08:10.381  1226  2261 W .gms.persistent: Large reply transaction of 1056768 bytes, interface descriptor , code 1
Thu Jul 30 09:08:11 UTC 2026 | ALL | 07-30 09:08:10.381   560   833 W IPCThreadState: Sending oneway calls to frozen process.
Thu Jul 30 09:08:11 UTC 2026 | ALL | 07-30 09:08:10.381   560   833 W IPCThreadState: Sending oneway calls to frozen process.
Thu Jul 30 09:08:11 UTC 2026 | ALL | 07-30 09:08:10.384  3433  3534 I BugleRcsEngine: handleMessage processing message:[NOTIFY_UPTIME_IGNORE_STATE_CHANGED] with [non-null]:RcsEngineImpl reference [CONTEXT log_prefix="RcsEngineImpl[DUAL_REG]:[445b9658-3dc5]>Handler" thread_id=62 ]
Thu Jul 30 09:08:11 UTC 2026 | ALL | 07-30 09:08:10.384  3433  3502 I BugleRcsEngine: Connected state: [1], networkType: [WIFI] [CONTEXT thread_id=53 ]
Thu Jul 30 09:08:11 UTC 2026 | ALL | 07-30 09:08:10.390  3433  3534 I BugleRcsEngine: No RCS Configuration was found in Bugle for simID: redacted-pii:sim_id[chars:20,last3:897] [CONTEXT log_prefix="ProvisioningEngineDataRetriever" thread_id=62 ]
Thu Jul 30 09:08:11 UTC 2026 | ALL | 07-30 09:08:10.464  4619  4619 I BugleDataModel: ActionExecutorImpl: Starting ActionService
Thu Jul 30 09:08:11 UTC 2026 | ALL | 07-30 09:08:10.466  4619  4619 I BugleDataModel: ActionExecutorImpl: ACTION_EXECUTE_QUEUED_FixupMessageStatusOnStartupAction
Thu Jul 30 09:08:11 UTC 2026 | ALL | 07-30 09:08:10.466  4619  4619 I BugleDataModel: ActionExecutorImpl: ACTION_EXECUTE_QUEUED_ProcessPendingMessagesAction
Thu Jul 30 09:08:11 UTC 2026 | ALL | 07-30 09:08:10.467  4619  4641 I BugleDataModel: ExecuteActionRunnable: running action FixupMessageStatusOnStartupAction
Thu Jul 30 09:08:11 UTC 2026 | ALL | 07-30 09:08:10.478  4619  4641 I BugleDataModel: FixupMessageStatusOnStartupAction: sendFailedCnt: 0, downloadFailedCnt: 0, partsProcessingFailedCnt: 0
Thu Jul 30 09:08:11 UTC 2026 | ALL | 07-30 09:08:10.479  4619  4652 W BugleDataModel: 0 fallback attempts are cancelled or failed, with 8 and APP_RESTART
Thu Jul 30 09:08:11 UTC 2026 | ALL | 07-30 09:08:10.486  4619  4641 I BugleConnectivity: removeConnectivityStateListener: ConnectivityStateListener not found for subId -1.
Thu Jul 30 09:08:11 UTC 2026 | ALL | 07-30 09:08:10.487  4619  4641 I BugleDataModel: PendingMessagesProcessor process from FixupMessageStatusOnStartupAction due to connectivity changed  with delay 0s with queues smsMessagesToSend:0 mmsMessagesToSend:0 rcsMessagesToSend:0 rcsFTMessagesToSend:0 messagesToDownload:0
Thu Jul 30 09:08:11 UTC 2026 | ALL | 07-30 09:08:10.488  4619  4641 I BugleDataModel: ProcessPendingMessagesTimers: cleared next retry time for channel sms_send 
Thu Jul 30 09:08:11 UTC 2026 | ALL | 07-30 09:08:10.488  4619  4641 I BugleDataModel: ProcessPendingMessagesTimers: cleared next retry time for channel mms_send 
Thu Jul 30 09:08:11 UTC 2026 | ALL | 07-30 09:08:10.488  4619  4641 I BugleDataModel: ProcessPendingMessagesTimers: cleared next retry time for channel mms_download 
Thu Jul 30 09:08:11 UTC 2026 | ALL | 07-30 09:08:10.488  4619  4641 I BugleDataModel: ProcessPendingMessagesTimers: cleared next retry time for channel rcs_send 
Thu Jul 30 09:08:11 UTC 2026 | ALL | 07-30 09:08:10.488  4619  4641 I BugleDataModel: ProcessPendingMessagesTimers: cleared next retry time for channel rcs_ft_upload 
Thu Jul 30 09:08:11 UTC 2026 | ALL | 07-30 09:08:10.488  4619  4641 I BugleDataModel: ProcessPendingMessagesTimers: cleared next retry time for channel rcs_ft_download 
Thu Jul 30 09:08:11 UTC 2026 | ALL | 07-30 09:08:10.488  4619  4641 I BugleDataModel: ProcessPendingMessagesTimers: cleared next retry time for channel cloud_sync_send 
Thu Jul 30 09:08:11 UTC 2026 | ALL | 07-30 09:08:10.488  4619  4641 I BugleDataModel: ProcessPendingMessagesTimers: cleared next retry time for channel cloud_sync_attachment_download 
Thu Jul 30 09:08:11 UTC 2026 | ALL | 07-30 09:08:10.489  4619  4641 I BugleDataModel: ExecuteActionRunnable: running action ProcessPendingMessagesAction
Thu Jul 30 09:08:11 UTC 2026 | ALL | 07-30 09:08:10.490  4619  4641 I BugleConnectivity: removeConnectivityStateListener: ConnectivityStateListener not found for subId -1.
Thu Jul 30 09:08:11 UTC 2026 | ALL | 07-30 09:08:10.491  4619  4641 I BugleDataModel: PendingMessagesProcessor process from ProcessPendingMessagesAction due to scheduled processing  with delay 0s with queues smsMessagesToSend:0 mmsMessagesToSend:0 rcsMessagesToSend:0 rcsFTMessagesToSend:0 messagesToDownload:0
Thu Jul 30 09:08:11 UTC 2026 | ALL | 07-30 09:08:10.492  4619  4641 I BugleDataModel: ActionExecutorImpl: Stopping ActionService
Thu Jul 30 09:08:11 UTC 2026 | ALL | 07-30 09:08:10.497  4619  4624 I .apps.messaging: Compiler allocated 5897KB to compile java.lang.Object aflc.x()
Thu Jul 30 09:08:11 UTC 2026 | ALL | 07-30 09:08:10.534  4619  4619 I BugleDataModel: ActionExecutorImpl: Starting ActionService
Thu Jul 30 09:08:11 UTC 2026 | ALL | 07-30 09:08:10.536  4619  4619 I BugleDataModel: ActionExecutorImpl: ACTION_EXECUTE_QUEUED_GenericWorkerQueueAction
Thu Jul 30 09:08:11 UTC 2026 | ALL | 07-30 09:08:10.536  4619  4641 I BugleDataModel: ExecuteActionRunnable: running action GenericWorkerQueueAction
Thu Jul 30 09:08:11 UTC 2026 | ALL | 07-30 09:08:10.537  4619  4641 I BugleDataModel: ActionExecutorImpl: ACTION_BACKGROUND_QUEUED_GenericWorkerQueueAction
Thu Jul 30 09:08:11 UTC 2026 | ALL | 07-30 09:08:10.539  4619  4666 I BugleJobs: GenericWorkerQueueAction: Bailing early, no work found, no failed work found
Thu Jul 30 09:08:11 UTC 2026 | ALL | 07-30 09:08:10.540  4619  4666 I BugleDataModel: ActionExecutorImpl: ACTION_RESPONSE_QUEUED_GenericWorkerQueueAction
Thu Jul 30 09:08:11 UTC 2026 | ALL | 07-30 09:08:10.541  4619  4641 I BugleDataModel: ActionExecutorImpl: Stopping ActionService
Thu Jul 30 09:08:11 UTC 2026 | ALL | 07-30 09:08:10.670  4162  4220 I appium  : channel read: POST /session/0ec58237-84ed-40bd-bf67-28bb2b70cae2/element
Thu Jul 30 09:08:11 UTC 2026 | ALL | 07-30 09:08:10.670  4162  4220 I appium  : FindElement command
Thu Jul 30 09:08:11 UTC 2026 | ALL | 07-30 09:08:10.671  4162  4220 I appium  : method: 'xpath', selector: '//*[contains(@text, 'Welcome Back!') or contains(@content-desc, 'Welcome Back!')]'
Thu Jul 30 09:08:11 UTC 2026 | ALL | 07-30 09:08:10.671  4162  4220 I appium  : Waiting up to 10000ms for the device to idle
Thu Jul 30 09:08:11 UTC 2026 | ALL | 07-30 09:08:10.672  4162  4220 I appium  : The following attributes will be included to the page source: [text, content-desc]
Thu Jul 30 09:08:11 UTC 2026 | ALL | 07-30 09:08:10.682  4162  4220 I appium  : Took 0ms to retrieve 0 matches for '//*[contains(@text, 'Welcome Back!') or contains(@content-desc, 'Welcome Back!')]' XPath2 query
Thu Jul 30 09:08:11 UTC 2026 | ALL | 07-30 09:08:10.683  4162  4220 I appium  : AppiumResponse: {"sessionId":"0ec58237-84ed-40bd-bf67-28bb2b70cae2","value":{"error":"no such element","message":"An element could not be located on the page using the given search parameters","stacktrace":"io.appium.uiautomator2.common.exceptions.ElementNotFoundException: An element could not be located on the page using the given search parameters\n\tat io.appium.uiautomator2.utils.ElementLocationHelpers.findElement(ElementLocationHelpers.java:156)\n\tat io.appium.uiautomator2.handler.FindElement.safeHandle(FindElement.java:60)\n\tat io.appium.uiautomator2.handler.request.SafeRequestHandler.handle(SafeRequestHandler.java:59)\n\tat io.appium.uiautomator2.server.AppiumServlet.handleRequest(AppiumServlet.java:259)\n\tat io.appium.uiautomator2.server.AppiumServlet.handleHttpRequest(AppiumServlet.java:253)\n\tat io.appium.uiautomator2.http.ServerHandler.channelRead(ServerHandler.java:77)\n\tat io.netty.channel.AbstractChannelHandlerContext.invokeChannelRead(AbstractChannelHandlerContext.java:374)\n\tat io.netty.channel.AbstractChannelHandlerContext.invokeChannelRead(AbstractChannelHandlerContext.java:360)\n\tat io.netty.channel.AbstractChannelHandlerContext.fireChannelRead(AbstractChannelHandlerContext.java:352)\n\tat io.netty.handler.codec.MessageToMessageDecoder.channelRead(MessageToMessageDecoder.java:102)\n\tat io.netty.channel.AbstractChannelHandlerContext.invokeChannelRead(AbstractChannelHandlerContext.java:374)\n\tat io.netty.channel.AbstractChannelHandlerContext.invokeChannelRead(AbstractChannelHandlerContext.java:360)\n\tat io.netty.channel.AbstractChannelHandlerContext.fireChannelRead(AbstractChannelHandlerContext.java:352)\n\tat io.netty.channel.CombinedChannelDuplexHandler$DelegatingChannelHandlerContext.fireChannelRead(CombinedChannelDuplexHandler.java:438)\n\tat io.netty.handler.codec.ByteToMessageDecoder.fireChannelRead(ByteToMessageDecoder.java:328)\n\tat io.netty.handler.codec.ByteToMessageDecoder.channelRead(ByteToMessageDecoder.java:302)\n\tat io.netty.channel.CombinedChannelDuplexHandler.channelRead(CombinedChannelDuplexHandler.java:253)\n\tat io.netty.channel.AbstractChannelHandlerContext.invokeChannelRead(AbstractChannelHandlerContext.java:374)\n\tat io.netty.channel.AbstractChannelHandlerContext.invokeChannelRead(AbstractChannelHandlerContext.java:360)\n\tat io.netty.channel.AbstractChannelHandlerContext.fireChannelRead(AbstractChannelHandlerContext.java:352)\n\tat io.netty.handler.timeout.IdleStateHandler.channelRead(IdleStateHandler.java:287)\n\tat io.netty.channel.AbstractChannelHandlerContext.invokeChannelRead(AbstractChannelHandlerContext.java:374)\n\tat io.netty.channel.AbstractChannelHandlerContext.invokeChannelRead(AbstractChannelHandlerContext.java:360)\n\tat io.netty.channel.AbstractChannelHandlerContext.fireChannelRead(AbstractChannelHandlerContext.java:352)\n\tat io.netty.channel.DefaultChannelPipeline$HeadContext.channelRead(DefaultChannelPipeline.java:1422)\n\tat io.netty.channel.AbstractChannelHandlerContext.invokeChannelRead(AbstractChannelHandlerContext.java:374)\n\tat io.netty.channel.AbstractChannelHandlerContext.invokeChannelRead(AbstractChannelHandlerContext.java:360)\n\tat io.netty.channel.DefaultChannelPipeline.fireChannelRead(DefaultChannelPipeline.java:931)\n\tat io.netty.channel.nio.AbstractNioByteChannel$NioByteUnsafe.read(AbstractNioByteChannel.java:163)\n\tat io.netty.channel.nio.NioEventLoop.processSelectedKey(NioEventLoop.java:700)\n\tat io.netty.channel.nio.NioEventLoop.processSelectedKeysOptimized(NioEventLoop.java:635)\n\tat io.netty.channel.nio.NioEventLoop.processSelectedKeys(NioEventLoop.java:552)\n\tat io.netty.channel.nio.NioEventLoop.run(NioEventLoop.java:514)\n\tat io.netty.util.concurrent.SingleThreadEventExecutor$6.run(SingleThreadEventExecutor.java:1044)\n\tat io.netty.util.internal.ThreadExecutorMap$2.run(ThreadExecutorMap.java:74)\n\tat io.netty.util.concurrent.FastThreadLocalRunnable.run(FastThreadLocalRunnable.java:30)\n\tat java.lang.Thread.run(Thread.java:1012)\n"}}
Thu Jul 30 09:08:11 UTC 2026 | ALL | 07-30 09:08:10.802   560   664 D ActivityManager: freezing 930 com.google.android.permissioncontroller
Thu Jul 30 09:08:11 UTC 2026 | ALL | 07-30 09:08:10.803   560   833 D InetDiagMessage: Destroyed 0 sockets, proto=IPPROTO_TCP, family=AF_INET, states=14
Thu Jul 30 09:08:11 UTC 2026 | ALL | 07-30 09:08:10.803   560   833 D InetDiagMessage: Destroyed 0 sockets, proto=IPPROTO_TCP, family=AF_INET6, states=14
Thu Jul 30 09:08:11 UTC 2026 | ALL | 07-30 09:08:10.803   560   833 D InetDiagMessage: Destroyed live tcp sockets for uids={10205} in 1ms
Thu Jul 30 09:08:12 UTC 2026 | ALL | 07-30 09:08:11.187  4162  4220 I appium  : channel read: POST /session/0ec58237-84ed-40bd-bf67-28bb2b70cae2/element
Thu Jul 30 09:08:12 UTC 2026 | ALL | 07-30 09:08:11.187  4162  4220 I appium  : FindElement command
Thu Jul 30 09:08:12 UTC 2026 | ALL | 07-30 09:08:11.188  4162  4220 I appium  : method: 'xpath', selector: '//*[contains(@text, 'Welcome Back!') or contains(@content-desc, 'Welcome Back!')]'
Thu Jul 30 09:08:12 UTC 2026 | ALL | 07-30 09:08:11.188  4162  4220 I appium  : Waiting up to 10000ms for the device to idle
Thu Jul 30 09:08:12 UTC 2026 | ALL | 07-30 09:08:11.189  4162  4220 I appium  : The following attributes will be included to the page source: [text, content-desc]
Thu Jul 30 09:08:12 UTC 2026 | ALL | 07-30 09:08:11.199  4162  4220 I appium  : Took 0ms to retrieve 0 matches for '//*[contains(@text, 'Welcome Back!') or contains(@content-desc, 'Welcome Back!')]' XPath2 query
Thu Jul 30 09:08:12 UTC 2026 | ALL | 07-30 09:08:11.200  4162  4220 I appium  : AppiumResponse: {"sessionId":"0ec58237-84ed-40bd-bf67-28bb2b70cae2","value":{"error":"no such element","message":"An element could not be located on the page using the given search parameters","stacktrace":"io.appium.uiautomator2.common.exceptions.ElementNotFoundException: An element could not be located on the page using the given search parameters\n\tat io.appium.uiautomator2.utils.ElementLocationHelpers.findElement(ElementLocationHelpers.java:156)\n\tat io.appium.uiautomator2.handler.FindElement.safeHandle(FindElement.java:60)\n\tat io.appium.uiautomator2.handler.request.SafeRequestHandler.handle(SafeRequestHandler.java:59)\n\tat io.appium.uiautomator2.server.AppiumServlet.handleRequest(AppiumServlet.java:259)\n\tat io.appium.uiautomator2.server.AppiumServlet.handleHttpRequest(AppiumServlet.java:253)\n\tat io.appium.uiautomator2.http.ServerHandler.channelRead(ServerHandler.java:77)\n\tat io.netty.channel.AbstractChannelHandlerContext.invokeChannelRead(AbstractChannelHandlerContext.java:374)\n\tat io.netty.channel.AbstractChannelHandlerContext.invokeChannelRead(AbstractChannelHandlerContext.java:360)\n\tat io.netty.channel.AbstractChannelHandlerContext.fireChannelRead(AbstractChannelHandlerContext.java:352)\n\tat io.netty.handler.codec.MessageToMessageDecoder.channelRead(MessageToMessageDecoder.java:102)\n\tat io.netty.channel.AbstractChannelHandlerContext.invokeChannelRead(AbstractChannelHandlerContext.java:374)\n\tat io.netty.channel.AbstractChannelHandlerContext.invokeChannelRead(AbstractChannelHandlerContext.java:360)\n\tat io.netty.channel.AbstractChannelHandlerContext.fireChannelRead(AbstractChannelHandlerContext.java:352)\n\tat io.netty.channel.CombinedChannelDuplexHandler$DelegatingChannelHandlerContext.fireChannelRead(CombinedChannelDuplexHandler.java:438)\n\tat io.netty.handler.codec.ByteToMessageDecoder.fireChannelRead(ByteToMessageDecoder.java:328)\n\tat io.netty.handler.codec.ByteToMessageDecoder.channelRead(ByteToMessageDecoder.java:302)\n\tat io.netty.channel.CombinedChannelDuplexHandler.channelRead(CombinedChannelDuplexHandler.java:253)\n\tat io.netty.channel.AbstractChannelHandlerContext.invokeChannelRead(AbstractChannelHandlerContext.java:374)\n\tat io.netty.channel.AbstractChannelHandlerContext.invokeChannelRead(AbstractChannelHandlerContext.java:360)\n\tat io.netty.channel.AbstractChannelHandlerContext.fireChannelRead(AbstractChannelHandlerContext.java:352)\n\tat io.netty.handler.timeout.IdleStateHandler.channelRead(IdleStateHandler.java:287)\n\tat io.netty.channel.AbstractChannelHandlerContext.invokeChannelRead(AbstractChannelHandlerContext.java:374)\n\tat io.netty.channel.AbstractChannelHandlerContext.invokeChannelRead(AbstractChannelHandlerContext.java:360)\n\tat io.netty.channel.AbstractChannelHandlerContext.fireChannelRead(AbstractChannelHandlerContext.java:352)\n\tat io.netty.channel.DefaultChannelPipeline$HeadContext.channelRead(DefaultChannelPipeline.java:1422)\n\tat io.netty.channel.AbstractChannelHandlerContext.invokeChannelRead(AbstractChannelHandlerContext.java:374)\n\tat io.netty.channel.AbstractChannelHandlerContext.invokeChannelRead(AbstractChannelHandlerContext.java:360)\n\tat io.netty.channel.DefaultChannelPipeline.fireChannelRead(DefaultChannelPipeline.java:931)\n\tat io.netty.channel.nio.AbstractNioByteChannel$NioByteUnsafe.read(AbstractNioByteChannel.java:163)\n\tat io.netty.channel.nio.NioEventLoop.processSelectedKey(NioEventLoop.java:700)\n\tat io.netty.channel.nio.NioEventLoop.processSelectedKeysOptimized(NioEventLoop.java:635)\n\tat io.netty.channel.nio.NioEventLoop.processSelectedKeys(NioEventLoop.java:552)\n\tat io.netty.channel.nio.NioEventLoop.run(NioEventLoop.java:514)\n\tat io.netty.util.concurrent.SingleThreadEventExecutor$6.run(SingleThreadEventExecutor.java:1044)\n\tat io.netty.util.internal.ThreadExecutorMap$2.run(ThreadExecutorMap.java:74)\n\tat io.netty.util.concurrent.FastThreadLocalRunnable.run(FastThreadLocalRunnable.java:30)\n\tat java.lang.Thread.run(Thread.java:1012)\n"}}
Thu Jul 30 09:08:12 UTC 2026 | ALL | 07-30 09:08:11.704  4162  4220 I appium  : channel read: POST /session/0ec58237-84ed-40bd-bf67-28bb2b70cae2/element
Thu Jul 30 09:08:12 UTC 2026 | ALL | 07-30 09:08:11.704  4162  4220 I appium  : FindElement command
Thu Jul 30 09:08:12 UTC 2026 | ALL | 07-30 09:08:11.704  4162  4220 I appium  : method: 'xpath', selector: '//*[contains(@text, 'Welcome Back!') or contains(@content-desc, 'Welcome Back!')]'
Thu Jul 30 09:08:12 UTC 2026 | ALL | 07-30 09:08:11.704  4162  4220 I appium  : Waiting up to 10000ms for the device to idle
Thu Jul 30 09:08:12 UTC 2026 | ALL | 07-30 09:08:11.705  4162  4220 I appium  : The following attributes will be included to the page source: [text, content-desc]
Thu Jul 30 09:08:12 UTC 2026 | ALL | 07-30 09:08:11.709  4162  4170 I tomator2.server: Method exceeds compiler instruction limit: 19264 in java_cup.runtime.Symbol org.eclipse.wst.xml.xpath2.processor.internal.CUP$XPathCup$actions.CUP$XPathCup$do_action(int, java_cup.runtime.lr_parser, java.util.Stack, int)
Thu Jul 30 09:08:12 UTC 2026 | ALL | 07-30 09:08:11.714  4162  4220 I appium  : Took 0ms to retrieve 0 matches for '//*[contains(@text, 'Welcome Back!') or contains(@content-desc, 'Welcome Back!')]' XPath2 query
Thu Jul 30 09:08:12 UTC 2026 | ALL | 07-30 09:08:11.715  4162  4220 I appium  : AppiumResponse: {"sessionId":"0ec58237-84ed-40bd-bf67-28bb2b70cae2","value":{"error":"no such element","message":"An element could not be located on the page using the given search parameters","stacktrace":"io.appium.uiautomator2.common.exceptions.ElementNotFoundException: An element could not be located on the page using the given search parameters\n\tat io.appium.uiautomator2.utils.ElementLocationHelpers.findElement(ElementLocationHelpers.java:156)\n\tat io.appium.uiautomator2.handler.FindElement.safeHandle(FindElement.java:60)\n\tat io.appium.uiautomator2.handler.request.SafeRequestHandler.handle(SafeRequestHandler.java:59)\n\tat io.appium.uiautomator2.server.AppiumServlet.handleRequest(AppiumServlet.java:259)\n\tat io.appium.uiautomator2.server.AppiumServlet.handleHttpRequest(AppiumServlet.java:253)\n\tat io.appium.uiautomator2.http.ServerHandler.channelRead(ServerHandler.java:77)\n\tat io.netty.channel.AbstractChannelHandlerContext.invokeChannelRead(AbstractChannelHandlerContext.java:374)\n\tat io.netty.channel.AbstractChannelHandlerContext.invokeChannelRead(AbstractChannelHandlerContext.java:360)\n\tat io.netty.channel.AbstractChannelHandlerContext.fireChannelRead(AbstractChannelHandlerContext.java:352)\n\tat io.netty.handler.codec.MessageToMessageDecoder.channelRead(MessageToMessageDecoder.java:102)\n\tat io.netty.channel.AbstractChannelHandlerContext.invokeChannelRead(AbstractChannelHandlerContext.java:374)\n\tat io.netty.channel.AbstractChannelHandlerContext.invokeChannelRead(AbstractChannelHandlerContext.java:360)\n\tat io.netty.channel.AbstractChannelHandlerContext.fireChannelRead(AbstractChannelHandlerContext.java:352)\n\tat io.netty.channel.CombinedChannelDuplexHandler$DelegatingChannelHandlerContext.fireChannelRead(CombinedChannelDuplexHandler.java:438)\n\tat io.netty.handler.codec.ByteToMessageDecoder.fireChannelRead(ByteToMessageDecoder.java:328)\n\tat io.netty.handler.codec.ByteToMessageDecoder.channelRead(ByteToMessageDecoder.java:302)\n\tat io.netty.channel.CombinedChannelDuplexHandler.channelRead(CombinedChannelDuplexHandler.java:253)\n\tat io.netty.channel.AbstractChannelHandlerContext.invokeChannelRead(AbstractChannelHandlerContext.java:374)\n\tat io.netty.channel.AbstractChannelHandlerContext.invokeChannelRead(AbstractChannelHandlerContext.java:360)\n\tat io.netty.channel.AbstractChannelHandlerContext.fireChannelRead(AbstractChannelHandlerContext.java:352)\n\tat io.netty.handler.timeout.IdleStateHandler.channelRead(IdleStateHandler.java:287)\n\tat io.netty.channel.AbstractChannelHandlerContext.invokeChannelRead(AbstractChannelHandlerContext.java:374)\n\tat io.netty.channel.AbstractChannelHandlerContext.invokeChannelRead(AbstractChannelHandlerContext.java:360)\n\tat io.netty.channel.AbstractChannelHandlerContext.fireChannelRead(AbstractChannelHandlerContext.java:352)\n\tat io.netty.channel.DefaultChannelPipeline$HeadContext.channelRead(DefaultChannelPipeline.java:1422)\n\tat io.netty.channel.AbstractChannelHandlerContext.invokeChannelRead(AbstractChannelHandlerContext.java:374)\n\tat io.netty.channel.AbstractChannelHandlerContext.invokeChannelRead(AbstractChannelHandlerContext.java:360)\n\tat io.netty.channel.DefaultChannelPipeline.fireChannelRead(DefaultChannelPipeline.java:931)\n\tat io.netty.channel.nio.AbstractNioByteChannel$NioByteUnsafe.read(AbstractNioByteChannel.java:163)\n\tat io.netty.channel.nio.NioEventLoop.processSelectedKey(NioEventLoop.java:700)\n\tat io.netty.channel.nio.NioEventLoop.processSelectedKeysOptimized(NioEventLoop.java:635)\n\tat io.netty.channel.nio.NioEventLoop.processSelectedKeys(NioEventLoop.java:552)\n\tat io.netty.channel.nio.NioEventLoop.run(NioEventLoop.java:514)\n\tat io.netty.util.concurrent.SingleThreadEventExecutor$6.run(SingleThreadEventExecutor.java:1044)\n\tat io.netty.util.internal.ThreadExecutorMap$2.run(ThreadExecutorMap.java:74)\n\tat io.netty.util.concurrent.FastThreadLocalRunnable.run(FastThreadLocalRunnable.java:30)\n\tat java.lang.Thread.run(Thread.java:1012)\n"}}
Thu Jul 30 09:08:12 UTC 2026 | ALL | 07-30 09:08:11.721   560  1619 D OomAdjuster: Not killing cached processes
Thu Jul 30 09:08:13 UTC 2026 | ALL | 07-30 09:08:12.220  4162  4220 I appium  : channel read: POST /session/0ec58237-84ed-40bd-bf67-28bb2b70cae2/element
Thu Jul 30 09:08:13 UTC 2026 | ALL | 07-30 09:08:12.220  4162  4220 I appium  : FindElement command
Thu Jul 30 09:08:13 UTC 2026 | ALL | 07-30 09:08:12.221  4162  4220 I appium  : method: 'xpath', selector: '//*[contains(@text, 'Welcome Back!') or contains(@content-desc, 'Welcome Back!')]'
Thu Jul 30 09:08:13 UTC 2026 | ALL | 07-30 09:08:12.221  4162  4220 I appium  : Waiting up to 10000ms for the device to idle
Thu Jul 30 09:08:13 UTC 2026 | ALL | 07-30 09:08:12.222  4162  4220 I appium  : The following attributes will be included to the page source: [text, content-desc]
Thu Jul 30 09:08:13 UTC 2026 | ALL | 07-30 09:08:12.232  4162  4220 I appium  : Took 0ms to retrieve 0 matches for '//*[contains(@text, 'Welcome Back!') or contains(@content-desc, 'Welcome Back!')]' XPath2 query
Thu Jul 30 09:08:13 UTC 2026 | ALL | 07-30 09:08:12.233  4162  4220 I appium  : AppiumResponse: {"sessionId":"0ec58237-84ed-40bd-bf67-28bb2b70cae2","value":{"error":"no such element","message":"An element could not be located on the page using the given search parameters","stacktrace":"io.appium.uiautomator2.common.exceptions.ElementNotFoundException: An element could not be located on the page using the given search parameters\n\tat io.appium.uiautomator2.utils.ElementLocationHelpers.findElement(ElementLocationHelpers.java:156)\n\tat io.appium.uiautomator2.handler.FindElement.safeHandle(FindElement.java:60)\n\tat io.appium.uiautomator2.handler.request.SafeRequestHandler.handle(SafeRequestHandler.java:59)\n\tat io.appium.uiautomator2.server.AppiumServlet.handleRequest(AppiumServlet.java:259)\n\tat io.appium.uiautomator2.server.AppiumServlet.handleHttpRequest(AppiumServlet.java:253)\n\tat io.appium.uiautomator2.http.ServerHandler.channelRead(ServerHandler.java:77)\n\tat io.netty.channel.AbstractChannelHandlerContext.invokeChannelRead(AbstractChannelHandlerContext.java:374)\n\tat io.netty.channel.AbstractChannelHandlerContext.invokeChannelRead(AbstractChannelHandlerContext.java:360)\n\tat io.netty.channel.AbstractChannelHandlerContext.fireChannelRead(AbstractChannelHandlerContext.java:352)\n\tat io.netty.handler.codec.MessageToMessageDecoder.channelRead(MessageToMessageDecoder.java:102)\n\tat io.netty.channel.AbstractChannelHandlerContext.invokeChannelRead(AbstractChannelHandlerContext.java:374)\n\tat io.netty.channel.AbstractChannelHandlerContext.invokeChannelRead(AbstractChannelHandlerContext.java:360)\n\tat io.netty.channel.AbstractChannelHandlerContext.fireChannelRead(AbstractChannelHandlerContext.java:352)\n\tat io.netty.channel.CombinedChannelDuplexHandler$DelegatingChannelHandlerContext.fireChannelRead(CombinedChannelDuplexHandler.java:438)\n\tat io.netty.handler.codec.ByteToMessageDecoder.fireChannelRead(ByteToMessageDecoder.java:328)\n\tat io.netty.handler.codec.ByteToMessageDecoder.channelRead(ByteToMessageDecoder.java:302)\n\tat io.netty.channel.CombinedChannelDuplexHandler.channelRead(CombinedChannelDuplexHandler.java:253)\n\tat io.netty.channel.AbstractChannelHandlerContext.invokeChannelRead(AbstractChannelHandlerContext.java:374)\n\tat io.netty.channel.AbstractChannelHandlerContext.invokeChannelRead(AbstractChannelHandlerContext.java:360)\n\tat io.netty.channel.AbstractChannelHandlerContext.fireChannelRead(AbstractChannelHandlerContext.java:352)\n\tat io.netty.handler.timeout.IdleStateHandler.channelRead(IdleStateHandler.java:287)\n\tat io.netty.channel.AbstractChannelHandlerContext.invokeChannelRead(AbstractChannelHandlerContext.java:374)\n\tat io.netty.channel.AbstractChannelHandlerContext.invokeChannelRead(AbstractChannelHandlerContext.java:360)\n\tat io.netty.channel.AbstractChannelHandlerContext.fireChannelRead(AbstractChannelHandlerContext.java:352)\n\tat io.netty.channel.DefaultChannelPipeline$HeadContext.channelRead(DefaultChannelPipeline.java:1422)\n\tat io.netty.channel.AbstractChannelHandlerContext.invokeChannelRead(AbstractChannelHandlerContext.java:374)\n\tat io.netty.channel.AbstractChannelHandlerContext.invokeChannelRead(AbstractChannelHandlerContext.java:360)\n\tat io.netty.channel.DefaultChannelPipeline.fireChannelRead(DefaultChannelPipeline.java:931)\n\tat io.netty.channel.nio.AbstractNioByteChannel$NioByteUnsafe.read(AbstractNioByteChannel.java:163)\n\tat io.netty.channel.nio.NioEventLoop.processSelectedKey(NioEventLoop.java:700)\n\tat io.netty.channel.nio.NioEventLoop.processSelectedKeysOptimized(NioEventLoop.java:635)\n\tat io.netty.channel.nio.NioEventLoop.processSelectedKeys(NioEventLoop.java:552)\n\tat io.netty.channel.nio.NioEventLoop.run(NioEventLoop.java:514)\n\tat io.netty.util.concurrent.SingleThreadEventExecutor$6.run(SingleThreadEventExecutor.java:1044)\n\tat io.netty.util.internal.ThreadExecutorMap$2.run(ThreadExecutorMap.java:74)\n\tat io.netty.util.concurrent.FastThreadLocalRunnable.run(FastThreadLocalRunnable.java:30)\n\tat java.lang.Thread.run(Thread.java:1012)\n"}}
Thu Jul 30 09:08:13 UTC 2026 | ALL | 07-30 09:08:12.738  4162  4220 I appium  : channel read: POST /session/0ec58237-84ed-40bd-bf67-28bb2b70cae2/element
Thu Jul 30 09:08:13 UTC 2026 | ALL | 07-30 09:08:12.738  4162  4220 I appium  : FindElement command
Thu Jul 30 09:08:13 UTC 2026 | ALL | 07-30 09:08:12.739  4162  4220 I appium  : method: 'xpath', selector: '//*[contains(@text, 'Welcome Back!') or contains(@content-desc, 'Welcome Back!')]'
Thu Jul 30 09:08:13 UTC 2026 | ALL | 07-30 09:08:12.739  4162  4220 I appium  : Waiting up to 10000ms for the device to idle
Thu Jul 30 09:08:13 UTC 2026 | ALL | 07-30 09:08:12.740  4162  4220 I appium  : The following attributes will be included to the page source: [text, content-desc]
Thu Jul 30 09:08:13 UTC 2026 | ALL | 07-30 09:08:12.743  4162  4170 I tomator2.server: Method exceeds compiler instruction limit: 19264 in java_cup.runtime.Symbol org.eclipse.wst.xml.xpath2.processor.internal.CUP$XPathCup$actions.CUP$XPathCup$do_action(int, java_cup.runtime.lr_parser, java.util.Stack, int)
Thu Jul 30 09:08:13 UTC 2026 | ALL | 07-30 09:08:12.751  4162  4220 I appium  : Took 0ms to retrieve 0 matches for '//*[contains(@text, 'Welcome Back!') or contains(@content-desc, 'Welcome Back!')]' XPath2 query
Thu Jul 30 09:08:13 UTC 2026 | ALL | 07-30 09:08:12.752  4162  4220 I appium  : AppiumResponse: {"sessionId":"0ec58237-84ed-40bd-bf67-28bb2b70cae2","value":{"error":"no such element","message":"An element could not be located on the page using the given search parameters","stacktrace":"io.appium.uiautomator2.common.exceptions.ElementNotFoundException: An element could not be located on the page using the given search parameters\n\tat io.appium.uiautomator2.utils.ElementLocationHelpers.findElement(ElementLocationHelpers.java:156)\n\tat io.appium.uiautomator2.handler.FindElement.safeHandle(FindElement.java:60)\n\tat io.appium.uiautomator2.handler.request.SafeRequestHandler.handle(SafeRequestHandler.java:59)\n\tat io.appium.uiautomator2.server.AppiumServlet.handleRequest(AppiumServlet.java:259)\n\tat io.appium.uiautomator2.server.AppiumServlet.handleHttpRequest(AppiumServlet.java:253)\n\tat io.appium.uiautomator2.http.ServerHandler.channelRead(ServerHandler.java:77)\n\tat io.netty.channel.AbstractChannelHandlerContext.invokeChannelRead(AbstractChannelHandlerContext.java:374)\n\tat io.netty.channel.AbstractChannelHandlerContext.invokeChannelRead(AbstractChannelHandlerContext.java:360)\n\tat io.netty.channel.AbstractChannelHandlerContext.fireChannelRead(AbstractChannelHandlerContext.java:352)\n\tat io.netty.handler.codec.MessageToMessageDecoder.channelRead(MessageToMessageDecoder.java:102)\n\tat io.netty.channel.AbstractChannelHandlerContext.invokeChannelRead(AbstractChannelHandlerContext.java:374)\n\tat io.netty.channel.AbstractChannelHandlerContext.invokeChannelRead(AbstractChannelHandlerContext.java:360)\n\tat io.netty.channel.AbstractChannelHandlerContext.fireChannelRead(AbstractChannelHandlerContext.java:352)\n\tat io.netty.channel.CombinedChannelDuplexHandler$DelegatingChannelHandlerContext.fireChannelRead(CombinedChannelDuplexHandler.java:438)\n\tat io.netty.handler.codec.ByteToMessageDecoder.fireChannelRead(ByteToMessageDecoder.java:328)\n\tat io.netty.handler.codec.ByteToMessageDecoder.channelRead(ByteToMessageDecoder.java:302)\n\tat io.netty.channel.CombinedChannelDuplexHandler.channelRead(CombinedChannelDuplexHandler.java:253)\n\tat io.netty.channel.AbstractChannelHandlerContext.invokeChannelRead(AbstractChannelHandlerContext.java:374)\n\tat io.netty.channel.AbstractChannelHandlerContext.invokeChannelRead(AbstractChannelHandlerContext.java:360)\n\tat io.netty.channel.AbstractChannelHandlerContext.fireChannelRead(AbstractChannelHandlerContext.java:352)\n\tat io.netty.handler.timeout.IdleStateHandler.channelRead(IdleStateHandler.java:287)\n\tat io.netty.channel.AbstractChannelHandlerContext.invokeChannelRead(AbstractChannelHandlerContext.java:374)\n\tat io.netty.channel.AbstractChannelHandlerContext.invokeChannelRead(AbstractChannelHandlerContext.java:360)\n\tat io.netty.channel.AbstractChannelHandlerContext.fireChannelRead(AbstractChannelHandlerContext.java:352)\n\tat io.netty.channel.DefaultChannelPipeline$HeadContext.channelRead(DefaultChannelPipeline.java:1422)\n\tat io.netty.channel.AbstractChannelHandlerContext.invokeChannelRead(AbstractChannelHandlerContext.java:374)\n\tat io.netty.channel.AbstractChannelHandlerContext.invokeChannelRead(AbstractChannelHandlerContext.java:360)\n\tat io.netty.channel.DefaultChannelPipeline.fireChannelRead(DefaultChannelPipeline.java:931)\n\tat io.netty.channel.nio.AbstractNioByteChannel$NioByteUnsafe.read(AbstractNioByteChannel.java:163)\n\tat io.netty.channel.nio.NioEventLoop.processSelectedKey(NioEventLoop.java:700)\n\tat io.netty.channel.nio.NioEventLoop.processSelectedKeysOptimized(NioEventLoop.java:635)\n\tat io.netty.channel.nio.NioEventLoop.processSelectedKeys(NioEventLoop.java:552)\n\tat io.netty.channel.nio.NioEventLoop.run(NioEventLoop.java:514)\n\tat io.netty.util.concurrent.SingleThreadEventExecutor$6.run(SingleThreadEventExecutor.java:1044)\n\tat io.netty.util.internal.ThreadExecutorMap$2.run(ThreadExecutorMap.java:74)\n\tat io.netty.util.concurrent.FastThreadLocalRunnable.run(FastThreadLocalRunnable.java:30)\n\tat java.lang.Thread.run(Thread.java:1012)\n"}}
Thu Jul 30 09:08:13 UTC 2026 | ALL | 07-30 09:08:12.835  4162  4220 I appium  : channel read: POST /session/0ec58237-84ed-40bd-bf67-28bb2b70cae2/element
Thu Jul 30 09:08:13 UTC 2026 | ALL | 07-30 09:08:12.835  4162  4220 I appium  : FindElement command
Thu Jul 30 09:08:13 UTC 2026 | ALL | 07-30 09:08:12.836  4162  4220 I appium  : method: 'xpath', selector: '//*[contains(@text, 'Welcome Back!') or contains(@content-desc, 'Welcome Back!')]'
Thu Jul 30 09:08:13 UTC 2026 | ALL | 07-30 09:08:12.836  4162  4220 I appium  : Waiting up to 10000ms for the device to idle
Thu Jul 30 09:08:13 UTC 2026 | ALL | 07-30 09:08:12.837  4162  4220 I appium  : The following attributes will be included to the page source: [text, content-desc]
Thu Jul 30 09:08:13 UTC 2026 | ALL | 07-30 09:08:12.847  4162  4220 I appium  : Took 0ms to retrieve 0 matches for '//*[contains(@text, 'Welcome Back!') or contains(@content-desc, 'Welcome Back!')]' XPath2 query
Thu Jul 30 09:08:13 UTC 2026 | ALL | 07-30 09:08:12.848  4162  4220 I appium  : AppiumResponse: {"sessionId":"0ec58237-84ed-40bd-bf67-28bb2b70cae2","value":{"error":"no such element","message":"An element could not be located on the page using the given search parameters","stacktrace":"io.appium.uiautomator2.common.exceptions.ElementNotFoundException: An element could not be located on the page using the given search parameters\n\tat io.appium.uiautomator2.utils.ElementLocationHelpers.findElement(ElementLocationHelpers.java:156)\n\tat io.appium.uiautomator2.handler.FindElement.safeHandle(FindElement.java:60)\n\tat io.appium.uiautomator2.handler.request.SafeRequestHandler.handle(SafeRequestHandler.java:59)\n\tat io.appium.uiautomator2.server.AppiumServlet.handleRequest(AppiumServlet.java:259)\n\tat io.appium.uiautomator2.server.AppiumServlet.handleHttpRequest(AppiumServlet.java:253)\n\tat io.appium.uiautomator2.http.ServerHandler.channelRead(ServerHandler.java:77)\n\tat io.netty.channel.AbstractChannelHandlerContext.invokeChannelRead(AbstractChannelHandlerContext.java:374)\n\tat io.netty.channel.AbstractChannelHandlerContext.invokeChannelRead(AbstractChannelHandlerContext.java:360)\n\tat io.netty.channel.AbstractChannelHandlerContext.fireChannelRead(AbstractChannelHandlerContext.java:352)\n\tat io.netty.handler.codec.MessageToMessageDecoder.channelRead(MessageToMessageDecoder.java:102)\n\tat io.netty.channel.AbstractChannelHandlerContext.invokeChannelRead(AbstractChannelHandlerContext.java:374)\n\tat io.netty.channel.AbstractChannelHandlerContext.invokeChannelRead(AbstractChannelHandlerContext.java:360)\n\tat io.netty.channel.AbstractChannelHandlerContext.fireChannelRead(AbstractChannelHandlerContext.java:352)\n\tat io.netty.channel.CombinedChannelDuplexHandler$DelegatingChannelHandlerContext.fireChannelRead(CombinedChannelDuplexHandler.java:438)\n\tat io.netty.handler.codec.ByteToMessageDecoder.fireChannelRead(ByteToMessageDecoder.java:328)\n\tat io.netty.handler.codec.ByteToMessageDecoder.channelRead(ByteToMessageDecoder.java:302)\n\tat io.netty.channel.CombinedChannelDuplexHandler.channelRead(CombinedChannelDuplexHandler.java:253)\n\tat io.netty.channel.AbstractChannelHandlerContext.invokeChannelRead(AbstractChannelHandlerContext.java:374)\n\tat io.netty.channel.AbstractChannelHandlerContext.invokeChannelRead(AbstractChannelHandlerContext.java:360)\n\tat io.netty.channel.AbstractChannelHandlerContext.fireChannelRead(AbstractChannelHandlerContext.java:352)\n\tat io.netty.handler.timeout.IdleStateHandler.channelRead(IdleStateHandler.java:287)\n\tat io.netty.channel.AbstractChannelHandlerContext.invokeChannelRead(AbstractChannelHandlerContext.java:374)\n\tat io.netty.channel.AbstractChannelHandlerContext.invokeChannelRead(AbstractChannelHandlerContext.java:360)\n\tat io.netty.channel.AbstractChannelHandlerContext.fireChannelRead(AbstractChannelHandlerContext.java:352)\n\tat io.netty.channel.DefaultChannelPipeline$HeadContext.channelRead(DefaultChannelPipeline.java:1422)\n\tat io.netty.channel.AbstractChannelHandlerContext.invokeChannelRead(AbstractChannelHandlerContext.java:374)\n\tat io.netty.channel.AbstractChannelHandlerContext.invokeChannelRead(AbstractChannelHandlerContext.java:360)\n\tat io.netty.channel.DefaultChannelPipeline.fireChannelRead(DefaultChannelPipeline.java:931)\n\tat io.netty.channel.nio.AbstractNioByteChannel$NioByteUnsafe.read(AbstractNioByteChannel.java:163)\n\tat io.netty.channel.nio.NioEventLoop.processSelectedKey(NioEventLoop.java:700)\n\tat io.netty.channel.nio.NioEventLoop.processSelectedKeysOptimized(NioEventLoop.java:635)\n\tat io.netty.channel.nio.NioEventLoop.processSelectedKeys(NioEventLoop.java:552)\n\tat io.netty.channel.nio.NioEventLoop.run(NioEventLoop.java:514)\n\tat io.netty.util.concurrent.SingleThreadEventExecutor$6.run(SingleThreadEventExecutor.java:1044)\n\tat io.netty.util.internal.ThreadExecutorMap$2.run(ThreadExecutorMap.java:74)\n\tat io.netty.util.concurrent.FastThreadLocalRunnable.run(FastThreadLocalRunnable.java:30)\n\tat java.lang.Thread.run(Thread.java:1012)\n"}}
Thu Jul 30 09:08:13 UTC 2026 | ALL | 07-30 09:08:12.855  4162  4220 I appium  : channel read: POST /session/0ec58237-84ed-40bd-bf67-28bb2b70cae2/element
Thu Jul 30 09:08:13 UTC 2026 | ALL | 07-30 09:08:12.856  4162  4220 I appium  : FindElement command
Thu Jul 30 09:08:13 UTC 2026 | ALL | 07-30 09:08:12.856  4162  4220 I appium  : method: 'xpath', selector: '//*[contains(@text, 'Sign In') or contains(@content-desc, 'Sign In')]'
Thu Jul 30 09:08:13 UTC 2026 | ALL | 07-30 09:08:12.856  4162  4220 I appium  : Waiting up to 10000ms for the device to idle
Thu Jul 30 09:08:13 UTC 2026 | ALL | 07-30 09:08:12.857  4162  4220 I appium  : The following attributes will be included to the page source: [text, content-desc]
Thu Jul 30 09:08:13 UTC 2026 | ALL | 07-30 09:08:12.865  4162  4220 I appium  : Took 0ms to retrieve 0 matches for '//*[contains(@text, 'Sign In') or contains(@content-desc, 'Sign In')]' XPath2 query
Thu Jul 30 09:08:13 UTC 2026 | ALL | 07-30 09:08:12.866  4162  4220 I appium  : AppiumResponse: {"sessionId":"0ec58237-84ed-40bd-bf67-28bb2b70cae2","value":{"error":"no such element","message":"An element could not be located on the page using the given search parameters","stacktrace":"io.appium.uiautomator2.common.exceptions.ElementNotFoundException: An element could not be located on the page using the given search parameters\n\tat io.appium.uiautomator2.utils.ElementLocationHelpers.findElement(ElementLocationHelpers.java:156)\n\tat io.appium.uiautomator2.handler.FindElement.safeHandle(FindElement.java:60)\n\tat io.appium.uiautomator2.handler.request.SafeRequestHandler.handle(SafeRequestHandler.java:59)\n\tat io.appium.uiautomator2.server.AppiumServlet.handleRequest(AppiumServlet.java:259)\n\tat io.appium.uiautomator2.server.AppiumServlet.handleHttpRequest(AppiumServlet.java:253)\n\tat io.appium.uiautomator2.http.ServerHandler.channelRead(ServerHandler.java:77)\n\tat io.netty.channel.AbstractChannelHandlerContext.invokeChannelRead(AbstractChannelHandlerContext.java:374)\n\tat io.netty.channel.AbstractChannelHandlerContext.invokeChannelRead(AbstractChannelHandlerContext.java:360)\n\tat io.netty.channel.AbstractChannelHandlerContext.fireChannelRead(AbstractChannelHandlerContext.java:352)\n\tat io.netty.handler.codec.MessageToMessageDecoder.channelRead(MessageToMessageDecoder.java:102)\n\tat io.netty.channel.AbstractChannelHandlerContext.invokeChannelRead(AbstractChannelHandlerContext.java:374)\n\tat io.netty.channel.AbstractChannelHandlerContext.invokeChannelRead(AbstractChannelHandlerContext.java:360)\n\tat io.netty.channel.AbstractChannelHandlerContext.fireChannelRead(AbstractChannelHandlerContext.java:352)\n\tat io.netty.channel.CombinedChannelDuplexHandler$DelegatingChannelHandlerContext.fireChannelRead(CombinedChannelDuplexHandler.java:438)\n\tat io.netty.handler.codec.ByteToMessageDecoder.fireChannelRead(ByteToMessageDecoder.java:328)\n\tat io.netty.handler.codec.ByteToMessageDecoder.channelRead(ByteToMessageDecoder.java:302)\n\tat io.netty.channel.CombinedChannelDuplexHandler.channelRead(CombinedChannelDuplexHandler.java:253)\n\tat io.netty.channel.AbstractChannelHandlerContext.invokeChannelRead(AbstractChannelHandlerContext.java:374)\n\tat io.netty.channel.AbstractChannelHandlerContext.invokeChannelRead(AbstractChannelHandlerContext.java:360)\n\tat io.netty.channel.AbstractChannelHandlerContext.fireChannelRead(AbstractChannelHandlerContext.java:352)\n\tat io.netty.handler.timeout.IdleStateHandler.channelRead(IdleStateHandler.java:287)\n\tat io.netty.channel.AbstractChannelHandlerContext.invokeChannelRead(AbstractChannelHandlerContext.java:374)\n\tat io.netty.channel.AbstractChannelHandlerContext.invokeChannelRead(AbstractChannelHandlerContext.java:360)\n\tat io.netty.channel.AbstractChannelHandlerContext.fireChannelRead(AbstractChannelHandlerContext.java:352)\n\tat io.netty.channel.DefaultChannelPipeline$HeadContext.channelRead(DefaultChannelPipeline.java:1422)\n\tat io.netty.channel.AbstractChannelHandlerContext.invokeChannelRead(AbstractChannelHandlerContext.java:374)\n\tat io.netty.channel.AbstractChannelHandlerContext.invokeChannelRead(AbstractChannelHandlerContext.java:360)\n\tat io.netty.channel.DefaultChannelPipeline.fireChannelRead(DefaultChannelPipeline.java:931)\n\tat io.netty.channel.nio.AbstractNioByteChannel$NioByteUnsafe.read(AbstractNioByteChannel.java:163)\n\tat io.netty.channel.nio.NioEventLoop.processSelectedKey(NioEventLoop.java:700)\n\tat io.netty.channel.nio.NioEventLoop.processSelectedKeysOptimized(NioEventLoop.java:635)\n\tat io.netty.channel.nio.NioEventLoop.processSelectedKeys(NioEventLoop.java:552)\n\tat io.netty.channel.nio.NioEventLoop.run(NioEventLoop.java:514)\n\tat io.netty.util.concurrent.SingleThreadEventExecutor$6.run(SingleThreadEventExecutor.java:1044)\n\tat io.netty.util.internal.ThreadExecutorMap$2.run(ThreadExecutorMap.java:74)\n\tat io.netty.util.concurrent.FastThreadLocalRunnable.run(FastThreadLocalRunnable.java:30)\n\tat java.lang.Thread.run(Thread.java:1012)\n"}}
Thu Jul 30 09:08:14 UTC 2026 | ALL | 07-30 09:08:13.370  4162  4220 I appium  : channel read: POST /session/0ec58237-84ed-40bd-bf67-28bb2b70cae2/element
Thu Jul 30 09:08:14 UTC 2026 | ALL | 07-30 09:08:13.370  4162  4220 I appium  : FindElement command
Thu Jul 30 09:08:14 UTC 2026 | ALL | 07-30 09:08:13.371  4162  4220 I appium  : method: 'xpath', selector: '//*[contains(@text, 'Sign In') or contains(@content-desc, 'Sign In')]'
Thu Jul 30 09:08:14 UTC 2026 | ALL | 07-30 09:08:13.371  4162  4220 I appium  : Waiting up to 10000ms for the device to idle
Thu Jul 30 09:08:14 UTC 2026 | ALL | 07-30 09:08:13.372  4162  4220 I appium  : The following attributes will be included to the page source: [text, content-desc]
Thu Jul 30 09:08:14 UTC 2026 | ALL | 07-30 09:08:13.375  4162  4170 I tomator2.server: Method exceeds compiler instruction limit: 19264 in java_cup.runtime.Symbol org.eclipse.wst.xml.xpath2.processor.internal.CUP$XPathCup$actions.CUP$XPathCup$do_action(int, java_cup.runtime.lr_parser, java.util.Stack, int)
Thu Jul 30 09:08:14 UTC 2026 | ALL | 07-30 09:08:13.380  4162  4220 I appium  : Took 0ms to retrieve 0 matches for '//*[contains(@text, 'Sign In') or contains(@content-desc, 'Sign In')]' XPath2 query
Thu Jul 30 09:08:14 UTC 2026 | ALL | 07-30 09:08:13.381  4162  4220 I appium  : AppiumResponse: {"sessionId":"0ec58237-84ed-40bd-bf67-28bb2b70cae2","value":{"error":"no such element","message":"An element could not be located on the page using the given search parameters","stacktrace":"io.appium.uiautomator2.common.exceptions.ElementNotFoundException: An element could not be located on the page using the given search parameters\n\tat io.appium.uiautomator2.utils.ElementLocationHelpers.findElement(ElementLocationHelpers.java:156)\n\tat io.appium.uiautomator2.handler.FindElement.safeHandle(FindElement.java:60)\n\tat io.appium.uiautomator2.handler.request.SafeRequestHandler.handle(SafeRequestHandler.java:59)\n\tat io.appium.uiautomator2.server.AppiumServlet.handleRequest(AppiumServlet.java:259)\n\tat io.appium.uiautomator2.server.AppiumServlet.handleHttpRequest(AppiumServlet.java:253)\n\tat io.appium.uiautomator2.http.ServerHandler.channelRead(ServerHandler.java:77)\n\tat io.netty.channel.AbstractChannelHandlerContext.invokeChannelRead(AbstractChannelHandlerContext.java:374)\n\tat io.netty.channel.AbstractChannelHandlerContext.invokeChannelRead(AbstractChannelHandlerContext.java:360)\n\tat io.netty.channel.AbstractChannelHandlerContext.fireChannelRead(AbstractChannelHandlerContext.java:352)\n\tat io.netty.handler.codec.MessageToMessageDecoder.channelRead(MessageToMessageDecoder.java:102)\n\tat io.netty.channel.AbstractChannelHandlerContext.invokeChannelRead(AbstractChannelHandlerContext.java:374)\n\tat io.netty.channel.AbstractChannelHandlerContext.invokeChannelRead(AbstractChannelHandlerContext.java:360)\n\tat io.netty.channel.AbstractChannelHandlerContext.fireChannelRead(AbstractChannelHandlerContext.java:352)\n\tat io.netty.channel.CombinedChannelDuplexHandler$DelegatingChannelHandlerContext.fireChannelRead(CombinedChannelDuplexHandler.java:438)\n\tat io.netty.handler.codec.ByteToMessageDecoder.fireChannelRead(ByteToMessageDecoder.java:328)\n\tat io.netty.handler.codec.ByteToMessageDecoder.channelRead(ByteToMessageDecoder.java:302)\n\tat io.netty.channel.CombinedChannelDuplexHandler.channelRead(CombinedChannelDuplexHandler.java:253)\n\tat io.netty.channel.AbstractChannelHandlerContext.invokeChannelRead(AbstractChannelHandlerContext.java:374)\n\tat io.netty.channel.AbstractChannelHandlerContext.invokeChannelRead(AbstractChannelHandlerContext.java:360)\n\tat io.netty.channel.AbstractChannelHandlerContext.fireChannelRead(AbstractChannelHandlerContext.java:352)\n\tat io.netty.handler.timeout.IdleStateHandler.channelRead(IdleStateHandler.java:287)\n\tat io.netty.channel.AbstractChannelHandlerContext.invokeChannelRead(AbstractChannelHandlerContext.java:374)\n\tat io.netty.channel.AbstractChannelHandlerContext.invokeChannelRead(AbstractChannelHandlerContext.java:360)\n\tat io.netty.channel.AbstractChannelHandlerContext.fireChannelRead(AbstractChannelHandlerContext.java:352)\n\tat io.netty.channel.DefaultChannelPipeline$HeadContext.channelRead(DefaultChannelPipeline.java:1422)\n\tat io.netty.channel.AbstractChannelHandlerContext.invokeChannelRead(AbstractChannelHandlerContext.java:374)\n\tat io.netty.channel.AbstractChannelHandlerContext.invokeChannelRead(AbstractChannelHandlerContext.java:360)\n\tat io.netty.channel.DefaultChannelPipeline.fireChannelRead(DefaultChannelPipeline.java:931)\n\tat io.netty.channel.nio.AbstractNioByteChannel$NioByteUnsafe.read(AbstractNioByteChannel.java:163)\n\tat io.netty.channel.nio.NioEventLoop.processSelectedKey(NioEventLoop.java:700)\n\tat io.netty.channel.nio.NioEventLoop.processSelectedKeysOptimized(NioEventLoop.java:635)\n\tat io.netty.channel.nio.NioEventLoop.processSelectedKeys(NioEventLoop.java:552)\n\tat io.netty.channel.nio.NioEventLoop.run(NioEventLoop.java:514)\n\tat io.netty.util.concurrent.SingleThreadEventExecutor$6.run(SingleThreadEventExecutor.java:1044)\n\tat io.netty.util.internal.ThreadExecutorMap$2.run(ThreadExecutorMap.java:74)\n\tat io.netty.util.concurrent.FastThreadLocalRunnable.run(FastThreadLocalRunnable.java:30)\n\tat java.lang.Thread.run(Thread.java:1012)\n"}}
Thu Jul 30 09:08:14 UTC 2026 | ALL | 07-30 09:08:13.886  4162  4220 I appium  : channel read: POST /session/0ec58237-84ed-40bd-bf67-28bb2b70cae2/element
Thu Jul 30 09:08:14 UTC 2026 | ALL | 07-30 09:08:13.886  4162  4220 I appium  : FindElement command
Thu Jul 30 09:08:14 UTC 2026 | ALL | 07-30 09:08:13.887  4162  4220 I appium  : method: 'xpath', selector: '//*[contains(@text, 'Sign In') or contains(@content-desc, 'Sign In')]'
Thu Jul 30 09:08:14 UTC 2026 | ALL | 07-30 09:08:13.887  4162  4220 I appium  : Waiting up to 10000ms for the device to idle
Thu Jul 30 09:08:14 UTC 2026 | ALL | 07-30 09:08:13.888  4162  4220 I appium  : The following attributes will be included to the page source: [text, content-desc]
Thu Jul 30 09:08:14 UTC 2026 | ALL | 07-30 09:08:13.898  4162  4220 I appium  : Took 0ms to retrieve 0 matches for '//*[contains(@text, 'Sign In') or contains(@content-desc, 'Sign In')]' XPath2 query
Thu Jul 30 09:08:14 UTC 2026 | ALL | 07-30 09:08:13.899  4162  4220 I appium  : AppiumResponse: {"sessionId":"0ec58237-84ed-40bd-bf67-28bb2b70cae2","value":{"error":"no such element","message":"An element could not be located on the page using the given search parameters","stacktrace":"io.appium.uiautomator2.common.exceptions.ElementNotFoundException: An element could not be located on the page using the given search parameters\n\tat io.appium.uiautomator2.utils.ElementLocationHelpers.findElement(ElementLocationHelpers.java:156)\n\tat io.appium.uiautomator2.handler.FindElement.safeHandle(FindElement.java:60)\n\tat io.appium.uiautomator2.handler.request.SafeRequestHandler.handle(SafeRequestHandler.java:59)\n\tat io.appium.uiautomator2.server.AppiumServlet.handleRequest(AppiumServlet.java:259)\n\tat io.appium.uiautomator2.server.AppiumServlet.handleHttpRequest(AppiumServlet.java:253)\n\tat io.appium.uiautomator2.http.ServerHandler.channelRead(ServerHandler.java:77)\n\tat io.netty.channel.AbstractChannelHandlerContext.invokeChannelRead(AbstractChannelHandlerContext.java:374)\n\tat io.netty.channel.AbstractChannelHandlerContext.invokeChannelRead(AbstractChannelHandlerContext.java:360)\n\tat io.netty.channel.AbstractChannelHandlerContext.fireChannelRead(AbstractChannelHandlerContext.java:352)\n\tat io.netty.handler.codec.MessageToMessageDecoder.channelRead(MessageToMessageDecoder.java:102)\n\tat io.netty.channel.AbstractChannelHandlerContext.invokeChannelRead(AbstractChannelHandlerContext.java:374)\n\tat io.netty.channel.AbstractChannelHandlerContext.invokeChannelRead(AbstractChannelHandlerContext.java:360)\n\tat io.netty.channel.AbstractChannelHandlerContext.fireChannelRead(AbstractChannelHandlerContext.java:352)\n\tat io.netty.channel.CombinedChannelDuplexHandler$DelegatingChannelHandlerContext.fireChannelRead(CombinedChannelDuplexHandler.java:438)\n\tat io.netty.handler.codec.ByteToMessageDecoder.fireChannelRead(ByteToMessageDecoder.java:328)\n\tat io.netty.handler.codec.ByteToMessageDecoder.channelRead(ByteToMessageDecoder.java:302)\n\tat io.netty.channel.CombinedChannelDuplexHandler.channelRead(CombinedChannelDuplexHandler.java:253)\n\tat io.netty.channel.AbstractChannelHandlerContext.invokeChannelRead(AbstractChannelHandlerContext.java:374)\n\tat io.netty.channel.AbstractChannelHandlerContext.invokeChannelRead(AbstractChannelHandlerContext.java:360)\n\tat io.netty.channel.AbstractChannelHandlerContext.fireChannelRead(AbstractChannelHandlerContext.java:352)\n\tat io.netty.handler.timeout.IdleStateHandler.channelRead(IdleStateHandler.java:287)\n\tat io.netty.channel.AbstractChannelHandlerContext.invokeChannelRead(AbstractChannelHandlerContext.java:374)\n\tat io.netty.channel.AbstractChannelHandlerContext.invokeChannelRead(AbstractChannelHandlerContext.java:360)\n\tat io.netty.channel.AbstractChannelHandlerContext.fireChannelRead(AbstractChannelHandlerContext.java:352)\n\tat io.netty.channel.DefaultChannelPipeline$HeadContext.channelRead(DefaultChannelPipeline.java:1422)\n\tat io.netty.channel.AbstractChannelHandlerContext.invokeChannelRead(AbstractChannelHandlerContext.java:374)\n\tat io.netty.channel.AbstractChannelHandlerContext.invokeChannelRead(AbstractChannelHandlerContext.java:360)\n\tat io.netty.channel.DefaultChannelPipeline.fireChannelRead(DefaultChannelPipeline.java:931)\n\tat io.netty.channel.nio.AbstractNioByteChannel$NioByteUnsafe.read(AbstractNioByteChannel.java:163)\n\tat io.netty.channel.nio.NioEventLoop.processSelectedKey(NioEventLoop.java:700)\n\tat io.netty.channel.nio.NioEventLoop.processSelectedKeysOptimized(NioEventLoop.java:635)\n\tat io.netty.channel.nio.NioEventLoop.processSelectedKeys(NioEventLoop.java:552)\n\tat io.netty.channel.nio.NioEventLoop.run(NioEventLoop.java:514)\n\tat io.netty.util.concurrent.SingleThreadEventExecutor$6.run(SingleThreadEventExecutor.java:1044)\n\tat io.netty.util.internal.ThreadExecutorMap$2.run(ThreadExecutorMap.java:74)\n\tat io.netty.util.concurrent.FastThreadLocalRunnable.run(FastThreadLocalRunnable.java:30)\n\tat java.lang.Thread.run(Thread.java:1012)\n"}}
Thu Jul 30 09:08:15 UTC 2026 | ALL | 07-30 09:08:14.403  4162  4220 I appium  : channel read: POST /session/0ec58237-84ed-40bd-bf67-28bb2b70cae2/element
Thu Jul 30 09:08:15 UTC 2026 | ALL | 07-30 09:08:14.403  4162  4220 I appium  : FindElement command
Thu Jul 30 09:08:15 UTC 2026 | ALL | 07-30 09:08:14.404  4162  4220 I appium  : method: 'xpath', selector: '//*[contains(@text, 'Sign In') or contains(@content-desc, 'Sign In')]'
Thu Jul 30 09:08:15 UTC 2026 | ALL | 07-30 09:08:14.404  4162  4220 I appium  : Waiting up to 10000ms for the device to idle
Thu Jul 30 09:08:15 UTC 2026 | ALL | 07-30 09:08:14.405  4162  4220 I appium  : The following attributes will be included to the page source: [text, content-desc]
Thu Jul 30 09:08:15 UTC 2026 | ALL | 07-30 09:08:14.413  4162  4220 I appium  : Took 0ms to retrieve 0 matches for '//*[contains(@text, 'Sign In') or contains(@content-desc, 'Sign In')]' XPath2 query
Thu Jul 30 09:08:15 UTC 2026 | ALL | 07-30 09:08:14.413  4162  4220 I appium  : AppiumResponse: {"sessionId":"0ec58237-84ed-40bd-bf67-28bb2b70cae2","value":{"error":"no such element","message":"An element could not be located on the page using the given search parameters","stacktrace":"io.appium.uiautomator2.common.exceptions.ElementNotFoundException: An element could not be located on the page using the given search parameters\n\tat io.appium.uiautomator2.utils.ElementLocationHelpers.findElement(ElementLocationHelpers.java:156)\n\tat io.appium.uiautomator2.handler.FindElement.safeHandle(FindElement.java:60)\n\tat io.appium.uiautomator2.handler.request.SafeRequestHandler.handle(SafeRequestHandler.java:59)\n\tat io.appium.uiautomator2.server.AppiumServlet.handleRequest(AppiumServlet.java:259)\n\tat io.appium.uiautomator2.server.AppiumServlet.handleHttpRequest(AppiumServlet.java:253)\n\tat io.appium.uiautomator2.http.ServerHandler.channelRead(ServerHandler.java:77)\n\tat io.netty.channel.AbstractChannelHandlerContext.invokeChannelRead(AbstractChannelHandlerContext.java:374)\n\tat io.netty.channel.AbstractChannelHandlerContext.invokeChannelRead(AbstractChannelHandlerContext.java:360)\n\tat io.netty.channel.AbstractChannelHandlerContext.fireChannelRead(AbstractChannelHandlerContext.java:352)\n\tat io.netty.handler.codec.MessageToMessageDecoder.channelRead(MessageToMessageDecoder.java:102)\n\tat io.netty.channel.AbstractChannelHandlerContext.invokeChannelRead(AbstractChannelHandlerContext.java:374)\n\tat io.netty.channel.AbstractChannelHandlerContext.invokeChannelRead(AbstractChannelHandlerContext.java:360)\n\tat io.netty.channel.AbstractChannelHandlerContext.fireChannelRead(AbstractChannelHandlerContext.java:352)\n\tat io.netty.channel.CombinedChannelDuplexHandler$DelegatingChannelHandlerContext.fireChannelRead(CombinedChannelDuplexHandler.java:438)\n\tat io.netty.handler.codec.ByteToMessageDecoder.fireChannelRead(ByteToMessageDecoder.java:328)\n\tat io.netty.handler.codec.ByteToMessageDecoder.channelRead(ByteToMessageDecoder.java:302)\n\tat io.netty.channel.CombinedChannelDuplexHandler.channelRead(CombinedChannelDuplexHandler.java:253)\n\tat io.netty.channel.AbstractChannelHandlerContext.invokeChannelRead(AbstractChannelHandlerContext.java:374)\n\tat io.netty.channel.AbstractChannelHandlerContext.invokeChannelRead(AbstractChannelHandlerContext.java:360)\n\tat io.netty.channel.AbstractChannelHandlerContext.fireChannelRead(AbstractChannelHandlerContext.java:352)\n\tat io.netty.handler.timeout.IdleStateHandler.channelRead(IdleStateHandler.java:287)\n\tat io.netty.channel.AbstractChannelHandlerContext.invokeChannelRead(AbstractChannelHandlerContext.java:374)\n\tat io.netty.channel.AbstractChannelHandlerContext.invokeChannelRead(AbstractChannelHandlerContext.java:360)\n\tat io.netty.channel.AbstractChannelHandlerContext.fireChannelRead(AbstractChannelHandlerContext.java:352)\n\tat io.netty.channel.DefaultChannelPipeline$HeadContext.channelRead(DefaultChannelPipeline.java:1422)\n\tat io.netty.channel.AbstractChannelHandlerContext.invokeChannelRead(AbstractChannelHandlerContext.java:374)\n\tat io.netty.channel.AbstractChannelHandlerContext.invokeChannelRead(AbstractChannelHandlerContext.java:360)\n\tat io.netty.channel.DefaultChannelPipeline.fireChannelRead(DefaultChannelPipeline.java:931)\n\tat io.netty.channel.nio.AbstractNioByteChannel$NioByteUnsafe.read(AbstractNioByteChannel.java:163)\n\tat io.netty.channel.nio.NioEventLoop.processSelectedKey(NioEventLoop.java:700)\n\tat io.netty.channel.nio.NioEventLoop.processSelectedKeysOptimized(NioEventLoop.java:635)\n\tat io.netty.channel.nio.NioEventLoop.processSelectedKeys(NioEventLoop.java:552)\n\tat io.netty.channel.nio.NioEventLoop.run(NioEventLoop.java:514)\n\tat io.netty.util.concurrent.SingleThreadEventExecutor$6.run(SingleThreadEventExecutor.java:1044)\n\tat io.netty.util.internal.ThreadExecutorMap$2.run(ThreadExecutorMap.java:74)\n\tat io.netty.util.concurrent.FastThreadLocalRunnable.run(FastThreadLocalRunnable.java:30)\n\tat java.lang.Thread.run(Thread.java:1012)\n"}}
Thu Jul 30 09:08:15 UTC 2026 | ALL | 07-30 09:08:14.917  4162  4220 I appium  : channel read: POST /session/0ec58237-84ed-40bd-bf67-28bb2b70cae2/element
Thu Jul 30 09:08:15 UTC 2026 | ALL | 07-30 09:08:14.917  4162  4220 I appium  : FindElement command
Thu Jul 30 09:08:15 UTC 2026 | ALL | 07-30 09:08:14.918  4162  4220 I appium  : method: 'xpath', selector: '//*[contains(@text, 'Sign In') or contains(@content-desc, 'Sign In')]'
Thu Jul 30 09:08:15 UTC 2026 | ALL | 07-30 09:08:14.918  4162  4220 I appium  : Waiting up to 10000ms for the device to idle
Thu Jul 30 09:08:15 UTC 2026 | ALL | 07-30 09:08:14.919  4162  4220 I appium  : The following attributes will be included to the page source: [text, content-desc]
Thu Jul 30 09:08:15 UTC 2026 | ALL | 07-30 09:08:14.922  4162  4170 I tomator2.server: Method exceeds compiler instruction limit: 19264 in java_cup.runtime.Symbol org.eclipse.wst.xml.xpath2.processor.internal.CUP$XPathCup$actions.CUP$XPathCup$do_action(int, java_cup.runtime.lr_parser, java.util.Stack, int)
Thu Jul 30 09:08:15 UTC 2026 | ALL | 07-30 09:08:14.931  4162  4220 I appium  : Took 0ms to retrieve 0 matches for '//*[contains(@text, 'Sign In') or contains(@content-desc, 'Sign In')]' XPath2 query
Thu Jul 30 09:08:15 UTC 2026 | ALL | 07-30 09:08:14.932  4162  4220 I appium  : AppiumResponse: {"sessionId":"0ec58237-84ed-40bd-bf67-28bb2b70cae2","value":{"error":"no such element","message":"An element could not be located on the page using the given search parameters","stacktrace":"io.appium.uiautomator2.common.exceptions.ElementNotFoundException: An element could not be located on the page using the given search parameters\n\tat io.appium.uiautomator2.utils.ElementLocationHelpers.findElement(ElementLocationHelpers.java:156)\n\tat io.appium.uiautomator2.handler.FindElement.safeHandle(FindElement.java:60)\n\tat io.appium.uiautomator2.handler.request.SafeRequestHandler.handle(SafeRequestHandler.java:59)\n\tat io.appium.uiautomator2.server.AppiumServlet.handleRequest(AppiumServlet.java:259)\n\tat io.appium.uiautomator2.server.AppiumServlet.handleHttpRequest(AppiumServlet.java:253)\n\tat io.appium.uiautomator2.http.ServerHandler.channelRead(ServerHandler.java:77)\n\tat io.netty.channel.AbstractChannelHandlerContext.invokeChannelRead(AbstractChannelHandlerContext.java:374)\n\tat io.netty.channel.AbstractChannelHandlerContext.invokeChannelRead(AbstractChannelHandlerContext.java:360)\n\tat io.netty.channel.AbstractChannelHandlerContext.fireChannelRead(AbstractChannelHandlerContext.java:352)\n\tat io.netty.handler.codec.MessageToMessageDecoder.channelRead(MessageToMessageDecoder.java:102)\n\tat io.netty.channel.AbstractChannelHandlerContext.invokeChannelRead(AbstractChannelHandlerContext.java:374)\n\tat io.netty.channel.AbstractChannelHandlerContext.invokeChannelRead(AbstractChannelHandlerContext.java:360)\n\tat io.netty.channel.AbstractChannelHandlerContext.fireChannelRead(AbstractChannelHandlerContext.java:352)\n\tat io.netty.channel.CombinedChannelDuplexHandler$DelegatingChannelHandlerContext.fireChannelRead(CombinedChannelDuplexHandler.java:438)\n\tat io.netty.handler.codec.ByteToMessageDecoder.fireChannelRead(ByteToMessageDecoder.java:328)\n\tat io.netty.handler.codec.ByteToMessageDecoder.channelRead(ByteToMessageDecoder.java:302)\n\tat io.netty.channel.CombinedChannelDuplexHandler.channelRead(CombinedChannelDuplexHandler.java:253)\n\tat io.netty.channel.AbstractChannelHandlerContext.invokeChannelRead(AbstractChannelHandlerContext.java:374)\n\tat io.netty.channel.AbstractChannelHandlerContext.invokeChannelRead(AbstractChannelHandlerContext.java:360)\n\tat io.netty.channel.AbstractChannelHandlerContext.fireChannelRead(AbstractChannelHandlerContext.java:352)\n\tat io.netty.handler.timeout.IdleStateHandler.channelRead(IdleStateHandler.java:287)\n\tat io.netty.channel.AbstractChannelHandlerContext.invokeChannelRead(AbstractChannelHandlerContext.java:374)\n\tat io.netty.channel.AbstractChannelHandlerContext.invokeChannelRead(AbstractChannelHandlerContext.java:360)\n\tat io.netty.channel.AbstractChannelHandlerContext.fireChannelRead(AbstractChannelHandlerContext.java:352)\n\tat io.netty.channel.DefaultChannelPipeline$HeadContext.channelRead(DefaultChannelPipeline.java:1422)\n\tat io.netty.channel.AbstractChannelHandlerContext.invokeChannelRead(AbstractChannelHandlerContext.java:374)\n\tat io.netty.channel.AbstractChannelHandlerContext.invokeChannelRead(AbstractChannelHandlerContext.java:360)\n\tat io.netty.channel.DefaultChannelPipeline.fireChannelRead(DefaultChannelPipeline.java:931)\n\tat io.netty.channel.nio.AbstractNioByteChannel$NioByteUnsafe.read(AbstractNioByteChannel.java:163)\n\tat io.netty.channel.nio.NioEventLoop.processSelectedKey(NioEventLoop.java:700)\n\tat io.netty.channel.nio.NioEventLoop.processSelectedKeysOptimized(NioEventLoop.java:635)\n\tat io.netty.channel.nio.NioEventLoop.processSelectedKeys(NioEventLoop.java:552)\n\tat io.netty.channel.nio.NioEventLoop.run(NioEventLoop.java:514)\n\tat io.netty.util.concurrent.SingleThreadEventExecutor$6.run(SingleThreadEventExecutor.java:1044)\n\tat io.netty.util.internal.ThreadExecutorMap$2.run(ThreadExecutorMap.java:74)\n\tat io.netty.util.concurrent.FastThreadLocalRunnable.run(FastThreadLocalRunnable.java:30)\n\tat java.lang.Thread.run(Thread.java:1012)\n"}}
Thu Jul 30 09:08:16 UTC 2026 | ALL | 07-30 09:08:15.216  1817  1817 I wpa_supplicant: wlan0: CTRL-EVENT-BEACON-LOSS 
Thu Jul 30 09:08:16 UTC 2026 | ALL | 07-30 09:08:15.437  4162  4220 I appium  : channel read: POST /session/0ec58237-84ed-40bd-bf67-28bb2b70cae2/element
Thu Jul 30 09:08:16 UTC 2026 | ALL | 07-30 09:08:15.438  4162  4220 I appium  : FindElement command
Thu Jul 30 09:08:16 UTC 2026 | ALL | 07-30 09:08:15.438  4162  4220 I appium  : method: 'xpath', selector: '//*[contains(@text, 'Sign In') or contains(@content-desc, 'Sign In')]'
Thu Jul 30 09:08:16 UTC 2026 | ALL | 07-30 09:08:15.438  4162  4220 I appium  : Waiting up to 10000ms for the device to idle
Thu Jul 30 09:08:16 UTC 2026 | ALL | 07-30 09:08:15.439  4162  4220 I appium  : The following attributes will be included to the page source: [text, content-desc]
Thu Jul 30 09:08:16 UTC 2026 | ALL | 07-30 09:08:15.451  4162  4220 I appium  : Took 0ms to retrieve 0 matches for '//*[contains(@text, 'Sign In') or contains(@content-desc, 'Sign In')]' XPath2 query
Thu Jul 30 09:08:16 UTC 2026 | ALL | 07-30 09:08:15.452  4162  4220 I appium  : AppiumResponse: {"sessionId":"0ec58237-84ed-40bd-bf67-28bb2b70cae2","value":{"error":"no such element","message":"An element could not be located on the page using the given search parameters","stacktrace":"io.appium.uiautomator2.common.exceptions.ElementNotFoundException: An element could not be located on the page using the given search parameters\n\tat io.appium.uiautomator2.utils.ElementLocationHelpers.findElement(ElementLocationHelpers.java:156)\n\tat io.appium.uiautomator2.handler.FindElement.safeHandle(FindElement.java:60)\n\tat io.appium.uiautomator2.handler.request.SafeRequestHandler.handle(SafeRequestHandler.java:59)\n\tat io.appium.uiautomator2.server.AppiumServlet.handleRequest(AppiumServlet.java:259)\n\tat io.appium.uiautomator2.server.AppiumServlet.handleHttpRequest(AppiumServlet.java:253)\n\tat io.appium.uiautomator2.http.ServerHandler.channelRead(ServerHandler.java:77)\n\tat io.netty.channel.AbstractChannelHandlerContext.invokeChannelRead(AbstractChannelHandlerContext.java:374)\n\tat io.netty.channel.AbstractChannelHandlerContext.invokeChannelRead(AbstractChannelHandlerContext.java:360)\n\tat io.netty.channel.AbstractChannelHandlerContext.fireChannelRead(AbstractChannelHandlerContext.java:352)\n\tat io.netty.handler.codec.MessageToMessageDecoder.channelRead(MessageToMessageDecoder.java:102)\n\tat io.netty.channel.AbstractChannelHandlerContext.invokeChannelRead(AbstractChannelHandlerContext.java:374)\n\tat io.netty.channel.AbstractChannelHandlerContext.invokeChannelRead(AbstractChannelHandlerContext.java:360)\n\tat io.netty.channel.AbstractChannelHandlerContext.fireChannelRead(AbstractChannelHandlerContext.java:352)\n\tat io.netty.channel.CombinedChannelDuplexHandler$DelegatingChannelHandlerContext.fireChannelRead(CombinedChannelDuplexHandler.java:438)\n\tat io.netty.handler.codec.ByteToMessageDecoder.fireChannelRead(ByteToMessageDecoder.java:328)\n\tat io.netty.handler.codec.ByteToMessageDecoder.channelRead(ByteToMessageDecoder.java:302)\n\tat io.netty.channel.CombinedChannelDuplexHandler.channelRead(CombinedChannelDuplexHandler.java:253)\n\tat io.netty.channel.AbstractChannelHandlerContext.invokeChannelRead(AbstractChannelHandlerContext.java:374)\n\tat io.netty.channel.AbstractChannelHandlerContext.invokeChannelRead(AbstractChannelHandlerContext.java:360)\n\tat io.netty.channel.AbstractChannelHandlerContext.fireChannelRead(AbstractChannelHandlerContext.java:352)\n\tat io.netty.handler.timeout.IdleStateHandler.channelRead(IdleStateHandler.java:287)\n\tat io.netty.channel.AbstractChannelHandlerContext.invokeChannelRead(AbstractChannelHandlerContext.java:374)\n\tat io.netty.channel.AbstractChannelHandlerContext.invokeChannelRead(AbstractChannelHandlerContext.java:360)\n\tat io.netty.channel.AbstractChannelHandlerContext.fireChannelRead(AbstractChannelHandlerContext.java:352)\n\tat io.netty.channel.DefaultChannelPipeline$HeadContext.channelRead(DefaultChannelPipeline.java:1422)\n\tat io.netty.channel.AbstractChannelHandlerContext.invokeChannelRead(AbstractChannelHandlerContext.java:374)\n\tat io.netty.channel.AbstractChannelHandlerContext.invokeChannelRead(AbstractChannelHandlerContext.java:360)\n\tat io.netty.channel.DefaultChannelPipeline.fireChannelRead(DefaultChannelPipeline.java:931)\n\tat io.netty.channel.nio.AbstractNioByteChannel$NioByteUnsafe.read(AbstractNioByteChannel.java:163)\n\tat io.netty.channel.nio.NioEventLoop.processSelectedKey(NioEventLoop.java:700)\n\tat io.netty.channel.nio.NioEventLoop.processSelectedKeysOptimized(NioEventLoop.java:635)\n\tat io.netty.channel.nio.NioEventLoop.processSelectedKeys(NioEventLoop.java:552)\n\tat io.netty.channel.nio.NioEventLoop.run(NioEventLoop.java:514)\n\tat io.netty.util.concurrent.SingleThreadEventExecutor$6.run(SingleThreadEventExecutor.java:1044)\n\tat io.netty.util.internal.ThreadExecutorMap$2.run(ThreadExecutorMap.java:74)\n\tat io.netty.util.concurrent.FastThreadLocalRunnable.run(FastThreadLocalRunnable.java:30)\n\tat java.lang.Thread.run(Thread.java:1012)\n"}}
Thu Jul 30 09:08:16 UTC 2026 | ALL | 07-30 09:08:15.956  4162  4220 I appium  : channel read: POST /session/0ec58237-84ed-40bd-bf67-28bb2b70cae2/element
Thu Jul 30 09:08:16 UTC 2026 | ALL | 07-30 09:08:15.956  4162  4220 I appium  : FindElement command
Thu Jul 30 09:08:16 UTC 2026 | ALL | 07-30 09:08:15.957  4162  4220 I appium  : method: 'xpath', selector: '//*[contains(@text, 'Sign In') or contains(@content-desc, 'Sign In')]'
Thu Jul 30 09:08:16 UTC 2026 | ALL | 07-30 09:08:15.957  4162  4220 I appium  : Waiting up to 10000ms for the device to idle
Thu Jul 30 09:08:16 UTC 2026 | ALL | 07-30 09:08:15.958  4162  4220 I appium  : The following attributes will be included to the page source: [text, content-desc]
Thu Jul 30 09:08:16 UTC 2026 | ALL | 07-30 09:08:15.961  4162  4170 I tomator2.server: Method exceeds compiler instruction limit: 19264 in java_cup.runtime.Symbol org.eclipse.wst.xml.xpath2.processor.internal.CUP$XPathCup$actions.CUP$XPathCup$do_action(int, java_cup.runtime.lr_parser, java.util.Stack, int)
Thu Jul 30 09:08:16 UTC 2026 | ALL | 07-30 09:08:15.968  4162  4220 I appium  : Took 0ms to retrieve 0 matches for '//*[contains(@text, 'Sign In') or contains(@content-desc, 'Sign In')]' XPath2 query
Thu Jul 30 09:08:16 UTC 2026 | ALL | 07-30 09:08:15.969  4162  4220 I appium  : AppiumResponse: {"sessionId":"0ec58237-84ed-40bd-bf67-28bb2b70cae2","value":{"error":"no such element","message":"An element could not be located on the page using the given search parameters","stacktrace":"io.appium.uiautomator2.common.exceptions.ElementNotFoundException: An element could not be located on the page using the given search parameters\n\tat io.appium.uiautomator2.utils.ElementLocationHelpers.findElement(ElementLocationHelpers.java:156)\n\tat io.appium.uiautomator2.handler.FindElement.safeHandle(FindElement.java:60)\n\tat io.appium.uiautomator2.handler.request.SafeRequestHandler.handle(SafeRequestHandler.java:59)\n\tat io.appium.uiautomator2.server.AppiumServlet.handleRequest(AppiumServlet.java:259)\n\tat io.appium.uiautomator2.server.AppiumServlet.handleHttpRequest(AppiumServlet.java:253)\n\tat io.appium.uiautomator2.http.ServerHandler.channelRead(ServerHandler.java:77)\n\tat io.netty.channel.AbstractChannelHandlerContext.invokeChannelRead(AbstractChannelHandlerContext.java:374)\n\tat io.netty.channel.AbstractChannelHandlerContext.invokeChannelRead(AbstractChannelHandlerContext.java:360)\n\tat io.netty.channel.AbstractChannelHandlerContext.fireChannelRead(AbstractChannelHandlerContext.java:352)\n\tat io.netty.handler.codec.MessageToMessageDecoder.channelRead(MessageToMessageDecoder.java:102)\n\tat io.netty.channel.AbstractChannelHandlerContext.invokeChannelRead(AbstractChannelHandlerContext.java:374)\n\tat io.netty.channel.AbstractChannelHandlerContext.invokeChannelRead(AbstractChannelHandlerContext.java:360)\n\tat io.netty.channel.AbstractChannelHandlerContext.fireChannelRead(AbstractChannelHandlerContext.java:352)\n\tat io.netty.channel.CombinedChannelDuplexHandler$DelegatingChannelHandlerContext.fireChannelRead(CombinedChannelDuplexHandler.java:438)\n\tat io.netty.handler.codec.ByteToMessageDecoder.fireChannelRead(ByteToMessageDecoder.java:328)\n\tat io.netty.handler.codec.ByteToMessageDecoder.channelRead(ByteToMessageDecoder.java:302)\n\tat io.netty.channel.CombinedChannelDuplexHandler.channelRead(CombinedChannelDuplexHandler.java:253)\n\tat io.netty.channel.AbstractChannelHandlerContext.invokeChannelRead(AbstractChannelHandlerContext.java:374)\n\tat io.netty.channel.AbstractChannelHandlerContext.invokeChannelRead(AbstractChannelHandlerContext.java:360)\n\tat io.netty.channel.AbstractChannelHandlerContext.fireChannelRead(AbstractChannelHandlerContext.java:352)\n\tat io.netty.handler.timeout.IdleStateHandler.channelRead(IdleStateHandler.java:287)\n\tat io.netty.channel.AbstractChannelHandlerContext.invokeChannelRead(AbstractChannelHandlerContext.java:374)\n\tat io.netty.channel.AbstractChannelHandlerContext.invokeChannelRead(AbstractChannelHandlerContext.java:360)\n\tat io.netty.channel.AbstractChannelHandlerContext.fireChannelRead(AbstractChannelHandlerContext.java:352)\n\tat io.netty.channel.DefaultChannelPipeline$HeadContext.channelRead(DefaultChannelPipeline.java:1422)\n\tat io.netty.channel.AbstractChannelHandlerContext.invokeChannelRead(AbstractChannelHandlerContext.java:374)\n\tat io.netty.channel.AbstractChannelHandlerContext.invokeChannelRead(AbstractChannelHandlerContext.java:360)\n\tat io.netty.channel.DefaultChannelPipeline.fireChannelRead(DefaultChannelPipeline.java:931)\n\tat io.netty.channel.nio.AbstractNioByteChannel$NioByteUnsafe.read(AbstractNioByteChannel.java:163)\n\tat io.netty.channel.nio.NioEventLoop.processSelectedKey(NioEventLoop.java:700)\n\tat io.netty.channel.nio.NioEventLoop.processSelectedKeysOptimized(NioEventLoop.java:635)\n\tat io.netty.channel.nio.NioEventLoop.processSelectedKeys(NioEventLoop.java:552)\n\tat io.netty.channel.nio.NioEventLoop.run(NioEventLoop.java:514)\n\tat io.netty.util.concurrent.SingleThreadEventExecutor$6.run(SingleThreadEventExecutor.java:1044)\n\tat io.netty.util.internal.ThreadExecutorMap$2.run(ThreadExecutorMap.java:74)\n\tat io.netty.util.concurrent.FastThreadLocalRunnable.run(FastThreadLocalRunnable.java:30)\n\tat java.lang.Thread.run(Thread.java:1012)\n"}}
Thu Jul 30 09:08:17 UTC 2026 | ALL | 07-30 09:08:16.387   560   833 W IPCThreadState: Sending oneway calls to frozen process.
Thu Jul 30 09:08:17 UTC 2026 | ALL | 07-30 09:08:16.388   560   833 W IPCThreadState: Sending oneway calls to frozen process.
Thu Jul 30 09:08:17 UTC 2026 | ALL | 07-30 09:08:16.388   560   833 W IPCThreadState: Sending oneway calls to frozen process.
Thu Jul 30 09:08:17 UTC 2026 | ALL | 07-30 09:08:16.389  3433  3534 I BugleRcsEngine: handleMessage processing message:[NOTIFY_UPTIME_IGNORE_STATE_CHANGED] with [non-null]:RcsEngineImpl reference [CONTEXT log_prefix="RcsEngineImpl[DUAL_REG]:[445b9658-3dc5]>Handler" thread_id=62 ]
Thu Jul 30 09:08:17 UTC 2026 | ALL | 07-30 09:08:16.390  3433  3502 I BugleRcsEngine: Connected state: [1], networkType: [WIFI] [CONTEXT thread_id=53 ]
Thu Jul 30 09:08:17 UTC 2026 | ALL | 07-30 09:08:16.391  1226  3031 I ChimeraSrvcProxy: NullBinder for android.net.action.RECOMMEND_NETWORKS triggering remote TransactionTooLargeException due to Service without Chimera impl
Thu Jul 30 09:08:17 UTC 2026 | ALL | 07-30 09:08:16.391  1226  3031 W .gms.persistent: Large reply transaction of 1056768 bytes, interface descriptor , code 1
Thu Jul 30 09:08:17 UTC 2026 | ALL | 07-30 09:08:16.395  3433  3534 I BugleRcsEngine: No RCS Configuration was found in Bugle for simID: redacted-pii:sim_id[chars:20,last3:897] [CONTEXT log_prefix="ProvisioningEngineDataRetriever" thread_id=62 ]
Thu Jul 30 09:08:17 UTC 2026 | ALL | 07-30 09:08:16.474  4162  4220 I appium  : channel read: POST /session/0ec58237-84ed-40bd-bf67-28bb2b70cae2/element
Thu Jul 30 09:08:17 UTC 2026 | ALL | 07-30 09:08:16.474  4162  4220 I appium  : FindElement command
Thu Jul 30 09:08:17 UTC 2026 | ALL | 07-30 09:08:16.474  4162  4220 I appium  : method: 'xpath', selector: '//*[contains(@text, 'Sign In') or contains(@content-desc, 'Sign In')]'
Thu Jul 30 09:08:17 UTC 2026 | ALL | 07-30 09:08:16.475  4162  4220 I appium  : Waiting up to 10000ms for the device to idle
Thu Jul 30 09:08:17 UTC 2026 | ALL | 07-30 09:08:16.476  4162  4220 I appium  : The following attributes will be included to the page source: [text, content-desc]
Thu Jul 30 09:08:17 UTC 2026 | ALL | 07-30 09:08:16.487  4162  4220 I appium  : Took 0ms to retrieve 0 matches for '//*[contains(@text, 'Sign In') or contains(@content-desc, 'Sign In')]' XPath2 query
Thu Jul 30 09:08:17 UTC 2026 | ALL | 07-30 09:08:16.488  4162  4220 I appium  : AppiumResponse: {"sessionId":"0ec58237-84ed-40bd-bf67-28bb2b70cae2","value":{"error":"no such element","message":"An element could not be located on the page using the given search parameters","stacktrace":"io.appium.uiautomator2.common.exceptions.ElementNotFoundException: An element could not be located on the page using the given search parameters\n\tat io.appium.uiautomator2.utils.ElementLocationHelpers.findElement(ElementLocationHelpers.java:156)\n\tat io.appium.uiautomator2.handler.FindElement.safeHandle(FindElement.java:60)\n\tat io.appium.uiautomator2.handler.request.SafeRequestHandler.handle(SafeRequestHandler.java:59)\n\tat io.appium.uiautomator2.server.AppiumServlet.handleRequest(AppiumServlet.java:259)\n\tat io.appium.uiautomator2.server.AppiumServlet.handleHttpRequest(AppiumServlet.java:253)\n\tat io.appium.uiautomator2.http.ServerHandler.channelRead(ServerHandler.java:77)\n\tat io.netty.channel.AbstractChannelHandlerContext.invokeChannelRead(AbstractChannelHandlerContext.java:374)\n\tat io.netty.channel.AbstractChannelHandlerContext.invokeChannelRead(AbstractChannelHandlerContext.java:360)\n\tat io.netty.channel.AbstractChannelHandlerContext.fireChannelRead(AbstractChannelHandlerContext.java:352)\n\tat io.netty.handler.codec.MessageToMessageDecoder.channelRead(MessageToMessageDecoder.java:102)\n\tat io.netty.channel.AbstractChannelHandlerContext.invokeChannelRead(AbstractChannelHandlerContext.java:374)\n\tat io.netty.channel.AbstractChannelHandlerContext.invokeChannelRead(AbstractChannelHandlerContext.java:360)\n\tat io.netty.channel.AbstractChannelHandlerContext.fireChannelRead(AbstractChannelHandlerContext.java:352)\n\tat io.netty.channel.CombinedChannelDuplexHandler$DelegatingChannelHandlerContext.fireChannelRead(CombinedChannelDuplexHandler.java:438)\n\tat io.netty.handler.codec.ByteToMessageDecoder.fireChannelRead(ByteToMessageDecoder.java:328)\n\tat io.netty.handler.codec.ByteToMessageDecoder.channelRead(ByteToMessageDecoder.java:302)\n\tat io.netty.channel.CombinedChannelDuplexHandler.channelRead(CombinedChannelDuplexHandler.java:253)\n\tat io.netty.channel.AbstractChannelHandlerContext.invokeChannelRead(AbstractChannelHandlerContext.java:374)\n\tat io.netty.channel.AbstractChannelHandlerContext.invokeChannelRead(AbstractChannelHandlerContext.java:360)\n\tat io.netty.channel.AbstractChannelHandlerContext.fireChannelRead(AbstractChannelHandlerContext.java:352)\n\tat io.netty.handler.timeout.IdleStateHandler.channelRead(IdleStateHandler.java:287)\n\tat io.netty.channel.AbstractChannelHandlerContext.invokeChannelRead(AbstractChannelHandlerContext.java:374)\n\tat io.netty.channel.AbstractChannelHandlerContext.invokeChannelRead(AbstractChannelHandlerContext.java:360)\n\tat io.netty.channel.AbstractChannelHandlerContext.fireChannelRead(AbstractChannelHandlerContext.java:352)\n\tat io.netty.channel.DefaultChannelPipeline$HeadContext.channelRead(DefaultChannelPipeline.java:1422)\n\tat io.netty.channel.AbstractChannelHandlerContext.invokeChannelRead(AbstractChannelHandlerContext.java:374)\n\tat io.netty.channel.AbstractChannelHandlerContext.invokeChannelRead(AbstractChannelHandlerContext.java:360)\n\tat io.netty.channel.DefaultChannelPipeline.fireChannelRead(DefaultChannelPipeline.java:931)\n\tat io.netty.channel.nio.AbstractNioByteChannel$NioByteUnsafe.read(AbstractNioByteChannel.java:163)\n\tat io.netty.channel.nio.NioEventLoop.processSelectedKey(NioEventLoop.java:700)\n\tat io.netty.channel.nio.NioEventLoop.processSelectedKeysOptimized(NioEventLoop.java:635)\n\tat io.netty.channel.nio.NioEventLoop.processSelectedKeys(NioEventLoop.java:552)\n\tat io.netty.channel.nio.NioEventLoop.run(NioEventLoop.java:514)\n\tat io.netty.util.concurrent.SingleThreadEventExecutor$6.run(SingleThreadEventExecutor.java:1044)\n\tat io.netty.util.internal.ThreadExecutorMap$2.run(ThreadExecutorMap.java:74)\n\tat io.netty.util.concurrent.FastThreadLocalRunnable.run(FastThreadLocalRunnable.java:30)\n\tat java.lang.Thread.run(Thread.java:1012)\n"}}
Thu Jul 30 09:08:17 UTC 2026 | ALL | 07-30 09:08:16.992  4162  4220 I appium  : channel read: POST /session/0ec58237-84ed-40bd-bf67-28bb2b70cae2/element
Thu Jul 30 09:08:17 UTC 2026 | ALL | 07-30 09:08:16.992  4162  4220 I appium  : FindElement command
Thu Jul 30 09:08:17 UTC 2026 | ALL | 07-30 09:08:16.993  4162  4220 I appium  : method: 'xpath', selector: '//*[contains(@text, 'Sign In') or contains(@content-desc, 'Sign In')]'
Thu Jul 30 09:08:17 UTC 2026 | ALL | 07-30 09:08:16.993  4162  4220 I appium  : Waiting up to 10000ms for the device to idle
Thu Jul 30 09:08:17 UTC 2026 | ALL | 07-30 09:08:16.994  4162  4220 I appium  : The following attributes will be included to the page source: [text, content-desc]
Thu Jul 30 09:08:17 UTC 2026 | ALL | 07-30 09:08:17.010  4162  4220 I appium  : Took 0ms to retrieve 0 matches for '//*[contains(@text, 'Sign In') or contains(@content-desc, 'Sign In')]' XPath2 query
Thu Jul 30 09:08:17 UTC 2026 | ALL | 07-30 09:08:17.011  4162  4220 I appium  : AppiumResponse: {"sessionId":"0ec58237-84ed-40bd-bf67-28bb2b70cae2","value":{"error":"no such element","message":"An element could not be located on the page using the given search parameters","stacktrace":"io.appium.uiautomator2.common.exceptions.ElementNotFoundException: An element could not be located on the page using the given search parameters\n\tat io.appium.uiautomator2.utils.ElementLocationHelpers.findElement(ElementLocationHelpers.java:156)\n\tat io.appium.uiautomator2.handler.FindElement.safeHandle(FindElement.java:60)\n\tat io.appium.uiautomator2.handler.request.SafeRequestHandler.handle(SafeRequestHandler.java:59)\n\tat io.appium.uiautomator2.server.AppiumServlet.handleRequest(AppiumServlet.java:259)\n\tat io.appium.uiautomator2.server.AppiumServlet.handleHttpRequest(AppiumServlet.java:253)\n\tat io.appium.uiautomator2.http.ServerHandler.channelRead(ServerHandler.java:77)\n\tat io.netty.channel.AbstractChannelHandlerContext.invokeChannelRead(AbstractChannelHandlerContext.java:374)\n\tat io.netty.channel.AbstractChannelHandlerContext.invokeChannelRead(AbstractChannelHandlerContext.java:360)\n\tat io.netty.channel.AbstractChannelHandlerContext.fireChannelRead(AbstractChannelHandlerContext.java:352)\n\tat io.netty.handler.codec.MessageToMessageDecoder.channelRead(MessageToMessageDecoder.java:102)\n\tat io.netty.channel.AbstractChannelHandlerContext.invokeChannelRead(AbstractChannelHandlerContext.java:374)\n\tat io.netty.channel.AbstractChannelHandlerContext.invokeChannelRead(AbstractChannelHandlerContext.java:360)\n\tat io.netty.channel.AbstractChannelHandlerContext.fireChannelRead(AbstractChannelHandlerContext.java:352)\n\tat io.netty.channel.CombinedChannelDuplexHandler$DelegatingChannelHandlerContext.fireChannelRead(CombinedChannelDuplexHandler.java:438)\n\tat io.netty.handler.codec.ByteToMessageDecoder.fireChannelRead(ByteToMessageDecoder.java:328)\n\tat io.netty.handler.codec.ByteToMessageDecoder.channelRead(ByteToMessageDecoder.java:302)\n\tat io.netty.channel.CombinedChannelDuplexHandler.channelRead(CombinedChannelDuplexHandler.java:253)\n\tat io.netty.channel.AbstractChannelHandlerContext.invokeChannelRead(AbstractChannelHandlerContext.java:374)\n\tat io.netty.channel.AbstractChannelHandlerContext.invokeChannelRead(AbstractChannelHandlerContext.java:360)\n\tat io.netty.channel.AbstractChannelHandlerContext.fireChannelRead(AbstractChannelHandlerContext.java:352)\n\tat io.netty.handler.timeout.IdleStateHandler.channelRead(IdleStateHandler.java:287)\n\tat io.netty.channel.AbstractChannelHandlerContext.invokeChannelRead(AbstractChannelHandlerContext.java:374)\n\tat io.netty.channel.AbstractChannelHandlerContext.invokeChannelRead(AbstractChannelHandlerContext.java:360)\n\tat io.netty.channel.AbstractChannelHandlerContext.fireChannelRead(AbstractChannelHandlerContext.java:352)\n\tat io.netty.channel.DefaultChannelPipeline$HeadContext.channelRead(DefaultChannelPipeline.java:1422)\n\tat io.netty.channel.AbstractChannelHandlerContext.invokeChannelRead(AbstractChannelHandlerContext.java:374)\n\tat io.netty.channel.AbstractChannelHandlerContext.invokeChannelRead(AbstractChannelHandlerContext.java:360)\n\tat io.netty.channel.DefaultChannelPipeline.fireChannelRead(DefaultChannelPipeline.java:931)\n\tat io.netty.channel.nio.AbstractNioByteChannel$NioByteUnsafe.read(AbstractNioByteChannel.java:163)\n\tat io.netty.channel.nio.NioEventLoop.processSelectedKey(NioEventLoop.java:700)\n\tat io.netty.channel.nio.NioEventLoop.processSelectedKeysOptimized(NioEventLoop.java:635)\n\tat io.netty.channel.nio.NioEventLoop.processSelectedKeys(NioEventLoop.java:552)\n\tat io.netty.channel.nio.NioEventLoop.run(NioEventLoop.java:514)\n\tat io.netty.util.concurrent.SingleThreadEventExecutor$6.run(SingleThreadEventExecutor.java:1044)\n\tat io.netty.util.internal.ThreadExecutorMap$2.run(ThreadExecutorMap.java:74)\n\tat io.netty.util.concurrent.FastThreadLocalRunnable.run(FastThreadLocalRunnable.java:30)\n\tat java.lang.Thread.run(Thread.java:1012)\n"}}
Thu Jul 30 09:08:18 UTC 2026 | ALL | 07-30 09:08:17.517  4162  4220 I appium  : channel read: POST /session/0ec58237-84ed-40bd-bf67-28bb2b70cae2/element
Thu Jul 30 09:08:18 UTC 2026 | ALL | 07-30 09:08:17.517  4162  4220 I appium  : FindElement command
Thu Jul 30 09:08:18 UTC 2026 | ALL | 07-30 09:08:17.517  4162  4220 I appium  : method: 'xpath', selector: '//*[contains(@text, 'Sign In') or contains(@content-desc, 'Sign In')]'
Thu Jul 30 09:08:18 UTC 2026 | ALL | 07-30 09:08:17.518  4162  4220 I appium  : Waiting up to 10000ms for the device to idle
Thu Jul 30 09:08:18 UTC 2026 | ALL | 07-30 09:08:17.519  4162  4220 I appium  : The following attributes will be included to the page source: [text, content-desc]
Thu Jul 30 09:08:18 UTC 2026 | ALL | 07-30 09:08:17.521  4162  4170 I tomator2.server: Method exceeds compiler instruction limit: 19264 in java_cup.runtime.Symbol org.eclipse.wst.xml.xpath2.processor.internal.CUP$XPathCup$actions.CUP$XPathCup$do_action(int, java_cup.runtime.lr_parser, java.util.Stack, int)
Thu Jul 30 09:08:18 UTC 2026 | ALL | 07-30 09:08:17.527  4162  4220 I appium  : Took 0ms to retrieve 0 matches for '//*[contains(@text, 'Sign In') or contains(@content-desc, 'Sign In')]' XPath2 query
Thu Jul 30 09:08:18 UTC 2026 | ALL | 07-30 09:08:17.527  4162  4220 I appium  : AppiumResponse: {"sessionId":"0ec58237-84ed-40bd-bf67-28bb2b70cae2","value":{"error":"no such element","message":"An element could not be located on the page using the given search parameters","stacktrace":"io.appium.uiautomator2.common.exceptions.ElementNotFoundException: An element could not be located on the page using the given search parameters\n\tat io.appium.uiautomator2.utils.ElementLocationHelpers.findElement(ElementLocationHelpers.java:156)\n\tat io.appium.uiautomator2.handler.FindElement.safeHandle(FindElement.java:60)\n\tat io.appium.uiautomator2.handler.request.SafeRequestHandler.handle(SafeRequestHandler.java:59)\n\tat io.appium.uiautomator2.server.AppiumServlet.handleRequest(AppiumServlet.java:259)\n\tat io.appium.uiautomator2.server.AppiumServlet.handleHttpRequest(AppiumServlet.java:253)\n\tat io.appium.uiautomator2.http.ServerHandler.channelRead(ServerHandler.java:77)\n\tat io.netty.channel.AbstractChannelHandlerContext.invokeChannelRead(AbstractChannelHandlerContext.java:374)\n\tat io.netty.channel.AbstractChannelHandlerContext.invokeChannelRead(AbstractChannelHandlerContext.java:360)\n\tat io.netty.channel.AbstractChannelHandlerContext.fireChannelRead(AbstractChannelHandlerContext.java:352)\n\tat io.netty.handler.codec.MessageToMessageDecoder.channelRead(MessageToMessageDecoder.java:102)\n\tat io.netty.channel.AbstractChannelHandlerContext.invokeChannelRead(AbstractChannelHandlerContext.java:374)\n\tat io.netty.channel.AbstractChannelHandlerContext.invokeChannelRead(AbstractChannelHandlerContext.java:360)\n\tat io.netty.channel.AbstractChannelHandlerContext.fireChannelRead(AbstractChannelHandlerContext.java:352)\n\tat io.netty.channel.CombinedChannelDuplexHandler$DelegatingChannelHandlerContext.fireChannelRead(CombinedChannelDuplexHandler.java:438)\n\tat io.netty.handler.codec.ByteToMessageDecoder.fireChannelRead(ByteToMessageDecoder.java:328)\n\tat io.netty.handler.codec.ByteToMessageDecoder.channelRead(ByteToMessageDecoder.java:302)\n\tat io.netty.channel.CombinedChannelDuplexHandler.channelRead(CombinedChannelDuplexHandler.java:253)\n\tat io.netty.channel.AbstractChannelHandlerContext.invokeChannelRead(AbstractChannelHandlerContext.java:374)\n\tat io.netty.channel.AbstractChannelHandlerContext.invokeChannelRead(AbstractChannelHandlerContext.java:360)\n\tat io.netty.channel.AbstractChannelHandlerContext.fireChannelRead(AbstractChannelHandlerContext.java:352)\n\tat io.netty.handler.timeout.IdleStateHandler.channelRead(IdleStateHandler.java:287)\n\tat io.netty.channel.AbstractChannelHandlerContext.invokeChannelRead(AbstractChannelHandlerContext.java:374)\n\tat io.netty.channel.AbstractChannelHandlerContext.invokeChannelRead(AbstractChannelHandlerContext.java:360)\n\tat io.netty.channel.AbstractChannelHandlerContext.fireChannelRead(AbstractChannelHandlerContext.java:352)\n\tat io.netty.channel.DefaultChannelPipeline$HeadContext.channelRead(DefaultChannelPipeline.java:1422)\n\tat io.netty.channel.AbstractChannelHandlerContext.invokeChannelRead(AbstractChannelHandlerContext.java:374)\n\tat io.netty.channel.AbstractChannelHandlerContext.invokeChannelRead(AbstractChannelHandlerContext.java:360)\n\tat io.netty.channel.DefaultChannelPipeline.fireChannelRead(DefaultChannelPipeline.java:931)\n\tat io.netty.channel.nio.AbstractNioByteChannel$NioByteUnsafe.read(AbstractNioByteChannel.java:163)\n\tat io.netty.channel.nio.NioEventLoop.processSelectedKey(NioEventLoop.java:700)\n\tat io.netty.channel.nio.NioEventLoop.processSelectedKeysOptimized(NioEventLoop.java:635)\n\tat io.netty.channel.nio.NioEventLoop.processSelectedKeys(NioEventLoop.java:552)\n\tat io.netty.channel.nio.NioEventLoop.run(NioEventLoop.java:514)\n\tat io.netty.util.concurrent.SingleThreadEventExecutor$6.run(SingleThreadEventExecutor.java:1044)\n\tat io.netty.util.internal.ThreadExecutorMap$2.run(ThreadExecutorMap.java:74)\n\tat io.netty.util.concurrent.FastThreadLocalRunnable.run(FastThreadLocalRunnable.java:30)\n\tat java.lang.Thread.run(Thread.java:1012)\n"}}
Thu Jul 30 09:08:19 UTC 2026 | ALL | 07-30 09:08:18.031  4162  4220 I appium  : channel read: POST /session/0ec58237-84ed-40bd-bf67-28bb2b70cae2/element
Thu Jul 30 09:08:19 UTC 2026 | ALL | 07-30 09:08:18.031  4162  4220 I appium  : FindElement command
Thu Jul 30 09:08:19 UTC 2026 | ALL | 07-30 09:08:18.031  4162  4220 I appium  : method: 'xpath', selector: '//*[contains(@text, 'Sign In') or contains(@content-desc, 'Sign In')]'
Thu Jul 30 09:08:19 UTC 2026 | ALL | 07-30 09:08:18.032  4162  4220 I appium  : Waiting up to 10000ms for the device to idle
Thu Jul 30 09:08:19 UTC 2026 | ALL | 07-30 09:08:18.033  4162  4220 I appium  : The following attributes will be included to the page source: [text, content-desc]
Thu Jul 30 09:08:19 UTC 2026 | ALL | 07-30 09:08:18.041  4162  4220 I appium  : Took 0ms to retrieve 0 matches for '//*[contains(@text, 'Sign In') or contains(@content-desc, 'Sign In')]' XPath2 query
Thu Jul 30 09:08:19 UTC 2026 | ALL | 07-30 09:08:18.042  4162  4220 I appium  : AppiumResponse: {"sessionId":"0ec58237-84ed-40bd-bf67-28bb2b70cae2","value":{"error":"no such element","message":"An element could not be located on the page using the given search parameters","stacktrace":"io.appium.uiautomator2.common.exceptions.ElementNotFoundException: An element could not be located on the page using the given search parameters\n\tat io.appium.uiautomator2.utils.ElementLocationHelpers.findElement(ElementLocationHelpers.java:156)\n\tat io.appium.uiautomator2.handler.FindElement.safeHandle(FindElement.java:60)\n\tat io.appium.uiautomator2.handler.request.SafeRequestHandler.handle(SafeRequestHandler.java:59)\n\tat io.appium.uiautomator2.server.AppiumServlet.handleRequest(AppiumServlet.java:259)\n\tat io.appium.uiautomator2.server.AppiumServlet.handleHttpRequest(AppiumServlet.java:253)\n\tat io.appium.uiautomator2.http.ServerHandler.channelRead(ServerHandler.java:77)\n\tat io.netty.channel.AbstractChannelHandlerContext.invokeChannelRead(AbstractChannelHandlerContext.java:374)\n\tat io.netty.channel.AbstractChannelHandlerContext.invokeChannelRead(AbstractChannelHandlerContext.java:360)\n\tat io.netty.channel.AbstractChannelHandlerContext.fireChannelRead(AbstractChannelHandlerContext.java:352)\n\tat io.netty.handler.codec.MessageToMessageDecoder.channelRead(MessageToMessageDecoder.java:102)\n\tat io.netty.channel.AbstractChannelHandlerContext.invokeChannelRead(AbstractChannelHandlerContext.java:374)\n\tat io.netty.channel.AbstractChannelHandlerContext.invokeChannelRead(AbstractChannelHandlerContext.java:360)\n\tat io.netty.channel.AbstractChannelHandlerContext.fireChannelRead(AbstractChannelHandlerContext.java:352)\n\tat io.netty.channel.CombinedChannelDuplexHandler$DelegatingChannelHandlerContext.fireChannelRead(CombinedChannelDuplexHandler.java:438)\n\tat io.netty.handler.codec.ByteToMessageDecoder.fireChannelRead(ByteToMessageDecoder.java:328)\n\tat io.netty.handler.codec.ByteToMessageDecoder.channelRead(ByteToMessageDecoder.java:302)\n\tat io.netty.channel.CombinedChannelDuplexHandler.channelRead(CombinedChannelDuplexHandler.java:253)\n\tat io.netty.channel.AbstractChannelHandlerContext.invokeChannelRead(AbstractChannelHandlerContext.java:374)\n\tat io.netty.channel.AbstractChannelHandlerContext.invokeChannelRead(AbstractChannelHandlerContext.java:360)\n\tat io.netty.channel.AbstractChannelHandlerContext.fireChannelRead(AbstractChannelHandlerContext.java:352)\n\tat io.netty.handler.timeout.IdleStateHandler.channelRead(IdleStateHandler.java:287)\n\tat io.netty.channel.AbstractChannelHandlerContext.invokeChannelRead(AbstractChannelHandlerContext.java:374)\n\tat io.netty.channel.AbstractChannelHandlerContext.invokeChannelRead(AbstractChannelHandlerContext.java:360)\n\tat io.netty.channel.AbstractChannelHandlerContext.fireChannelRead(AbstractChannelHandlerContext.java:352)\n\tat io.netty.channel.DefaultChannelPipeline$HeadContext.channelRead(DefaultChannelPipeline.java:1422)\n\tat io.netty.channel.AbstractChannelHandlerContext.invokeChannelRead(AbstractChannelHandlerContext.java:374)\n\tat io.netty.channel.AbstractChannelHandlerContext.invokeChannelRead(AbstractChannelHandlerContext.java:360)\n\tat io.netty.channel.DefaultChannelPipeline.fireChannelRead(DefaultChannelPipeline.java:931)\n\tat io.netty.channel.nio.AbstractNioByteChannel$NioByteUnsafe.read(AbstractNioByteChannel.java:163)\n\tat io.netty.channel.nio.NioEventLoop.processSelectedKey(NioEventLoop.java:700)\n\tat io.netty.channel.nio.NioEventLoop.processSelectedKeysOptimized(NioEventLoop.java:635)\n\tat io.netty.channel.nio.NioEventLoop.processSelectedKeys(NioEventLoop.java:552)\n\tat io.netty.channel.nio.NioEventLoop.run(NioEventLoop.java:514)\n\tat io.netty.util.concurrent.SingleThreadEventExecutor$6.run(SingleThreadEventExecutor.java:1044)\n\tat io.netty.util.internal.ThreadExecutorMap$2.run(ThreadExecutorMap.java:74)\n\tat io.netty.util.concurrent.FastThreadLocalRunnable.run(FastThreadLocalRunnable.java:30)\n\tat java.lang.Thread.run(Thread.java:1012)\n"}}
Thu Jul 30 09:08:19 UTC 2026 | ALL | 07-30 09:08:18.546  4162  4220 I appium  : channel read: POST /session/0ec58237-84ed-40bd-bf67-28bb2b70cae2/element
Thu Jul 30 09:08:19 UTC 2026 | ALL | 07-30 09:08:18.546  4162  4220 I appium  : FindElement command
Thu Jul 30 09:08:19 UTC 2026 | ALL | 07-30 09:08:18.546  4162  4220 I appium  : method: 'xpath', selector: '//*[contains(@text, 'Sign In') or contains(@content-desc, 'Sign In')]'
Thu Jul 30 09:08:19 UTC 2026 | ALL | 07-30 09:08:18.546  4162  4220 I appium  : Waiting up to 10000ms for the device to idle
Thu Jul 30 09:08:19 UTC 2026 | ALL | 07-30 09:08:18.547  4162  4220 I appium  : The following attributes will be included to the page source: [text, content-desc]
Thu Jul 30 09:08:19 UTC 2026 | ALL | 07-30 09:08:18.556  4162  4220 I appium  : Took 0ms to retrieve 0 matches for '//*[contains(@text, 'Sign In') or contains(@content-desc, 'Sign In')]' XPath2 query
Thu Jul 30 09:08:19 UTC 2026 | ALL | 07-30 09:08:18.557  4162  4220 I appium  : AppiumResponse: {"sessionId":"0ec58237-84ed-40bd-bf67-28bb2b70cae2","value":{"error":"no such element","message":"An element could not be located on the page using the given search parameters","stacktrace":"io.appium.uiautomator2.common.exceptions.ElementNotFoundException: An element could not be located on the page using the given search parameters\n\tat io.appium.uiautomator2.utils.ElementLocationHelpers.findElement(ElementLocationHelpers.java:156)\n\tat io.appium.uiautomator2.handler.FindElement.safeHandle(FindElement.java:60)\n\tat io.appium.uiautomator2.handler.request.SafeRequestHandler.handle(SafeRequestHandler.java:59)\n\tat io.appium.uiautomator2.server.AppiumServlet.handleRequest(AppiumServlet.java:259)\n\tat io.appium.uiautomator2.server.AppiumServlet.handleHttpRequest(AppiumServlet.java:253)\n\tat io.appium.uiautomator2.http.ServerHandler.channelRead(ServerHandler.java:77)\n\tat io.netty.channel.AbstractChannelHandlerContext.invokeChannelRead(AbstractChannelHandlerContext.java:374)\n\tat io.netty.channel.AbstractChannelHandlerContext.invokeChannelRead(AbstractChannelHandlerContext.java:360)\n\tat io.netty.channel.AbstractChannelHandlerContext.fireChannelRead(AbstractChannelHandlerContext.java:352)\n\tat io.netty.handler.codec.MessageToMessageDecoder.channelRead(MessageToMessageDecoder.java:102)\n\tat io.netty.channel.AbstractChannelHandlerContext.invokeChannelRead(AbstractChannelHandlerContext.java:374)\n\tat io.netty.channel.AbstractChannelHandlerContext.invokeChannelRead(AbstractChannelHandlerContext.java:360)\n\tat io.netty.channel.AbstractChannelHandlerContext.fireChannelRead(AbstractChannelHandlerContext.java:352)\n\tat io.netty.channel.CombinedChannelDuplexHandler$DelegatingChannelHandlerContext.fireChannelRead(CombinedChannelDuplexHandler.java:438)\n\tat io.netty.handler.codec.ByteToMessageDecoder.fireChannelRead(ByteToMessageDecoder.java:328)\n\tat io.netty.handler.codec.ByteToMessageDecoder.channelRead(ByteToMessageDecoder.java:302)\n\tat io.netty.channel.CombinedChannelDuplexHandler.channelRead(CombinedChannelDuplexHandler.java:253)\n\tat io.netty.channel.AbstractChannelHandlerContext.invokeChannelRead(AbstractChannelHandlerContext.java:374)\n\tat io.netty.channel.AbstractChannelHandlerContext.invokeChannelRead(AbstractChannelHandlerContext.java:360)\n\tat io.netty.channel.AbstractChannelHandlerContext.fireChannelRead(AbstractChannelHandlerContext.java:352)\n\tat io.netty.handler.timeout.IdleStateHandler.channelRead(IdleStateHandler.java:287)\n\tat io.netty.channel.AbstractChannelHandlerContext.invokeChannelRead(AbstractChannelHandlerContext.java:374)\n\tat io.netty.channel.AbstractChannelHandlerContext.invokeChannelRead(AbstractChannelHandlerContext.java:360)\n\tat io.netty.channel.AbstractChannelHandlerContext.fireChannelRead(AbstractChannelHandlerContext.java:352)\n\tat io.netty.channel.DefaultChannelPipeline$HeadContext.channelRead(DefaultChannelPipeline.java:1422)\n\tat io.netty.channel.AbstractChannelHandlerContext.invokeChannelRead(AbstractChannelHandlerContext.java:374)\n\tat io.netty.channel.AbstractChannelHandlerContext.invokeChannelRead(AbstractChannelHandlerContext.java:360)\n\tat io.netty.channel.DefaultChannelPipeline.fireChannelRead(DefaultChannelPipeline.java:931)\n\tat io.netty.channel.nio.AbstractNioByteChannel$NioByteUnsafe.read(AbstractNioByteChannel.java:163)\n\tat io.netty.channel.nio.NioEventLoop.processSelectedKey(NioEventLoop.java:700)\n\tat io.netty.channel.nio.NioEventLoop.processSelectedKeysOptimized(NioEventLoop.java:635)\n\tat io.netty.channel.nio.NioEventLoop.processSelectedKeys(NioEventLoop.java:552)\n\tat io.netty.channel.nio.NioEventLoop.run(NioEventLoop.java:514)\n\tat io.netty.util.concurrent.SingleThreadEventExecutor$6.run(SingleThreadEventExecutor.java:1044)\n\tat io.netty.util.internal.ThreadExecutorMap$2.run(ThreadExecutorMap.java:74)\n\tat io.netty.util.concurrent.FastThreadLocalRunnable.run(FastThreadLocalRunnable.java:30)\n\tat java.lang.Thread.run(Thread.java:1012)\n"}}
Thu Jul 30 09:08:20 UTC 2026 | ALL | 07-30 09:08:19.060  4162  4220 I appium  : channel read: POST /session/0ec58237-84ed-40bd-bf67-28bb2b70cae2/element
Thu Jul 30 09:08:20 UTC 2026 | ALL | 07-30 09:08:19.060  4162  4220 I appium  : FindElement command
Thu Jul 30 09:08:20 UTC 2026 | ALL | 07-30 09:08:19.061  4162  4220 I appium  : method: 'xpath', selector: '//*[contains(@text, 'Sign In') or contains(@content-desc, 'Sign In')]'
Thu Jul 30 09:08:20 UTC 2026 | ALL | 07-30 09:08:19.061  4162  4220 I appium  : Waiting up to 10000ms for the device to idle
Thu Jul 30 09:08:20 UTC 2026 | ALL | 07-30 09:08:19.062  4162  4220 I appium  : The following attributes will be included to the page source: [text, content-desc]
Thu Jul 30 09:08:20 UTC 2026 | ALL | 07-30 09:08:19.065  4162  4170 I tomator2.server: Method exceeds compiler instruction limit: 19264 in java_cup.runtime.Symbol org.eclipse.wst.xml.xpath2.processor.internal.CUP$XPathCup$actions.CUP$XPathCup$do_action(int, java_cup.runtime.lr_parser, java.util.Stack, int)
Thu Jul 30 09:08:20 UTC 2026 | ALL | 07-30 09:08:19.071  4162  4220 I appium  : Took 0ms to retrieve 0 matches for '//*[contains(@text, 'Sign In') or contains(@content-desc, 'Sign In')]' XPath2 query
Thu Jul 30 09:08:20 UTC 2026 | ALL | 07-30 09:08:19.072  4162  4220 I appium  : AppiumResponse: {"sessionId":"0ec58237-84ed-40bd-bf67-28bb2b70cae2","value":{"error":"no such element","message":"An element could not be located on the page using the given search parameters","stacktrace":"io.appium.uiautomator2.common.exceptions.ElementNotFoundException: An element could not be located on the page using the given search parameters\n\tat io.appium.uiautomator2.utils.ElementLocationHelpers.findElement(ElementLocationHelpers.java:156)\n\tat io.appium.uiautomator2.handler.FindElement.safeHandle(FindElement.java:60)\n\tat io.appium.uiautomator2.handler.request.SafeRequestHandler.handle(SafeRequestHandler.java:59)\n\tat io.appium.uiautomator2.server.AppiumServlet.handleRequest(AppiumServlet.java:259)\n\tat io.appium.uiautomator2.server.AppiumServlet.handleHttpRequest(AppiumServlet.java:253)\n\tat io.appium.uiautomator2.http.ServerHandler.channelRead(ServerHandler.java:77)\n\tat io.netty.channel.AbstractChannelHandlerContext.invokeChannelRead(AbstractChannelHandlerContext.java:374)\n\tat io.netty.channel.AbstractChannelHandlerContext.invokeChannelRead(AbstractChannelHandlerContext.java:360)\n\tat io.netty.channel.AbstractChannelHandlerContext.fireChannelRead(AbstractChannelHandlerContext.java:352)\n\tat io.netty.handler.codec.MessageToMessageDecoder.channelRead(MessageToMessageDecoder.java:102)\n\tat io.netty.channel.AbstractChannelHandlerContext.invokeChannelRead(AbstractChannelHandlerContext.java:374)\n\tat io.netty.channel.AbstractChannelHandlerContext.invokeChannelRead(AbstractChannelHandlerContext.java:360)\n\tat io.netty.channel.AbstractChannelHandlerContext.fireChannelRead(AbstractChannelHandlerContext.java:352)\n\tat io.netty.channel.CombinedChannelDuplexHandler$DelegatingChannelHandlerContext.fireChannelRead(CombinedChannelDuplexHandler.java:438)\n\tat io.netty.handler.codec.ByteToMessageDecoder.fireChannelRead(ByteToMessageDecoder.java:328)\n\tat io.netty.handler.codec.ByteToMessageDecoder.channelRead(ByteToMessageDecoder.java:302)\n\tat io.netty.channel.CombinedChannelDuplexHandler.channelRead(CombinedChannelDuplexHandler.java:253)\n\tat io.netty.channel.AbstractChannelHandlerContext.invokeChannelRead(AbstractChannelHandlerContext.java:374)\n\tat io.netty.channel.AbstractChannelHandlerContext.invokeChannelRead(AbstractChannelHandlerContext.java:360)\n\tat io.netty.channel.AbstractChannelHandlerContext.fireChannelRead(AbstractChannelHandlerContext.java:352)\n\tat io.netty.handler.timeout.IdleStateHandler.channelRead(IdleStateHandler.java:287)\n\tat io.netty.channel.AbstractChannelHandlerContext.invokeChannelRead(AbstractChannelHandlerContext.java:374)\n\tat io.netty.channel.AbstractChannelHandlerContext.invokeChannelRead(AbstractChannelHandlerContext.java:360)\n\tat io.netty.channel.AbstractChannelHandlerContext.fireChannelRead(AbstractChannelHandlerContext.java:352)\n\tat io.netty.channel.DefaultChannelPipeline$HeadContext.channelRead(DefaultChannelPipeline.java:1422)\n\tat io.netty.channel.AbstractChannelHandlerContext.invokeChannelRead(AbstractChannelHandlerContext.java:374)\n\tat io.netty.channel.AbstractChannelHandlerContext.invokeChannelRead(AbstractChannelHandlerContext.java:360)\n\tat io.netty.channel.DefaultChannelPipeline.fireChannelRead(DefaultChannelPipeline.java:931)\n\tat io.netty.channel.nio.AbstractNioByteChannel$NioByteUnsafe.read(AbstractNioByteChannel.java:163)\n\tat io.netty.channel.nio.NioEventLoop.processSelectedKey(NioEventLoop.java:700)\n\tat io.netty.channel.nio.NioEventLoop.processSelectedKeysOptimized(NioEventLoop.java:635)\n\tat io.netty.channel.nio.NioEventLoop.processSelectedKeys(NioEventLoop.java:552)\n\tat io.netty.channel.nio.NioEventLoop.run(NioEventLoop.java:514)\n\tat io.netty.util.concurrent.SingleThreadEventExecutor$6.run(SingleThreadEventExecutor.java:1044)\n\tat io.netty.util.internal.ThreadExecutorMap$2.run(ThreadExecutorMap.java:74)\n\tat io.netty.util.concurrent.FastThreadLocalRunnable.run(FastThreadLocalRunnable.java:30)\n\tat java.lang.Thread.run(Thread.java:1012)\n"}}
Thu Jul 30 09:08:20 UTC 2026 | ALL | 07-30 09:08:19.565   560  1964 D OomAdjuster: Not killing cached processes
Thu Jul 30 09:08:20 UTC 2026 | ALL | 07-30 09:08:19.576  4162  4220 I appium  : channel read: POST /session/0ec58237-84ed-40bd-bf67-28bb2b70cae2/element
Thu Jul 30 09:08:20 UTC 2026 | ALL | 07-30 09:08:19.576  4162  4220 I appium  : FindElement command
Thu Jul 30 09:08:20 UTC 2026 | ALL | 07-30 09:08:19.576  4162  4220 I appium  : method: 'xpath', selector: '//*[contains(@text, 'Sign In') or contains(@content-desc, 'Sign In')]'
Thu Jul 30 09:08:20 UTC 2026 | ALL | 07-30 09:08:19.576  4162  4220 I appium  : Waiting up to 10000ms for the device to idle
Thu Jul 30 09:08:20 UTC 2026 | ALL | 07-30 09:08:19.577  4162  4220 I appium  : The following attributes will be included to the page source: [text, content-desc]
Thu Jul 30 09:08:20 UTC 2026 | ALL | 07-30 09:08:19.584  4162  4220 I appium  : Took 0ms to retrieve 0 matches for '//*[contains(@text, 'Sign In') or contains(@content-desc, 'Sign In')]' XPath2 query
Thu Jul 30 09:08:20 UTC 2026 | ALL | 07-30 09:08:19.585  4162  4220 I appium  : AppiumResponse: {"sessionId":"0ec58237-84ed-40bd-bf67-28bb2b70cae2","value":{"error":"no such element","message":"An element could not be located on the page using the given search parameters","stacktrace":"io.appium.uiautomator2.common.exceptions.ElementNotFoundException: An element could not be located on the page using the given search parameters\n\tat io.appium.uiautomator2.utils.ElementLocationHelpers.findElement(ElementLocationHelpers.java:156)\n\tat io.appium.uiautomator2.handler.FindElement.safeHandle(FindElement.java:60)\n\tat io.appium.uiautomator2.handler.request.SafeRequestHandler.handle(SafeRequestHandler.java:59)\n\tat io.appium.uiautomator2.server.AppiumServlet.handleRequest(AppiumServlet.java:259)\n\tat io.appium.uiautomator2.server.AppiumServlet.handleHttpRequest(AppiumServlet.java:253)\n\tat io.appium.uiautomator2.http.ServerHandler.channelRead(ServerHandler.java:77)\n\tat io.netty.channel.AbstractChannelHandlerContext.invokeChannelRead(AbstractChannelHandlerContext.java:374)\n\tat io.netty.channel.AbstractChannelHandlerContext.invokeChannelRead(AbstractChannelHandlerContext.java:360)\n\tat io.netty.channel.AbstractChannelHandlerContext.fireChannelRead(AbstractChannelHandlerContext.java:352)\n\tat io.netty.handler.codec.MessageToMessageDecoder.channelRead(MessageToMessageDecoder.java:102)\n\tat io.netty.channel.AbstractChannelHandlerContext.invokeChannelRead(AbstractChannelHandlerContext.java:374)\n\tat io.netty.channel.AbstractChannelHandlerContext.invokeChannelRead(AbstractChannelHandlerContext.java:360)\n\tat io.netty.channel.AbstractChannelHandlerContext.fireChannelRead(AbstractChannelHandlerContext.java:352)\n\tat io.netty.channel.CombinedChannelDuplexHandler$DelegatingChannelHandlerContext.fireChannelRead(CombinedChannelDuplexHandler.java:438)\n\tat io.netty.handler.codec.ByteToMessageDecoder.fireChannelRead(ByteToMessageDecoder.java:328)\n\tat io.netty.handler.codec.ByteToMessageDecoder.channelRead(ByteToMessageDecoder.java:302)\n\tat io.netty.channel.CombinedChannelDuplexHandler.channelRead(CombinedChannelDuplexHandler.java:253)\n\tat io.netty.channel.AbstractChannelHandlerContext.invokeChannelRead(AbstractChannelHandlerContext.java:374)\n\tat io.netty.channel.AbstractChannelHandlerContext.invokeChannelRead(AbstractChannelHandlerContext.java:360)\n\tat io.netty.channel.AbstractChannelHandlerContext.fireChannelRead(AbstractChannelHandlerContext.java:352)\n\tat io.netty.handler.timeout.IdleStateHandler.channelRead(IdleStateHandler.java:287)\n\tat io.netty.channel.AbstractChannelHandlerContext.invokeChannelRead(AbstractChannelHandlerContext.java:374)\n\tat io.netty.channel.AbstractChannelHandlerContext.invokeChannelRead(AbstractChannelHandlerContext.java:360)\n\tat io.netty.channel.AbstractChannelHandlerContext.fireChannelRead(AbstractChannelHandlerContext.java:352)\n\tat io.netty.channel.DefaultChannelPipeline$HeadContext.channelRead(DefaultChannelPipeline.java:1422)\n\tat io.netty.channel.AbstractChannelHandlerContext.invokeChannelRead(AbstractChannelHandlerContext.java:374)\n\tat io.netty.channel.AbstractChannelHandlerContext.invokeChannelRead(AbstractChannelHandlerContext.java:360)\n\tat io.netty.channel.DefaultChannelPipeline.fireChannelRead(DefaultChannelPipeline.java:931)\n\tat io.netty.channel.nio.AbstractNioByteChannel$NioByteUnsafe.read(AbstractNioByteChannel.java:163)\n\tat io.netty.channel.nio.NioEventLoop.processSelectedKey(NioEventLoop.java:700)\n\tat io.netty.channel.nio.NioEventLoop.processSelectedKeysOptimized(NioEventLoop.java:635)\n\tat io.netty.channel.nio.NioEventLoop.processSelectedKeys(NioEventLoop.java:552)\n\tat io.netty.channel.nio.NioEventLoop.run(NioEventLoop.java:514)\n\tat io.netty.util.concurrent.SingleThreadEventExecutor$6.run(SingleThreadEventExecutor.java:1044)\n\tat io.netty.util.internal.ThreadExecutorMap$2.run(ThreadExecutorMap.java:74)\n\tat io.netty.util.concurrent.FastThreadLocalRunnable.run(FastThreadLocalRunnable.java:30)\n\tat java.lang.Thread.run(Thread.java:1012)\n"}}
Thu Jul 30 09:08:21 UTC 2026 | ALL | 07-30 09:08:20.088  4162  4220 I appium  : channel read: POST /session/0ec58237-84ed-40bd-bf67-28bb2b70cae2/element
Thu Jul 30 09:08:21 UTC 2026 | ALL | 07-30 09:08:20.088  4162  4220 I appium  : FindElement command
Thu Jul 30 09:08:21 UTC 2026 | ALL | 07-30 09:08:20.089  4162  4220 I appium  : method: 'xpath', selector: '//*[contains(@text, 'Sign In') or contains(@content-desc, 'Sign In')]'
Thu Jul 30 09:08:21 UTC 2026 | ALL | 07-30 09:08:20.089  4162  4220 I appium  : Waiting up to 10000ms for the device to idle
Thu Jul 30 09:08:21 UTC 2026 | ALL | 07-30 09:08:20.090  4162  4220 I appium  : The following attributes will be included to the page source: [text, content-desc]
Thu Jul 30 09:08:21 UTC 2026 | ALL | 07-30 09:08:20.097  4162  4220 I appium  : Took 0ms to retrieve 0 matches for '//*[contains(@text, 'Sign In') or contains(@content-desc, 'Sign In')]' XPath2 query
Thu Jul 30 09:08:21 UTC 2026 | ALL | 07-30 09:08:20.098  4162  4220 I appium  : AppiumResponse: {"sessionId":"0ec58237-84ed-40bd-bf67-28bb2b70cae2","value":{"error":"no such element","message":"An element could not be located on the page using the given search parameters","stacktrace":"io.appium.uiautomator2.common.exceptions.ElementNotFoundException: An element could not be located on the page using the given search parameters\n\tat io.appium.uiautomator2.utils.ElementLocationHelpers.findElement(ElementLocationHelpers.java:156)\n\tat io.appium.uiautomator2.handler.FindElement.safeHandle(FindElement.java:60)\n\tat io.appium.uiautomator2.handler.request.SafeRequestHandler.handle(SafeRequestHandler.java:59)\n\tat io.appium.uiautomator2.server.AppiumServlet.handleRequest(AppiumServlet.java:259)\n\tat io.appium.uiautomator2.server.AppiumServlet.handleHttpRequest(AppiumServlet.java:253)\n\tat io.appium.uiautomator2.http.ServerHandler.channelRead(ServerHandler.java:77)\n\tat io.netty.channel.AbstractChannelHandlerContext.invokeChannelRead(AbstractChannelHandlerContext.java:374)\n\tat io.netty.channel.AbstractChannelHandlerContext.invokeChannelRead(AbstractChannelHandlerContext.java:360)\n\tat io.netty.channel.AbstractChannelHandlerContext.fireChannelRead(AbstractChannelHandlerContext.java:352)\n\tat io.netty.handler.codec.MessageToMessageDecoder.channelRead(MessageToMessageDecoder.java:102)\n\tat io.netty.channel.AbstractChannelHandlerContext.invokeChannelRead(AbstractChannelHandlerContext.java:374)\n\tat io.netty.channel.AbstractChannelHandlerContext.invokeChannelRead(AbstractChannelHandlerContext.java:360)\n\tat io.netty.channel.AbstractChannelHandlerContext.fireChannelRead(AbstractChannelHandlerContext.java:352)\n\tat io.netty.channel.CombinedChannelDuplexHandler$DelegatingChannelHandlerContext.fireChannelRead(CombinedChannelDuplexHandler.java:438)\n\tat io.netty.handler.codec.ByteToMessageDecoder.fireChannelRead(ByteToMessageDecoder.java:328)\n\tat io.netty.handler.codec.ByteToMessageDecoder.channelRead(ByteToMessageDecoder.java:302)\n\tat io.netty.channel.CombinedChannelDuplexHandler.channelRead(CombinedChannelDuplexHandler.java:253)\n\tat io.netty.channel.AbstractChannelHandlerContext.invokeChannelRead(AbstractChannelHandlerContext.java:374)\n\tat io.netty.channel.AbstractChannelHandlerContext.invokeChannelRead(AbstractChannelHandlerContext.java:360)\n\tat io.netty.channel.AbstractChannelHandlerContext.fireChannelRead(AbstractChannelHandlerContext.java:352)\n\tat io.netty.handler.timeout.IdleStateHandler.channelRead(IdleStateHandler.java:287)\n\tat io.netty.channel.AbstractChannelHandlerContext.invokeChannelRead(AbstractChannelHandlerContext.java:374)\n\tat io.netty.channel.AbstractChannelHandlerContext.invokeChannelRead(AbstractChannelHandlerContext.java:360)\n\tat io.netty.channel.AbstractChannelHandlerContext.fireChannelRead(AbstractChannelHandlerContext.java:352)\n\tat io.netty.channel.DefaultChannelPipeline$HeadContext.channelRead(DefaultChannelPipeline.java:1422)\n\tat io.netty.channel.AbstractChannelHandlerContext.invokeChannelRead(AbstractChannelHandlerContext.java:374)\n\tat io.netty.channel.AbstractChannelHandlerContext.invokeChannelRead(AbstractChannelHandlerContext.java:360)\n\tat io.netty.channel.DefaultChannelPipeline.fireChannelRead(DefaultChannelPipeline.java:931)\n\tat io.netty.channel.nio.AbstractNioByteChannel$NioByteUnsafe.read(AbstractNioByteChannel.java:163)\n\tat io.netty.channel.nio.NioEventLoop.processSelectedKey(NioEventLoop.java:700)\n\tat io.netty.channel.nio.NioEventLoop.processSelectedKeysOptimized(NioEventLoop.java:635)\n\tat io.netty.channel.nio.NioEventLoop.processSelectedKeys(NioEventLoop.java:552)\n\tat io.netty.channel.nio.NioEventLoop.run(NioEventLoop.java:514)\n\tat io.netty.util.concurrent.SingleThreadEventExecutor$6.run(SingleThreadEventExecutor.java:1044)\n\tat io.netty.util.internal.ThreadExecutorMap$2.run(ThreadExecutorMap.java:74)\n\tat io.netty.util.concurrent.FastThreadLocalRunnable.run(FastThreadLocalRunnable.java:30)\n\tat java.lang.Thread.run(Thread.java:1012)\n"}}
Thu Jul 30 09:08:21 UTC 2026 | ALL | 07-30 09:08:20.601  4162  4220 I appium  : channel read: POST /session/0ec58237-84ed-40bd-bf67-28bb2b70cae2/element
Thu Jul 30 09:08:21 UTC 2026 | ALL | 07-30 09:08:20.601  4162  4220 I appium  : FindElement command
Thu Jul 30 09:08:21 UTC 2026 | ALL | 07-30 09:08:20.602  4162  4220 I appium  : method: 'xpath', selector: '//*[contains(@text, 'Sign In') or contains(@content-desc, 'Sign In')]'
Thu Jul 30 09:08:21 UTC 2026 | ALL | 07-30 09:08:20.602  4162  4220 I appium  : Waiting up to 10000ms for the device to idle
Thu Jul 30 09:08:21 UTC 2026 | ALL | 07-30 09:08:20.603  4162  4220 I appium  : The following attributes will be included to the page source: [text, content-desc]
Thu Jul 30 09:08:21 UTC 2026 | ALL | 07-30 09:08:20.605  4162  4170 I tomator2.server: Method exceeds compiler instruction limit: 19264 in java_cup.runtime.Symbol org.eclipse.wst.xml.xpath2.processor.internal.CUP$XPathCup$actions.CUP$XPathCup$do_action(int, java_cup.runtime.lr_parser, java.util.Stack, int)
Thu Jul 30 09:08:21 UTC 2026 | ALL | 07-30 09:08:20.610  4162  4220 I appium  : Took 0ms to retrieve 0 matches for '//*[contains(@text, 'Sign In') or contains(@content-desc, 'Sign In')]' XPath2 query
Thu Jul 30 09:08:21 UTC 2026 | ALL | 07-30 09:08:20.611  4162  4220 I appium  : AppiumResponse: {"sessionId":"0ec58237-84ed-40bd-bf67-28bb2b70cae2","value":{"error":"no such element","message":"An element could not be located on the page using the given search parameters","stacktrace":"io.appium.uiautomator2.common.exceptions.ElementNotFoundException: An element could not be located on the page using the given search parameters\n\tat io.appium.uiautomator2.utils.ElementLocationHelpers.findElement(ElementLocationHelpers.java:156)\n\tat io.appium.uiautomator2.handler.FindElement.safeHandle(FindElement.java:60)\n\tat io.appium.uiautomator2.handler.request.SafeRequestHandler.handle(SafeRequestHandler.java:59)\n\tat io.appium.uiautomator2.server.AppiumServlet.handleRequest(AppiumServlet.java:259)\n\tat io.appium.uiautomator2.server.AppiumServlet.handleHttpRequest(AppiumServlet.java:253)\n\tat io.appium.uiautomator2.http.ServerHandler.channelRead(ServerHandler.java:77)\n\tat io.netty.channel.AbstractChannelHandlerContext.invokeChannelRead(AbstractChannelHandlerContext.java:374)\n\tat io.netty.channel.AbstractChannelHandlerContext.invokeChannelRead(AbstractChannelHandlerContext.java:360)\n\tat io.netty.channel.AbstractChannelHandlerContext.fireChannelRead(AbstractChannelHandlerContext.java:352)\n\tat io.netty.handler.codec.MessageToMessageDecoder.channelRead(MessageToMessageDecoder.java:102)\n\tat io.netty.channel.AbstractChannelHandlerContext.invokeChannelRead(AbstractChannelHandlerContext.java:374)\n\tat io.netty.channel.AbstractChannelHandlerContext.invokeChannelRead(AbstractChannelHandlerContext.java:360)\n\tat io.netty.channel.AbstractChannelHandlerContext.fireChannelRead(AbstractChannelHandlerContext.java:352)\n\tat io.netty.channel.CombinedChannelDuplexHandler$DelegatingChannelHandlerContext.fireChannelRead(CombinedChannelDuplexHandler.java:438)\n\tat io.netty.handler.codec.ByteToMessageDecoder.fireChannelRead(ByteToMessageDecoder.java:328)\n\tat io.netty.handler.codec.ByteToMessageDecoder.channelRead(ByteToMessageDecoder.java:302)\n\tat io.netty.channel.CombinedChannelDuplexHandler.channelRead(CombinedChannelDuplexHandler.java:253)\n\tat io.netty.channel.AbstractChannelHandlerContext.invokeChannelRead(AbstractChannelHandlerContext.java:374)\n\tat io.netty.channel.AbstractChannelHandlerContext.invokeChannelRead(AbstractChannelHandlerContext.java:360)\n\tat io.netty.channel.AbstractChannelHandlerContext.fireChannelRead(AbstractChannelHandlerContext.java:352)\n\tat io.netty.handler.timeout.IdleStateHandler.channelRead(IdleStateHandler.java:287)\n\tat io.netty.channel.AbstractChannelHandlerContext.invokeChannelRead(AbstractChannelHandlerContext.java:374)\n\tat io.netty.channel.AbstractChannelHandlerContext.invokeChannelRead(AbstractChannelHandlerContext.java:360)\n\tat io.netty.channel.AbstractChannelHandlerContext.fireChannelRead(AbstractChannelHandlerContext.java:352)\n\tat io.netty.channel.DefaultChannelPipeline$HeadContext.channelRead(DefaultChannelPipeline.java:1422)\n\tat io.netty.channel.AbstractChannelHandlerContext.invokeChannelRead(AbstractChannelHandlerContext.java:374)\n\tat io.netty.channel.AbstractChannelHandlerContext.invokeChannelRead(AbstractChannelHandlerContext.java:360)\n\tat io.netty.channel.DefaultChannelPipeline.fireChannelRead(DefaultChannelPipeline.java:931)\n\tat io.netty.channel.nio.AbstractNioByteChannel$NioByteUnsafe.read(AbstractNioByteChannel.java:163)\n\tat io.netty.channel.nio.NioEventLoop.processSelectedKey(NioEventLoop.java:700)\n\tat io.netty.channel.nio.NioEventLoop.processSelectedKeysOptimized(NioEventLoop.java:635)\n\tat io.netty.channel.nio.NioEventLoop.processSelectedKeys(NioEventLoop.java:552)\n\tat io.netty.channel.nio.NioEventLoop.run(NioEventLoop.java:514)\n\tat io.netty.util.concurrent.SingleThreadEventExecutor$6.run(SingleThreadEventExecutor.java:1044)\n\tat io.netty.util.internal.ThreadExecutorMap$2.run(ThreadExecutorMap.java:74)\n\tat io.netty.util.concurrent.FastThreadLocalRunnable.run(FastThreadLocalRunnable.java:30)\n\tat java.lang.Thread.run(Thread.java:1012)\n"}}
Thu Jul 30 09:08:22 UTC 2026 | ALL | 07-30 09:08:21.115  4162  4220 I appium  : channel read: POST /session/0ec58237-84ed-40bd-bf67-28bb2b70cae2/element
Thu Jul 30 09:08:22 UTC 2026 | ALL | 07-30 09:08:21.115  4162  4220 I appium  : FindElement command
Thu Jul 30 09:08:22 UTC 2026 | ALL | 07-30 09:08:21.115  4162  4220 I appium  : method: 'xpath', selector: '//*[contains(@text, 'Sign In') or contains(@content-desc, 'Sign In')]'
Thu Jul 30 09:08:22 UTC 2026 | ALL | 07-30 09:08:21.115  4162  4220 I appium  : Waiting up to 10000ms for the device to idle
Thu Jul 30 09:08:22 UTC 2026 | ALL | 07-30 09:08:21.116  4162  4220 I appium  : The following attributes will be included to the page source: [text, content-desc]
Thu Jul 30 09:08:22 UTC 2026 | ALL | 07-30 09:08:21.129  4162  4220 I appium  : Took 0ms to retrieve 0 matches for '//*[contains(@text, 'Sign In') or contains(@content-desc, 'Sign In')]' XPath2 query
Thu Jul 30 09:08:22 UTC 2026 | ALL | 07-30 09:08:21.131  4162  4220 I appium  : AppiumResponse: {"sessionId":"0ec58237-84ed-40bd-bf67-28bb2b70cae2","value":{"error":"no such element","message":"An element could not be located on the page using the given search parameters","stacktrace":"io.appium.uiautomator2.common.exceptions.ElementNotFoundException: An element could not be located on the page using the given search parameters\n\tat io.appium.uiautomator2.utils.ElementLocationHelpers.findElement(ElementLocationHelpers.java:156)\n\tat io.appium.uiautomator2.handler.FindElement.safeHandle(FindElement.java:60)\n\tat io.appium.uiautomator2.handler.request.SafeRequestHandler.handle(SafeRequestHandler.java:59)\n\tat io.appium.uiautomator2.server.AppiumServlet.handleRequest(AppiumServlet.java:259)\n\tat io.appium.uiautomator2.server.AppiumServlet.handleHttpRequest(AppiumServlet.java:253)\n\tat io.appium.uiautomator2.http.ServerHandler.channelRead(ServerHandler.java:77)\n\tat io.netty.channel.AbstractChannelHandlerContext.invokeChannelRead(AbstractChannelHandlerContext.java:374)\n\tat io.netty.channel.AbstractChannelHandlerContext.invokeChannelRead(AbstractChannelHandlerContext.java:360)\n\tat io.netty.channel.AbstractChannelHandlerContext.fireChannelRead(AbstractChannelHandlerContext.java:352)\n\tat io.netty.handler.codec.MessageToMessageDecoder.channelRead(MessageToMessageDecoder.java:102)\n\tat io.netty.channel.AbstractChannelHandlerContext.invokeChannelRead(AbstractChannelHandlerContext.java:374)\n\tat io.netty.channel.AbstractChannelHandlerContext.invokeChannelRead(AbstractChannelHandlerContext.java:360)\n\tat io.netty.channel.AbstractChannelHandlerContext.fireChannelRead(AbstractChannelHandlerContext.java:352)\n\tat io.netty.channel.CombinedChannelDuplexHandler$DelegatingChannelHandlerContext.fireChannelRead(CombinedChannelDuplexHandler.java:438)\n\tat io.netty.handler.codec.ByteToMessageDecoder.fireChannelRead(ByteToMessageDecoder.java:328)\n\tat io.netty.handler.codec.ByteToMessageDecoder.channelRead(ByteToMessageDecoder.java:302)\n\tat io.netty.channel.CombinedChannelDuplexHandler.channelRead(CombinedChannelDuplexHandler.java:253)\n\tat io.netty.channel.AbstractChannelHandlerContext.invokeChannelRead(AbstractChannelHandlerContext.java:374)\n\tat io.netty.channel.AbstractChannelHandlerContext.invokeChannelRead(AbstractChannelHandlerContext.java:360)\n\tat io.netty.channel.AbstractChannelHandlerContext.fireChannelRead(AbstractChannelHandlerContext.java:352)\n\tat io.netty.handler.timeout.IdleStateHandler.channelRead(IdleStateHandler.java:287)\n\tat io.netty.channel.AbstractChannelHandlerContext.invokeChannelRead(AbstractChannelHandlerContext.java:374)\n\tat io.netty.channel.AbstractChannelHandlerContext.invokeChannelRead(AbstractChannelHandlerContext.java:360)\n\tat io.netty.channel.AbstractChannelHandlerContext.fireChannelRead(AbstractChannelHandlerContext.java:352)\n\tat io.netty.channel.DefaultChannelPipeline$HeadContext.channelRead(DefaultChannelPipeline.java:1422)\n\tat io.netty.channel.AbstractChannelHandlerContext.invokeChannelRead(AbstractChannelHandlerContext.java:374)\n\tat io.netty.channel.AbstractChannelHandlerContext.invokeChannelRead(AbstractChannelHandlerContext.java:360)\n\tat io.netty.channel.DefaultChannelPipeline.fireChannelRead(DefaultChannelPipeline.java:931)\n\tat io.netty.channel.nio.AbstractNioByteChannel$NioByteUnsafe.read(AbstractNioByteChannel.java:163)\n\tat io.netty.channel.nio.NioEventLoop.processSelectedKey(NioEventLoop.java:700)\n\tat io.netty.channel.nio.NioEventLoop.processSelectedKeysOptimized(NioEventLoop.java:635)\n\tat io.netty.channel.nio.NioEventLoop.processSelectedKeys(NioEventLoop.java:552)\n\tat io.netty.channel.nio.NioEventLoop.run(NioEventLoop.java:514)\n\tat io.netty.util.concurrent.SingleThreadEventExecutor$6.run(SingleThreadEventExecutor.java:1044)\n\tat io.netty.util.internal.ThreadExecutorMap$2.run(ThreadExecutorMap.java:74)\n\tat io.netty.util.concurrent.FastThreadLocalRunnable.run(FastThreadLocalRunnable.java:30)\n\tat java.lang.Thread.run(Thread.java:1012)\n"}}
Thu Jul 30 09:08:22 UTC 2026 | ALL | 07-30 09:08:21.636  4162  4220 I appium  : channel read: POST /session/0ec58237-84ed-40bd-bf67-28bb2b70cae2/element
Thu Jul 30 09:08:22 UTC 2026 | ALL | 07-30 09:08:21.636  4162  4220 I appium  : FindElement command
Thu Jul 30 09:08:22 UTC 2026 | ALL | 07-30 09:08:21.636  4162  4220 I appium  : method: 'xpath', selector: '//*[contains(@text, 'Sign In') or contains(@content-desc, 'Sign In')]'
Thu Jul 30 09:08:22 UTC 2026 | ALL | 07-30 09:08:21.636  4162  4220 I appium  : Waiting up to 10000ms for the device to idle
Thu Jul 30 09:08:22 UTC 2026 | ALL | 07-30 09:08:21.637  4162  4220 I appium  : The following attributes will be included to the page source: [text, content-desc]
Thu Jul 30 09:08:22 UTC 2026 | ALL | 07-30 09:08:21.640  4162  4170 I tomator2.server: Method exceeds compiler instruction limit: 19264 in java_cup.runtime.Symbol org.eclipse.wst.xml.xpath2.processor.internal.CUP$XPathCup$actions.CUP$XPathCup$do_action(int, java_cup.runtime.lr_parser, java.util.Stack, int)
Thu Jul 30 09:08:22 UTC 2026 | ALL | 07-30 09:08:21.647  4162  4220 I appium  : Took 0ms to retrieve 0 matches for '//*[contains(@text, 'Sign In') or contains(@content-desc, 'Sign In')]' XPath2 query
Thu Jul 30 09:08:22 UTC 2026 | ALL | 07-30 09:08:21.648  4162  4220 I appium  : AppiumResponse: {"sessionId":"0ec58237-84ed-40bd-bf67-28bb2b70cae2","value":{"error":"no such element","message":"An element could not be located on the page using the given search parameters","stacktrace":"io.appium.uiautomator2.common.exceptions.ElementNotFoundException: An element could not be located on the page using the given search parameters\n\tat io.appium.uiautomator2.utils.ElementLocationHelpers.findElement(ElementLocationHelpers.java:156)\n\tat io.appium.uiautomator2.handler.FindElement.safeHandle(FindElement.java:60)\n\tat io.appium.uiautomator2.handler.request.SafeRequestHandler.handle(SafeRequestHandler.java:59)\n\tat io.appium.uiautomator2.server.AppiumServlet.handleRequest(AppiumServlet.java:259)\n\tat io.appium.uiautomator2.server.AppiumServlet.handleHttpRequest(AppiumServlet.java:253)\n\tat io.appium.uiautomator2.http.ServerHandler.channelRead(ServerHandler.java:77)\n\tat io.netty.channel.AbstractChannelHandlerContext.invokeChannelRead(AbstractChannelHandlerContext.java:374)\n\tat io.netty.channel.AbstractChannelHandlerContext.invokeChannelRead(AbstractChannelHandlerContext.java:360)\n\tat io.netty.channel.AbstractChannelHandlerContext.fireChannelRead(AbstractChannelHandlerContext.java:352)\n\tat io.netty.handler.codec.MessageToMessageDecoder.channelRead(MessageToMessageDecoder.java:102)\n\tat io.netty.channel.AbstractChannelHandlerContext.invokeChannelRead(AbstractChannelHandlerContext.java:374)\n\tat io.netty.channel.AbstractChannelHandlerContext.invokeChannelRead(AbstractChannelHandlerContext.java:360)\n\tat io.netty.channel.AbstractChannelHandlerContext.fireChannelRead(AbstractChannelHandlerContext.java:352)\n\tat io.netty.channel.CombinedChannelDuplexHandler$DelegatingChannelHandlerContext.fireChannelRead(CombinedChannelDuplexHandler.java:438)\n\tat io.netty.handler.codec.ByteToMessageDecoder.fireChannelRead(ByteToMessageDecoder.java:328)\n\tat io.netty.handler.codec.ByteToMessageDecoder.channelRead(ByteToMessageDecoder.java:302)\n\tat io.netty.channel.CombinedChannelDuplexHandler.channelRead(CombinedChannelDuplexHandler.java:253)\n\tat io.netty.channel.AbstractChannelHandlerContext.invokeChannelRead(AbstractChannelHandlerContext.java:374)\n\tat io.netty.channel.AbstractChannelHandlerContext.invokeChannelRead(AbstractChannelHandlerContext.java:360)\n\tat io.netty.channel.AbstractChannelHandlerContext.fireChannelRead(AbstractChannelHandlerContext.java:352)\n\tat io.netty.handler.timeout.IdleStateHandler.channelRead(IdleStateHandler.java:287)\n\tat io.netty.channel.AbstractChannelHandlerContext.invokeChannelRead(AbstractChannelHandlerContext.java:374)\n\tat io.netty.channel.AbstractChannelHandlerContext.invokeChannelRead(AbstractChannelHandlerContext.java:360)\n\tat io.netty.channel.AbstractChannelHandlerContext.fireChannelRead(AbstractChannelHandlerContext.java:352)\n\tat io.netty.channel.DefaultChannelPipeline$HeadContext.channelRead(DefaultChannelPipeline.java:1422)\n\tat io.netty.channel.AbstractChannelHandlerContext.invokeChannelRead(AbstractChannelHandlerContext.java:374)\n\tat io.netty.channel.AbstractChannelHandlerContext.invokeChannelRead(AbstractChannelHandlerContext.java:360)\n\tat io.netty.channel.DefaultChannelPipeline.fireChannelRead(DefaultChannelPipeline.java:931)\n\tat io.netty.channel.nio.AbstractNioByteChannel$NioByteUnsafe.read(AbstractNioByteChannel.java:163)\n\tat io.netty.channel.nio.NioEventLoop.processSelectedKey(NioEventLoop.java:700)\n\tat io.netty.channel.nio.NioEventLoop.processSelectedKeysOptimized(NioEventLoop.java:635)\n\tat io.netty.channel.nio.NioEventLoop.processSelectedKeys(NioEventLoop.java:552)\n\tat io.netty.channel.nio.NioEventLoop.run(NioEventLoop.java:514)\n\tat io.netty.util.concurrent.SingleThreadEventExecutor$6.run(SingleThreadEventExecutor.java:1044)\n\tat io.netty.util.internal.ThreadExecutorMap$2.run(ThreadExecutorMap.java:74)\n\tat io.netty.util.concurrent.FastThreadLocalRunnable.run(FastThreadLocalRunnable.java:30)\n\tat java.lang.Thread.run(Thread.java:1012)\n"}}
Thu Jul 30 09:08:23 UTC 2026 | ALL | 07-30 09:08:22.152  4162  4220 I appium  : channel read: POST /session/0ec58237-84ed-40bd-bf67-28bb2b70cae2/element
Thu Jul 30 09:08:23 UTC 2026 | ALL | 07-30 09:08:22.152  4162  4220 I appium  : FindElement command
Thu Jul 30 09:08:23 UTC 2026 | ALL | 07-30 09:08:22.152  4162  4220 I appium  : method: 'xpath', selector: '//*[contains(@text, 'Sign In') or contains(@content-desc, 'Sign In')]'
Thu Jul 30 09:08:23 UTC 2026 | ALL | 07-30 09:08:22.153  4162  4220 I appium  : Waiting up to 10000ms for the device to idle
Thu Jul 30 09:08:23 UTC 2026 | ALL | 07-30 09:08:22.153  4162  4220 I appium  : The following attributes will be included to the page source: [text, content-desc]
Thu Jul 30 09:08:23 UTC 2026 | ALL | 07-30 09:08:22.161  4162  4220 I appium  : Took 0ms to retrieve 0 matches for '//*[contains(@text, 'Sign In') or contains(@content-desc, 'Sign In')]' XPath2 query
Thu Jul 30 09:08:23 UTC 2026 | ALL | 07-30 09:08:22.162  4162  4220 I appium  : AppiumResponse: {"sessionId":"0ec58237-84ed-40bd-bf67-28bb2b70cae2","value":{"error":"no such element","message":"An element could not be located on the page using the given search parameters","stacktrace":"io.appium.uiautomator2.common.exceptions.ElementNotFoundException: An element could not be located on the page using the given search parameters\n\tat io.appium.uiautomator2.utils.ElementLocationHelpers.findElement(ElementLocationHelpers.java:156)\n\tat io.appium.uiautomator2.handler.FindElement.safeHandle(FindElement.java:60)\n\tat io.appium.uiautomator2.handler.request.SafeRequestHandler.handle(SafeRequestHandler.java:59)\n\tat io.appium.uiautomator2.server.AppiumServlet.handleRequest(AppiumServlet.java:259)\n\tat io.appium.uiautomator2.server.AppiumServlet.handleHttpRequest(AppiumServlet.java:253)\n\tat io.appium.uiautomator2.http.ServerHandler.channelRead(ServerHandler.java:77)\n\tat io.netty.channel.AbstractChannelHandlerContext.invokeChannelRead(AbstractChannelHandlerContext.java:374)\n\tat io.netty.channel.AbstractChannelHandlerContext.invokeChannelRead(AbstractChannelHandlerContext.java:360)\n\tat io.netty.channel.AbstractChannelHandlerContext.fireChannelRead(AbstractChannelHandlerContext.java:352)\n\tat io.netty.handler.codec.MessageToMessageDecoder.channelRead(MessageToMessageDecoder.java:102)\n\tat io.netty.channel.AbstractChannelHandlerContext.invokeChannelRead(AbstractChannelHandlerContext.java:374)\n\tat io.netty.channel.AbstractChannelHandlerContext.invokeChannelRead(AbstractChannelHandlerContext.java:360)\n\tat io.netty.channel.AbstractChannelHandlerContext.fireChannelRead(AbstractChannelHandlerContext.java:352)\n\tat io.netty.channel.CombinedChannelDuplexHandler$DelegatingChannelHandlerContext.fireChannelRead(CombinedChannelDuplexHandler.java:438)\n\tat io.netty.handler.codec.ByteToMessageDecoder.fireChannelRead(ByteToMessageDecoder.java:328)\n\tat io.netty.handler.codec.ByteToMessageDecoder.channelRead(ByteToMessageDecoder.java:302)\n\tat io.netty.channel.CombinedChannelDuplexHandler.channelRead(CombinedChannelDuplexHandler.java:253)\n\tat io.netty.channel.AbstractChannelHandlerContext.invokeChannelRead(AbstractChannelHandlerContext.java:374)\n\tat io.netty.channel.AbstractChannelHandlerContext.invokeChannelRead(AbstractChannelHandlerContext.java:360)\n\tat io.netty.channel.AbstractChannelHandlerContext.fireChannelRead(AbstractChannelHandlerContext.java:352)\n\tat io.netty.handler.timeout.IdleStateHandler.channelRead(IdleStateHandler.java:287)\n\tat io.netty.channel.AbstractChannelHandlerContext.invokeChannelRead(AbstractChannelHandlerContext.java:374)\n\tat io.netty.channel.AbstractChannelHandlerContext.invokeChannelRead(AbstractChannelHandlerContext.java:360)\n\tat io.netty.channel.AbstractChannelHandlerContext.fireChannelRead(AbstractChannelHandlerContext.java:352)\n\tat io.netty.channel.DefaultChannelPipeline$HeadContext.channelRead(DefaultChannelPipeline.java:1422)\n\tat io.netty.channel.AbstractChannelHandlerContext.invokeChannelRead(AbstractChannelHandlerContext.java:374)\n\tat io.netty.channel.AbstractChannelHandlerContext.invokeChannelRead(AbstractChannelHandlerContext.java:360)\n\tat io.netty.channel.DefaultChannelPipeline.fireChannelRead(DefaultChannelPipeline.java:931)\n\tat io.netty.channel.nio.AbstractNioByteChannel$NioByteUnsafe.read(AbstractNioByteChannel.java:163)\n\tat io.netty.channel.nio.NioEventLoop.processSelectedKey(NioEventLoop.java:700)\n\tat io.netty.channel.nio.NioEventLoop.processSelectedKeysOptimized(NioEventLoop.java:635)\n\tat io.netty.channel.nio.NioEventLoop.processSelectedKeys(NioEventLoop.java:552)\n\tat io.netty.channel.nio.NioEventLoop.run(NioEventLoop.java:514)\n\tat io.netty.util.concurrent.SingleThreadEventExecutor$6.run(SingleThreadEventExecutor.java:1044)\n\tat io.netty.util.internal.ThreadExecutorMap$2.run(ThreadExecutorMap.java:74)\n\tat io.netty.util.concurrent.FastThreadLocalRunnable.run(FastThreadLocalRunnable.java:30)\n\tat java.lang.Thread.run(Thread.java:1012)\n"}}
Thu Jul 30 09:08:23 UTC 2026 | ALL | 07-30 09:08:22.666  4162  4220 I appium  : channel read: POST /session/0ec58237-84ed-40bd-bf67-28bb2b70cae2/element
Thu Jul 30 09:08:23 UTC 2026 | ALL | 07-30 09:08:22.666  4162  4220 I appium  : FindElement command
Thu Jul 30 09:08:23 UTC 2026 | ALL | 07-30 09:08:22.667  4162  4220 I appium  : method: 'xpath', selector: '//*[contains(@text, 'Sign In') or contains(@content-desc, 'Sign In')]'
Thu Jul 30 09:08:23 UTC 2026 | ALL | 07-30 09:08:22.667  4162  4220 I appium  : Waiting up to 10000ms for the device to idle
Thu Jul 30 09:08:23 UTC 2026 | ALL | 07-30 09:08:22.668  4162  4220 I appium  : The following attributes will be included to the page source: [text, content-desc]
Thu Jul 30 09:08:23 UTC 2026 | ALL | 07-30 09:08:22.679  4162  4220 I appium  : Took 0ms to retrieve 0 matches for '//*[contains(@text, 'Sign In') or contains(@content-desc, 'Sign In')]' XPath2 query
Thu Jul 30 09:08:23 UTC 2026 | ALL | 07-30 09:08:22.680  4162  4220 I appium  : AppiumResponse: {"sessionId":"0ec58237-84ed-40bd-bf67-28bb2b70cae2","value":{"error":"no such element","message":"An element could not be located on the page using the given search parameters","stacktrace":"io.appium.uiautomator2.common.exceptions.ElementNotFoundException: An element could not be located on the page using the given search parameters\n\tat io.appium.uiautomator2.utils.ElementLocationHelpers.findElement(ElementLocationHelpers.java:156)\n\tat io.appium.uiautomator2.handler.FindElement.safeHandle(FindElement.java:60)\n\tat io.appium.uiautomator2.handler.request.SafeRequestHandler.handle(SafeRequestHandler.java:59)\n\tat io.appium.uiautomator2.server.AppiumServlet.handleRequest(AppiumServlet.java:259)\n\tat io.appium.uiautomator2.server.AppiumServlet.handleHttpRequest(AppiumServlet.java:253)\n\tat io.appium.uiautomator2.http.ServerHandler.channelRead(ServerHandler.java:77)\n\tat io.netty.channel.AbstractChannelHandlerContext.invokeChannelRead(AbstractChannelHandlerContext.java:374)\n\tat io.netty.channel.AbstractChannelHandlerContext.invokeChannelRead(AbstractChannelHandlerContext.java:360)\n\tat io.netty.channel.AbstractChannelHandlerContext.fireChannelRead(AbstractChannelHandlerContext.java:352)\n\tat io.netty.handler.codec.MessageToMessageDecoder.channelRead(MessageToMessageDecoder.java:102)\n\tat io.netty.channel.AbstractChannelHandlerContext.invokeChannelRead(AbstractChannelHandlerContext.java:374)\n\tat io.netty.channel.AbstractChannelHandlerContext.invokeChannelRead(AbstractChannelHandlerContext.java:360)\n\tat io.netty.channel.AbstractChannelHandlerContext.fireChannelRead(AbstractChannelHandlerContext.java:352)\n\tat io.netty.channel.CombinedChannelDuplexHandler$DelegatingChannelHandlerContext.fireChannelRead(CombinedChannelDuplexHandler.java:438)\n\tat io.netty.handler.codec.ByteToMessageDecoder.fireChannelRead(ByteToMessageDecoder.java:328)\n\tat io.netty.handler.codec.ByteToMessageDecoder.channelRead(ByteToMessageDecoder.java:302)\n\tat io.netty.channel.CombinedChannelDuplexHandler.channelRead(CombinedChannelDuplexHandler.java:253)\n\tat io.netty.channel.AbstractChannelHandlerContext.invokeChannelRead(AbstractChannelHandlerContext.java:374)\n\tat io.netty.channel.AbstractChannelHandlerContext.invokeChannelRead(AbstractChannelHandlerContext.java:360)\n\tat io.netty.channel.AbstractChannelHandlerContext.fireChannelRead(AbstractChannelHandlerContext.java:352)\n\tat io.netty.handler.timeout.IdleStateHandler.channelRead(IdleStateHandler.java:287)\n\tat io.netty.channel.AbstractChannelHandlerContext.invokeChannelRead(AbstractChannelHandlerContext.java:374)\n\tat io.netty.channel.AbstractChannelHandlerContext.invokeChannelRead(AbstractChannelHandlerContext.java:360)\n\tat io.netty.channel.AbstractChannelHandlerContext.fireChannelRead(AbstractChannelHandlerContext.java:352)\n\tat io.netty.channel.DefaultChannelPipeline$HeadContext.channelRead(DefaultChannelPipeline.java:1422)\n\tat io.netty.channel.AbstractChannelHandlerContext.invokeChannelRead(AbstractChannelHandlerContext.java:374)\n\tat io.netty.channel.AbstractChannelHandlerContext.invokeChannelRead(AbstractChannelHandlerContext.java:360)\n\tat io.netty.channel.DefaultChannelPipeline.fireChannelRead(DefaultChannelPipeline.java:931)\n\tat io.netty.channel.nio.AbstractNioByteChannel$NioByteUnsafe.read(AbstractNioByteChannel.java:163)\n\tat io.netty.channel.nio.NioEventLoop.processSelectedKey(NioEventLoop.java:700)\n\tat io.netty.channel.nio.NioEventLoop.processSelectedKeysOptimized(NioEventLoop.java:635)\n\tat io.netty.channel.nio.NioEventLoop.processSelectedKeys(NioEventLoop.java:552)\n\tat io.netty.channel.nio.NioEventLoop.run(NioEventLoop.java:514)\n\tat io.netty.util.concurrent.SingleThreadEventExecutor$6.run(SingleThreadEventExecutor.java:1044)\n\tat io.netty.util.internal.ThreadExecutorMap$2.run(ThreadExecutorMap.java:74)\n\tat io.netty.util.concurrent.FastThreadLocalRunnable.run(FastThreadLocalRunnable.java:30)\n\tat java.lang.Thread.run(Thread.java:1012)\n"}}
Thu Jul 30 09:08:23 UTC 2026 | ALL | 07-30 09:08:22.854  4162  4220 I appium  : channel read: POST /session/0ec58237-84ed-40bd-bf67-28bb2b70cae2/element
Thu Jul 30 09:08:23 UTC 2026 | ALL | 07-30 09:08:22.854  4162  4220 I appium  : FindElement command
Thu Jul 30 09:08:23 UTC 2026 | ALL | 07-30 09:08:22.854  4162  4220 I appium  : method: 'xpath', selector: '//*[contains(@text, 'Sign In') or contains(@content-desc, 'Sign In')]'
Thu Jul 30 09:08:23 UTC 2026 | ALL | 07-30 09:08:22.855  4162  4220 I appium  : Waiting up to 10000ms for the device to idle
Thu Jul 30 09:08:23 UTC 2026 | ALL | 07-30 09:08:22.856  4162  4220 I appium  : The following attributes will be included to the page source: [text, content-desc]
Thu Jul 30 09:08:23 UTC 2026 | ALL | 07-30 09:08:22.859  4162  4170 I tomator2.server: Method exceeds compiler instruction limit: 19264 in java_cup.runtime.Symbol org.eclipse.wst.xml.xpath2.processor.internal.CUP$XPathCup$actions.CUP$XPathCup$do_action(int, java_cup.runtime.lr_parser, java.util.Stack, int)
Thu Jul 30 09:08:23 UTC 2026 | ALL | 07-30 09:08:22.865  4162  4220 I appium  : Took 0ms to retrieve 0 matches for '//*[contains(@text, 'Sign In') or contains(@content-desc, 'Sign In')]' XPath2 query
Thu Jul 30 09:08:23 UTC 2026 | ALL | 07-30 09:08:22.866  4162  4220 I appium  : AppiumResponse: {"sessionId":"0ec58237-84ed-40bd-bf67-28bb2b70cae2","value":{"error":"no such element","message":"An element could not be located on the page using the given search parameters","stacktrace":"io.appium.uiautomator2.common.exceptions.ElementNotFoundException: An element could not be located on the page using the given search parameters\n\tat io.appium.uiautomator2.utils.ElementLocationHelpers.findElement(ElementLocationHelpers.java:156)\n\tat io.appium.uiautomator2.handler.FindElement.safeHandle(FindElement.java:60)\n\tat io.appium.uiautomator2.handler.request.SafeRequestHandler.handle(SafeRequestHandler.java:59)\n\tat io.appium.uiautomator2.server.AppiumServlet.handleRequest(AppiumServlet.java:259)\n\tat io.appium.uiautomator2.server.AppiumServlet.handleHttpRequest(AppiumServlet.java:253)\n\tat io.appium.uiautomator2.http.ServerHandler.channelRead(ServerHandler.java:77)\n\tat io.netty.channel.AbstractChannelHandlerContext.invokeChannelRead(AbstractChannelHandlerContext.java:374)\n\tat io.netty.channel.AbstractChannelHandlerContext.invokeChannelRead(AbstractChannelHandlerContext.java:360)\n\tat io.netty.channel.AbstractChannelHandlerContext.fireChannelRead(AbstractChannelHandlerContext.java:352)\n\tat io.netty.handler.codec.MessageToMessageDecoder.channelRead(MessageToMessageDecoder.java:102)\n\tat io.netty.channel.AbstractChannelHandlerContext.invokeChannelRead(AbstractChannelHandlerContext.java:374)\n\tat io.netty.channel.AbstractChannelHandlerContext.invokeChannelRead(AbstractChannelHandlerContext.java:360)\n\tat io.netty.channel.AbstractChannelHandlerContext.fireChannelRead(AbstractChannelHandlerContext.java:352)\n\tat io.netty.channel.CombinedChannelDuplexHandler$DelegatingChannelHandlerContext.fireChannelRead(CombinedChannelDuplexHandler.java:438)\n\tat io.netty.handler.codec.ByteToMessageDecoder.fireChannelRead(ByteToMessageDecoder.java:328)\n\tat io.netty.handler.codec.ByteToMessageDecoder.channelRead(ByteToMessageDecoder.java:302)\n\tat io.netty.channel.CombinedChannelDuplexHandler.channelRead(CombinedChannelDuplexHandler.java:253)\n\tat io.netty.channel.AbstractChannelHandlerContext.invokeChannelRead(AbstractChannelHandlerContext.java:374)\n\tat io.netty.channel.AbstractChannelHandlerContext.invokeChannelRead(AbstractChannelHandlerContext.java:360)\n\tat io.netty.channel.AbstractChannelHandlerContext.fireChannelRead(AbstractChannelHandlerContext.java:352)\n\tat io.netty.handler.timeout.IdleStateHandler.channelRead(IdleStateHandler.java:287)\n\tat io.netty.channel.AbstractChannelHandlerContext.invokeChannelRead(AbstractChannelHandlerContext.java:374)\n\tat io.netty.channel.AbstractChannelHandlerContext.invokeChannelRead(AbstractChannelHandlerContext.java:360)\n\tat io.netty.channel.AbstractChannelHandlerContext.fireChannelRead(AbstractChannelHandlerContext.java:352)\n\tat io.netty.channel.DefaultChannelPipeline$HeadContext.channelRead(DefaultChannelPipeline.java:1422)\n\tat io.netty.channel.AbstractChannelHandlerContext.invokeChannelRead(AbstractChannelHandlerContext.java:374)\n\tat io.netty.channel.AbstractChannelHandlerContext.invokeChannelRead(AbstractChannelHandlerContext.java:360)\n\tat io.netty.channel.DefaultChannelPipeline.fireChannelRead(DefaultChannelPipeline.java:931)\n\tat io.netty.channel.nio.AbstractNioByteChannel$NioByteUnsafe.read(AbstractNioByteChannel.java:163)\n\tat io.netty.channel.nio.NioEventLoop.processSelectedKey(NioEventLoop.java:700)\n\tat io.netty.channel.nio.NioEventLoop.processSelectedKeysOptimized(NioEventLoop.java:635)\n\tat io.netty.channel.nio.NioEventLoop.processSelectedKeys(NioEventLoop.java:552)\n\tat io.netty.channel.nio.NioEventLoop.run(NioEventLoop.java:514)\n\tat io.netty.util.concurrent.SingleThreadEventExecutor$6.run(SingleThreadEventExecutor.java:1044)\n\tat io.netty.util.internal.ThreadExecutorMap$2.run(ThreadExecutorMap.java:74)\n\tat io.netty.util.concurrent.FastThreadLocalRunnable.run(FastThreadLocalRunnable.java:30)\n\tat java.lang.Thread.run(Thread.java:1012)\n"}}
Thu Jul 30 09:08:23 UTC 2026 | ALL | 07-30 09:08:22.873  4162  4220 I appium  : channel read: POST /session/0ec58237-84ed-40bd-bf67-28bb2b70cae2/element
Thu Jul 30 09:08:23 UTC 2026 | ALL | 07-30 09:08:22.873  4162  4220 I appium  : FindElement command
Thu Jul 30 09:08:23 UTC 2026 | ALL | 07-30 09:08:22.873  4162  4220 I appium  : method: 'xpath', selector: '//*[contains(@text, 'Login') or contains(@content-desc, 'Login')]'
Thu Jul 30 09:08:23 UTC 2026 | ALL | 07-30 09:08:22.874  4162  4220 I appium  : Waiting up to 10000ms for the device to idle
Thu Jul 30 09:08:23 UTC 2026 | ALL | 07-30 09:08:22.875  4162  4220 I appium  : The following attributes will be included to the page source: [text, content-desc]
Thu Jul 30 09:08:23 UTC 2026 | ALL | 07-30 09:08:22.883  4162  4220 I appium  : Took 0ms to retrieve 0 matches for '//*[contains(@text, 'Login') or contains(@content-desc, 'Login')]' XPath2 query
Thu Jul 30 09:08:23 UTC 2026 | ALL | 07-30 09:08:22.884  4162  4220 I appium  : AppiumResponse: {"sessionId":"0ec58237-84ed-40bd-bf67-28bb2b70cae2","value":{"error":"no such element","message":"An element could not be located on the page using the given search parameters","stacktrace":"io.appium.uiautomator2.common.exceptions.ElementNotFoundException: An element could not be located on the page using the given search parameters\n\tat io.appium.uiautomator2.utils.ElementLocationHelpers.findElement(ElementLocationHelpers.java:156)\n\tat io.appium.uiautomator2.handler.FindElement.safeHandle(FindElement.java:60)\n\tat io.appium.uiautomator2.handler.request.SafeRequestHandler.handle(SafeRequestHandler.java:59)\n\tat io.appium.uiautomator2.server.AppiumServlet.handleRequest(AppiumServlet.java:259)\n\tat io.appium.uiautomator2.server.AppiumServlet.handleHttpRequest(AppiumServlet.java:253)\n\tat io.appium.uiautomator2.http.ServerHandler.channelRead(ServerHandler.java:77)\n\tat io.netty.channel.AbstractChannelHandlerContext.invokeChannelRead(AbstractChannelHandlerContext.java:374)\n\tat io.netty.channel.AbstractChannelHandlerContext.invokeChannelRead(AbstractChannelHandlerContext.java:360)\n\tat io.netty.channel.AbstractChannelHandlerContext.fireChannelRead(AbstractChannelHandlerContext.java:352)\n\tat io.netty.handler.codec.MessageToMessageDecoder.channelRead(MessageToMessageDecoder.java:102)\n\tat io.netty.channel.AbstractChannelHandlerContext.invokeChannelRead(AbstractChannelHandlerContext.java:374)\n\tat io.netty.channel.AbstractChannelHandlerContext.invokeChannelRead(AbstractChannelHandlerContext.java:360)\n\tat io.netty.channel.AbstractChannelHandlerContext.fireChannelRead(AbstractChannelHandlerContext.java:352)\n\tat io.netty.channel.CombinedChannelDuplexHandler$DelegatingChannelHandlerContext.fireChannelRead(CombinedChannelDuplexHandler.java:438)\n\tat io.netty.handler.codec.ByteToMessageDecoder.fireChannelRead(ByteToMessageDecoder.java:328)\n\tat io.netty.handler.codec.ByteToMessageDecoder.channelRead(ByteToMessageDecoder.java:302)\n\tat io.netty.channel.CombinedChannelDuplexHandler.channelRead(CombinedChannelDuplexHandler.java:253)\n\tat io.netty.channel.AbstractChannelHandlerContext.invokeChannelRead(AbstractChannelHandlerContext.java:374)\n\tat io.netty.channel.AbstractChannelHandlerContext.invokeChannelRead(AbstractChannelHandlerContext.java:360)\n\tat io.netty.channel.AbstractChannelHandlerContext.fireChannelRead(AbstractChannelHandlerContext.java:352)\n\tat io.netty.handler.timeout.IdleStateHandler.channelRead(IdleStateHandler.java:287)\n\tat io.netty.channel.AbstractChannelHandlerContext.invokeChannelRead(AbstractChannelHandlerContext.java:374)\n\tat io.netty.channel.AbstractChannelHandlerContext.invokeChannelRead(AbstractChannelHandlerContext.java:360)\n\tat io.netty.channel.AbstractChannelHandlerContext.fireChannelRead(AbstractChannelHandlerContext.java:352)\n\tat io.netty.channel.DefaultChannelPipeline$HeadContext.channelRead(DefaultChannelPipeline.java:1422)\n\tat io.netty.channel.AbstractChannelHandlerContext.invokeChannelRead(AbstractChannelHandlerContext.java:374)\n\tat io.netty.channel.AbstractChannelHandlerContext.invokeChannelRead(AbstractChannelHandlerContext.java:360)\n\tat io.netty.channel.DefaultChannelPipeline.fireChannelRead(DefaultChannelPipeline.java:931)\n\tat io.netty.channel.nio.AbstractNioByteChannel$NioByteUnsafe.read(AbstractNioByteChannel.java:163)\n\tat io.netty.channel.nio.NioEventLoop.processSelectedKey(NioEventLoop.java:700)\n\tat io.netty.channel.nio.NioEventLoop.processSelectedKeysOptimized(NioEventLoop.java:635)\n\tat io.netty.channel.nio.NioEventLoop.processSelectedKeys(NioEventLoop.java:552)\n\tat io.netty.channel.nio.NioEventLoop.run(NioEventLoop.java:514)\n\tat io.netty.util.concurrent.SingleThreadEventExecutor$6.run(SingleThreadEventExecutor.java:1044)\n\tat io.netty.util.internal.ThreadExecutorMap$2.run(ThreadExecutorMap.java:74)\n\tat io.netty.util.concurrent.FastThreadLocalRunnable.run(FastThreadLocalRunnable.java:30)\n\tat java.lang.Thread.run(Thread.java:1012)\n"}}
Thu Jul 30 09:08:24 UTC 2026 | ALL | 07-30 09:08:23.152  1817  1817 I wpa_supplicant: wlan0: CTRL-EVENT-BEACON-LOSS 
Thu Jul 30 09:08:24 UTC 2026 | ALL | 07-30 09:08:23.388  4162  4220 I appium  : channel read: POST /session/0ec58237-84ed-40bd-bf67-28bb2b70cae2/element
Thu Jul 30 09:08:24 UTC 2026 | ALL | 07-30 09:08:23.389  4162  4220 I appium  : FindElement command
Thu Jul 30 09:08:24 UTC 2026 | ALL | 07-30 09:08:23.389  4162  4220 I appium  : method: 'xpath', selector: '//*[contains(@text, 'Login') or contains(@content-desc, 'Login')]'
Thu Jul 30 09:08:24 UTC 2026 | ALL | 07-30 09:08:23.390  4162  4220 I appium  : Waiting up to 10000ms for the device to idle
Thu Jul 30 09:08:24 UTC 2026 | ALL | 07-30 09:08:23.391  4162  4220 I appium  : The following attributes will be included to the page source: [text, content-desc]
Thu Jul 30 09:08:24 UTC 2026 | ALL | 07-30 09:08:23.404  4162  4220 I appium  : Took 0ms to retrieve 0 matches for '//*[contains(@text, 'Login') or contains(@content-desc, 'Login')]' XPath2 query
Thu Jul 30 09:08:24 UTC 2026 | ALL | 07-30 09:08:23.405  4162  4220 I appium  : AppiumResponse: {"sessionId":"0ec58237-84ed-40bd-bf67-28bb2b70cae2","value":{"error":"no such element","message":"An element could not be located on the page using the given search parameters","stacktrace":"io.appium.uiautomator2.common.exceptions.ElementNotFoundException: An element could not be located on the page using the given search parameters\n\tat io.appium.uiautomator2.utils.ElementLocationHelpers.findElement(ElementLocationHelpers.java:156)\n\tat io.appium.uiautomator2.handler.FindElement.safeHandle(FindElement.java:60)\n\tat io.appium.uiautomator2.handler.request.SafeRequestHandler.handle(SafeRequestHandler.java:59)\n\tat io.appium.uiautomator2.server.AppiumServlet.handleRequest(AppiumServlet.java:259)\n\tat io.appium.uiautomator2.server.AppiumServlet.handleHttpRequest(AppiumServlet.java:253)\n\tat io.appium.uiautomator2.http.ServerHandler.channelRead(ServerHandler.java:77)\n\tat io.netty.channel.AbstractChannelHandlerContext.invokeChannelRead(AbstractChannelHandlerContext.java:374)\n\tat io.netty.channel.AbstractChannelHandlerContext.invokeChannelRead(AbstractChannelHandlerContext.java:360)\n\tat io.netty.channel.AbstractChannelHandlerContext.fireChannelRead(AbstractChannelHandlerContext.java:352)\n\tat io.netty.handler.codec.MessageToMessageDecoder.channelRead(MessageToMessageDecoder.java:102)\n\tat io.netty.channel.AbstractChannelHandlerContext.invokeChannelRead(AbstractChannelHandlerContext.java:374)\n\tat io.netty.channel.AbstractChannelHandlerContext.invokeChannelRead(AbstractChannelHandlerContext.java:360)\n\tat io.netty.channel.AbstractChannelHandlerContext.fireChannelRead(AbstractChannelHandlerContext.java:352)\n\tat io.netty.channel.CombinedChannelDuplexHandler$DelegatingChannelHandlerContext.fireChannelRead(CombinedChannelDuplexHandler.java:438)\n\tat io.netty.handler.codec.ByteToMessageDecoder.fireChannelRead(ByteToMessageDecoder.java:328)\n\tat io.netty.handler.codec.ByteToMessageDecoder.channelRead(ByteToMessageDecoder.java:302)\n\tat io.netty.channel.CombinedChannelDuplexHandler.channelRead(CombinedChannelDuplexHandler.java:253)\n\tat io.netty.channel.AbstractChannelHandlerContext.invokeChannelRead(AbstractChannelHandlerContext.java:374)\n\tat io.netty.channel.AbstractChannelHandlerContext.invokeChannelRead(AbstractChannelHandlerContext.java:360)\n\tat io.netty.channel.AbstractChannelHandlerContext.fireChannelRead(AbstractChannelHandlerContext.java:352)\n\tat io.netty.handler.timeout.IdleStateHandler.channelRead(IdleStateHandler.java:287)\n\tat io.netty.channel.AbstractChannelHandlerContext.invokeChannelRead(AbstractChannelHandlerContext.java:374)\n\tat io.netty.channel.AbstractChannelHandlerContext.invokeChannelRead(AbstractChannelHandlerContext.java:360)\n\tat io.netty.channel.AbstractChannelHandlerContext.fireChannelRead(AbstractChannelHandlerContext.java:352)\n\tat io.netty.channel.DefaultChannelPipeline$HeadContext.channelRead(DefaultChannelPipeline.java:1422)\n\tat io.netty.channel.AbstractChannelHandlerContext.invokeChannelRead(AbstractChannelHandlerContext.java:374)\n\tat io.netty.channel.AbstractChannelHandlerContext.invokeChannelRead(AbstractChannelHandlerContext.java:360)\n\tat io.netty.channel.DefaultChannelPipeline.fireChannelRead(DefaultChannelPipeline.java:931)\n\tat io.netty.channel.nio.AbstractNioByteChannel$NioByteUnsafe.read(AbstractNioByteChannel.java:163)\n\tat io.netty.channel.nio.NioEventLoop.processSelectedKey(NioEventLoop.java:700)\n\tat io.netty.channel.nio.NioEventLoop.processSelectedKeysOptimized(NioEventLoop.java:635)\n\tat io.netty.channel.nio.NioEventLoop.processSelectedKeys(NioEventLoop.java:552)\n\tat io.netty.channel.nio.NioEventLoop.run(NioEventLoop.java:514)\n\tat io.netty.util.concurrent.SingleThreadEventExecutor$6.run(SingleThreadEventExecutor.java:1044)\n\tat io.netty.util.internal.ThreadExecutorMap$2.run(ThreadExecutorMap.java:74)\n\tat io.netty.util.concurrent.FastThreadLocalRunnable.run(FastThreadLocalRunnable.java:30)\n\tat java.lang.Thread.run(Thread.java:1012)\n"}}
Thu Jul 30 09:08:24 UTC 2026 | ALL | 07-30 09:08:23.910  4162  4220 I appium  : channel read: POST /session/0ec58237-84ed-40bd-bf67-28bb2b70cae2/element
Thu Jul 30 09:08:24 UTC 2026 | ALL | 07-30 09:08:23.910  4162  4220 I appium  : FindElement command
Thu Jul 30 09:08:24 UTC 2026 | ALL | 07-30 09:08:23.910  4162  4220 I appium  : method: 'xpath', selector: '//*[contains(@text, 'Login') or contains(@content-desc, 'Login')]'
Thu Jul 30 09:08:24 UTC 2026 | ALL | 07-30 09:08:23.910  4162  4220 I appium  : Waiting up to 10000ms for the device to idle
Thu Jul 30 09:08:24 UTC 2026 | ALL | 07-30 09:08:23.911  4162  4220 I appium  : The following attributes will be included to the page source: [text, content-desc]
Thu Jul 30 09:08:24 UTC 2026 | ALL | 07-30 09:08:23.914  4162  4170 I tomator2.server: Method exceeds compiler instruction limit: 19264 in java_cup.runtime.Symbol org.eclipse.wst.xml.xpath2.processor.internal.CUP$XPathCup$actions.CUP$XPathCup$do_action(int, java_cup.runtime.lr_parser, java.util.Stack, int)
Thu Jul 30 09:08:24 UTC 2026 | ALL | 07-30 09:08:23.920  4162  4220 I appium  : Took 0ms to retrieve 0 matches for '//*[contains(@text, 'Login') or contains(@content-desc, 'Login')]' XPath2 query
Thu Jul 30 09:08:24 UTC 2026 | ALL | 07-30 09:08:23.921  4162  4220 I appium  : AppiumResponse: {"sessionId":"0ec58237-84ed-40bd-bf67-28bb2b70cae2","value":{"error":"no such element","message":"An element could not be located on the page using the given search parameters","stacktrace":"io.appium.uiautomator2.common.exceptions.ElementNotFoundException: An element could not be located on the page using the given search parameters\n\tat io.appium.uiautomator2.utils.ElementLocationHelpers.findElement(ElementLocationHelpers.java:156)\n\tat io.appium.uiautomator2.handler.FindElement.safeHandle(FindElement.java:60)\n\tat io.appium.uiautomator2.handler.request.SafeRequestHandler.handle(SafeRequestHandler.java:59)\n\tat io.appium.uiautomator2.server.AppiumServlet.handleRequest(AppiumServlet.java:259)\n\tat io.appium.uiautomator2.server.AppiumServlet.handleHttpRequest(AppiumServlet.java:253)\n\tat io.appium.uiautomator2.http.ServerHandler.channelRead(ServerHandler.java:77)\n\tat io.netty.channel.AbstractChannelHandlerContext.invokeChannelRead(AbstractChannelHandlerContext.java:374)\n\tat io.netty.channel.AbstractChannelHandlerContext.invokeChannelRead(AbstractChannelHandlerContext.java:360)\n\tat io.netty.channel.AbstractChannelHandlerContext.fireChannelRead(AbstractChannelHandlerContext.java:352)\n\tat io.netty.handler.codec.MessageToMessageDecoder.channelRead(MessageToMessageDecoder.java:102)\n\tat io.netty.channel.AbstractChannelHandlerContext.invokeChannelRead(AbstractChannelHandlerContext.java:374)\n\tat io.netty.channel.AbstractChannelHandlerContext.invokeChannelRead(AbstractChannelHandlerContext.java:360)\n\tat io.netty.channel.AbstractChannelHandlerContext.fireChannelRead(AbstractChannelHandlerContext.java:352)\n\tat io.netty.channel.CombinedChannelDuplexHandler$DelegatingChannelHandlerContext.fireChannelRead(CombinedChannelDuplexHandler.java:438)\n\tat io.netty.handler.codec.ByteToMessageDecoder.fireChannelRead(ByteToMessageDecoder.java:328)\n\tat io.netty.handler.codec.ByteToMessageDecoder.channelRead(ByteToMessageDecoder.java:302)\n\tat io.netty.channel.CombinedChannelDuplexHandler.channelRead(CombinedChannelDuplexHandler.java:253)\n\tat io.netty.channel.AbstractChannelHandlerContext.invokeChannelRead(AbstractChannelHandlerContext.java:374)\n\tat io.netty.channel.AbstractChannelHandlerContext.invokeChannelRead(AbstractChannelHandlerContext.java:360)\n\tat io.netty.channel.AbstractChannelHandlerContext.fireChannelRead(AbstractChannelHandlerContext.java:352)\n\tat io.netty.handler.timeout.IdleStateHandler.channelRead(IdleStateHandler.java:287)\n\tat io.netty.channel.AbstractChannelHandlerContext.invokeChannelRead(AbstractChannelHandlerContext.java:374)\n\tat io.netty.channel.AbstractChannelHandlerContext.invokeChannelRead(AbstractChannelHandlerContext.java:360)\n\tat io.netty.channel.AbstractChannelHandlerContext.fireChannelRead(AbstractChannelHandlerContext.java:352)\n\tat io.netty.channel.DefaultChannelPipeline$HeadContext.channelRead(DefaultChannelPipeline.java:1422)\n\tat io.netty.channel.AbstractChannelHandlerContext.invokeChannelRead(AbstractChannelHandlerContext.java:374)\n\tat io.netty.channel.AbstractChannelHandlerContext.invokeChannelRead(AbstractChannelHandlerContext.java:360)\n\tat io.netty.channel.DefaultChannelPipeline.fireChannelRead(DefaultChannelPipeline.java:931)\n\tat io.netty.channel.nio.AbstractNioByteChannel$NioByteUnsafe.read(AbstractNioByteChannel.java:163)\n\tat io.netty.channel.nio.NioEventLoop.processSelectedKey(NioEventLoop.java:700)\n\tat io.netty.channel.nio.NioEventLoop.processSelectedKeysOptimized(NioEventLoop.java:635)\n\tat io.netty.channel.nio.NioEventLoop.processSelectedKeys(NioEventLoop.java:552)\n\tat io.netty.channel.nio.NioEventLoop.run(NioEventLoop.java:514)\n\tat io.netty.util.concurrent.SingleThreadEventExecutor$6.run(SingleThreadEventExecutor.java:1044)\n\tat io.netty.util.internal.ThreadExecutorMap$2.run(ThreadExecutorMap.java:74)\n\tat io.netty.util.concurrent.FastThreadLocalRunnable.run(FastThreadLocalRunnable.java:30)\n\tat java.lang.Thread.run(Thread.java:1012)\n"}}
Thu Jul 30 09:08:25 UTC 2026 | ALL | 07-30 09:08:24.426  4162  4220 I appium  : channel read: POST /session/0ec58237-84ed-40bd-bf67-28bb2b70cae2/element
Thu Jul 30 09:08:25 UTC 2026 | ALL | 07-30 09:08:24.426  4162  4220 I appium  : FindElement command
Thu Jul 30 09:08:25 UTC 2026 | ALL | 07-30 09:08:24.427  4162  4220 I appium  : method: 'xpath', selector: '//*[contains(@text, 'Login') or contains(@content-desc, 'Login')]'
Thu Jul 30 09:08:25 UTC 2026 | ALL | 07-30 09:08:24.427  4162  4220 I appium  : Waiting up to 10000ms for the device to idle
Thu Jul 30 09:08:25 UTC 2026 | ALL | 07-30 09:08:24.428  4162  4220 I appium  : The following attributes will be included to the page source: [text, content-desc]
Thu Jul 30 09:08:25 UTC 2026 | ALL | 07-30 09:08:24.439  4162  4220 I appium  : Took 0ms to retrieve 0 matches for '//*[contains(@text, 'Login') or contains(@content-desc, 'Login')]' XPath2 query
Thu Jul 30 09:08:25 UTC 2026 | ALL | 07-30 09:08:24.440  4162  4220 I appium  : AppiumResponse: {"sessionId":"0ec58237-84ed-40bd-bf67-28bb2b70cae2","value":{"error":"no such element","message":"An element could not be located on the page using the given search parameters","stacktrace":"io.appium.uiautomator2.common.exceptions.ElementNotFoundException: An element could not be located on the page using the given search parameters\n\tat io.appium.uiautomator2.utils.ElementLocationHelpers.findElement(ElementLocationHelpers.java:156)\n\tat io.appium.uiautomator2.handler.FindElement.safeHandle(FindElement.java:60)\n\tat io.appium.uiautomator2.handler.request.SafeRequestHandler.handle(SafeRequestHandler.java:59)\n\tat io.appium.uiautomator2.server.AppiumServlet.handleRequest(AppiumServlet.java:259)\n\tat io.appium.uiautomator2.server.AppiumServlet.handleHttpRequest(AppiumServlet.java:253)\n\tat io.appium.uiautomator2.http.ServerHandler.channelRead(ServerHandler.java:77)\n\tat io.netty.channel.AbstractChannelHandlerContext.invokeChannelRead(AbstractChannelHandlerContext.java:374)\n\tat io.netty.channel.AbstractChannelHandlerContext.invokeChannelRead(AbstractChannelHandlerContext.java:360)\n\tat io.netty.channel.AbstractChannelHandlerContext.fireChannelRead(AbstractChannelHandlerContext.java:352)\n\tat io.netty.handler.codec.MessageToMessageDecoder.channelRead(MessageToMessageDecoder.java:102)\n\tat io.netty.channel.AbstractChannelHandlerContext.invokeChannelRead(AbstractChannelHandlerContext.java:374)\n\tat io.netty.channel.AbstractChannelHandlerContext.invokeChannelRead(AbstractChannelHandlerContext.java:360)\n\tat io.netty.channel.AbstractChannelHandlerContext.fireChannelRead(AbstractChannelHandlerContext.java:352)\n\tat io.netty.channel.CombinedChannelDuplexHandler$DelegatingChannelHandlerContext.fireChannelRead(CombinedChannelDuplexHandler.java:438)\n\tat io.netty.handler.codec.ByteToMessageDecoder.fireChannelRead(ByteToMessageDecoder.java:328)\n\tat io.netty.handler.codec.ByteToMessageDecoder.channelRead(ByteToMessageDecoder.java:302)\n\tat io.netty.channel.CombinedChannelDuplexHandler.channelRead(CombinedChannelDuplexHandler.java:253)\n\tat io.netty.channel.AbstractChannelHandlerContext.invokeChannelRead(AbstractChannelHandlerContext.java:374)\n\tat io.netty.channel.AbstractChannelHandlerContext.invokeChannelRead(AbstractChannelHandlerContext.java:360)\n\tat io.netty.channel.AbstractChannelHandlerContext.fireChannelRead(AbstractChannelHandlerContext.java:352)\n\tat io.netty.handler.timeout.IdleStateHandler.channelRead(IdleStateHandler.java:287)\n\tat io.netty.channel.AbstractChannelHandlerContext.invokeChannelRead(AbstractChannelHandlerContext.java:374)\n\tat io.netty.channel.AbstractChannelHandlerContext.invokeChannelRead(AbstractChannelHandlerContext.java:360)\n\tat io.netty.channel.AbstractChannelHandlerContext.fireChannelRead(AbstractChannelHandlerContext.java:352)\n\tat io.netty.channel.DefaultChannelPipeline$HeadContext.channelRead(DefaultChannelPipeline.java:1422)\n\tat io.netty.channel.AbstractChannelHandlerContext.invokeChannelRead(AbstractChannelHandlerContext.java:374)\n\tat io.netty.channel.AbstractChannelHandlerContext.invokeChannelRead(AbstractChannelHandlerContext.java:360)\n\tat io.netty.channel.DefaultChannelPipeline.fireChannelRead(DefaultChannelPipeline.java:931)\n\tat io.netty.channel.nio.AbstractNioByteChannel$NioByteUnsafe.read(AbstractNioByteChannel.java:163)\n\tat io.netty.channel.nio.NioEventLoop.processSelectedKey(NioEventLoop.java:700)\n\tat io.netty.channel.nio.NioEventLoop.processSelectedKeysOptimized(NioEventLoop.java:635)\n\tat io.netty.channel.nio.NioEventLoop.processSelectedKeys(NioEventLoop.java:552)\n\tat io.netty.channel.nio.NioEventLoop.run(NioEventLoop.java:514)\n\tat io.netty.util.concurrent.SingleThreadEventExecutor$6.run(SingleThreadEventExecutor.java:1044)\n\tat io.netty.util.internal.ThreadExecutorMap$2.run(ThreadExecutorMap.java:74)\n\tat io.netty.util.concurrent.FastThreadLocalRunnable.run(FastThreadLocalRunnable.java:30)\n\tat java.lang.Thread.run(Thread.java:1012)\n"}}
Thu Jul 30 09:08:25 UTC 2026 | ALL | 07-30 09:08:24.604   560   664 D ActivityManager: freezing 1412 com.google.android.gms
Thu Jul 30 09:08:25 UTC 2026 | ALL | 07-30 09:08:24.604   560   664 D ActivityManager: freezing 2201 com.google.android.gms.unstable
Thu Jul 30 09:08:25 UTC 2026 | ALL | 07-30 09:08:24.605   560   664 D ActivityManager: freezing 3247 com.google.android.gms.ui
Thu Jul 30 09:08:25 UTC 2026 | ALL | 07-30 09:08:24.944  4162  4220 I appium  : channel read: POST /session/0ec58237-84ed-40bd-bf67-28bb2b70cae2/element
Thu Jul 30 09:08:25 UTC 2026 | ALL | 07-30 09:08:24.944  4162  4220 I appium  : FindElement command
Thu Jul 30 09:08:25 UTC 2026 | ALL | 07-30 09:08:24.945  4162  4220 I appium  : method: 'xpath', selector: '//*[contains(@text, 'Login') or contains(@content-desc, 'Login')]'
Thu Jul 30 09:08:25 UTC 2026 | ALL | 07-30 09:08:24.945  4162  4220 I appium  : Waiting up to 10000ms for the device to idle
Thu Jul 30 09:08:25 UTC 2026 | ALL | 07-30 09:08:24.946  4162  4220 I appium  : The following attributes will be included to the page source: [text, content-desc]
Thu Jul 30 09:08:25 UTC 2026 | ALL | 07-30 09:08:24.949  4162  4170 I tomator2.server: Method exceeds compiler instruction limit: 19264 in java_cup.runtime.Symbol org.eclipse.wst.xml.xpath2.processor.internal.CUP$XPathCup$actions.CUP$XPathCup$do_action(int, java_cup.runtime.lr_parser, java.util.Stack, int)
Thu Jul 30 09:08:25 UTC 2026 | ALL | 07-30 09:08:24.956  4162  4220 I appium  : Took 0ms to retrieve 0 matches for '//*[contains(@text, 'Login') or contains(@content-desc, 'Login')]' XPath2 query
Thu Jul 30 09:08:25 UTC 2026 | ALL | 07-30 09:08:24.957  4162  4220 I appium  : AppiumResponse: {"sessionId":"0ec58237-84ed-40bd-bf67-28bb2b70cae2","value":{"error":"no such element","message":"An element could not be located on the page using the given search parameters","stacktrace":"io.appium.uiautomator2.common.exceptions.ElementNotFoundException: An element could not be located on the page using the given search parameters\n\tat io.appium.uiautomator2.utils.ElementLocationHelpers.findElement(ElementLocationHelpers.java:156)\n\tat io.appium.uiautomator2.handler.FindElement.safeHandle(FindElement.java:60)\n\tat io.appium.uiautomator2.handler.request.SafeRequestHandler.handle(SafeRequestHandler.java:59)\n\tat io.appium.uiautomator2.server.AppiumServlet.handleRequest(AppiumServlet.java:259)\n\tat io.appium.uiautomator2.server.AppiumServlet.handleHttpRequest(AppiumServlet.java:253)\n\tat io.appium.uiautomator2.http.ServerHandler.channelRead(ServerHandler.java:77)\n\tat io.netty.channel.AbstractChannelHandlerContext.invokeChannelRead(AbstractChannelHandlerContext.java:374)\n\tat io.netty.channel.AbstractChannelHandlerContext.invokeChannelRead(AbstractChannelHandlerContext.java:360)\n\tat io.netty.channel.AbstractChannelHandlerContext.fireChannelRead(AbstractChannelHandlerContext.java:352)\n\tat io.netty.handler.codec.MessageToMessageDecoder.channelRead(MessageToMessageDecoder.java:102)\n\tat io.netty.channel.AbstractChannelHandlerContext.invokeChannelRead(AbstractChannelHandlerContext.java:374)\n\tat io.netty.channel.AbstractChannelHandlerContext.invokeChannelRead(AbstractChannelHandlerContext.java:360)\n\tat io.netty.channel.AbstractChannelHandlerContext.fireChannelRead(AbstractChannelHandlerContext.java:352)\n\tat io.netty.channel.CombinedChannelDuplexHandler$DelegatingChannelHandlerContext.fireChannelRead(CombinedChannelDuplexHandler.java:438)\n\tat io.netty.handler.codec.ByteToMessageDecoder.fireChannelRead(ByteToMessageDecoder.java:328)\n\tat io.netty.handler.codec.ByteToMessageDecoder.channelRead(ByteToMessageDecoder.java:302)\n\tat io.netty.channel.CombinedChannelDuplexHandler.channelRead(CombinedChannelDuplexHandler.java:253)\n\tat io.netty.channel.AbstractChannelHandlerContext.invokeChannelRead(AbstractChannelHandlerContext.java:374)\n\tat io.netty.channel.AbstractChannelHandlerContext.invokeChannelRead(AbstractChannelHandlerContext.java:360)\n\tat io.netty.channel.AbstractChannelHandlerContext.fireChannelRead(AbstractChannelHandlerContext.java:352)\n\tat io.netty.handler.timeout.IdleStateHandler.channelRead(IdleStateHandler.java:287)\n\tat io.netty.channel.AbstractChannelHandlerContext.invokeChannelRead(AbstractChannelHandlerContext.java:374)\n\tat io.netty.channel.AbstractChannelHandlerContext.invokeChannelRead(AbstractChannelHandlerContext.java:360)\n\tat io.netty.channel.AbstractChannelHandlerContext.fireChannelRead(AbstractChannelHandlerContext.java:352)\n\tat io.netty.channel.DefaultChannelPipeline$HeadContext.channelRead(DefaultChannelPipeline.java:1422)\n\tat io.netty.channel.AbstractChannelHandlerContext.invokeChannelRead(AbstractChannelHandlerContext.java:374)\n\tat io.netty.channel.AbstractChannelHandlerContext.invokeChannelRead(AbstractChannelHandlerContext.java:360)\n\tat io.netty.channel.DefaultChannelPipeline.fireChannelRead(DefaultChannelPipeline.java:931)\n\tat io.netty.channel.nio.AbstractNioByteChannel$NioByteUnsafe.read(AbstractNioByteChannel.java:163)\n\tat io.netty.channel.nio.NioEventLoop.processSelectedKey(NioEventLoop.java:700)\n\tat io.netty.channel.nio.NioEventLoop.processSelectedKeysOptimized(NioEventLoop.java:635)\n\tat io.netty.channel.nio.NioEventLoop.processSelectedKeys(NioEventLoop.java:552)\n\tat io.netty.channel.nio.NioEventLoop.run(NioEventLoop.java:514)\n\tat io.netty.util.concurrent.SingleThreadEventExecutor$6.run(SingleThreadEventExecutor.java:1044)\n\tat io.netty.util.internal.ThreadExecutorMap$2.run(ThreadExecutorMap.java:74)\n\tat io.netty.util.concurrent.FastThreadLocalRunnable.run(FastThreadLocalRunnable.java:30)\n\tat java.lang.Thread.run(Thread.java:1012)\n"}}
Thu Jul 30 09:08:26 UTC 2026 | ALL | 07-30 09:08:25.461  4162  4220 I appium  : channel read: POST /session/0ec58237-84ed-40bd-bf67-28bb2b70cae2/element
Thu Jul 30 09:08:26 UTC 2026 | ALL | 07-30 09:08:25.461  4162  4220 I appium  : FindElement command
Thu Jul 30 09:08:26 UTC 2026 | ALL | 07-30 09:08:25.462  4162  4220 I appium  : method: 'xpath', selector: '//*[contains(@text, 'Login') or contains(@content-desc, 'Login')]'
Thu Jul 30 09:08:26 UTC 2026 | ALL | 07-30 09:08:25.462  4162  4220 I appium  : Waiting up to 10000ms for the device to idle
Thu Jul 30 09:08:26 UTC 2026 | ALL | 07-30 09:08:25.463  4162  4220 I appium  : The following attributes will be included to the page source: [text, content-desc]
Thu Jul 30 09:08:26 UTC 2026 | ALL | 07-30 09:08:25.475  4162  4220 I appium  : Took 0ms to retrieve 0 matches for '//*[contains(@text, 'Login') or contains(@content-desc, 'Login')]' XPath2 query
Thu Jul 30 09:08:26 UTC 2026 | ALL | 07-30 09:08:25.476  4162  4220 I appium  : AppiumResponse: {"sessionId":"0ec58237-84ed-40bd-bf67-28bb2b70cae2","value":{"error":"no such element","message":"An element could not be located on the page using the given search parameters","stacktrace":"io.appium.uiautomator2.common.exceptions.ElementNotFoundException: An element could not be located on the page using the given search parameters\n\tat io.appium.uiautomator2.utils.ElementLocationHelpers.findElement(ElementLocationHelpers.java:156)\n\tat io.appium.uiautomator2.handler.FindElement.safeHandle(FindElement.java:60)\n\tat io.appium.uiautomator2.handler.request.SafeRequestHandler.handle(SafeRequestHandler.java:59)\n\tat io.appium.uiautomator2.server.AppiumServlet.handleRequest(AppiumServlet.java:259)\n\tat io.appium.uiautomator2.server.AppiumServlet.handleHttpRequest(AppiumServlet.java:253)\n\tat io.appium.uiautomator2.http.ServerHandler.channelRead(ServerHandler.java:77)\n\tat io.netty.channel.AbstractChannelHandlerContext.invokeChannelRead(AbstractChannelHandlerContext.java:374)\n\tat io.netty.channel.AbstractChannelHandlerContext.invokeChannelRead(AbstractChannelHandlerContext.java:360)\n\tat io.netty.channel.AbstractChannelHandlerContext.fireChannelRead(AbstractChannelHandlerContext.java:352)\n\tat io.netty.handler.codec.MessageToMessageDecoder.channelRead(MessageToMessageDecoder.java:102)\n\tat io.netty.channel.AbstractChannelHandlerContext.invokeChannelRead(AbstractChannelHandlerContext.java:374)\n\tat io.netty.channel.AbstractChannelHandlerContext.invokeChannelRead(AbstractChannelHandlerContext.java:360)\n\tat io.netty.channel.AbstractChannelHandlerContext.fireChannelRead(AbstractChannelHandlerContext.java:352)\n\tat io.netty.channel.CombinedChannelDuplexHandler$DelegatingChannelHandlerContext.fireChannelRead(CombinedChannelDuplexHandler.java:438)\n\tat io.netty.handler.codec.ByteToMessageDecoder.fireChannelRead(ByteToMessageDecoder.java:328)\n\tat io.netty.handler.codec.ByteToMessageDecoder.channelRead(ByteToMessageDecoder.java:302)\n\tat io.netty.channel.CombinedChannelDuplexHandler.channelRead(CombinedChannelDuplexHandler.java:253)\n\tat io.netty.channel.AbstractChannelHandlerContext.invokeChannelRead(AbstractChannelHandlerContext.java:374)\n\tat io.netty.channel.AbstractChannelHandlerContext.invokeChannelRead(AbstractChannelHandlerContext.java:360)\n\tat io.netty.channel.AbstractChannelHandlerContext.fireChannelRead(AbstractChannelHandlerContext.java:352)\n\tat io.netty.handler.timeout.IdleStateHandler.channelRead(IdleStateHandler.java:287)\n\tat io.netty.channel.AbstractChannelHandlerContext.invokeChannelRead(AbstractChannelHandlerContext.java:374)\n\tat io.netty.channel.AbstractChannelHandlerContext.invokeChannelRead(AbstractChannelHandlerContext.java:360)\n\tat io.netty.channel.AbstractChannelHandlerContext.fireChannelRead(AbstractChannelHandlerContext.java:352)\n\tat io.netty.channel.DefaultChannelPipeline$HeadContext.channelRead(DefaultChannelPipeline.java:1422)\n\tat io.netty.channel.AbstractChannelHandlerContext.invokeChannelRead(AbstractChannelHandlerContext.java:374)\n\tat io.netty.channel.AbstractChannelHandlerContext.invokeChannelRead(AbstractChannelHandlerContext.java:360)\n\tat io.netty.channel.DefaultChannelPipeline.fireChannelRead(DefaultChannelPipeline.java:931)\n\tat io.netty.channel.nio.AbstractNioByteChannel$NioByteUnsafe.read(AbstractNioByteChannel.java:163)\n\tat io.netty.channel.nio.NioEventLoop.processSelectedKey(NioEventLoop.java:700)\n\tat io.netty.channel.nio.NioEventLoop.processSelectedKeysOptimized(NioEventLoop.java:635)\n\tat io.netty.channel.nio.NioEventLoop.processSelectedKeys(NioEventLoop.java:552)\n\tat io.netty.channel.nio.NioEventLoop.run(NioEventLoop.java:514)\n\tat io.netty.util.concurrent.SingleThreadEventExecutor$6.run(SingleThreadEventExecutor.java:1044)\n\tat io.netty.util.internal.ThreadExecutorMap$2.run(ThreadExecutorMap.java:74)\n\tat io.netty.util.concurrent.FastThreadLocalRunnable.run(FastThreadLocalRunnable.java:30)\n\tat java.lang.Thread.run(Thread.java:1012)\n"}}
Thu Jul 30 09:08:26 UTC 2026 | ALL | 07-30 09:08:25.491   560  1619 D OomAdjuster: Not killing cached processes
Thu Jul 30 09:08:26 UTC 2026 | ALL | 07-30 09:08:25.981  4162  4220 I appium  : channel read: POST /session/0ec58237-84ed-40bd-bf67-28bb2b70cae2/element
Thu Jul 30 09:08:26 UTC 2026 | ALL | 07-30 09:08:25.981  4162  4220 I appium  : FindElement command
Thu Jul 30 09:08:26 UTC 2026 | ALL | 07-30 09:08:25.982  4162  4220 I appium  : method: 'xpath', selector: '//*[contains(@text, 'Login') or contains(@content-desc, 'Login')]'
Thu Jul 30 09:08:26 UTC 2026 | ALL | 07-30 09:08:25.982  4162  4220 I appium  : Waiting up to 10000ms for the device to idle
Thu Jul 30 09:08:26 UTC 2026 | ALL | 07-30 09:08:25.983  4162  4220 I appium  : The following attributes will be included to the page source: [text, content-desc]
Thu Jul 30 09:08:26 UTC 2026 | ALL | 07-30 09:08:25.993  4162  4220 I appium  : Took 0ms to retrieve 0 matches for '//*[contains(@text, 'Login') or contains(@content-desc, 'Login')]' XPath2 query
Thu Jul 30 09:08:26 UTC 2026 | ALL | 07-30 09:08:25.994  4162  4220 I appium  : AppiumResponse: {"sessionId":"0ec58237-84ed-40bd-bf67-28bb2b70cae2","value":{"error":"no such element","message":"An element could not be located on the page using the given search parameters","stacktrace":"io.appium.uiautomator2.common.exceptions.ElementNotFoundException: An element could not be located on the page using the given search parameters\n\tat io.appium.uiautomator2.utils.ElementLocationHelpers.findElement(ElementLocationHelpers.java:156)\n\tat io.appium.uiautomator2.handler.FindElement.safeHandle(FindElement.java:60)\n\tat io.appium.uiautomator2.handler.request.SafeRequestHandler.handle(SafeRequestHandler.java:59)\n\tat io.appium.uiautomator2.server.AppiumServlet.handleRequest(AppiumServlet.java:259)\n\tat io.appium.uiautomator2.server.AppiumServlet.handleHttpRequest(AppiumServlet.java:253)\n\tat io.appium.uiautomator2.http.ServerHandler.channelRead(ServerHandler.java:77)\n\tat io.netty.channel.AbstractChannelHandlerContext.invokeChannelRead(AbstractChannelHandlerContext.java:374)\n\tat io.netty.channel.AbstractChannelHandlerContext.invokeChannelRead(AbstractChannelHandlerContext.java:360)\n\tat io.netty.channel.AbstractChannelHandlerContext.fireChannelRead(AbstractChannelHandlerContext.java:352)\n\tat io.netty.handler.codec.MessageToMessageDecoder.channelRead(MessageToMessageDecoder.java:102)\n\tat io.netty.channel.AbstractChannelHandlerContext.invokeChannelRead(AbstractChannelHandlerContext.java:374)\n\tat io.netty.channel.AbstractChannelHandlerContext.invokeChannelRead(AbstractChannelHandlerContext.java:360)\n\tat io.netty.channel.AbstractChannelHandlerContext.fireChannelRead(AbstractChannelHandlerContext.java:352)\n\tat io.netty.channel.CombinedChannelDuplexHandler$DelegatingChannelHandlerContext.fireChannelRead(CombinedChannelDuplexHandler.java:438)\n\tat io.netty.handler.codec.ByteToMessageDecoder.fireChannelRead(ByteToMessageDecoder.java:328)\n\tat io.netty.handler.codec.ByteToMessageDecoder.channelRead(ByteToMessageDecoder.java:302)\n\tat io.netty.channel.CombinedChannelDuplexHandler.channelRead(CombinedChannelDuplexHandler.java:253)\n\tat io.netty.channel.AbstractChannelHandlerContext.invokeChannelRead(AbstractChannelHandlerContext.java:374)\n\tat io.netty.channel.AbstractChannelHandlerContext.invokeChannelRead(AbstractChannelHandlerContext.java:360)\n\tat io.netty.channel.AbstractChannelHandlerContext.fireChannelRead(AbstractChannelHandlerContext.java:352)\n\tat io.netty.handler.timeout.IdleStateHandler.channelRead(IdleStateHandler.java:287)\n\tat io.netty.channel.AbstractChannelHandlerContext.invokeChannelRead(AbstractChannelHandlerContext.java:374)\n\tat io.netty.channel.AbstractChannelHandlerContext.invokeChannelRead(AbstractChannelHandlerContext.java:360)\n\tat io.netty.channel.AbstractChannelHandlerContext.fireChannelRead(AbstractChannelHandlerContext.java:352)\n\tat io.netty.channel.DefaultChannelPipeline$HeadContext.channelRead(DefaultChannelPipeline.java:1422)\n\tat io.netty.channel.AbstractChannelHandlerContext.invokeChannelRead(AbstractChannelHandlerContext.java:374)\n\tat io.netty.channel.AbstractChannelHandlerContext.invokeChannelRead(AbstractChannelHandlerContext.java:360)\n\tat io.netty.channel.DefaultChannelPipeline.fireChannelRead(DefaultChannelPipeline.java:931)\n\tat io.netty.channel.nio.AbstractNioByteChannel$NioByteUnsafe.read(AbstractNioByteChannel.java:163)\n\tat io.netty.channel.nio.NioEventLoop.processSelectedKey(NioEventLoop.java:700)\n\tat io.netty.channel.nio.NioEventLoop.processSelectedKeysOptimized(NioEventLoop.java:635)\n\tat io.netty.channel.nio.NioEventLoop.processSelectedKeys(NioEventLoop.java:552)\n\tat io.netty.channel.nio.NioEventLoop.run(NioEventLoop.java:514)\n\tat io.netty.util.concurrent.SingleThreadEventExecutor$6.run(SingleThreadEventExecutor.java:1044)\n\tat io.netty.util.internal.ThreadExecutorMap$2.run(ThreadExecutorMap.java:74)\n\tat io.netty.util.concurrent.FastThreadLocalRunnable.run(FastThreadLocalRunnable.java:30)\n\tat java.lang.Thread.run(Thread.java:1012)\n"}}
Thu Jul 30 09:08:27 UTC 2026 | ALL | 07-30 09:08:26.499  4162  4220 I appium  : channel read: POST /session/0ec58237-84ed-40bd-bf67-28bb2b70cae2/element
Thu Jul 30 09:08:27 UTC 2026 | ALL | 07-30 09:08:26.499  4162  4220 I appium  : FindElement command
Thu Jul 30 09:08:27 UTC 2026 | ALL | 07-30 09:08:26.500  4162  4220 I appium  : method: 'xpath', selector: '//*[contains(@text, 'Login') or contains(@content-desc, 'Login')]'
Thu Jul 30 09:08:27 UTC 2026 | ALL | 07-30 09:08:26.500  4162  4220 I appium  : Waiting up to 10000ms for the device to idle
Thu Jul 30 09:08:27 UTC 2026 | ALL | 07-30 09:08:26.501  4162  4220 I appium  : The following attributes will be included to the page source: [text, content-desc]
Thu Jul 30 09:08:27 UTC 2026 | ALL | 07-30 09:08:26.505  4162  4170 I tomator2.server: Method exceeds compiler instruction limit: 19264 in java_cup.runtime.Symbol org.eclipse.wst.xml.xpath2.processor.internal.CUP$XPathCup$actions.CUP$XPathCup$do_action(int, java_cup.runtime.lr_parser, java.util.Stack, int)
Thu Jul 30 09:08:27 UTC 2026 | ALL | 07-30 09:08:26.513  4162  4220 I appium  : Took 0ms to retrieve 0 matches for '//*[contains(@text, 'Login') or contains(@content-desc, 'Login')]' XPath2 query
Thu Jul 30 09:08:27 UTC 2026 | ALL | 07-30 09:08:26.514  4162  4220 I appium  : AppiumResponse: {"sessionId":"0ec58237-84ed-40bd-bf67-28bb2b70cae2","value":{"error":"no such element","message":"An element could not be located on the page using the given search parameters","stacktrace":"io.appium.uiautomator2.common.exceptions.ElementNotFoundException: An element could not be located on the page using the given search parameters\n\tat io.appium.uiautomator2.utils.ElementLocationHelpers.findElement(ElementLocationHelpers.java:156)\n\tat io.appium.uiautomator2.handler.FindElement.safeHandle(FindElement.java:60)\n\tat io.appium.uiautomator2.handler.request.SafeRequestHandler.handle(SafeRequestHandler.java:59)\n\tat io.appium.uiautomator2.server.AppiumServlet.handleRequest(AppiumServlet.java:259)\n\tat io.appium.uiautomator2.server.AppiumServlet.handleHttpRequest(AppiumServlet.java:253)\n\tat io.appium.uiautomator2.http.ServerHandler.channelRead(ServerHandler.java:77)\n\tat io.netty.channel.AbstractChannelHandlerContext.invokeChannelRead(AbstractChannelHandlerContext.java:374)\n\tat io.netty.channel.AbstractChannelHandlerContext.invokeChannelRead(AbstractChannelHandlerContext.java:360)\n\tat io.netty.channel.AbstractChannelHandlerContext.fireChannelRead(AbstractChannelHandlerContext.java:352)\n\tat io.netty.handler.codec.MessageToMessageDecoder.channelRead(MessageToMessageDecoder.java:102)\n\tat io.netty.channel.AbstractChannelHandlerContext.invokeChannelRead(AbstractChannelHandlerContext.java:374)\n\tat io.netty.channel.AbstractChannelHandlerContext.invokeChannelRead(AbstractChannelHandlerContext.java:360)\n\tat io.netty.channel.AbstractChannelHandlerContext.fireChannelRead(AbstractChannelHandlerContext.java:352)\n\tat io.netty.channel.CombinedChannelDuplexHandler$DelegatingChannelHandlerContext.fireChannelRead(CombinedChannelDuplexHandler.java:438)\n\tat io.netty.handler.codec.ByteToMessageDecoder.fireChannelRead(ByteToMessageDecoder.java:328)\n\tat io.netty.handler.codec.ByteToMessageDecoder.channelRead(ByteToMessageDecoder.java:302)\n\tat io.netty.channel.CombinedChannelDuplexHandler.channelRead(CombinedChannelDuplexHandler.java:253)\n\tat io.netty.channel.AbstractChannelHandlerContext.invokeChannelRead(AbstractChannelHandlerContext.java:374)\n\tat io.netty.channel.AbstractChannelHandlerContext.invokeChannelRead(AbstractChannelHandlerContext.java:360)\n\tat io.netty.channel.AbstractChannelHandlerContext.fireChannelRead(AbstractChannelHandlerContext.java:352)\n\tat io.netty.handler.timeout.IdleStateHandler.channelRead(IdleStateHandler.java:287)\n\tat io.netty.channel.AbstractChannelHandlerContext.invokeChannelRead(AbstractChannelHandlerContext.java:374)\n\tat io.netty.channel.AbstractChannelHandlerContext.invokeChannelRead(AbstractChannelHandlerContext.java:360)\n\tat io.netty.channel.AbstractChannelHandlerContext.fireChannelRead(AbstractChannelHandlerContext.java:352)\n\tat io.netty.channel.DefaultChannelPipeline$HeadContext.channelRead(DefaultChannelPipeline.java:1422)\n\tat io.netty.channel.AbstractChannelHandlerContext.invokeChannelRead(AbstractChannelHandlerContext.java:374)\n\tat io.netty.channel.AbstractChannelHandlerContext.invokeChannelRead(AbstractChannelHandlerContext.java:360)\n\tat io.netty.channel.DefaultChannelPipeline.fireChannelRead(DefaultChannelPipeline.java:931)\n\tat io.netty.channel.nio.AbstractNioByteChannel$NioByteUnsafe.read(AbstractNioByteChannel.java:163)\n\tat io.netty.channel.nio.NioEventLoop.processSelectedKey(NioEventLoop.java:700)\n\tat io.netty.channel.nio.NioEventLoop.processSelectedKeysOptimized(NioEventLoop.java:635)\n\tat io.netty.channel.nio.NioEventLoop.processSelectedKeys(NioEventLoop.java:552)\n\tat io.netty.channel.nio.NioEventLoop.run(NioEventLoop.java:514)\n\tat io.netty.util.concurrent.SingleThreadEventExecutor$6.run(SingleThreadEventExecutor.java:1044)\n\tat io.netty.util.internal.ThreadExecutorMap$2.run(ThreadExecutorMap.java:74)\n\tat io.netty.util.concurrent.FastThreadLocalRunnable.run(FastThreadLocalRunnable.java:30)\n\tat java.lang.Thread.run(Thread.java:1012)\n"}}
Thu Jul 30 09:08:27 UTC 2026 | ALL | 07-30 09:08:27.020  4162  4220 I appium  : channel read: POST /session/0ec58237-84ed-40bd-bf67-28bb2b70cae2/element
Thu Jul 30 09:08:27 UTC 2026 | ALL | 07-30 09:08:27.020  4162  4220 I appium  : FindElement command
Thu Jul 30 09:08:27 UTC 2026 | ALL | 07-30 09:08:27.021  4162  4220 I appium  : method: 'xpath', selector: '//*[contains(@text, 'Login') or contains(@content-desc, 'Login')]'
Thu Jul 30 09:08:27 UTC 2026 | ALL | 07-30 09:08:27.021  4162  4220 I appium  : Waiting up to 10000ms for the device to idle
Thu Jul 30 09:08:27 UTC 2026 | ALL | 07-30 09:08:27.022  4162  4220 I appium  : The following attributes will be included to the page source: [text, content-desc]
Thu Jul 30 09:08:28 UTC 2026 | ALL | 07-30 09:08:27.034  4162  4220 I appium  : Took 0ms to retrieve 0 matches for '//*[contains(@text, 'Login') or contains(@content-desc, 'Login')]' XPath2 query
Thu Jul 30 09:08:28 UTC 2026 | ALL | 07-30 09:08:27.035  4162  4220 I appium  : AppiumResponse: {"sessionId":"0ec58237-84ed-40bd-bf67-28bb2b70cae2","value":{"error":"no such element","message":"An element could not be located on the page using the given search parameters","stacktrace":"io.appium.uiautomator2.common.exceptions.ElementNotFoundException: An element could not be located on the page using the given search parameters\n\tat io.appium.uiautomator2.utils.ElementLocationHelpers.findElement(ElementLocationHelpers.java:156)\n\tat io.appium.uiautomator2.handler.FindElement.safeHandle(FindElement.java:60)\n\tat io.appium.uiautomator2.handler.request.SafeRequestHandler.handle(SafeRequestHandler.java:59)\n\tat io.appium.uiautomator2.server.AppiumServlet.handleRequest(AppiumServlet.java:259)\n\tat io.appium.uiautomator2.server.AppiumServlet.handleHttpRequest(AppiumServlet.java:253)\n\tat io.appium.uiautomator2.http.ServerHandler.channelRead(ServerHandler.java:77)\n\tat io.netty.channel.AbstractChannelHandlerContext.invokeChannelRead(AbstractChannelHandlerContext.java:374)\n\tat io.netty.channel.AbstractChannelHandlerContext.invokeChannelRead(AbstractChannelHandlerContext.java:360)\n\tat io.netty.channel.AbstractChannelHandlerContext.fireChannelRead(AbstractChannelHandlerContext.java:352)\n\tat io.netty.handler.codec.MessageToMessageDecoder.channelRead(MessageToMessageDecoder.java:102)\n\tat io.netty.channel.AbstractChannelHandlerContext.invokeChannelRead(AbstractChannelHandlerContext.java:374)\n\tat io.netty.channel.AbstractChannelHandlerContext.invokeChannelRead(AbstractChannelHandlerContext.java:360)\n\tat io.netty.channel.AbstractChannelHandlerContext.fireChannelRead(AbstractChannelHandlerContext.java:352)\n\tat io.netty.channel.CombinedChannelDuplexHandler$DelegatingChannelHandlerContext.fireChannelRead(CombinedChannelDuplexHandler.java:438)\n\tat io.netty.handler.codec.ByteToMessageDecoder.fireChannelRead(ByteToMessageDecoder.java:328)\n\tat io.netty.handler.codec.ByteToMessageDecoder.channelRead(ByteToMessageDecoder.java:302)\n\tat io.netty.channel.CombinedChannelDuplexHandler.channelRead(CombinedChannelDuplexHandler.java:253)\n\tat io.netty.channel.AbstractChannelHandlerContext.invokeChannelRead(AbstractChannelHandlerContext.java:374)\n\tat io.netty.channel.AbstractChannelHandlerContext.invokeChannelRead(AbstractChannelHandlerContext.java:360)\n\tat io.netty.channel.AbstractChannelHandlerContext.fireChannelRead(AbstractChannelHandlerContext.java:352)\n\tat io.netty.handler.timeout.IdleStateHandler.channelRead(IdleStateHandler.java:287)\n\tat io.netty.channel.AbstractChannelHandlerContext.invokeChannelRead(AbstractChannelHandlerContext.java:374)\n\tat io.netty.channel.AbstractChannelHandlerContext.invokeChannelRead(AbstractChannelHandlerContext.java:360)\n\tat io.netty.channel.AbstractChannelHandlerContext.fireChannelRead(AbstractChannelHandlerContext.java:352)\n\tat io.netty.channel.DefaultChannelPipeline$HeadContext.channelRead(DefaultChannelPipeline.java:1422)\n\tat io.netty.channel.AbstractChannelHandlerContext.invokeChannelRead(AbstractChannelHandlerContext.java:374)\n\tat io.netty.channel.AbstractChannelHandlerContext.invokeChannelRead(AbstractChannelHandlerContext.java:360)\n\tat io.netty.channel.DefaultChannelPipeline.fireChannelRead(DefaultChannelPipeline.java:931)\n\tat io.netty.channel.nio.AbstractNioByteChannel$NioByteUnsafe.read(AbstractNioByteChannel.java:163)\n\tat io.netty.channel.nio.NioEventLoop.processSelectedKey(NioEventLoop.java:700)\n\tat io.netty.channel.nio.NioEventLoop.processSelectedKeysOptimized(NioEventLoop.java:635)\n\tat io.netty.channel.nio.NioEventLoop.processSelectedKeys(NioEventLoop.java:552)\n\tat io.netty.channel.nio.NioEventLoop.run(NioEventLoop.java:514)\n\tat io.netty.util.concurrent.SingleThreadEventExecutor$6.run(SingleThreadEventExecutor.java:1044)\n\tat io.netty.util.internal.ThreadExecutorMap$2.run(ThreadExecutorMap.java:74)\n\tat io.netty.util.concurrent.FastThreadLocalRunnable.run(FastThreadLocalRunnable.java:30)\n\tat java.lang.Thread.run(Thread.java:1012)\n"}}
Thu Jul 30 09:08:28 UTC 2026 | ALL | 07-30 09:08:27.539  4162  4220 I appium  : channel read: POST /session/0ec58237-84ed-40bd-bf67-28bb2b70cae2/element
Thu Jul 30 09:08:28 UTC 2026 | ALL | 07-30 09:08:27.539  4162  4220 I appium  : FindElement command
Thu Jul 30 09:08:28 UTC 2026 | ALL | 07-30 09:08:27.539  4162  4220 I appium  : method: 'xpath', selector: '//*[contains(@text, 'Login') or contains(@content-desc, 'Login')]'
Thu Jul 30 09:08:28 UTC 2026 | ALL | 07-30 09:08:27.539  4162  4220 I appium  : Waiting up to 10000ms for the device to idle
Thu Jul 30 09:08:28 UTC 2026 | ALL | 07-30 09:08:27.540  4162  4220 I appium  : The following attributes will be included to the page source: [text, content-desc]
Thu Jul 30 09:08:28 UTC 2026 | ALL | 07-30 09:08:27.548  4162  4220 I appium  : Took 0ms to retrieve 0 matches for '//*[contains(@text, 'Login') or contains(@content-desc, 'Login')]' XPath2 query
Thu Jul 30 09:08:28 UTC 2026 | ALL | 07-30 09:08:27.549  4162  4220 I appium  : AppiumResponse: {"sessionId":"0ec58237-84ed-40bd-bf67-28bb2b70cae2","value":{"error":"no such element","message":"An element could not be located on the page using the given search parameters","stacktrace":"io.appium.uiautomator2.common.exceptions.ElementNotFoundException: An element could not be located on the page using the given search parameters\n\tat io.appium.uiautomator2.utils.ElementLocationHelpers.findElement(ElementLocationHelpers.java:156)\n\tat io.appium.uiautomator2.handler.FindElement.safeHandle(FindElement.java:60)\n\tat io.appium.uiautomator2.handler.request.SafeRequestHandler.handle(SafeRequestHandler.java:59)\n\tat io.appium.uiautomator2.server.AppiumServlet.handleRequest(AppiumServlet.java:259)\n\tat io.appium.uiautomator2.server.AppiumServlet.handleHttpRequest(AppiumServlet.java:253)\n\tat io.appium.uiautomator2.http.ServerHandler.channelRead(ServerHandler.java:77)\n\tat io.netty.channel.AbstractChannelHandlerContext.invokeChannelRead(AbstractChannelHandlerContext.java:374)\n\tat io.netty.channel.AbstractChannelHandlerContext.invokeChannelRead(AbstractChannelHandlerContext.java:360)\n\tat io.netty.channel.AbstractChannelHandlerContext.fireChannelRead(AbstractChannelHandlerContext.java:352)\n\tat io.netty.handler.codec.MessageToMessageDecoder.channelRead(MessageToMessageDecoder.java:102)\n\tat io.netty.channel.AbstractChannelHandlerContext.invokeChannelRead(AbstractChannelHandlerContext.java:374)\n\tat io.netty.channel.AbstractChannelHandlerContext.invokeChannelRead(AbstractChannelHandlerContext.java:360)\n\tat io.netty.channel.AbstractChannelHandlerContext.fireChannelRead(AbstractChannelHandlerContext.java:352)\n\tat io.netty.channel.CombinedChannelDuplexHandler$DelegatingChannelHandlerContext.fireChannelRead(CombinedChannelDuplexHandler.java:438)\n\tat io.netty.handler.codec.ByteToMessageDecoder.fireChannelRead(ByteToMessageDecoder.java:328)\n\tat io.netty.handler.codec.ByteToMessageDecoder.channelRead(ByteToMessageDecoder.java:302)\n\tat io.netty.channel.CombinedChannelDuplexHandler.channelRead(CombinedChannelDuplexHandler.java:253)\n\tat io.netty.channel.AbstractChannelHandlerContext.invokeChannelRead(AbstractChannelHandlerContext.java:374)\n\tat io.netty.channel.AbstractChannelHandlerContext.invokeChannelRead(AbstractChannelHandlerContext.java:360)\n\tat io.netty.channel.AbstractChannelHandlerContext.fireChannelRead(AbstractChannelHandlerContext.java:352)\n\tat io.netty.handler.timeout.IdleStateHandler.channelRead(IdleStateHandler.java:287)\n\tat io.netty.channel.AbstractChannelHandlerContext.invokeChannelRead(AbstractChannelHandlerContext.java:374)\n\tat io.netty.channel.AbstractChannelHandlerContext.invokeChannelRead(AbstractChannelHandlerContext.java:360)\n\tat io.netty.channel.AbstractChannelHandlerContext.fireChannelRead(AbstractChannelHandlerContext.java:352)\n\tat io.netty.channel.DefaultChannelPipeline$HeadContext.channelRead(DefaultChannelPipeline.java:1422)\n\tat io.netty.channel.AbstractChannelHandlerContext.invokeChannelRead(AbstractChannelHandlerContext.java:374)\n\tat io.netty.channel.AbstractChannelHandlerContext.invokeChannelRead(AbstractChannelHandlerContext.java:360)\n\tat io.netty.channel.DefaultChannelPipeline.fireChannelRead(DefaultChannelPipeline.java:931)\n\tat io.netty.channel.nio.AbstractNioByteChannel$NioByteUnsafe.read(AbstractNioByteChannel.java:163)\n\tat io.netty.channel.nio.NioEventLoop.processSelectedKey(NioEventLoop.java:700)\n\tat io.netty.channel.nio.NioEventLoop.processSelectedKeysOptimized(NioEventLoop.java:635)\n\tat io.netty.channel.nio.NioEventLoop.processSelectedKeys(NioEventLoop.java:552)\n\tat io.netty.channel.nio.NioEventLoop.run(NioEventLoop.java:514)\n\tat io.netty.util.concurrent.SingleThreadEventExecutor$6.run(SingleThreadEventExecutor.java:1044)\n\tat io.netty.util.internal.ThreadExecutorMap$2.run(ThreadExecutorMap.java:74)\n\tat io.netty.util.concurrent.FastThreadLocalRunnable.run(FastThreadLocalRunnable.java:30)\n\tat java.lang.Thread.run(Thread.java:1012)\n"}}
Thu Jul 30 09:08:29 UTC 2026 | ALL | 07-30 09:08:28.054  4162  4220 I appium  : channel read: POST /session/0ec58237-84ed-40bd-bf67-28bb2b70cae2/element
Thu Jul 30 09:08:29 UTC 2026 | ALL | 07-30 09:08:28.054  4162  4220 I appium  : FindElement command
Thu Jul 30 09:08:29 UTC 2026 | ALL | 07-30 09:08:28.055  4162  4220 I appium  : method: 'xpath', selector: '//*[contains(@text, 'Login') or contains(@content-desc, 'Login')]'
Thu Jul 30 09:08:29 UTC 2026 | ALL | 07-30 09:08:28.055  4162  4220 I appium  : Waiting up to 10000ms for the device to idle
Thu Jul 30 09:08:29 UTC 2026 | ALL | 07-30 09:08:28.056  4162  4220 I appium  : The following attributes will be included to the page source: [text, content-desc]
Thu Jul 30 09:08:29 UTC 2026 | ALL | 07-30 09:08:28.058  4162  4170 I tomator2.server: Method exceeds compiler instruction limit: 19264 in java_cup.runtime.Symbol org.eclipse.wst.xml.xpath2.processor.internal.CUP$XPathCup$actions.CUP$XPathCup$do_action(int, java_cup.runtime.lr_parser, java.util.Stack, int)
Thu Jul 30 09:08:29 UTC 2026 | ALL | 07-30 09:08:28.065  4162  4220 I appium  : Took 0ms to retrieve 0 matches for '//*[contains(@text, 'Login') or contains(@content-desc, 'Login')]' XPath2 query
Thu Jul 30 09:08:29 UTC 2026 | ALL | 07-30 09:08:28.065  4162  4220 I appium  : AppiumResponse: {"sessionId":"0ec58237-84ed-40bd-bf67-28bb2b70cae2","value":{"error":"no such element","message":"An element could not be located on the page using the given search parameters","stacktrace":"io.appium.uiautomator2.common.exceptions.ElementNotFoundException: An element could not be located on the page using the given search parameters\n\tat io.appium.uiautomator2.utils.ElementLocationHelpers.findElement(ElementLocationHelpers.java:156)\n\tat io.appium.uiautomator2.handler.FindElement.safeHandle(FindElement.java:60)\n\tat io.appium.uiautomator2.handler.request.SafeRequestHandler.handle(SafeRequestHandler.java:59)\n\tat io.appium.uiautomator2.server.AppiumServlet.handleRequest(AppiumServlet.java:259)\n\tat io.appium.uiautomator2.server.AppiumServlet.handleHttpRequest(AppiumServlet.java:253)\n\tat io.appium.uiautomator2.http.ServerHandler.channelRead(ServerHandler.java:77)\n\tat io.netty.channel.AbstractChannelHandlerContext.invokeChannelRead(AbstractChannelHandlerContext.java:374)\n\tat io.netty.channel.AbstractChannelHandlerContext.invokeChannelRead(AbstractChannelHandlerContext.java:360)\n\tat io.netty.channel.AbstractChannelHandlerContext.fireChannelRead(AbstractChannelHandlerContext.java:352)\n\tat io.netty.handler.codec.MessageToMessageDecoder.channelRead(MessageToMessageDecoder.java:102)\n\tat io.netty.channel.AbstractChannelHandlerContext.invokeChannelRead(AbstractChannelHandlerContext.java:374)\n\tat io.netty.channel.AbstractChannelHandlerContext.invokeChannelRead(AbstractChannelHandlerContext.java:360)\n\tat io.netty.channel.AbstractChannelHandlerContext.fireChannelRead(AbstractChannelHandlerContext.java:352)\n\tat io.netty.channel.CombinedChannelDuplexHandler$DelegatingChannelHandlerContext.fireChannelRead(CombinedChannelDuplexHandler.java:438)\n\tat io.netty.handler.codec.ByteToMessageDecoder.fireChannelRead(ByteToMessageDecoder.java:328)\n\tat io.netty.handler.codec.ByteToMessageDecoder.channelRead(ByteToMessageDecoder.java:302)\n\tat io.netty.channel.CombinedChannelDuplexHandler.channelRead(CombinedChannelDuplexHandler.java:253)\n\tat io.netty.channel.AbstractChannelHandlerContext.invokeChannelRead(AbstractChannelHandlerContext.java:374)\n\tat io.netty.channel.AbstractChannelHandlerContext.invokeChannelRead(AbstractChannelHandlerContext.java:360)\n\tat io.netty.channel.AbstractChannelHandlerContext.fireChannelRead(AbstractChannelHandlerContext.java:352)\n\tat io.netty.handler.timeout.IdleStateHandler.channelRead(IdleStateHandler.java:287)\n\tat io.netty.channel.AbstractChannelHandlerContext.invokeChannelRead(AbstractChannelHandlerContext.java:374)\n\tat io.netty.channel.AbstractChannelHandlerContext.invokeChannelRead(AbstractChannelHandlerContext.java:360)\n\tat io.netty.channel.AbstractChannelHandlerContext.fireChannelRead(AbstractChannelHandlerContext.java:352)\n\tat io.netty.channel.DefaultChannelPipeline$HeadContext.channelRead(DefaultChannelPipeline.java:1422)\n\tat io.netty.channel.AbstractChannelHandlerContext.invokeChannelRead(AbstractChannelHandlerContext.java:374)\n\tat io.netty.channel.AbstractChannelHandlerContext.invokeChannelRead(AbstractChannelHandlerContext.java:360)\n\tat io.netty.channel.DefaultChannelPipeline.fireChannelRead(DefaultChannelPipeline.java:931)\n\tat io.netty.channel.nio.AbstractNioByteChannel$NioByteUnsafe.read(AbstractNioByteChannel.java:163)\n\tat io.netty.channel.nio.NioEventLoop.processSelectedKey(NioEventLoop.java:700)\n\tat io.netty.channel.nio.NioEventLoop.processSelectedKeysOptimized(NioEventLoop.java:635)\n\tat io.netty.channel.nio.NioEventLoop.processSelectedKeys(NioEventLoop.java:552)\n\tat io.netty.channel.nio.NioEventLoop.run(NioEventLoop.java:514)\n\tat io.netty.util.concurrent.SingleThreadEventExecutor$6.run(SingleThreadEventExecutor.java:1044)\n\tat io.netty.util.internal.ThreadExecutorMap$2.run(ThreadExecutorMap.java:74)\n\tat io.netty.util.concurrent.FastThreadLocalRunnable.run(FastThreadLocalRunnable.java:30)\n\tat java.lang.Thread.run(Thread.java:1012)\n"}}
Thu Jul 30 09:08:29 UTC 2026 | ALL | 07-30 09:08:28.570  4162  4220 I appium  : channel read: POST /session/0ec58237-84ed-40bd-bf67-28bb2b70cae2/element
Thu Jul 30 09:08:29 UTC 2026 | ALL | 07-30 09:08:28.571  4162  4220 I appium  : FindElement command
Thu Jul 30 09:08:29 UTC 2026 | ALL | 07-30 09:08:28.571  4162  4220 I appium  : method: 'xpath', selector: '//*[contains(@text, 'Login') or contains(@content-desc, 'Login')]'
Thu Jul 30 09:08:29 UTC 2026 | ALL | 07-30 09:08:28.571  4162  4220 I appium  : Waiting up to 10000ms for the device to idle
Thu Jul 30 09:08:29 UTC 2026 | ALL | 07-30 09:08:28.572  4162  4220 I appium  : The following attributes will be included to the page source: [text, content-desc]
Thu Jul 30 09:08:29 UTC 2026 | ALL | 07-30 09:08:28.582  4162  4220 I appium  : Took 0ms to retrieve 0 matches for '//*[contains(@text, 'Login') or contains(@content-desc, 'Login')]' XPath2 query
Thu Jul 30 09:08:29 UTC 2026 | ALL | 07-30 09:08:28.583  4162  4220 I appium  : AppiumResponse: {"sessionId":"0ec58237-84ed-40bd-bf67-28bb2b70cae2","value":{"error":"no such element","message":"An element could not be located on the page using the given search parameters","stacktrace":"io.appium.uiautomator2.common.exceptions.ElementNotFoundException: An element could not be located on the page using the given search parameters\n\tat io.appium.uiautomator2.utils.ElementLocationHelpers.findElement(ElementLocationHelpers.java:156)\n\tat io.appium.uiautomator2.handler.FindElement.safeHandle(FindElement.java:60)\n\tat io.appium.uiautomator2.handler.request.SafeRequestHandler.handle(SafeRequestHandler.java:59)\n\tat io.appium.uiautomator2.server.AppiumServlet.handleRequest(AppiumServlet.java:259)\n\tat io.appium.uiautomator2.server.AppiumServlet.handleHttpRequest(AppiumServlet.java:253)\n\tat io.appium.uiautomator2.http.ServerHandler.channelRead(ServerHandler.java:77)\n\tat io.netty.channel.AbstractChannelHandlerContext.invokeChannelRead(AbstractChannelHandlerContext.java:374)\n\tat io.netty.channel.AbstractChannelHandlerContext.invokeChannelRead(AbstractChannelHandlerContext.java:360)\n\tat io.netty.channel.AbstractChannelHandlerContext.fireChannelRead(AbstractChannelHandlerContext.java:352)\n\tat io.netty.handler.codec.MessageToMessageDecoder.channelRead(MessageToMessageDecoder.java:102)\n\tat io.netty.channel.AbstractChannelHandlerContext.invokeChannelRead(AbstractChannelHandlerContext.java:374)\n\tat io.netty.channel.AbstractChannelHandlerContext.invokeChannelRead(AbstractChannelHandlerContext.java:360)\n\tat io.netty.channel.AbstractChannelHandlerContext.fireChannelRead(AbstractChannelHandlerContext.java:352)\n\tat io.netty.channel.CombinedChannelDuplexHandler$DelegatingChannelHandlerContext.fireChannelRead(CombinedChannelDuplexHandler.java:438)\n\tat io.netty.handler.codec.ByteToMessageDecoder.fireChannelRead(ByteToMessageDecoder.java:328)\n\tat io.netty.handler.codec.ByteToMessageDecoder.channelRead(ByteToMessageDecoder.java:302)\n\tat io.netty.channel.CombinedChannelDuplexHandler.channelRead(CombinedChannelDuplexHandler.java:253)\n\tat io.netty.channel.AbstractChannelHandlerContext.invokeChannelRead(AbstractChannelHandlerContext.java:374)\n\tat io.netty.channel.AbstractChannelHandlerContext.invokeChannelRead(AbstractChannelHandlerContext.java:360)\n\tat io.netty.channel.AbstractChannelHandlerContext.fireChannelRead(AbstractChannelHandlerContext.java:352)\n\tat io.netty.handler.timeout.IdleStateHandler.channelRead(IdleStateHandler.java:287)\n\tat io.netty.channel.AbstractChannelHandlerContext.invokeChannelRead(AbstractChannelHandlerContext.java:374)\n\tat io.netty.channel.AbstractChannelHandlerContext.invokeChannelRead(AbstractChannelHandlerContext.java:360)\n\tat io.netty.channel.AbstractChannelHandlerContext.fireChannelRead(AbstractChannelHandlerContext.java:352)\n\tat io.netty.channel.DefaultChannelPipeline$HeadContext.channelRead(DefaultChannelPipeline.java:1422)\n\tat io.netty.channel.AbstractChannelHandlerContext.invokeChannelRead(AbstractChannelHandlerContext.java:374)\n\tat io.netty.channel.AbstractChannelHandlerContext.invokeChannelRead(AbstractChannelHandlerContext.java:360)\n\tat io.netty.channel.DefaultChannelPipeline.fireChannelRead(DefaultChannelPipeline.java:931)\n\tat io.netty.channel.nio.AbstractNioByteChannel$NioByteUnsafe.read(AbstractNioByteChannel.java:163)\n\tat io.netty.channel.nio.NioEventLoop.processSelectedKey(NioEventLoop.java:700)\n\tat io.netty.channel.nio.NioEventLoop.processSelectedKeysOptimized(NioEventLoop.java:635)\n\tat io.netty.channel.nio.NioEventLoop.processSelectedKeys(NioEventLoop.java:552)\n\tat io.netty.channel.nio.NioEventLoop.run(NioEventLoop.java:514)\n\tat io.netty.util.concurrent.SingleThreadEventExecutor$6.run(SingleThreadEventExecutor.java:1044)\n\tat io.netty.util.internal.ThreadExecutorMap$2.run(ThreadExecutorMap.java:74)\n\tat io.netty.util.concurrent.FastThreadLocalRunnable.run(FastThreadLocalRunnable.java:30)\n\tat java.lang.Thread.run(Thread.java:1012)\n"}}
Thu Jul 30 09:08:30 UTC 2026 | ALL | 07-30 09:08:29.088  4162  4220 I appium  : channel read: POST /session/0ec58237-84ed-40bd-bf67-28bb2b70cae2/element
Thu Jul 30 09:08:30 UTC 2026 | ALL | 07-30 09:08:29.089  4162  4220 I appium  : FindElement command
Thu Jul 30 09:08:30 UTC 2026 | ALL | 07-30 09:08:29.089  4162  4220 I appium  : method: 'xpath', selector: '//*[contains(@text, 'Login') or contains(@content-desc, 'Login')]'
Thu Jul 30 09:08:30 UTC 2026 | ALL | 07-30 09:08:29.089  4162  4220 I appium  : Waiting up to 10000ms for the device to idle
Thu Jul 30 09:08:30 UTC 2026 | ALL | 07-30 09:08:29.090  4162  4220 I appium  : The following attributes will be included to the page source: [text, content-desc]
Thu Jul 30 09:08:30 UTC 2026 | ALL | 07-30 09:08:29.101  4162  4220 I appium  : Took 0ms to retrieve 0 matches for '//*[contains(@text, 'Login') or contains(@content-desc, 'Login')]' XPath2 query
Thu Jul 30 09:08:30 UTC 2026 | ALL | 07-30 09:08:29.102  4162  4220 I appium  : AppiumResponse: {"sessionId":"0ec58237-84ed-40bd-bf67-28bb2b70cae2","value":{"error":"no such element","message":"An element could not be located on the page using the given search parameters","stacktrace":"io.appium.uiautomator2.common.exceptions.ElementNotFoundException: An element could not be located on the page using the given search parameters\n\tat io.appium.uiautomator2.utils.ElementLocationHelpers.findElement(ElementLocationHelpers.java:156)\n\tat io.appium.uiautomator2.handler.FindElement.safeHandle(FindElement.java:60)\n\tat io.appium.uiautomator2.handler.request.SafeRequestHandler.handle(SafeRequestHandler.java:59)\n\tat io.appium.uiautomator2.server.AppiumServlet.handleRequest(AppiumServlet.java:259)\n\tat io.appium.uiautomator2.server.AppiumServlet.handleHttpRequest(AppiumServlet.java:253)\n\tat io.appium.uiautomator2.http.ServerHandler.channelRead(ServerHandler.java:77)\n\tat io.netty.channel.AbstractChannelHandlerContext.invokeChannelRead(AbstractChannelHandlerContext.java:374)\n\tat io.netty.channel.AbstractChannelHandlerContext.invokeChannelRead(AbstractChannelHandlerContext.java:360)\n\tat io.netty.channel.AbstractChannelHandlerContext.fireChannelRead(AbstractChannelHandlerContext.java:352)\n\tat io.netty.handler.codec.MessageToMessageDecoder.channelRead(MessageToMessageDecoder.java:102)\n\tat io.netty.channel.AbstractChannelHandlerContext.invokeChannelRead(AbstractChannelHandlerContext.java:374)\n\tat io.netty.channel.AbstractChannelHandlerContext.invokeChannelRead(AbstractChannelHandlerContext.java:360)\n\tat io.netty.channel.AbstractChannelHandlerContext.fireChannelRead(AbstractChannelHandlerContext.java:352)\n\tat io.netty.channel.CombinedChannelDuplexHandler$DelegatingChannelHandlerContext.fireChannelRead(CombinedChannelDuplexHandler.java:438)\n\tat io.netty.handler.codec.ByteToMessageDecoder.fireChannelRead(ByteToMessageDecoder.java:328)\n\tat io.netty.handler.codec.ByteToMessageDecoder.channelRead(ByteToMessageDecoder.java:302)\n\tat io.netty.channel.CombinedChannelDuplexHandler.channelRead(CombinedChannelDuplexHandler.java:253)\n\tat io.netty.channel.AbstractChannelHandlerContext.invokeChannelRead(AbstractChannelHandlerContext.java:374)\n\tat io.netty.channel.AbstractChannelHandlerContext.invokeChannelRead(AbstractChannelHandlerContext.java:360)\n\tat io.netty.channel.AbstractChannelHandlerContext.fireChannelRead(AbstractChannelHandlerContext.java:352)\n\tat io.netty.handler.timeout.IdleStateHandler.channelRead(IdleStateHandler.java:287)\n\tat io.netty.channel.AbstractChannelHandlerContext.invokeChannelRead(AbstractChannelHandlerContext.java:374)\n\tat io.netty.channel.AbstractChannelHandlerContext.invokeChannelRead(AbstractChannelHandlerContext.java:360)\n\tat io.netty.channel.AbstractChannelHandlerContext.fireChannelRead(AbstractChannelHandlerContext.java:352)\n\tat io.netty.channel.DefaultChannelPipeline$HeadContext.channelRead(DefaultChannelPipeline.java:1422)\n\tat io.netty.channel.AbstractChannelHandlerContext.invokeChannelRead(AbstractChannelHandlerContext.java:374)\n\tat io.netty.channel.AbstractChannelHandlerContext.invokeChannelRead(AbstractChannelHandlerContext.java:360)\n\tat io.netty.channel.DefaultChannelPipeline.fireChannelRead(DefaultChannelPipeline.java:931)\n\tat io.netty.channel.nio.AbstractNioByteChannel$NioByteUnsafe.read(AbstractNioByteChannel.java:163)\n\tat io.netty.channel.nio.NioEventLoop.processSelectedKey(NioEventLoop.java:700)\n\tat io.netty.channel.nio.NioEventLoop.processSelectedKeysOptimized(NioEventLoop.java:635)\n\tat io.netty.channel.nio.NioEventLoop.processSelectedKeys(NioEventLoop.java:552)\n\tat io.netty.channel.nio.NioEventLoop.run(NioEventLoop.java:514)\n\tat io.netty.util.concurrent.SingleThreadEventExecutor$6.run(SingleThreadEventExecutor.java:1044)\n\tat io.netty.util.internal.ThreadExecutorMap$2.run(ThreadExecutorMap.java:74)\n\tat io.netty.util.concurrent.FastThreadLocalRunnable.run(FastThreadLocalRunnable.java:30)\n\tat java.lang.Thread.run(Thread.java:1012)\n"}}
Thu Jul 30 09:08:30 UTC 2026 | ALL | 07-30 09:08:29.607  4162  4220 I appium  : channel read: POST /session/0ec58237-84ed-40bd-bf67-28bb2b70cae2/element
Thu Jul 30 09:08:30 UTC 2026 | ALL | 07-30 09:08:29.607  4162  4220 I appium  : FindElement command
Thu Jul 30 09:08:30 UTC 2026 | ALL | 07-30 09:08:29.607  4162  4220 I appium  : method: 'xpath', selector: '//*[contains(@text, 'Login') or contains(@content-desc, 'Login')]'
Thu Jul 30 09:08:30 UTC 2026 | ALL | 07-30 09:08:29.607  4162  4220 I appium  : Waiting up to 10000ms for the device to idle
Thu Jul 30 09:08:30 UTC 2026 | ALL | 07-30 09:08:29.609  4162  4220 I appium  : The following attributes will be included to the page source: [text, content-desc]
Thu Jul 30 09:08:30 UTC 2026 | ALL | 07-30 09:08:29.611  4162  4170 I tomator2.server: Method exceeds compiler instruction limit: 19264 in java_cup.runtime.Symbol org.eclipse.wst.xml.xpath2.processor.internal.CUP$XPathCup$actions.CUP$XPathCup$do_action(int, java_cup.runtime.lr_parser, java.util.Stack, int)
Thu Jul 30 09:08:30 UTC 2026 | ALL | 07-30 09:08:29.619  4162  4220 I appium  : Took 0ms to retrieve 0 matches for '//*[contains(@text, 'Login') or contains(@content-desc, 'Login')]' XPath2 query
Thu Jul 30 09:08:30 UTC 2026 | ALL | 07-30 09:08:29.620  4162  4220 I appium  : AppiumResponse: {"sessionId":"0ec58237-84ed-40bd-bf67-28bb2b70cae2","value":{"error":"no such element","message":"An element could not be located on the page using the given search parameters","stacktrace":"io.appium.uiautomator2.common.exceptions.ElementNotFoundException: An element could not be located on the page using the given search parameters\n\tat io.appium.uiautomator2.utils.ElementLocationHelpers.findElement(ElementLocationHelpers.java:156)\n\tat io.appium.uiautomator2.handler.FindElement.safeHandle(FindElement.java:60)\n\tat io.appium.uiautomator2.handler.request.SafeRequestHandler.handle(SafeRequestHandler.java:59)\n\tat io.appium.uiautomator2.server.AppiumServlet.handleRequest(AppiumServlet.java:259)\n\tat io.appium.uiautomator2.server.AppiumServlet.handleHttpRequest(AppiumServlet.java:253)\n\tat io.appium.uiautomator2.http.ServerHandler.channelRead(ServerHandler.java:77)\n\tat io.netty.channel.AbstractChannelHandlerContext.invokeChannelRead(AbstractChannelHandlerContext.java:374)\n\tat io.netty.channel.AbstractChannelHandlerContext.invokeChannelRead(AbstractChannelHandlerContext.java:360)\n\tat io.netty.channel.AbstractChannelHandlerContext.fireChannelRead(AbstractChannelHandlerContext.java:352)\n\tat io.netty.handler.codec.MessageToMessageDecoder.channelRead(MessageToMessageDecoder.java:102)\n\tat io.netty.channel.AbstractChannelHandlerContext.invokeChannelRead(AbstractChannelHandlerContext.java:374)\n\tat io.netty.channel.AbstractChannelHandlerContext.invokeChannelRead(AbstractChannelHandlerContext.java:360)\n\tat io.netty.channel.AbstractChannelHandlerContext.fireChannelRead(AbstractChannelHandlerContext.java:352)\n\tat io.netty.channel.CombinedChannelDuplexHandler$DelegatingChannelHandlerContext.fireChannelRead(CombinedChannelDuplexHandler.java:438)\n\tat io.netty.handler.codec.ByteToMessageDecoder.fireChannelRead(ByteToMessageDecoder.java:328)\n\tat io.netty.handler.codec.ByteToMessageDecoder.channelRead(ByteToMessageDecoder.java:302)\n\tat io.netty.channel.CombinedChannelDuplexHandler.channelRead(CombinedChannelDuplexHandler.java:253)\n\tat io.netty.channel.AbstractChannelHandlerContext.invokeChannelRead(AbstractChannelHandlerContext.java:374)\n\tat io.netty.channel.AbstractChannelHandlerContext.invokeChannelRead(AbstractChannelHandlerContext.java:360)\n\tat io.netty.channel.AbstractChannelHandlerContext.fireChannelRead(AbstractChannelHandlerContext.java:352)\n\tat io.netty.handler.timeout.IdleStateHandler.channelRead(IdleStateHandler.java:287)\n\tat io.netty.channel.AbstractChannelHandlerContext.invokeChannelRead(AbstractChannelHandlerContext.java:374)\n\tat io.netty.channel.AbstractChannelHandlerContext.invokeChannelRead(AbstractChannelHandlerContext.java:360)\n\tat io.netty.channel.AbstractChannelHandlerContext.fireChannelRead(AbstractChannelHandlerContext.java:352)\n\tat io.netty.channel.DefaultChannelPipeline$HeadContext.channelRead(DefaultChannelPipeline.java:1422)\n\tat io.netty.channel.AbstractChannelHandlerContext.invokeChannelRead(AbstractChannelHandlerContext.java:374)\n\tat io.netty.channel.AbstractChannelHandlerContext.invokeChannelRead(AbstractChannelHandlerContext.java:360)\n\tat io.netty.channel.DefaultChannelPipeline.fireChannelRead(DefaultChannelPipeline.java:931)\n\tat io.netty.channel.nio.AbstractNioByteChannel$NioByteUnsafe.read(AbstractNioByteChannel.java:163)\n\tat io.netty.channel.nio.NioEventLoop.processSelectedKey(NioEventLoop.java:700)\n\tat io.netty.channel.nio.NioEventLoop.processSelectedKeysOptimized(NioEventLoop.java:635)\n\tat io.netty.channel.nio.NioEventLoop.processSelectedKeys(NioEventLoop.java:552)\n\tat io.netty.channel.nio.NioEventLoop.run(NioEventLoop.java:514)\n\tat io.netty.util.concurrent.SingleThreadEventExecutor$6.run(SingleThreadEventExecutor.java:1044)\n\tat io.netty.util.internal.ThreadExecutorMap$2.run(ThreadExecutorMap.java:74)\n\tat io.netty.util.concurrent.FastThreadLocalRunnable.run(FastThreadLocalRunnable.java:30)\n\tat java.lang.Thread.run(Thread.java:1012)\n"}}
Thu Jul 30 09:08:31 UTC 2026 | ALL | 07-30 09:08:30.125  4162  4220 I appium  : channel read: POST /session/0ec58237-84ed-40bd-bf67-28bb2b70cae2/element
Thu Jul 30 09:08:31 UTC 2026 | ALL | 07-30 09:08:30.126  4162  4220 I appium  : FindElement command
Thu Jul 30 09:08:31 UTC 2026 | ALL | 07-30 09:08:30.126  4162  4220 I appium  : method: 'xpath', selector: '//*[contains(@text, 'Login') or contains(@content-desc, 'Login')]'
Thu Jul 30 09:08:31 UTC 2026 | ALL | 07-30 09:08:30.126  4162  4220 I appium  : Waiting up to 10000ms for the device to idle
Thu Jul 30 09:08:31 UTC 2026 | ALL | 07-30 09:08:30.127  4162  4220 I appium  : The following attributes will be included to the page source: [text, content-desc]
Thu Jul 30 09:08:31 UTC 2026 | ALL | 07-30 09:08:30.135  4162  4220 I appium  : Took 0ms to retrieve 0 matches for '//*[contains(@text, 'Login') or contains(@content-desc, 'Login')]' XPath2 query
Thu Jul 30 09:08:31 UTC 2026 | ALL | 07-30 09:08:30.136  4162  4220 I appium  : AppiumResponse: {"sessionId":"0ec58237-84ed-40bd-bf67-28bb2b70cae2","value":{"error":"no such element","message":"An element could not be located on the page using the given search parameters","stacktrace":"io.appium.uiautomator2.common.exceptions.ElementNotFoundException: An element could not be located on the page using the given search parameters\n\tat io.appium.uiautomator2.utils.ElementLocationHelpers.findElement(ElementLocationHelpers.java:156)\n\tat io.appium.uiautomator2.handler.FindElement.safeHandle(FindElement.java:60)\n\tat io.appium.uiautomator2.handler.request.SafeRequestHandler.handle(SafeRequestHandler.java:59)\n\tat io.appium.uiautomator2.server.AppiumServlet.handleRequest(AppiumServlet.java:259)\n\tat io.appium.uiautomator2.server.AppiumServlet.handleHttpRequest(AppiumServlet.java:253)\n\tat io.appium.uiautomator2.http.ServerHandler.channelRead(ServerHandler.java:77)\n\tat io.netty.channel.AbstractChannelHandlerContext.invokeChannelRead(AbstractChannelHandlerContext.java:374)\n\tat io.netty.channel.AbstractChannelHandlerContext.invokeChannelRead(AbstractChannelHandlerContext.java:360)\n\tat io.netty.channel.AbstractChannelHandlerContext.fireChannelRead(AbstractChannelHandlerContext.java:352)\n\tat io.netty.handler.codec.MessageToMessageDecoder.channelRead(MessageToMessageDecoder.java:102)\n\tat io.netty.channel.AbstractChannelHandlerContext.invokeChannelRead(AbstractChannelHandlerContext.java:374)\n\tat io.netty.channel.AbstractChannelHandlerContext.invokeChannelRead(AbstractChannelHandlerContext.java:360)\n\tat io.netty.channel.AbstractChannelHandlerContext.fireChannelRead(AbstractChannelHandlerContext.java:352)\n\tat io.netty.channel.CombinedChannelDuplexHandler$DelegatingChannelHandlerContext.fireChannelRead(CombinedChannelDuplexHandler.java:438)\n\tat io.netty.handler.codec.ByteToMessageDecoder.fireChannelRead(ByteToMessageDecoder.java:328)\n\tat io.netty.handler.codec.ByteToMessageDecoder.channelRead(ByteToMessageDecoder.java:302)\n\tat io.netty.channel.CombinedChannelDuplexHandler.channelRead(CombinedChannelDuplexHandler.java:253)\n\tat io.netty.channel.AbstractChannelHandlerContext.invokeChannelRead(AbstractChannelHandlerContext.java:374)\n\tat io.netty.channel.AbstractChannelHandlerContext.invokeChannelRead(AbstractChannelHandlerContext.java:360)\n\tat io.netty.channel.AbstractChannelHandlerContext.fireChannelRead(AbstractChannelHandlerContext.java:352)\n\tat io.netty.handler.timeout.IdleStateHandler.channelRead(IdleStateHandler.java:287)\n\tat io.netty.channel.AbstractChannelHandlerContext.invokeChannelRead(AbstractChannelHandlerContext.java:374)\n\tat io.netty.channel.AbstractChannelHandlerContext.invokeChannelRead(AbstractChannelHandlerContext.java:360)\n\tat io.netty.channel.AbstractChannelHandlerContext.fireChannelRead(AbstractChannelHandlerContext.java:352)\n\tat io.netty.channel.DefaultChannelPipeline$HeadContext.channelRead(DefaultChannelPipeline.java:1422)\n\tat io.netty.channel.AbstractChannelHandlerContext.invokeChannelRead(AbstractChannelHandlerContext.java:374)\n\tat io.netty.channel.AbstractChannelHandlerContext.invokeChannelRead(AbstractChannelHandlerContext.java:360)\n\tat io.netty.channel.DefaultChannelPipeline.fireChannelRead(DefaultChannelPipeline.java:931)\n\tat io.netty.channel.nio.AbstractNioByteChannel$NioByteUnsafe.read(AbstractNioByteChannel.java:163)\n\tat io.netty.channel.nio.NioEventLoop.processSelectedKey(NioEventLoop.java:700)\n\tat io.netty.channel.nio.NioEventLoop.processSelectedKeysOptimized(NioEventLoop.java:635)\n\tat io.netty.channel.nio.NioEventLoop.processSelectedKeys(NioEventLoop.java:552)\n\tat io.netty.channel.nio.NioEventLoop.run(NioEventLoop.java:514)\n\tat io.netty.util.concurrent.SingleThreadEventExecutor$6.run(SingleThreadEventExecutor.java:1044)\n\tat io.netty.util.internal.ThreadExecutorMap$2.run(ThreadExecutorMap.java:74)\n\tat io.netty.util.concurrent.FastThreadLocalRunnable.run(FastThreadLocalRunnable.java:30)\n\tat java.lang.Thread.run(Thread.java:1012)\n"}}
Thu Jul 30 09:08:31 UTC 2026 | ALL | 07-30 09:08:30.640  4162  4220 I appium  : channel read: POST /session/0ec58237-84ed-40bd-bf67-28bb2b70cae2/element
Thu Jul 30 09:08:31 UTC 2026 | ALL | 07-30 09:08:30.640  4162  4220 I appium  : FindElement command
Thu Jul 30 09:08:31 UTC 2026 | ALL | 07-30 09:08:30.641  4162  4220 I appium  : method: 'xpath', selector: '//*[contains(@text, 'Login') or contains(@content-desc, 'Login')]'
Thu Jul 30 09:08:31 UTC 2026 | ALL | 07-30 09:08:30.641  4162  4220 I appium  : Waiting up to 10000ms for the device to idle
Thu Jul 30 09:08:31 UTC 2026 | ALL | 07-30 09:08:30.642  4162  4220 I appium  : The following attributes will be included to the page source: [text, content-desc]
Thu Jul 30 09:08:31 UTC 2026 | ALL | 07-30 09:08:30.645  4162  4170 I tomator2.server: Method exceeds compiler instruction limit: 19264 in java_cup.runtime.Symbol org.eclipse.wst.xml.xpath2.processor.internal.CUP$XPathCup$actions.CUP$XPathCup$do_action(int, java_cup.runtime.lr_parser, java.util.Stack, int)
Thu Jul 30 09:08:31 UTC 2026 | ALL | 07-30 09:08:30.651  4162  4220 I appium  : Took 0ms to retrieve 0 matches for '//*[contains(@text, 'Login') or contains(@content-desc, 'Login')]' XPath2 query
Thu Jul 30 09:08:31 UTC 2026 | ALL | 07-30 09:08:30.652  4162  4220 I appium  : AppiumResponse: {"sessionId":"0ec58237-84ed-40bd-bf67-28bb2b70cae2","value":{"error":"no such element","message":"An element could not be located on the page using the given search parameters","stacktrace":"io.appium.uiautomator2.common.exceptions.ElementNotFoundException: An element could not be located on the page using the given search parameters\n\tat io.appium.uiautomator2.utils.ElementLocationHelpers.findElement(ElementLocationHelpers.java:156)\n\tat io.appium.uiautomator2.handler.FindElement.safeHandle(FindElement.java:60)\n\tat io.appium.uiautomator2.handler.request.SafeRequestHandler.handle(SafeRequestHandler.java:59)\n\tat io.appium.uiautomator2.server.AppiumServlet.handleRequest(AppiumServlet.java:259)\n\tat io.appium.uiautomator2.server.AppiumServlet.handleHttpRequest(AppiumServlet.java:253)\n\tat io.appium.uiautomator2.http.ServerHandler.channelRead(ServerHandler.java:77)\n\tat io.netty.channel.AbstractChannelHandlerContext.invokeChannelRead(AbstractChannelHandlerContext.java:374)\n\tat io.netty.channel.AbstractChannelHandlerContext.invokeChannelRead(AbstractChannelHandlerContext.java:360)\n\tat io.netty.channel.AbstractChannelHandlerContext.fireChannelRead(AbstractChannelHandlerContext.java:352)\n\tat io.netty.handler.codec.MessageToMessageDecoder.channelRead(MessageToMessageDecoder.java:102)\n\tat io.netty.channel.AbstractChannelHandlerContext.invokeChannelRead(AbstractChannelHandlerContext.java:374)\n\tat io.netty.channel.AbstractChannelHandlerContext.invokeChannelRead(AbstractChannelHandlerContext.java:360)\n\tat io.netty.channel.AbstractChannelHandlerContext.fireChannelRead(AbstractChannelHandlerContext.java:352)\n\tat io.netty.channel.CombinedChannelDuplexHandler$DelegatingChannelHandlerContext.fireChannelRead(CombinedChannelDuplexHandler.java:438)\n\tat io.netty.handler.codec.ByteToMessageDecoder.fireChannelRead(ByteToMessageDecoder.java:328)\n\tat io.netty.handler.codec.ByteToMessageDecoder.channelRead(ByteToMessageDecoder.java:302)\n\tat io.netty.channel.CombinedChannelDuplexHandler.channelRead(CombinedChannelDuplexHandler.java:253)\n\tat io.netty.channel.AbstractChannelHandlerContext.invokeChannelRead(AbstractChannelHandlerContext.java:374)\n\tat io.netty.channel.AbstractChannelHandlerContext.invokeChannelRead(AbstractChannelHandlerContext.java:360)\n\tat io.netty.channel.AbstractChannelHandlerContext.fireChannelRead(AbstractChannelHandlerContext.java:352)\n\tat io.netty.handler.timeout.IdleStateHandler.channelRead(IdleStateHandler.java:287)\n\tat io.netty.channel.AbstractChannelHandlerContext.invokeChannelRead(AbstractChannelHandlerContext.java:374)\n\tat io.netty.channel.AbstractChannelHandlerContext.invokeChannelRead(AbstractChannelHandlerContext.java:360)\n\tat io.netty.channel.AbstractChannelHandlerContext.fireChannelRead(AbstractChannelHandlerContext.java:352)\n\tat io.netty.channel.DefaultChannelPipeline$HeadContext.channelRead(DefaultChannelPipeline.java:1422)\n\tat io.netty.channel.AbstractChannelHandlerContext.invokeChannelRead(AbstractChannelHandlerContext.java:374)\n\tat io.netty.channel.AbstractChannelHandlerContext.invokeChannelRead(AbstractChannelHandlerContext.java:360)\n\tat io.netty.channel.DefaultChannelPipeline.fireChannelRead(DefaultChannelPipeline.java:931)\n\tat io.netty.channel.nio.AbstractNioByteChannel$NioByteUnsafe.read(AbstractNioByteChannel.java:163)\n\tat io.netty.channel.nio.NioEventLoop.processSelectedKey(NioEventLoop.java:700)\n\tat io.netty.channel.nio.NioEventLoop.processSelectedKeysOptimized(NioEventLoop.java:635)\n\tat io.netty.channel.nio.NioEventLoop.processSelectedKeys(NioEventLoop.java:552)\n\tat io.netty.channel.nio.NioEventLoop.run(NioEventLoop.java:514)\n\tat io.netty.util.concurrent.SingleThreadEventExecutor$6.run(SingleThreadEventExecutor.java:1044)\n\tat io.netty.util.internal.ThreadExecutorMap$2.run(ThreadExecutorMap.java:74)\n\tat io.netty.util.concurrent.FastThreadLocalRunnable.run(FastThreadLocalRunnable.java:30)\n\tat java.lang.Thread.run(Thread.java:1012)\n"}}
Thu Jul 30 09:08:32 UTC 2026 | ALL | 07-30 09:08:31.156  4162  4220 I appium  : channel read: POST /session/0ec58237-84ed-40bd-bf67-28bb2b70cae2/element
Thu Jul 30 09:08:32 UTC 2026 | ALL | 07-30 09:08:31.156  4162  4220 I appium  : FindElement command
Thu Jul 30 09:08:32 UTC 2026 | ALL | 07-30 09:08:31.156  4162  4220 I appium  : method: 'xpath', selector: '//*[contains(@text, 'Login') or contains(@content-desc, 'Login')]'
Thu Jul 30 09:08:32 UTC 2026 | ALL | 07-30 09:08:31.156  4162  4220 I appium  : Waiting up to 10000ms for the device to idle
Thu Jul 30 09:08:32 UTC 2026 | ALL | 07-30 09:08:31.157  4162  4220 I appium  : The following attributes will be included to the page source: [text, content-desc]
Thu Jul 30 09:08:32 UTC 2026 | ALL | 07-30 09:08:31.165  4162  4220 I appium  : Took 0ms to retrieve 0 matches for '//*[contains(@text, 'Login') or contains(@content-desc, 'Login')]' XPath2 query
Thu Jul 30 09:08:32 UTC 2026 | ALL | 07-30 09:08:31.166  4162  4220 I appium  : AppiumResponse: {"sessionId":"0ec58237-84ed-40bd-bf67-28bb2b70cae2","value":{"error":"no such element","message":"An element could not be located on the page using the given search parameters","stacktrace":"io.appium.uiautomator2.common.exceptions.ElementNotFoundException: An element could not be located on the page using the given search parameters\n\tat io.appium.uiautomator2.utils.ElementLocationHelpers.findElement(ElementLocationHelpers.java:156)\n\tat io.appium.uiautomator2.handler.FindElement.safeHandle(FindElement.java:60)\n\tat io.appium.uiautomator2.handler.request.SafeRequestHandler.handle(SafeRequestHandler.java:59)\n\tat io.appium.uiautomator2.server.AppiumServlet.handleRequest(AppiumServlet.java:259)\n\tat io.appium.uiautomator2.server.AppiumServlet.handleHttpRequest(AppiumServlet.java:253)\n\tat io.appium.uiautomator2.http.ServerHandler.channelRead(ServerHandler.java:77)\n\tat io.netty.channel.AbstractChannelHandlerContext.invokeChannelRead(AbstractChannelHandlerContext.java:374)\n\tat io.netty.channel.AbstractChannelHandlerContext.invokeChannelRead(AbstractChannelHandlerContext.java:360)\n\tat io.netty.channel.AbstractChannelHandlerContext.fireChannelRead(AbstractChannelHandlerContext.java:352)\n\tat io.netty.handler.codec.MessageToMessageDecoder.channelRead(MessageToMessageDecoder.java:102)\n\tat io.netty.channel.AbstractChannelHandlerContext.invokeChannelRead(AbstractChannelHandlerContext.java:374)\n\tat io.netty.channel.AbstractChannelHandlerContext.invokeChannelRead(AbstractChannelHandlerContext.java:360)\n\tat io.netty.channel.AbstractChannelHandlerContext.fireChannelRead(AbstractChannelHandlerContext.java:352)\n\tat io.netty.channel.CombinedChannelDuplexHandler$DelegatingChannelHandlerContext.fireChannelRead(CombinedChannelDuplexHandler.java:438)\n\tat io.netty.handler.codec.ByteToMessageDecoder.fireChannelRead(ByteToMessageDecoder.java:328)\n\tat io.netty.handler.codec.ByteToMessageDecoder.channelRead(ByteToMessageDecoder.java:302)\n\tat io.netty.channel.CombinedChannelDuplexHandler.channelRead(CombinedChannelDuplexHandler.java:253)\n\tat io.netty.channel.AbstractChannelHandlerContext.invokeChannelRead(AbstractChannelHandlerContext.java:374)\n\tat io.netty.channel.AbstractChannelHandlerContext.invokeChannelRead(AbstractChannelHandlerContext.java:360)\n\tat io.netty.channel.AbstractChannelHandlerContext.fireChannelRead(AbstractChannelHandlerContext.java:352)\n\tat io.netty.handler.timeout.IdleStateHandler.channelRead(IdleStateHandler.java:287)\n\tat io.netty.channel.AbstractChannelHandlerContext.invokeChannelRead(AbstractChannelHandlerContext.java:374)\n\tat io.netty.channel.AbstractChannelHandlerContext.invokeChannelRead(AbstractChannelHandlerContext.java:360)\n\tat io.netty.channel.AbstractChannelHandlerContext.fireChannelRead(AbstractChannelHandlerContext.java:352)\n\tat io.netty.channel.DefaultChannelPipeline$HeadContext.channelRead(DefaultChannelPipeline.java:1422)\n\tat io.netty.channel.AbstractChannelHandlerContext.invokeChannelRead(AbstractChannelHandlerContext.java:374)\n\tat io.netty.channel.AbstractChannelHandlerContext.invokeChannelRead(AbstractChannelHandlerContext.java:360)\n\tat io.netty.channel.DefaultChannelPipeline.fireChannelRead(DefaultChannelPipeline.java:931)\n\tat io.netty.channel.nio.AbstractNioByteChannel$NioByteUnsafe.read(AbstractNioByteChannel.java:163)\n\tat io.netty.channel.nio.NioEventLoop.processSelectedKey(NioEventLoop.java:700)\n\tat io.netty.channel.nio.NioEventLoop.processSelectedKeysOptimized(NioEventLoop.java:635)\n\tat io.netty.channel.nio.NioEventLoop.processSelectedKeys(NioEventLoop.java:552)\n\tat io.netty.channel.nio.NioEventLoop.run(NioEventLoop.java:514)\n\tat io.netty.util.concurrent.SingleThreadEventExecutor$6.run(SingleThreadEventExecutor.java:1044)\n\tat io.netty.util.internal.ThreadExecutorMap$2.run(ThreadExecutorMap.java:74)\n\tat io.netty.util.concurrent.FastThreadLocalRunnable.run(FastThreadLocalRunnable.java:30)\n\tat java.lang.Thread.run(Thread.java:1012)\n"}}
Thu Jul 30 09:08:32 UTC 2026 | ALL | 07-30 09:08:31.344  1817  1817 I wpa_supplicant: wlan0: CTRL-EVENT-BEACON-LOSS 
Thu Jul 30 09:08:32 UTC 2026 | ALL | 07-30 09:08:31.670  4162  4220 I appium  : channel read: POST /session/0ec58237-84ed-40bd-bf67-28bb2b70cae2/element
Thu Jul 30 09:08:32 UTC 2026 | ALL | 07-30 09:08:31.671  4162  4220 I appium  : FindElement command
Thu Jul 30 09:08:32 UTC 2026 | ALL | 07-30 09:08:31.671  4162  4220 I appium  : method: 'xpath', selector: '//*[contains(@text, 'Login') or contains(@content-desc, 'Login')]'
Thu Jul 30 09:08:32 UTC 2026 | ALL | 07-30 09:08:31.671  4162  4220 I appium  : Waiting up to 10000ms for the device to idle
Thu Jul 30 09:08:32 UTC 2026 | ALL | 07-30 09:08:31.672  4162  4220 I appium  : The following attributes will be included to the page source: [text, content-desc]
Thu Jul 30 09:08:32 UTC 2026 | ALL | 07-30 09:08:31.684  4162  4220 I appium  : Took 0ms to retrieve 0 matches for '//*[contains(@text, 'Login') or contains(@content-desc, 'Login')]' XPath2 query
Thu Jul 30 09:08:32 UTC 2026 | ALL | 07-30 09:08:31.685  4162  4220 I appium  : AppiumResponse: {"sessionId":"0ec58237-84ed-40bd-bf67-28bb2b70cae2","value":{"error":"no such element","message":"An element could not be located on the page using the given search parameters","stacktrace":"io.appium.uiautomator2.common.exceptions.ElementNotFoundException: An element could not be located on the page using the given search parameters\n\tat io.appium.uiautomator2.utils.ElementLocationHelpers.findElement(ElementLocationHelpers.java:156)\n\tat io.appium.uiautomator2.handler.FindElement.safeHandle(FindElement.java:60)\n\tat io.appium.uiautomator2.handler.request.SafeRequestHandler.handle(SafeRequestHandler.java:59)\n\tat io.appium.uiautomator2.server.AppiumServlet.handleRequest(AppiumServlet.java:259)\n\tat io.appium.uiautomator2.server.AppiumServlet.handleHttpRequest(AppiumServlet.java:253)\n\tat io.appium.uiautomator2.http.ServerHandler.channelRead(ServerHandler.java:77)\n\tat io.netty.channel.AbstractChannelHandlerContext.invokeChannelRead(AbstractChannelHandlerContext.java:374)\n\tat io.netty.channel.AbstractChannelHandlerContext.invokeChannelRead(AbstractChannelHandlerContext.java:360)\n\tat io.netty.channel.AbstractChannelHandlerContext.fireChannelRead(AbstractChannelHandlerContext.java:352)\n\tat io.netty.handler.codec.MessageToMessageDecoder.channelRead(MessageToMessageDecoder.java:102)\n\tat io.netty.channel.AbstractChannelHandlerContext.invokeChannelRead(AbstractChannelHandlerContext.java:374)\n\tat io.netty.channel.AbstractChannelHandlerContext.invokeChannelRead(AbstractChannelHandlerContext.java:360)\n\tat io.netty.channel.AbstractChannelHandlerContext.fireChannelRead(AbstractChannelHandlerContext.java:352)\n\tat io.netty.channel.CombinedChannelDuplexHandler$DelegatingChannelHandlerContext.fireChannelRead(CombinedChannelDuplexHandler.java:438)\n\tat io.netty.handler.codec.ByteToMessageDecoder.fireChannelRead(ByteToMessageDecoder.java:328)\n\tat io.netty.handler.codec.ByteToMessageDecoder.channelRead(ByteToMessageDecoder.java:302)\n\tat io.netty.channel.CombinedChannelDuplexHandler.channelRead(CombinedChannelDuplexHandler.java:253)\n\tat io.netty.channel.AbstractChannelHandlerContext.invokeChannelRead(AbstractChannelHandlerContext.java:374)\n\tat io.netty.channel.AbstractChannelHandlerContext.invokeChannelRead(AbstractChannelHandlerContext.java:360)\n\tat io.netty.channel.AbstractChannelHandlerContext.fireChannelRead(AbstractChannelHandlerContext.java:352)\n\tat io.netty.handler.timeout.IdleStateHandler.channelRead(IdleStateHandler.java:287)\n\tat io.netty.channel.AbstractChannelHandlerContext.invokeChannelRead(AbstractChannelHandlerContext.java:374)\n\tat io.netty.channel.AbstractChannelHandlerContext.invokeChannelRead(AbstractChannelHandlerContext.java:360)\n\tat io.netty.channel.AbstractChannelHandlerContext.fireChannelRead(AbstractChannelHandlerContext.java:352)\n\tat io.netty.channel.DefaultChannelPipeline$HeadContext.channelRead(DefaultChannelPipeline.java:1422)\n\tat io.netty.channel.AbstractChannelHandlerContext.invokeChannelRead(AbstractChannelHandlerContext.java:374)\n\tat io.netty.channel.AbstractChannelHandlerContext.invokeChannelRead(AbstractChannelHandlerContext.java:360)\n\tat io.netty.channel.DefaultChannelPipeline.fireChannelRead(DefaultChannelPipeline.java:931)\n\tat io.netty.channel.nio.AbstractNioByteChannel$NioByteUnsafe.read(AbstractNioByteChannel.java:163)\n\tat io.netty.channel.nio.NioEventLoop.processSelectedKey(NioEventLoop.java:700)\n\tat io.netty.channel.nio.NioEventLoop.processSelectedKeysOptimized(NioEventLoop.java:635)\n\tat io.netty.channel.nio.NioEventLoop.processSelectedKeys(NioEventLoop.java:552)\n\tat io.netty.channel.nio.NioEventLoop.run(NioEventLoop.java:514)\n\tat io.netty.util.concurrent.SingleThreadEventExecutor$6.run(SingleThreadEventExecutor.java:1044)\n\tat io.netty.util.internal.ThreadExecutorMap$2.run(ThreadExecutorMap.java:74)\n\tat io.netty.util.concurrent.FastThreadLocalRunnable.run(FastThreadLocalRunnable.java:30)\n\tat java.lang.Thread.run(Thread.java:1012)\n"}}
Thu Jul 30 09:08:33 UTC 2026 | ALL | 07-30 09:08:32.189  4162  4220 I appium  : channel read: POST /session/0ec58237-84ed-40bd-bf67-28bb2b70cae2/element
Thu Jul 30 09:08:33 UTC 2026 | ALL | 07-30 09:08:32.189  4162  4220 I appium  : FindElement command
Thu Jul 30 09:08:33 UTC 2026 | ALL | 07-30 09:08:32.190  4162  4220 I appium  : method: 'xpath', selector: '//*[contains(@text, 'Login') or contains(@content-desc, 'Login')]'
Thu Jul 30 09:08:33 UTC 2026 | ALL | 07-30 09:08:32.190  4162  4220 I appium  : Waiting up to 10000ms for the device to idle
Thu Jul 30 09:08:33 UTC 2026 | ALL | 07-30 09:08:32.191  4162  4220 I appium  : The following attributes will be included to the page source: [text, content-desc]
Thu Jul 30 09:08:33 UTC 2026 | ALL | 07-30 09:08:32.194  4162  4170 I tomator2.server: Method exceeds compiler instruction limit: 19264 in java_cup.runtime.Symbol org.eclipse.wst.xml.xpath2.processor.internal.CUP$XPathCup$actions.CUP$XPathCup$do_action(int, java_cup.runtime.lr_parser, java.util.Stack, int)
Thu Jul 30 09:08:33 UTC 2026 | ALL | 07-30 09:08:32.199  4162  4220 I appium  : Took 0ms to retrieve 0 matches for '//*[contains(@text, 'Login') or contains(@content-desc, 'Login')]' XPath2 query
Thu Jul 30 09:08:33 UTC 2026 | ALL | 07-30 09:08:32.200  4162  4220 I appium  : AppiumResponse: {"sessionId":"0ec58237-84ed-40bd-bf67-28bb2b70cae2","value":{"error":"no such element","message":"An element could not be located on the page using the given search parameters","stacktrace":"io.appium.uiautomator2.common.exceptions.ElementNotFoundException: An element could not be located on the page using the given search parameters\n\tat io.appium.uiautomator2.utils.ElementLocationHelpers.findElement(ElementLocationHelpers.java:156)\n\tat io.appium.uiautomator2.handler.FindElement.safeHandle(FindElement.java:60)\n\tat io.appium.uiautomator2.handler.request.SafeRequestHandler.handle(SafeRequestHandler.java:59)\n\tat io.appium.uiautomator2.server.AppiumServlet.handleRequest(AppiumServlet.java:259)\n\tat io.appium.uiautomator2.server.AppiumServlet.handleHttpRequest(AppiumServlet.java:253)\n\tat io.appium.uiautomator2.http.ServerHandler.channelRead(ServerHandler.java:77)\n\tat io.netty.channel.AbstractChannelHandlerContext.invokeChannelRead(AbstractChannelHandlerContext.java:374)\n\tat io.netty.channel.AbstractChannelHandlerContext.invokeChannelRead(AbstractChannelHandlerContext.java:360)\n\tat io.netty.channel.AbstractChannelHandlerContext.fireChannelRead(AbstractChannelHandlerContext.java:352)\n\tat io.netty.handler.codec.MessageToMessageDecoder.channelRead(MessageToMessageDecoder.java:102)\n\tat io.netty.channel.AbstractChannelHandlerContext.invokeChannelRead(AbstractChannelHandlerContext.java:374)\n\tat io.netty.channel.AbstractChannelHandlerContext.invokeChannelRead(AbstractChannelHandlerContext.java:360)\n\tat io.netty.channel.AbstractChannelHandlerContext.fireChannelRead(AbstractChannelHandlerContext.java:352)\n\tat io.netty.channel.CombinedChannelDuplexHandler$DelegatingChannelHandlerContext.fireChannelRead(CombinedChannelDuplexHandler.java:438)\n\tat io.netty.handler.codec.ByteToMessageDecoder.fireChannelRead(ByteToMessageDecoder.java:328)\n\tat io.netty.handler.codec.ByteToMessageDecoder.channelRead(ByteToMessageDecoder.java:302)\n\tat io.netty.channel.CombinedChannelDuplexHandler.channelRead(CombinedChannelDuplexHandler.java:253)\n\tat io.netty.channel.AbstractChannelHandlerContext.invokeChannelRead(AbstractChannelHandlerContext.java:374)\n\tat io.netty.channel.AbstractChannelHandlerContext.invokeChannelRead(AbstractChannelHandlerContext.java:360)\n\tat io.netty.channel.AbstractChannelHandlerContext.fireChannelRead(AbstractChannelHandlerContext.java:352)\n\tat io.netty.handler.timeout.IdleStateHandler.channelRead(IdleStateHandler.java:287)\n\tat io.netty.channel.AbstractChannelHandlerContext.invokeChannelRead(AbstractChannelHandlerContext.java:374)\n\tat io.netty.channel.AbstractChannelHandlerContext.invokeChannelRead(AbstractChannelHandlerContext.java:360)\n\tat io.netty.channel.AbstractChannelHandlerContext.fireChannelRead(AbstractChannelHandlerContext.java:352)\n\tat io.netty.channel.DefaultChannelPipeline$HeadContext.channelRead(DefaultChannelPipeline.java:1422)\n\tat io.netty.channel.AbstractChannelHandlerContext.invokeChannelRead(AbstractChannelHandlerContext.java:374)\n\tat io.netty.channel.AbstractChannelHandlerContext.invokeChannelRead(AbstractChannelHandlerContext.java:360)\n\tat io.netty.channel.DefaultChannelPipeline.fireChannelRead(DefaultChannelPipeline.java:931)\n\tat io.netty.channel.nio.AbstractNioByteChannel$NioByteUnsafe.read(AbstractNioByteChannel.java:163)\n\tat io.netty.channel.nio.NioEventLoop.processSelectedKey(NioEventLoop.java:700)\n\tat io.netty.channel.nio.NioEventLoop.processSelectedKeysOptimized(NioEventLoop.java:635)\n\tat io.netty.channel.nio.NioEventLoop.processSelectedKeys(NioEventLoop.java:552)\n\tat io.netty.channel.nio.NioEventLoop.run(NioEventLoop.java:514)\n\tat io.netty.util.concurrent.SingleThreadEventExecutor$6.run(SingleThreadEventExecutor.java:1044)\n\tat io.netty.util.internal.ThreadExecutorMap$2.run(ThreadExecutorMap.java:74)\n\tat io.netty.util.concurrent.FastThreadLocalRunnable.run(FastThreadLocalRunnable.java:30)\n\tat java.lang.Thread.run(Thread.java:1012)\n"}}
Thu Jul 30 09:08:33 UTC 2026 | ALL | 07-30 09:08:32.704  4162  4220 I appium  : channel read: POST /session/0ec58237-84ed-40bd-bf67-28bb2b70cae2/element
Thu Jul 30 09:08:33 UTC 2026 | ALL | 07-30 09:08:32.704  4162  4220 I appium  : FindElement command
Thu Jul 30 09:08:33 UTC 2026 | ALL | 07-30 09:08:32.705  4162  4220 I appium  : method: 'xpath', selector: '//*[contains(@text, 'Login') or contains(@content-desc, 'Login')]'
Thu Jul 30 09:08:33 UTC 2026 | ALL | 07-30 09:08:32.705  4162  4220 I appium  : Waiting up to 10000ms for the device to idle
Thu Jul 30 09:08:33 UTC 2026 | ALL | 07-30 09:08:32.706  4162  4220 I appium  : The following attributes will be included to the page source: [text, content-desc]
Thu Jul 30 09:08:33 UTC 2026 | ALL | 07-30 09:08:32.717  4162  4220 I appium  : Took 0ms to retrieve 0 matches for '//*[contains(@text, 'Login') or contains(@content-desc, 'Login')]' XPath2 query
Thu Jul 30 09:08:33 UTC 2026 | ALL | 07-30 09:08:32.719  4162  4220 I appium  : AppiumResponse: {"sessionId":"0ec58237-84ed-40bd-bf67-28bb2b70cae2","value":{"error":"no such element","message":"An element could not be located on the page using the given search parameters","stacktrace":"io.appium.uiautomator2.common.exceptions.ElementNotFoundException: An element could not be located on the page using the given search parameters\n\tat io.appium.uiautomator2.utils.ElementLocationHelpers.findElement(ElementLocationHelpers.java:156)\n\tat io.appium.uiautomator2.handler.FindElement.safeHandle(FindElement.java:60)\n\tat io.appium.uiautomator2.handler.request.SafeRequestHandler.handle(SafeRequestHandler.java:59)\n\tat io.appium.uiautomator2.server.AppiumServlet.handleRequest(AppiumServlet.java:259)\n\tat io.appium.uiautomator2.server.AppiumServlet.handleHttpRequest(AppiumServlet.java:253)\n\tat io.appium.uiautomator2.http.ServerHandler.channelRead(ServerHandler.java:77)\n\tat io.netty.channel.AbstractChannelHandlerContext.invokeChannelRead(AbstractChannelHandlerContext.java:374)\n\tat io.netty.channel.AbstractChannelHandlerContext.invokeChannelRead(AbstractChannelHandlerContext.java:360)\n\tat io.netty.channel.AbstractChannelHandlerContext.fireChannelRead(AbstractChannelHandlerContext.java:352)\n\tat io.netty.handler.codec.MessageToMessageDecoder.channelRead(MessageToMessageDecoder.java:102)\n\tat io.netty.channel.AbstractChannelHandlerContext.invokeChannelRead(AbstractChannelHandlerContext.java:374)\n\tat io.netty.channel.AbstractChannelHandlerContext.invokeChannelRead(AbstractChannelHandlerContext.java:360)\n\tat io.netty.channel.AbstractChannelHandlerContext.fireChannelRead(AbstractChannelHandlerContext.java:352)\n\tat io.netty.channel.CombinedChannelDuplexHandler$DelegatingChannelHandlerContext.fireChannelRead(CombinedChannelDuplexHandler.java:438)\n\tat io.netty.handler.codec.ByteToMessageDecoder.fireChannelRead(ByteToMessageDecoder.java:328)\n\tat io.netty.handler.codec.ByteToMessageDecoder.channelRead(ByteToMessageDecoder.java:302)\n\tat io.netty.channel.CombinedChannelDuplexHandler.channelRead(CombinedChannelDuplexHandler.java:253)\n\tat io.netty.channel.AbstractChannelHandlerContext.invokeChannelRead(AbstractChannelHandlerContext.java:374)\n\tat io.netty.channel.AbstractChannelHandlerContext.invokeChannelRead(AbstractChannelHandlerContext.java:360)\n\tat io.netty.channel.AbstractChannelHandlerContext.fireChannelRead(AbstractChannelHandlerContext.java:352)\n\tat io.netty.handler.timeout.IdleStateHandler.channelRead(IdleStateHandler.java:287)\n\tat io.netty.channel.AbstractChannelHandlerContext.invokeChannelRead(AbstractChannelHandlerContext.java:374)\n\tat io.netty.channel.AbstractChannelHandlerContext.invokeChannelRead(AbstractChannelHandlerContext.java:360)\n\tat io.netty.channel.AbstractChannelHandlerContext.fireChannelRead(AbstractChannelHandlerContext.java:352)\n\tat io.netty.channel.DefaultChannelPipeline$HeadContext.channelRead(DefaultChannelPipeline.java:1422)\n\tat io.netty.channel.AbstractChannelHandlerContext.invokeChannelRead(AbstractChannelHandlerContext.java:374)\n\tat io.netty.channel.AbstractChannelHandlerContext.invokeChannelRead(AbstractChannelHandlerContext.java:360)\n\tat io.netty.channel.DefaultChannelPipeline.fireChannelRead(DefaultChannelPipeline.java:931)\n\tat io.netty.channel.nio.AbstractNioByteChannel$NioByteUnsafe.read(AbstractNioByteChannel.java:163)\n\tat io.netty.channel.nio.NioEventLoop.processSelectedKey(NioEventLoop.java:700)\n\tat io.netty.channel.nio.NioEventLoop.processSelectedKeysOptimized(NioEventLoop.java:635)\n\tat io.netty.channel.nio.NioEventLoop.processSelectedKeys(NioEventLoop.java:552)\n\tat io.netty.channel.nio.NioEventLoop.run(NioEventLoop.java:514)\n\tat io.netty.util.concurrent.SingleThreadEventExecutor$6.run(SingleThreadEventExecutor.java:1044)\n\tat io.netty.util.internal.ThreadExecutorMap$2.run(ThreadExecutorMap.java:74)\n\tat io.netty.util.concurrent.FastThreadLocalRunnable.run(FastThreadLocalRunnable.java:30)\n\tat java.lang.Thread.run(Thread.java:1012)\n"}}
Thu Jul 30 09:08:33 UTC 2026 | ALL | 07-30 09:08:32.874  4162  4220 I appium  : channel read: POST /session/0ec58237-84ed-40bd-bf67-28bb2b70cae2/element
Thu Jul 30 09:08:33 UTC 2026 | ALL | 07-30 09:08:32.874  4162  4220 I appium  : FindElement command
Thu Jul 30 09:08:33 UTC 2026 | ALL | 07-30 09:08:32.875  4162  4220 I appium  : method: 'xpath', selector: '//*[contains(@text, 'Login') or contains(@content-desc, 'Login')]'
Thu Jul 30 09:08:33 UTC 2026 | ALL | 07-30 09:08:32.875  4162  4220 I appium  : Waiting up to 10000ms for the device to idle
Thu Jul 30 09:08:33 UTC 2026 | ALL | 07-30 09:08:32.876  4162  4220 I appium  : The following attributes will be included to the page source: [text, content-desc]
Thu Jul 30 09:08:33 UTC 2026 | ALL | 07-30 09:08:32.884  4162  4220 I appium  : Took 0ms to retrieve 0 matches for '//*[contains(@text, 'Login') or contains(@content-desc, 'Login')]' XPath2 query
Thu Jul 30 09:08:33 UTC 2026 | ALL | 07-30 09:08:32.885  4162  4220 I appium  : AppiumResponse: {"sessionId":"0ec58237-84ed-40bd-bf67-28bb2b70cae2","value":{"error":"no such element","message":"An element could not be located on the page using the given search parameters","stacktrace":"io.appium.uiautomator2.common.exceptions.ElementNotFoundException: An element could not be located on the page using the given search parameters\n\tat io.appium.uiautomator2.utils.ElementLocationHelpers.findElement(ElementLocationHelpers.java:156)\n\tat io.appium.uiautomator2.handler.FindElement.safeHandle(FindElement.java:60)\n\tat io.appium.uiautomator2.handler.request.SafeRequestHandler.handle(SafeRequestHandler.java:59)\n\tat io.appium.uiautomator2.server.AppiumServlet.handleRequest(AppiumServlet.java:259)\n\tat io.appium.uiautomator2.server.AppiumServlet.handleHttpRequest(AppiumServlet.java:253)\n\tat io.appium.uiautomator2.http.ServerHandler.channelRead(ServerHandler.java:77)\n\tat io.netty.channel.AbstractChannelHandlerContext.invokeChannelRead(AbstractChannelHandlerContext.java:374)\n\tat io.netty.channel.AbstractChannelHandlerContext.invokeChannelRead(AbstractChannelHandlerContext.java:360)\n\tat io.netty.channel.AbstractChannelHandlerContext.fireChannelRead(AbstractChannelHandlerContext.java:352)\n\tat io.netty.handler.codec.MessageToMessageDecoder.channelRead(MessageToMessageDecoder.java:102)\n\tat io.netty.channel.AbstractChannelHandlerContext.invokeChannelRead(AbstractChannelHandlerContext.java:374)\n\tat io.netty.channel.AbstractChannelHandlerContext.invokeChannelRead(AbstractChannelHandlerContext.java:360)\n\tat io.netty.channel.AbstractChannelHandlerContext.fireChannelRead(AbstractChannelHandlerContext.java:352)\n\tat io.netty.channel.CombinedChannelDuplexHandler$DelegatingChannelHandlerContext.fireChannelRead(CombinedChannelDuplexHandler.java:438)\n\tat io.netty.handler.codec.ByteToMessageDecoder.fireChannelRead(ByteToMessageDecoder.java:328)\n\tat io.netty.handler.codec.ByteToMessageDecoder.channelRead(ByteToMessageDecoder.java:302)\n\tat io.netty.channel.CombinedChannelDuplexHandler.channelRead(CombinedChannelDuplexHandler.java:253)\n\tat io.netty.channel.AbstractChannelHandlerContext.invokeChannelRead(AbstractChannelHandlerContext.java:374)\n\tat io.netty.channel.AbstractChannelHandlerContext.invokeChannelRead(AbstractChannelHandlerContext.java:360)\n\tat io.netty.channel.AbstractChannelHandlerContext.fireChannelRead(AbstractChannelHandlerContext.java:352)\n\tat io.netty.handler.timeout.IdleStateHandler.channelRead(IdleStateHandler.java:287)\n\tat io.netty.channel.AbstractChannelHandlerContext.invokeChannelRead(AbstractChannelHandlerContext.java:374)\n\tat io.netty.channel.AbstractChannelHandlerContext.invokeChannelRead(AbstractChannelHandlerContext.java:360)\n\tat io.netty.channel.AbstractChannelHandlerContext.fireChannelRead(AbstractChannelHandlerContext.java:352)\n\tat io.netty.channel.DefaultChannelPipeline$HeadContext.channelRead(DefaultChannelPipeline.java:1422)\n\tat io.netty.channel.AbstractChannelHandlerContext.invokeChannelRead(AbstractChannelHandlerContext.java:374)\n\tat io.netty.channel.AbstractChannelHandlerContext.invokeChannelRead(AbstractChannelHandlerContext.java:360)\n\tat io.netty.channel.DefaultChannelPipeline.fireChannelRead(DefaultChannelPipeline.java:931)\n\tat io.netty.channel.nio.AbstractNioByteChannel$NioByteUnsafe.read(AbstractNioByteChannel.java:163)\n\tat io.netty.channel.nio.NioEventLoop.processSelectedKey(NioEventLoop.java:700)\n\tat io.netty.channel.nio.NioEventLoop.processSelectedKeysOptimized(NioEventLoop.java:635)\n\tat io.netty.channel.nio.NioEventLoop.processSelectedKeys(NioEventLoop.java:552)\n\tat io.netty.channel.nio.NioEventLoop.run(NioEventLoop.java:514)\n\tat io.netty.util.concurrent.SingleThreadEventExecutor$6.run(SingleThreadEventExecutor.java:1044)\n\tat io.netty.util.internal.ThreadExecutorMap$2.run(ThreadExecutorMap.java:74)\n\tat io.netty.util.concurrent.FastThreadLocalRunnable.run(FastThreadLocalRunnable.java:30)\n\tat java.lang.Thread.run(Thread.java:1012)\n"}}
Thu Jul 30 09:08:33 UTC 2026 | ALL | 07-30 09:08:32.892  4162  4220 I appium  : channel read: POST /session/0ec58237-84ed-40bd-bf67-28bb2b70cae2/element
Thu Jul 30 09:08:33 UTC 2026 | ALL | 07-30 09:08:32.892  4162  4220 I appium  : FindElement command
Thu Jul 30 09:08:33 UTC 2026 | ALL | 07-30 09:08:32.892  4162  4220 I appium  : method: 'xpath', selector: '//*[contains(@text, 'Home') or contains(@content-desc, 'Home')]'
Thu Jul 30 09:08:33 UTC 2026 | ALL | 07-30 09:08:32.892  4162  4220 I appium  : Waiting up to 10000ms for the device to idle
Thu Jul 30 09:08:33 UTC 2026 | ALL | 07-30 09:08:32.893  4162  4220 I appium  : The following attributes will be included to the page source: [text, content-desc]
Thu Jul 30 09:08:33 UTC 2026 | ALL | 07-30 09:08:32.896  4162  4170 I tomator2.server: Method exceeds compiler instruction limit: 19264 in java_cup.runtime.Symbol org.eclipse.wst.xml.xpath2.processor.internal.CUP$XPathCup$actions.CUP$XPathCup$do_action(int, java_cup.runtime.lr_parser, java.util.Stack, int)
Thu Jul 30 09:08:33 UTC 2026 | ALL | 07-30 09:08:32.900  4162  4220 I appium  : Took 0ms to retrieve 0 matches for '//*[contains(@text, 'Home') or contains(@content-desc, 'Home')]' XPath2 query
Thu Jul 30 09:08:33 UTC 2026 | ALL | 07-30 09:08:32.901  4162  4220 I appium  : AppiumResponse: {"sessionId":"0ec58237-84ed-40bd-bf67-28bb2b70cae2","value":{"error":"no such element","message":"An element could not be located on the page using the given search parameters","stacktrace":"io.appium.uiautomator2.common.exceptions.ElementNotFoundException: An element could not be located on the page using the given search parameters\n\tat io.appium.uiautomator2.utils.ElementLocationHelpers.findElement(ElementLocationHelpers.java:156)\n\tat io.appium.uiautomator2.handler.FindElement.safeHandle(FindElement.java:60)\n\tat io.appium.uiautomator2.handler.request.SafeRequestHandler.handle(SafeRequestHandler.java:59)\n\tat io.appium.uiautomator2.server.AppiumServlet.handleRequest(AppiumServlet.java:259)\n\tat io.appium.uiautomator2.server.AppiumServlet.handleHttpRequest(AppiumServlet.java:253)\n\tat io.appium.uiautomator2.http.ServerHandler.channelRead(ServerHandler.java:77)\n\tat io.netty.channel.AbstractChannelHandlerContext.invokeChannelRead(AbstractChannelHandlerContext.java:374)\n\tat io.netty.channel.AbstractChannelHandlerContext.invokeChannelRead(AbstractChannelHandlerContext.java:360)\n\tat io.netty.channel.AbstractChannelHandlerContext.fireChannelRead(AbstractChannelHandlerContext.java:352)\n\tat io.netty.handler.codec.MessageToMessageDecoder.channelRead(MessageToMessageDecoder.java:102)\n\tat io.netty.channel.AbstractChannelHandlerContext.invokeChannelRead(AbstractChannelHandlerContext.java:374)\n\tat io.netty.channel.AbstractChannelHandlerContext.invokeChannelRead(AbstractChannelHandlerContext.java:360)\n\tat io.netty.channel.AbstractChannelHandlerContext.fireChannelRead(AbstractChannelHandlerContext.java:352)\n\tat io.netty.channel.CombinedChannelDuplexHandler$DelegatingChannelHandlerContext.fireChannelRead(CombinedChannelDuplexHandler.java:438)\n\tat io.netty.handler.codec.ByteToMessageDecoder.fireChannelRead(ByteToMessageDecoder.java:328)\n\tat io.netty.handler.codec.ByteToMessageDecoder.channelRead(ByteToMessageDecoder.java:302)\n\tat io.netty.channel.CombinedChannelDuplexHandler.channelRead(CombinedChannelDuplexHandler.java:253)\n\tat io.netty.channel.AbstractChannelHandlerContext.invokeChannelRead(AbstractChannelHandlerContext.java:374)\n\tat io.netty.channel.AbstractChannelHandlerContext.invokeChannelRead(AbstractChannelHandlerContext.java:360)\n\tat io.netty.channel.AbstractChannelHandlerContext.fireChannelRead(AbstractChannelHandlerContext.java:352)\n\tat io.netty.handler.timeout.IdleStateHandler.channelRead(IdleStateHandler.java:287)\n\tat io.netty.channel.AbstractChannelHandlerContext.invokeChannelRead(AbstractChannelHandlerContext.java:374)\n\tat io.netty.channel.AbstractChannelHandlerContext.invokeChannelRead(AbstractChannelHandlerContext.java:360)\n\tat io.netty.channel.AbstractChannelHandlerContext.fireChannelRead(AbstractChannelHandlerContext.java:352)\n\tat io.netty.channel.DefaultChannelPipeline$HeadContext.channelRead(DefaultChannelPipeline.java:1422)\n\tat io.netty.channel.AbstractChannelHandlerContext.invokeChannelRead(AbstractChannelHandlerContext.java:374)\n\tat io.netty.channel.AbstractChannelHandlerContext.invokeChannelRead(AbstractChannelHandlerContext.java:360)\n\tat io.netty.channel.DefaultChannelPipeline.fireChannelRead(DefaultChannelPipeline.java:931)\n\tat io.netty.channel.nio.AbstractNioByteChannel$NioByteUnsafe.read(AbstractNioByteChannel.java:163)\n\tat io.netty.channel.nio.NioEventLoop.processSelectedKey(NioEventLoop.java:700)\n\tat io.netty.channel.nio.NioEventLoop.processSelectedKeysOptimized(NioEventLoop.java:635)\n\tat io.netty.channel.nio.NioEventLoop.processSelectedKeys(NioEventLoop.java:552)\n\tat io.netty.channel.nio.NioEventLoop.run(NioEventLoop.java:514)\n\tat io.netty.util.concurrent.SingleThreadEventExecutor$6.run(SingleThreadEventExecutor.java:1044)\n\tat io.netty.util.internal.ThreadExecutorMap$2.run(ThreadExecutorMap.java:74)\n\tat io.netty.util.concurrent.FastThreadLocalRunnable.run(FastThreadLocalRunnable.java:30)\n\tat java.lang.Thread.run(Thread.java:1012)\n"}}
Thu Jul 30 09:08:34 UTC 2026 | ALL | 07-30 09:08:33.405  4162  4220 I appium  : channel read: POST /session/0ec58237-84ed-40bd-bf67-28bb2b70cae2/element
Thu Jul 30 09:08:34 UTC 2026 | ALL | 07-30 09:08:33.406  4162  4220 I appium  : FindElement command
Thu Jul 30 09:08:34 UTC 2026 | ALL | 07-30 09:08:33.406  4162  4220 I appium  : method: 'xpath', selector: '//*[contains(@text, 'Home') or contains(@content-desc, 'Home')]'
Thu Jul 30 09:08:34 UTC 2026 | ALL | 07-30 09:08:33.406  4162  4220 I appium  : Waiting up to 10000ms for the device to idle
Thu Jul 30 09:08:34 UTC 2026 | ALL | 07-30 09:08:33.407  4162  4220 I appium  : The following attributes will be included to the page source: [text, content-desc]
Thu Jul 30 09:08:34 UTC 2026 | ALL | 07-30 09:08:33.415  4162  4220 I appium  : Took 0ms to retrieve 0 matches for '//*[contains(@text, 'Home') or contains(@content-desc, 'Home')]' XPath2 query
Thu Jul 30 09:08:34 UTC 2026 | ALL | 07-30 09:08:33.415  4162  4220 I appium  : AppiumResponse: {"sessionId":"0ec58237-84ed-40bd-bf67-28bb2b70cae2","value":{"error":"no such element","message":"An element could not be located on the page using the given search parameters","stacktrace":"io.appium.uiautomator2.common.exceptions.ElementNotFoundException: An element could not be located on the page using the given search parameters\n\tat io.appium.uiautomator2.utils.ElementLocationHelpers.findElement(ElementLocationHelpers.java:156)\n\tat io.appium.uiautomator2.handler.FindElement.safeHandle(FindElement.java:60)\n\tat io.appium.uiautomator2.handler.request.SafeRequestHandler.handle(SafeRequestHandler.java:59)\n\tat io.appium.uiautomator2.server.AppiumServlet.handleRequest(AppiumServlet.java:259)\n\tat io.appium.uiautomator2.server.AppiumServlet.handleHttpRequest(AppiumServlet.java:253)\n\tat io.appium.uiautomator2.http.ServerHandler.channelRead(ServerHandler.java:77)\n\tat io.netty.channel.AbstractChannelHandlerContext.invokeChannelRead(AbstractChannelHandlerContext.java:374)\n\tat io.netty.channel.AbstractChannelHandlerContext.invokeChannelRead(AbstractChannelHandlerContext.java:360)\n\tat io.netty.channel.AbstractChannelHandlerContext.fireChannelRead(AbstractChannelHandlerContext.java:352)\n\tat io.netty.handler.codec.MessageToMessageDecoder.channelRead(MessageToMessageDecoder.java:102)\n\tat io.netty.channel.AbstractChannelHandlerContext.invokeChannelRead(AbstractChannelHandlerContext.java:374)\n\tat io.netty.channel.AbstractChannelHandlerContext.invokeChannelRead(AbstractChannelHandlerContext.java:360)\n\tat io.netty.channel.AbstractChannelHandlerContext.fireChannelRead(AbstractChannelHandlerContext.java:352)\n\tat io.netty.channel.CombinedChannelDuplexHandler$DelegatingChannelHandlerContext.fireChannelRead(CombinedChannelDuplexHandler.java:438)\n\tat io.netty.handler.codec.ByteToMessageDecoder.fireChannelRead(ByteToMessageDecoder.java:328)\n\tat io.netty.handler.codec.ByteToMessageDecoder.channelRead(ByteToMessageDecoder.java:302)\n\tat io.netty.channel.CombinedChannelDuplexHandler.channelRead(CombinedChannelDuplexHandler.java:253)\n\tat io.netty.channel.AbstractChannelHandlerContext.invokeChannelRead(AbstractChannelHandlerContext.java:374)\n\tat io.netty.channel.AbstractChannelHandlerContext.invokeChannelRead(AbstractChannelHandlerContext.java:360)\n\tat io.netty.channel.AbstractChannelHandlerContext.fireChannelRead(AbstractChannelHandlerContext.java:352)\n\tat io.netty.handler.timeout.IdleStateHandler.channelRead(IdleStateHandler.java:287)\n\tat io.netty.channel.AbstractChannelHandlerContext.invokeChannelRead(AbstractChannelHandlerContext.java:374)\n\tat io.netty.channel.AbstractChannelHandlerContext.invokeChannelRead(AbstractChannelHandlerContext.java:360)\n\tat io.netty.channel.AbstractChannelHandlerContext.fireChannelRead(AbstractChannelHandlerContext.java:352)\n\tat io.netty.channel.DefaultChannelPipeline$HeadContext.channelRead(DefaultChannelPipeline.java:1422)\n\tat io.netty.channel.AbstractChannelHandlerContext.invokeChannelRead(AbstractChannelHandlerContext.java:374)\n\tat io.netty.channel.AbstractChannelHandlerContext.invokeChannelRead(AbstractChannelHandlerContext.java:360)\n\tat io.netty.channel.DefaultChannelPipeline.fireChannelRead(DefaultChannelPipeline.java:931)\n\tat io.netty.channel.nio.AbstractNioByteChannel$NioByteUnsafe.read(AbstractNioByteChannel.java:163)\n\tat io.netty.channel.nio.NioEventLoop.processSelectedKey(NioEventLoop.java:700)\n\tat io.netty.channel.nio.NioEventLoop.processSelectedKeysOptimized(NioEventLoop.java:635)\n\tat io.netty.channel.nio.NioEventLoop.processSelectedKeys(NioEventLoop.java:552)\n\tat io.netty.channel.nio.NioEventLoop.run(NioEventLoop.java:514)\n\tat io.netty.util.concurrent.SingleThreadEventExecutor$6.run(SingleThreadEventExecutor.java:1044)\n\tat io.netty.util.internal.ThreadExecutorMap$2.run(ThreadExecutorMap.java:74)\n\tat io.netty.util.concurrent.FastThreadLocalRunnable.run(FastThreadLocalRunnable.java:30)\n\tat java.lang.Thread.run(Thread.java:1012)\n"}}
Thu Jul 30 09:08:34 UTC 2026 | ALL | 07-30 09:08:33.920  4162  4220 I appium  : channel read: POST /session/0ec58237-84ed-40bd-bf67-28bb2b70cae2/element
Thu Jul 30 09:08:34 UTC 2026 | ALL | 07-30 09:08:33.920  4162  4220 I appium  : FindElement command
Thu Jul 30 09:08:34 UTC 2026 | ALL | 07-30 09:08:33.921  4162  4220 I appium  : method: 'xpath', selector: '//*[contains(@text, 'Home') or contains(@content-desc, 'Home')]'
Thu Jul 30 09:08:34 UTC 2026 | ALL | 07-30 09:08:33.921  4162  4220 I appium  : Waiting up to 10000ms for the device to idle
Thu Jul 30 09:08:34 UTC 2026 | ALL | 07-30 09:08:33.922  4162  4220 I appium  : The following attributes will be included to the page source: [text, content-desc]
Thu Jul 30 09:08:34 UTC 2026 | ALL | 07-30 09:08:33.925  4162  4170 I tomator2.server: Method exceeds compiler instruction limit: 19264 in java_cup.runtime.Symbol org.eclipse.wst.xml.xpath2.processor.internal.CUP$XPathCup$actions.CUP$XPathCup$do_action(int, java_cup.runtime.lr_parser, java.util.Stack, int)
Thu Jul 30 09:08:34 UTC 2026 | ALL | 07-30 09:08:33.932  4162  4220 I appium  : Took 0ms to retrieve 0 matches for '//*[contains(@text, 'Home') or contains(@content-desc, 'Home')]' XPath2 query
Thu Jul 30 09:08:34 UTC 2026 | ALL | 07-30 09:08:33.933  4162  4220 I appium  : AppiumResponse: {"sessionId":"0ec58237-84ed-40bd-bf67-28bb2b70cae2","value":{"error":"no such element","message":"An element could not be located on the page using the given search parameters","stacktrace":"io.appium.uiautomator2.common.exceptions.ElementNotFoundException: An element could not be located on the page using the given search parameters\n\tat io.appium.uiautomator2.utils.ElementLocationHelpers.findElement(ElementLocationHelpers.java:156)\n\tat io.appium.uiautomator2.handler.FindElement.safeHandle(FindElement.java:60)\n\tat io.appium.uiautomator2.handler.request.SafeRequestHandler.handle(SafeRequestHandler.java:59)\n\tat io.appium.uiautomator2.server.AppiumServlet.handleRequest(AppiumServlet.java:259)\n\tat io.appium.uiautomator2.server.AppiumServlet.handleHttpRequest(AppiumServlet.java:253)\n\tat io.appium.uiautomator2.http.ServerHandler.channelRead(ServerHandler.java:77)\n\tat io.netty.channel.AbstractChannelHandlerContext.invokeChannelRead(AbstractChannelHandlerContext.java:374)\n\tat io.netty.channel.AbstractChannelHandlerContext.invokeChannelRead(AbstractChannelHandlerContext.java:360)\n\tat io.netty.channel.AbstractChannelHandlerContext.fireChannelRead(AbstractChannelHandlerContext.java:352)\n\tat io.netty.handler.codec.MessageToMessageDecoder.channelRead(MessageToMessageDecoder.java:102)\n\tat io.netty.channel.AbstractChannelHandlerContext.invokeChannelRead(AbstractChannelHandlerContext.java:374)\n\tat io.netty.channel.AbstractChannelHandlerContext.invokeChannelRead(AbstractChannelHandlerContext.java:360)\n\tat io.netty.channel.AbstractChannelHandlerContext.fireChannelRead(AbstractChannelHandlerContext.java:352)\n\tat io.netty.channel.CombinedChannelDuplexHandler$DelegatingChannelHandlerContext.fireChannelRead(CombinedChannelDuplexHandler.java:438)\n\tat io.netty.handler.codec.ByteToMessageDecoder.fireChannelRead(ByteToMessageDecoder.java:328)\n\tat io.netty.handler.codec.ByteToMessageDecoder.channelRead(ByteToMessageDecoder.java:302)\n\tat io.netty.channel.CombinedChannelDuplexHandler.channelRead(CombinedChannelDuplexHandler.java:253)\n\tat io.netty.channel.AbstractChannelHandlerContext.invokeChannelRead(AbstractChannelHandlerContext.java:374)\n\tat io.netty.channel.AbstractChannelHandlerContext.invokeChannelRead(AbstractChannelHandlerContext.java:360)\n\tat io.netty.channel.AbstractChannelHandlerContext.fireChannelRead(AbstractChannelHandlerContext.java:352)\n\tat io.netty.handler.timeout.IdleStateHandler.channelRead(IdleStateHandler.java:287)\n\tat io.netty.channel.AbstractChannelHandlerContext.invokeChannelRead(AbstractChannelHandlerContext.java:374)\n\tat io.netty.channel.AbstractChannelHandlerContext.invokeChannelRead(AbstractChannelHandlerContext.java:360)\n\tat io.netty.channel.AbstractChannelHandlerContext.fireChannelRead(AbstractChannelHandlerContext.java:352)\n\tat io.netty.channel.DefaultChannelPipeline$HeadContext.channelRead(DefaultChannelPipeline.java:1422)\n\tat io.netty.channel.AbstractChannelHandlerContext.invokeChannelRead(AbstractChannelHandlerContext.java:374)\n\tat io.netty.channel.AbstractChannelHandlerContext.invokeChannelRead(AbstractChannelHandlerContext.java:360)\n\tat io.netty.channel.DefaultChannelPipeline.fireChannelRead(DefaultChannelPipeline.java:931)\n\tat io.netty.channel.nio.AbstractNioByteChannel$NioByteUnsafe.read(AbstractNioByteChannel.java:163)\n\tat io.netty.channel.nio.NioEventLoop.processSelectedKey(NioEventLoop.java:700)\n\tat io.netty.channel.nio.NioEventLoop.processSelectedKeysOptimized(NioEventLoop.java:635)\n\tat io.netty.channel.nio.NioEventLoop.processSelectedKeys(NioEventLoop.java:552)\n\tat io.netty.channel.nio.NioEventLoop.run(NioEventLoop.java:514)\n\tat io.netty.util.concurrent.SingleThreadEventExecutor$6.run(SingleThreadEventExecutor.java:1044)\n\tat io.netty.util.internal.ThreadExecutorMap$2.run(ThreadExecutorMap.java:74)\n\tat io.netty.util.concurrent.FastThreadLocalRunnable.run(FastThreadLocalRunnable.java:30)\n\tat java.lang.Thread.run(Thread.java:1012)\n"}}
Thu Jul 30 09:08:35 UTC 2026 | ALL | 07-30 09:08:34.437  4162  4220 I appium  : channel read: POST /session/0ec58237-84ed-40bd-bf67-28bb2b70cae2/element
Thu Jul 30 09:08:35 UTC 2026 | ALL | 07-30 09:08:34.438  4162  4220 I appium  : FindElement command
Thu Jul 30 09:08:35 UTC 2026 | ALL | 07-30 09:08:34.438  4162  4220 I appium  : method: 'xpath', selector: '//*[contains(@text, 'Home') or contains(@content-desc, 'Home')]'
Thu Jul 30 09:08:35 UTC 2026 | ALL | 07-30 09:08:34.438  4162  4220 I appium  : Waiting up to 10000ms for the device to idle
Thu Jul 30 09:08:35 UTC 2026 | ALL | 07-30 09:08:34.439  4162  4220 I appium  : The following attributes will be included to the page source: [text, content-desc]
Thu Jul 30 09:08:35 UTC 2026 | ALL | 07-30 09:08:34.448  4162  4220 I appium  : Took 0ms to retrieve 0 matches for '//*[contains(@text, 'Home') or contains(@content-desc, 'Home')]' XPath2 query
Thu Jul 30 09:08:35 UTC 2026 | ALL | 07-30 09:08:34.449  4162  4220 I appium  : AppiumResponse: {"sessionId":"0ec58237-84ed-40bd-bf67-28bb2b70cae2","value":{"error":"no such element","message":"An element could not be located on the page using the given search parameters","stacktrace":"io.appium.uiautomator2.common.exceptions.ElementNotFoundException: An element could not be located on the page using the given search parameters\n\tat io.appium.uiautomator2.utils.ElementLocationHelpers.findElement(ElementLocationHelpers.java:156)\n\tat io.appium.uiautomator2.handler.FindElement.safeHandle(FindElement.java:60)\n\tat io.appium.uiautomator2.handler.request.SafeRequestHandler.handle(SafeRequestHandler.java:59)\n\tat io.appium.uiautomator2.server.AppiumServlet.handleRequest(AppiumServlet.java:259)\n\tat io.appium.uiautomator2.server.AppiumServlet.handleHttpRequest(AppiumServlet.java:253)\n\tat io.appium.uiautomator2.http.ServerHandler.channelRead(ServerHandler.java:77)\n\tat io.netty.channel.AbstractChannelHandlerContext.invokeChannelRead(AbstractChannelHandlerContext.java:374)\n\tat io.netty.channel.AbstractChannelHandlerContext.invokeChannelRead(AbstractChannelHandlerContext.java:360)\n\tat io.netty.channel.AbstractChannelHandlerContext.fireChannelRead(AbstractChannelHandlerContext.java:352)\n\tat io.netty.handler.codec.MessageToMessageDecoder.channelRead(MessageToMessageDecoder.java:102)\n\tat io.netty.channel.AbstractChannelHandlerContext.invokeChannelRead(AbstractChannelHandlerContext.java:374)\n\tat io.netty.channel.AbstractChannelHandlerContext.invokeChannelRead(AbstractChannelHandlerContext.java:360)\n\tat io.netty.channel.AbstractChannelHandlerContext.fireChannelRead(AbstractChannelHandlerContext.java:352)\n\tat io.netty.channel.CombinedChannelDuplexHandler$DelegatingChannelHandlerContext.fireChannelRead(CombinedChannelDuplexHandler.java:438)\n\tat io.netty.handler.codec.ByteToMessageDecoder.fireChannelRead(ByteToMessageDecoder.java:328)\n\tat io.netty.handler.codec.ByteToMessageDecoder.channelRead(ByteToMessageDecoder.java:302)\n\tat io.netty.channel.CombinedChannelDuplexHandler.channelRead(CombinedChannelDuplexHandler.java:253)\n\tat io.netty.channel.AbstractChannelHandlerContext.invokeChannelRead(AbstractChannelHandlerContext.java:374)\n\tat io.netty.channel.AbstractChannelHandlerContext.invokeChannelRead(AbstractChannelHandlerContext.java:360)\n\tat io.netty.channel.AbstractChannelHandlerContext.fireChannelRead(AbstractChannelHandlerContext.java:352)\n\tat io.netty.handler.timeout.IdleStateHandler.channelRead(IdleStateHandler.java:287)\n\tat io.netty.channel.AbstractChannelHandlerContext.invokeChannelRead(AbstractChannelHandlerContext.java:374)\n\tat io.netty.channel.AbstractChannelHandlerContext.invokeChannelRead(AbstractChannelHandlerContext.java:360)\n\tat io.netty.channel.AbstractChannelHandlerContext.fireChannelRead(AbstractChannelHandlerContext.java:352)\n\tat io.netty.channel.DefaultChannelPipeline$HeadContext.channelRead(DefaultChannelPipeline.java:1422)\n\tat io.netty.channel.AbstractChannelHandlerContext.invokeChannelRead(AbstractChannelHandlerContext.java:374)\n\tat io.netty.channel.AbstractChannelHandlerContext.invokeChannelRead(AbstractChannelHandlerContext.java:360)\n\tat io.netty.channel.DefaultChannelPipeline.fireChannelRead(DefaultChannelPipeline.java:931)\n\tat io.netty.channel.nio.AbstractNioByteChannel$NioByteUnsafe.read(AbstractNioByteChannel.java:163)\n\tat io.netty.channel.nio.NioEventLoop.processSelectedKey(NioEventLoop.java:700)\n\tat io.netty.channel.nio.NioEventLoop.processSelectedKeysOptimized(NioEventLoop.java:635)\n\tat io.netty.channel.nio.NioEventLoop.processSelectedKeys(NioEventLoop.java:552)\n\tat io.netty.channel.nio.NioEventLoop.run(NioEventLoop.java:514)\n\tat io.netty.util.concurrent.SingleThreadEventExecutor$6.run(SingleThreadEventExecutor.java:1044)\n\tat io.netty.util.internal.ThreadExecutorMap$2.run(ThreadExecutorMap.java:74)\n\tat io.netty.util.concurrent.FastThreadLocalRunnable.run(FastThreadLocalRunnable.java:30)\n\tat java.lang.Thread.run(Thread.java:1012)\n"}}
Thu Jul 30 09:08:35 UTC 2026 | ALL | 07-30 09:08:34.455   917  1052 D EGL_emulation: app_time_stats: avg=29998.24ms min=29998.24ms max=29998.24ms count=1
Thu Jul 30 09:08:35 UTC 2026 | ALL | 07-30 09:08:34.955  4162  4220 I appium  : channel read: POST /session/0ec58237-84ed-40bd-bf67-28bb2b70cae2/element
Thu Jul 30 09:08:35 UTC 2026 | ALL | 07-30 09:08:34.955  4162  4220 I appium  : FindElement command
Thu Jul 30 09:08:35 UTC 2026 | ALL | 07-30 09:08:34.955  4162  4220 I appium  : method: 'xpath', selector: '//*[contains(@text, 'Home') or contains(@content-desc, 'Home')]'
Thu Jul 30 09:08:35 UTC 2026 | ALL | 07-30 09:08:34.955  4162  4220 I appium  : Waiting up to 10000ms for the device to idle
Thu Jul 30 09:08:35 UTC 2026 | ALL | 07-30 09:08:34.956  4162  4220 I appium  : The following attributes will be included to the page source: [text, content-desc]
Thu Jul 30 09:08:35 UTC 2026 | ALL | 07-30 09:08:34.965  4162  4220 I appium  : Took 0ms to retrieve 0 matches for '//*[contains(@text, 'Home') or contains(@content-desc, 'Home')]' XPath2 query
Thu Jul 30 09:08:35 UTC 2026 | ALL | 07-30 09:08:34.966  4162  4220 I appium  : AppiumResponse: {"sessionId":"0ec58237-84ed-40bd-bf67-28bb2b70cae2","value":{"error":"no such element","message":"An element could not be located on the page using the given search parameters","stacktrace":"io.appium.uiautomator2.common.exceptions.ElementNotFoundException: An element could not be located on the page using the given search parameters\n\tat io.appium.uiautomator2.utils.ElementLocationHelpers.findElement(ElementLocationHelpers.java:156)\n\tat io.appium.uiautomator2.handler.FindElement.safeHandle(FindElement.java:60)\n\tat io.appium.uiautomator2.handler.request.SafeRequestHandler.handle(SafeRequestHandler.java:59)\n\tat io.appium.uiautomator2.server.AppiumServlet.handleRequest(AppiumServlet.java:259)\n\tat io.appium.uiautomator2.server.AppiumServlet.handleHttpRequest(AppiumServlet.java:253)\n\tat io.appium.uiautomator2.http.ServerHandler.channelRead(ServerHandler.java:77)\n\tat io.netty.channel.AbstractChannelHandlerContext.invokeChannelRead(AbstractChannelHandlerContext.java:374)\n\tat io.netty.channel.AbstractChannelHandlerContext.invokeChannelRead(AbstractChannelHandlerContext.java:360)\n\tat io.netty.channel.AbstractChannelHandlerContext.fireChannelRead(AbstractChannelHandlerContext.java:352)\n\tat io.netty.handler.codec.MessageToMessageDecoder.channelRead(MessageToMessageDecoder.java:102)\n\tat io.netty.channel.AbstractChannelHandlerContext.invokeChannelRead(AbstractChannelHandlerContext.java:374)\n\tat io.netty.channel.AbstractChannelHandlerContext.invokeChannelRead(AbstractChannelHandlerContext.java:360)\n\tat io.netty.channel.AbstractChannelHandlerContext.fireChannelRead(AbstractChannelHandlerContext.java:352)\n\tat io.netty.channel.CombinedChannelDuplexHandler$DelegatingChannelHandlerContext.fireChannelRead(CombinedChannelDuplexHandler.java:438)\n\tat io.netty.handler.codec.ByteToMessageDecoder.fireChannelRead(ByteToMessageDecoder.java:328)\n\tat io.netty.handler.codec.ByteToMessageDecoder.channelRead(ByteToMessageDecoder.java:302)\n\tat io.netty.channel.CombinedChannelDuplexHandler.channelRead(CombinedChannelDuplexHandler.java:253)\n\tat io.netty.channel.AbstractChannelHandlerContext.invokeChannelRead(AbstractChannelHandlerContext.java:374)\n\tat io.netty.channel.AbstractChannelHandlerContext.invokeChannelRead(AbstractChannelHandlerContext.java:360)\n\tat io.netty.channel.AbstractChannelHandlerContext.fireChannelRead(AbstractChannelHandlerContext.java:352)\n\tat io.netty.handler.timeout.IdleStateHandler.channelRead(IdleStateHandler.java:287)\n\tat io.netty.channel.AbstractChannelHandlerContext.invokeChannelRead(AbstractChannelHandlerContext.java:374)\n\tat io.netty.channel.AbstractChannelHandlerContext.invokeChannelRead(AbstractChannelHandlerContext.java:360)\n\tat io.netty.channel.AbstractChannelHandlerContext.fireChannelRead(AbstractChannelHandlerContext.java:352)\n\tat io.netty.channel.DefaultChannelPipeline$HeadContext.channelRead(DefaultChannelPipeline.java:1422)\n\tat io.netty.channel.AbstractChannelHandlerContext.invokeChannelRead(AbstractChannelHandlerContext.java:374)\n\tat io.netty.channel.AbstractChannelHandlerContext.invokeChannelRead(AbstractChannelHandlerContext.java:360)\n\tat io.netty.channel.DefaultChannelPipeline.fireChannelRead(DefaultChannelPipeline.java:931)\n\tat io.netty.channel.nio.AbstractNioByteChannel$NioByteUnsafe.read(AbstractNioByteChannel.java:163)\n\tat io.netty.channel.nio.NioEventLoop.processSelectedKey(NioEventLoop.java:700)\n\tat io.netty.channel.nio.NioEventLoop.processSelectedKeysOptimized(NioEventLoop.java:635)\n\tat io.netty.channel.nio.NioEventLoop.processSelectedKeys(NioEventLoop.java:552)\n\tat io.netty.channel.nio.NioEventLoop.run(NioEventLoop.java:514)\n\tat io.netty.util.concurrent.SingleThreadEventExecutor$6.run(SingleThreadEventExecutor.java:1044)\n\tat io.netty.util.internal.ThreadExecutorMap$2.run(ThreadExecutorMap.java:74)\n\tat io.netty.util.concurrent.FastThreadLocalRunnable.run(FastThreadLocalRunnable.java:30)\n\tat java.lang.Thread.run(Thread.java:1012)\n"}}
Thu Jul 30 09:08:36 UTC 2026 | ALL | 07-30 09:08:35.470  4162  4220 I appium  : channel read: POST /session/0ec58237-84ed-40bd-bf67-28bb2b70cae2/element
Thu Jul 30 09:08:36 UTC 2026 | ALL | 07-30 09:08:35.471  4162  4220 I appium  : FindElement command
Thu Jul 30 09:08:36 UTC 2026 | ALL | 07-30 09:08:35.471  4162  4220 I appium  : method: 'xpath', selector: '//*[contains(@text, 'Home') or contains(@content-desc, 'Home')]'
Thu Jul 30 09:08:36 UTC 2026 | ALL | 07-30 09:08:35.471  4162  4220 I appium  : Waiting up to 10000ms for the device to idle
Thu Jul 30 09:08:36 UTC 2026 | ALL | 07-30 09:08:35.472  4162  4220 I appium  : The following attributes will be included to the page source: [text, content-desc]
Thu Jul 30 09:08:36 UTC 2026 | ALL | 07-30 09:08:35.475  4162  4170 I tomator2.server: Method exceeds compiler instruction limit: 19264 in java_cup.runtime.Symbol org.eclipse.wst.xml.xpath2.processor.internal.CUP$XPathCup$actions.CUP$XPathCup$do_action(int, java_cup.runtime.lr_parser, java.util.Stack, int)
Thu Jul 30 09:08:36 UTC 2026 | ALL | 07-30 09:08:35.481  4162  4220 I appium  : Took 0ms to retrieve 0 matches for '//*[contains(@text, 'Home') or contains(@content-desc, 'Home')]' XPath2 query
Thu Jul 30 09:08:36 UTC 2026 | ALL | 07-30 09:08:35.482  4162  4220 I appium  : AppiumResponse: {"sessionId":"0ec58237-84ed-40bd-bf67-28bb2b70cae2","value":{"error":"no such element","message":"An element could not be located on the page using the given search parameters","stacktrace":"io.appium.uiautomator2.common.exceptions.ElementNotFoundException: An element could not be located on the page using the given search parameters\n\tat io.appium.uiautomator2.utils.ElementLocationHelpers.findElement(ElementLocationHelpers.java:156)\n\tat io.appium.uiautomator2.handler.FindElement.safeHandle(FindElement.java:60)\n\tat io.appium.uiautomator2.handler.request.SafeRequestHandler.handle(SafeRequestHandler.java:59)\n\tat io.appium.uiautomator2.server.AppiumServlet.handleRequest(AppiumServlet.java:259)\n\tat io.appium.uiautomator2.server.AppiumServlet.handleHttpRequest(AppiumServlet.java:253)\n\tat io.appium.uiautomator2.http.ServerHandler.channelRead(ServerHandler.java:77)\n\tat io.netty.channel.AbstractChannelHandlerContext.invokeChannelRead(AbstractChannelHandlerContext.java:374)\n\tat io.netty.channel.AbstractChannelHandlerContext.invokeChannelRead(AbstractChannelHandlerContext.java:360)\n\tat io.netty.channel.AbstractChannelHandlerContext.fireChannelRead(AbstractChannelHandlerContext.java:352)\n\tat io.netty.handler.codec.MessageToMessageDecoder.channelRead(MessageToMessageDecoder.java:102)\n\tat io.netty.channel.AbstractChannelHandlerContext.invokeChannelRead(AbstractChannelHandlerContext.java:374)\n\tat io.netty.channel.AbstractChannelHandlerContext.invokeChannelRead(AbstractChannelHandlerContext.java:360)\n\tat io.netty.channel.AbstractChannelHandlerContext.fireChannelRead(AbstractChannelHandlerContext.java:352)\n\tat io.netty.channel.CombinedChannelDuplexHandler$DelegatingChannelHandlerContext.fireChannelRead(CombinedChannelDuplexHandler.java:438)\n\tat io.netty.handler.codec.ByteToMessageDecoder.fireChannelRead(ByteToMessageDecoder.java:328)\n\tat io.netty.handler.codec.ByteToMessageDecoder.channelRead(ByteToMessageDecoder.java:302)\n\tat io.netty.channel.CombinedChannelDuplexHandler.channelRead(CombinedChannelDuplexHandler.java:253)\n\tat io.netty.channel.AbstractChannelHandlerContext.invokeChannelRead(AbstractChannelHandlerContext.java:374)\n\tat io.netty.channel.AbstractChannelHandlerContext.invokeChannelRead(AbstractChannelHandlerContext.java:360)\n\tat io.netty.channel.AbstractChannelHandlerContext.fireChannelRead(AbstractChannelHandlerContext.java:352)\n\tat io.netty.handler.timeout.IdleStateHandler.channelRead(IdleStateHandler.java:287)\n\tat io.netty.channel.AbstractChannelHandlerContext.invokeChannelRead(AbstractChannelHandlerContext.java:374)\n\tat io.netty.channel.AbstractChannelHandlerContext.invokeChannelRead(AbstractChannelHandlerContext.java:360)\n\tat io.netty.channel.AbstractChannelHandlerContext.fireChannelRead(AbstractChannelHandlerContext.java:352)\n\tat io.netty.channel.DefaultChannelPipeline$HeadContext.channelRead(DefaultChannelPipeline.java:1422)\n\tat io.netty.channel.AbstractChannelHandlerContext.invokeChannelRead(AbstractChannelHandlerContext.java:374)\n\tat io.netty.channel.AbstractChannelHandlerContext.invokeChannelRead(AbstractChannelHandlerContext.java:360)\n\tat io.netty.channel.DefaultChannelPipeline.fireChannelRead(DefaultChannelPipeline.java:931)\n\tat io.netty.channel.nio.AbstractNioByteChannel$NioByteUnsafe.read(AbstractNioByteChannel.java:163)\n\tat io.netty.channel.nio.NioEventLoop.processSelectedKey(NioEventLoop.java:700)\n\tat io.netty.channel.nio.NioEventLoop.processSelectedKeysOptimized(NioEventLoop.java:635)\n\tat io.netty.channel.nio.NioEventLoop.processSelectedKeys(NioEventLoop.java:552)\n\tat io.netty.channel.nio.NioEventLoop.run(NioEventLoop.java:514)\n\tat io.netty.util.concurrent.SingleThreadEventExecutor$6.run(SingleThreadEventExecutor.java:1044)\n\tat io.netty.util.internal.ThreadExecutorMap$2.run(ThreadExecutorMap.java:74)\n\tat io.netty.util.concurrent.FastThreadLocalRunnable.run(FastThreadLocalRunnable.java:30)\n\tat java.lang.Thread.run(Thread.java:1012)\n"}}
Thu Jul 30 09:08:36 UTC 2026 | ALL | 07-30 09:08:35.986  4162  4220 I appium  : channel read: POST /session/0ec58237-84ed-40bd-bf67-28bb2b70cae2/element
Thu Jul 30 09:08:36 UTC 2026 | ALL | 07-30 09:08:35.986  4162  4220 I appium  : FindElement command
Thu Jul 30 09:08:36 UTC 2026 | ALL | 07-30 09:08:35.987  4162  4220 I appium  : method: 'xpath', selector: '//*[contains(@text, 'Home') or contains(@content-desc, 'Home')]'
Thu Jul 30 09:08:36 UTC 2026 | ALL | 07-30 09:08:35.987  4162  4220 I appium  : Waiting up to 10000ms for the device to idle
Thu Jul 30 09:08:36 UTC 2026 | ALL | 07-30 09:08:35.988  4162  4220 I appium  : The following attributes will be included to the page source: [text, content-desc]
Thu Jul 30 09:08:36 UTC 2026 | ALL | 07-30 09:08:36.000  4162  4220 I appium  : Took 0ms to retrieve 0 matches for '//*[contains(@text, 'Home') or contains(@content-desc, 'Home')]' XPath2 query
Thu Jul 30 09:08:36 UTC 2026 | ALL | 07-30 09:08:36.001  4162  4220 I appium  : AppiumResponse: {"sessionId":"0ec58237-84ed-40bd-bf67-28bb2b70cae2","value":{"error":"no such element","message":"An element could not be located on the page using the given search parameters","stacktrace":"io.appium.uiautomator2.common.exceptions.ElementNotFoundException: An element could not be located on the page using the given search parameters\n\tat io.appium.uiautomator2.utils.ElementLocationHelpers.findElement(ElementLocationHelpers.java:156)\n\tat io.appium.uiautomator2.handler.FindElement.safeHandle(FindElement.java:60)\n\tat io.appium.uiautomator2.handler.request.SafeRequestHandler.handle(SafeRequestHandler.java:59)\n\tat io.appium.uiautomator2.server.AppiumServlet.handleRequest(AppiumServlet.java:259)\n\tat io.appium.uiautomator2.server.AppiumServlet.handleHttpRequest(AppiumServlet.java:253)\n\tat io.appium.uiautomator2.http.ServerHandler.channelRead(ServerHandler.java:77)\n\tat io.netty.channel.AbstractChannelHandlerContext.invokeChannelRead(AbstractChannelHandlerContext.java:374)\n\tat io.netty.channel.AbstractChannelHandlerContext.invokeChannelRead(AbstractChannelHandlerContext.java:360)\n\tat io.netty.channel.AbstractChannelHandlerContext.fireChannelRead(AbstractChannelHandlerContext.java:352)\n\tat io.netty.handler.codec.MessageToMessageDecoder.channelRead(MessageToMessageDecoder.java:102)\n\tat io.netty.channel.AbstractChannelHandlerContext.invokeChannelRead(AbstractChannelHandlerContext.java:374)\n\tat io.netty.channel.AbstractChannelHandlerContext.invokeChannelRead(AbstractChannelHandlerContext.java:360)\n\tat io.netty.channel.AbstractChannelHandlerContext.fireChannelRead(AbstractChannelHandlerContext.java:352)\n\tat io.netty.channel.CombinedChannelDuplexHandler$DelegatingChannelHandlerContext.fireChannelRead(CombinedChannelDuplexHandler.java:438)\n\tat io.netty.handler.codec.ByteToMessageDecoder.fireChannelRead(ByteToMessageDecoder.java:328)\n\tat io.netty.handler.codec.ByteToMessageDecoder.channelRead(ByteToMessageDecoder.java:302)\n\tat io.netty.channel.CombinedChannelDuplexHandler.channelRead(CombinedChannelDuplexHandler.java:253)\n\tat io.netty.channel.AbstractChannelHandlerContext.invokeChannelRead(AbstractChannelHandlerContext.java:374)\n\tat io.netty.channel.AbstractChannelHandlerContext.invokeChannelRead(AbstractChannelHandlerContext.java:360)\n\tat io.netty.channel.AbstractChannelHandlerContext.fireChannelRead(AbstractChannelHandlerContext.java:352)\n\tat io.netty.handler.timeout.IdleStateHandler.channelRead(IdleStateHandler.java:287)\n\tat io.netty.channel.AbstractChannelHandlerContext.invokeChannelRead(AbstractChannelHandlerContext.java:374)\n\tat io.netty.channel.AbstractChannelHandlerContext.invokeChannelRead(AbstractChannelHandlerContext.java:360)\n\tat io.netty.channel.AbstractChannelHandlerContext.fireChannelRead(AbstractChannelHandlerContext.java:352)\n\tat io.netty.channel.DefaultChannelPipeline$HeadContext.channelRead(DefaultChannelPipeline.java:1422)\n\tat io.netty.channel.AbstractChannelHandlerContext.invokeChannelRead(AbstractChannelHandlerContext.java:374)\n\tat io.netty.channel.AbstractChannelHandlerContext.invokeChannelRead(AbstractChannelHandlerContext.java:360)\n\tat io.netty.channel.DefaultChannelPipeline.fireChannelRead(DefaultChannelPipeline.java:931)\n\tat io.netty.channel.nio.AbstractNioByteChannel$NioByteUnsafe.read(AbstractNioByteChannel.java:163)\n\tat io.netty.channel.nio.NioEventLoop.processSelectedKey(NioEventLoop.java:700)\n\tat io.netty.channel.nio.NioEventLoop.processSelectedKeysOptimized(NioEventLoop.java:635)\n\tat io.netty.channel.nio.NioEventLoop.processSelectedKeys(NioEventLoop.java:552)\n\tat io.netty.channel.nio.NioEventLoop.run(NioEventLoop.java:514)\n\tat io.netty.util.concurrent.SingleThreadEventExecutor$6.run(SingleThreadEventExecutor.java:1044)\n\tat io.netty.util.internal.ThreadExecutorMap$2.run(ThreadExecutorMap.java:74)\n\tat io.netty.util.concurrent.FastThreadLocalRunnable.run(FastThreadLocalRunnable.java:30)\n\tat java.lang.Thread.run(Thread.java:1012)\n"}}
Thu Jul 30 09:08:37 UTC 2026 | ALL | 07-30 09:08:36.506  4162  4220 I appium  : channel read: POST /session/0ec58237-84ed-40bd-bf67-28bb2b70cae2/element
Thu Jul 30 09:08:37 UTC 2026 | ALL | 07-30 09:08:36.507  4162  4220 I appium  : FindElement command
Thu Jul 30 09:08:37 UTC 2026 | ALL | 07-30 09:08:36.507  4162  4220 I appium  : method: 'xpath', selector: '//*[contains(@text, 'Home') or contains(@content-desc, 'Home')]'
Thu Jul 30 09:08:37 UTC 2026 | ALL | 07-30 09:08:36.507  4162  4220 I appium  : Waiting up to 10000ms for the device to idle
Thu Jul 30 09:08:37 UTC 2026 | ALL | 07-30 09:08:36.508  4162  4220 I appium  : The following attributes will be included to the page source: [text, content-desc]
Thu Jul 30 09:08:37 UTC 2026 | ALL | 07-30 09:08:36.517  4162  4220 I appium  : Took 0ms to retrieve 0 matches for '//*[contains(@text, 'Home') or contains(@content-desc, 'Home')]' XPath2 query
Thu Jul 30 09:08:37 UTC 2026 | ALL | 07-30 09:08:36.519  4162  4220 I appium  : AppiumResponse: {"sessionId":"0ec58237-84ed-40bd-bf67-28bb2b70cae2","value":{"error":"no such element","message":"An element could not be located on the page using the given search parameters","stacktrace":"io.appium.uiautomator2.common.exceptions.ElementNotFoundException: An element could not be located on the page using the given search parameters\n\tat io.appium.uiautomator2.utils.ElementLocationHelpers.findElement(ElementLocationHelpers.java:156)\n\tat io.appium.uiautomator2.handler.FindElement.safeHandle(FindElement.java:60)\n\tat io.appium.uiautomator2.handler.request.SafeRequestHandler.handle(SafeRequestHandler.java:59)\n\tat io.appium.uiautomator2.server.AppiumServlet.handleRequest(AppiumServlet.java:259)\n\tat io.appium.uiautomator2.server.AppiumServlet.handleHttpRequest(AppiumServlet.java:253)\n\tat io.appium.uiautomator2.http.ServerHandler.channelRead(ServerHandler.java:77)\n\tat io.netty.channel.AbstractChannelHandlerContext.invokeChannelRead(AbstractChannelHandlerContext.java:374)\n\tat io.netty.channel.AbstractChannelHandlerContext.invokeChannelRead(AbstractChannelHandlerContext.java:360)\n\tat io.netty.channel.AbstractChannelHandlerContext.fireChannelRead(AbstractChannelHandlerContext.java:352)\n\tat io.netty.handler.codec.MessageToMessageDecoder.channelRead(MessageToMessageDecoder.java:102)\n\tat io.netty.channel.AbstractChannelHandlerContext.invokeChannelRead(AbstractChannelHandlerContext.java:374)\n\tat io.netty.channel.AbstractChannelHandlerContext.invokeChannelRead(AbstractChannelHandlerContext.java:360)\n\tat io.netty.channel.AbstractChannelHandlerContext.fireChannelRead(AbstractChannelHandlerContext.java:352)\n\tat io.netty.channel.CombinedChannelDuplexHandler$DelegatingChannelHandlerContext.fireChannelRead(CombinedChannelDuplexHandler.java:438)\n\tat io.netty.handler.codec.ByteToMessageDecoder.fireChannelRead(ByteToMessageDecoder.java:328)\n\tat io.netty.handler.codec.ByteToMessageDecoder.channelRead(ByteToMessageDecoder.java:302)\n\tat io.netty.channel.CombinedChannelDuplexHandler.channelRead(CombinedChannelDuplexHandler.java:253)\n\tat io.netty.channel.AbstractChannelHandlerContext.invokeChannelRead(AbstractChannelHandlerContext.java:374)\n\tat io.netty.channel.AbstractChannelHandlerContext.invokeChannelRead(AbstractChannelHandlerContext.java:360)\n\tat io.netty.channel.AbstractChannelHandlerContext.fireChannelRead(AbstractChannelHandlerContext.java:352)\n\tat io.netty.handler.timeout.IdleStateHandler.channelRead(IdleStateHandler.java:287)\n\tat io.netty.channel.AbstractChannelHandlerContext.invokeChannelRead(AbstractChannelHandlerContext.java:374)\n\tat io.netty.channel.AbstractChannelHandlerContext.invokeChannelRead(AbstractChannelHandlerContext.java:360)\n\tat io.netty.channel.AbstractChannelHandlerContext.fireChannelRead(AbstractChannelHandlerContext.java:352)\n\tat io.netty.channel.DefaultChannelPipeline$HeadContext.channelRead(DefaultChannelPipeline.java:1422)\n\tat io.netty.channel.AbstractChannelHandlerContext.invokeChannelRead(AbstractChannelHandlerContext.java:374)\n\tat io.netty.channel.AbstractChannelHandlerContext.invokeChannelRead(AbstractChannelHandlerContext.java:360)\n\tat io.netty.channel.DefaultChannelPipeline.fireChannelRead(DefaultChannelPipeline.java:931)\n\tat io.netty.channel.nio.AbstractNioByteChannel$NioByteUnsafe.read(AbstractNioByteChannel.java:163)\n\tat io.netty.channel.nio.NioEventLoop.processSelectedKey(NioEventLoop.java:700)\n\tat io.netty.channel.nio.NioEventLoop.processSelectedKeysOptimized(NioEventLoop.java:635)\n\tat io.netty.channel.nio.NioEventLoop.processSelectedKeys(NioEventLoop.java:552)\n\tat io.netty.channel.nio.NioEventLoop.run(NioEventLoop.java:514)\n\tat io.netty.util.concurrent.SingleThreadEventExecutor$6.run(SingleThreadEventExecutor.java:1044)\n\tat io.netty.util.internal.ThreadExecutorMap$2.run(ThreadExecutorMap.java:74)\n\tat io.netty.util.concurrent.FastThreadLocalRunnable.run(FastThreadLocalRunnable.java:30)\n\tat java.lang.Thread.run(Thread.java:1012)\n"}}
Thu Jul 30 09:08:37 UTC 2026 | ALL | 07-30 09:08:37.023  4162  4220 I appium  : channel read: POST /session/0ec58237-84ed-40bd-bf67-28bb2b70cae2/element
Thu Jul 30 09:08:37 UTC 2026 | ALL | 07-30 09:08:37.023  4162  4220 I appium  : FindElement command
Thu Jul 30 09:08:37 UTC 2026 | ALL | 07-30 09:08:37.023  4162  4220 I appium  : method: 'xpath', selector: '//*[contains(@text, 'Home') or contains(@content-desc, 'Home')]'
Thu Jul 30 09:08:37 UTC 2026 | ALL | 07-30 09:08:37.023  4162  4220 I appium  : Waiting up to 10000ms for the device to idle
Thu Jul 30 09:08:37 UTC 2026 | ALL | 07-30 09:08:37.024  4162  4220 I appium  : The following attributes will be included to the page source: [text, content-desc]
Thu Jul 30 09:08:37 UTC 2026 | ALL | 07-30 09:08:37.027  4162  4170 I tomator2.server: Method exceeds compiler instruction limit: 19264 in java_cup.runtime.Symbol org.eclipse.wst.xml.xpath2.processor.internal.CUP$XPathCup$actions.CUP$XPathCup$do_action(int, java_cup.runtime.lr_parser, java.util.Stack, int)
Thu Jul 30 09:08:38 UTC 2026 | ALL | 07-30 09:08:37.038  4162  4220 I appium  : Took 0ms to retrieve 0 matches for '//*[contains(@text, 'Home') or contains(@content-desc, 'Home')]' XPath2 query
Thu Jul 30 09:08:38 UTC 2026 | ALL | 07-30 09:08:37.040  4162  4220 I appium  : AppiumResponse: {"sessionId":"0ec58237-84ed-40bd-bf67-28bb2b70cae2","value":{"error":"no such element","message":"An element could not be located on the page using the given search parameters","stacktrace":"io.appium.uiautomator2.common.exceptions.ElementNotFoundException: An element could not be located on the page using the given search parameters\n\tat io.appium.uiautomator2.utils.ElementLocationHelpers.findElement(ElementLocationHelpers.java:156)\n\tat io.appium.uiautomator2.handler.FindElement.safeHandle(FindElement.java:60)\n\tat io.appium.uiautomator2.handler.request.SafeRequestHandler.handle(SafeRequestHandler.java:59)\n\tat io.appium.uiautomator2.server.AppiumServlet.handleRequest(AppiumServlet.java:259)\n\tat io.appium.uiautomator2.server.AppiumServlet.handleHttpRequest(AppiumServlet.java:253)\n\tat io.appium.uiautomator2.http.ServerHandler.channelRead(ServerHandler.java:77)\n\tat io.netty.channel.AbstractChannelHandlerContext.invokeChannelRead(AbstractChannelHandlerContext.java:374)\n\tat io.netty.channel.AbstractChannelHandlerContext.invokeChannelRead(AbstractChannelHandlerContext.java:360)\n\tat io.netty.channel.AbstractChannelHandlerContext.fireChannelRead(AbstractChannelHandlerContext.java:352)\n\tat io.netty.handler.codec.MessageToMessageDecoder.channelRead(MessageToMessageDecoder.java:102)\n\tat io.netty.channel.AbstractChannelHandlerContext.invokeChannelRead(AbstractChannelHandlerContext.java:374)\n\tat io.netty.channel.AbstractChannelHandlerContext.invokeChannelRead(AbstractChannelHandlerContext.java:360)\n\tat io.netty.channel.AbstractChannelHandlerContext.fireChannelRead(AbstractChannelHandlerContext.java:352)\n\tat io.netty.channel.CombinedChannelDuplexHandler$DelegatingChannelHandlerContext.fireChannelRead(CombinedChannelDuplexHandler.java:438)\n\tat io.netty.handler.codec.ByteToMessageDecoder.fireChannelRead(ByteToMessageDecoder.java:328)\n\tat io.netty.handler.codec.ByteToMessageDecoder.channelRead(ByteToMessageDecoder.java:302)\n\tat io.netty.channel.CombinedChannelDuplexHandler.channelRead(CombinedChannelDuplexHandler.java:253)\n\tat io.netty.channel.AbstractChannelHandlerContext.invokeChannelRead(AbstractChannelHandlerContext.java:374)\n\tat io.netty.channel.AbstractChannelHandlerContext.invokeChannelRead(AbstractChannelHandlerContext.java:360)\n\tat io.netty.channel.AbstractChannelHandlerContext.fireChannelRead(AbstractChannelHandlerContext.java:352)\n\tat io.netty.handler.timeout.IdleStateHandler.channelRead(IdleStateHandler.java:287)\n\tat io.netty.channel.AbstractChannelHandlerContext.invokeChannelRead(AbstractChannelHandlerContext.java:374)\n\tat io.netty.channel.AbstractChannelHandlerContext.invokeChannelRead(AbstractChannelHandlerContext.java:360)\n\tat io.netty.channel.AbstractChannelHandlerContext.fireChannelRead(AbstractChannelHandlerContext.java:352)\n\tat io.netty.channel.DefaultChannelPipeline$HeadContext.channelRead(DefaultChannelPipeline.java:1422)\n\tat io.netty.channel.AbstractChannelHandlerContext.invokeChannelRead(AbstractChannelHandlerContext.java:374)\n\tat io.netty.channel.AbstractChannelHandlerContext.invokeChannelRead(AbstractChannelHandlerContext.java:360)\n\tat io.netty.channel.DefaultChannelPipeline.fireChannelRead(DefaultChannelPipeline.java:931)\n\tat io.netty.channel.nio.AbstractNioByteChannel$NioByteUnsafe.read(AbstractNioByteChannel.java:163)\n\tat io.netty.channel.nio.NioEventLoop.processSelectedKey(NioEventLoop.java:700)\n\tat io.netty.channel.nio.NioEventLoop.processSelectedKeysOptimized(NioEventLoop.java:635)\n\tat io.netty.channel.nio.NioEventLoop.processSelectedKeys(NioEventLoop.java:552)\n\tat io.netty.channel.nio.NioEventLoop.run(NioEventLoop.java:514)\n\tat io.netty.util.concurrent.SingleThreadEventExecutor$6.run(SingleThreadEventExecutor.java:1044)\n\tat io.netty.util.internal.ThreadExecutorMap$2.run(ThreadExecutorMap.java:74)\n\tat io.netty.util.concurrent.FastThreadLocalRunnable.run(FastThreadLocalRunnable.java:30)\n\tat java.lang.Thread.run(Thread.java:1012)\n"}}
Thu Jul 30 09:08:38 UTC 2026 | ALL | 07-30 09:08:37.547  4162  4220 I appium  : channel read: POST /session/0ec58237-84ed-40bd-bf67-28bb2b70cae2/element
Thu Jul 30 09:08:38 UTC 2026 | ALL | 07-30 09:08:37.547  4162  4220 I appium  : FindElement command
Thu Jul 30 09:08:38 UTC 2026 | ALL | 07-30 09:08:37.548  4162  4220 I appium  : method: 'xpath', selector: '//*[contains(@text, 'Home') or contains(@content-desc, 'Home')]'
Thu Jul 30 09:08:38 UTC 2026 | ALL | 07-30 09:08:37.548  4162  4220 I appium  : Waiting up to 10000ms for the device to idle
Thu Jul 30 09:08:38 UTC 2026 | ALL | 07-30 09:08:37.549  4162  4220 I appium  : The following attributes will be included to the page source: [text, content-desc]
Thu Jul 30 09:08:38 UTC 2026 | ALL | 07-30 09:08:37.561  4162  4220 I appium  : Took 0ms to retrieve 0 matches for '//*[contains(@text, 'Home') or contains(@content-desc, 'Home')]' XPath2 query
Thu Jul 30 09:08:38 UTC 2026 | ALL | 07-30 09:08:37.562  4162  4220 I appium  : AppiumResponse: {"sessionId":"0ec58237-84ed-40bd-bf67-28bb2b70cae2","value":{"error":"no such element","message":"An element could not be located on the page using the given search parameters","stacktrace":"io.appium.uiautomator2.common.exceptions.ElementNotFoundException: An element could not be located on the page using the given search parameters\n\tat io.appium.uiautomator2.utils.ElementLocationHelpers.findElement(ElementLocationHelpers.java:156)\n\tat io.appium.uiautomator2.handler.FindElement.safeHandle(FindElement.java:60)\n\tat io.appium.uiautomator2.handler.request.SafeRequestHandler.handle(SafeRequestHandler.java:59)\n\tat io.appium.uiautomator2.server.AppiumServlet.handleRequest(AppiumServlet.java:259)\n\tat io.appium.uiautomator2.server.AppiumServlet.handleHttpRequest(AppiumServlet.java:253)\n\tat io.appium.uiautomator2.http.ServerHandler.channelRead(ServerHandler.java:77)\n\tat io.netty.channel.AbstractChannelHandlerContext.invokeChannelRead(AbstractChannelHandlerContext.java:374)\n\tat io.netty.channel.AbstractChannelHandlerContext.invokeChannelRead(AbstractChannelHandlerContext.java:360)\n\tat io.netty.channel.AbstractChannelHandlerContext.fireChannelRead(AbstractChannelHandlerContext.java:352)\n\tat io.netty.handler.codec.MessageToMessageDecoder.channelRead(MessageToMessageDecoder.java:102)\n\tat io.netty.channel.AbstractChannelHandlerContext.invokeChannelRead(AbstractChannelHandlerContext.java:374)\n\tat io.netty.channel.AbstractChannelHandlerContext.invokeChannelRead(AbstractChannelHandlerContext.java:360)\n\tat io.netty.channel.AbstractChannelHandlerContext.fireChannelRead(AbstractChannelHandlerContext.java:352)\n\tat io.netty.channel.CombinedChannelDuplexHandler$DelegatingChannelHandlerContext.fireChannelRead(CombinedChannelDuplexHandler.java:438)\n\tat io.netty.handler.codec.ByteToMessageDecoder.fireChannelRead(ByteToMessageDecoder.java:328)\n\tat io.netty.handler.codec.ByteToMessageDecoder.channelRead(ByteToMessageDecoder.java:302)\n\tat io.netty.channel.CombinedChannelDuplexHandler.channelRead(CombinedChannelDuplexHandler.java:253)\n\tat io.netty.channel.AbstractChannelHandlerContext.invokeChannelRead(AbstractChannelHandlerContext.java:374)\n\tat io.netty.channel.AbstractChannelHandlerContext.invokeChannelRead(AbstractChannelHandlerContext.java:360)\n\tat io.netty.channel.AbstractChannelHandlerContext.fireChannelRead(AbstractChannelHandlerContext.java:352)\n\tat io.netty.handler.timeout.IdleStateHandler.channelRead(IdleStateHandler.java:287)\n\tat io.netty.channel.AbstractChannelHandlerContext.invokeChannelRead(AbstractChannelHandlerContext.java:374)\n\tat io.netty.channel.AbstractChannelHandlerContext.invokeChannelRead(AbstractChannelHandlerContext.java:360)\n\tat io.netty.channel.AbstractChannelHandlerContext.fireChannelRead(AbstractChannelHandlerContext.java:352)\n\tat io.netty.channel.DefaultChannelPipeline$HeadContext.channelRead(DefaultChannelPipeline.java:1422)\n\tat io.netty.channel.AbstractChannelHandlerContext.invokeChannelRead(AbstractChannelHandlerContext.java:374)\n\tat io.netty.channel.AbstractChannelHandlerContext.invokeChannelRead(AbstractChannelHandlerContext.java:360)\n\tat io.netty.channel.DefaultChannelPipeline.fireChannelRead(DefaultChannelPipeline.java:931)\n\tat io.netty.channel.nio.AbstractNioByteChannel$NioByteUnsafe.read(AbstractNioByteChannel.java:163)\n\tat io.netty.channel.nio.NioEventLoop.processSelectedKey(NioEventLoop.java:700)\n\tat io.netty.channel.nio.NioEventLoop.processSelectedKeysOptimized(NioEventLoop.java:635)\n\tat io.netty.channel.nio.NioEventLoop.processSelectedKeys(NioEventLoop.java:552)\n\tat io.netty.channel.nio.NioEventLoop.run(NioEventLoop.java:514)\n\tat io.netty.util.concurrent.SingleThreadEventExecutor$6.run(SingleThreadEventExecutor.java:1044)\n\tat io.netty.util.internal.ThreadExecutorMap$2.run(ThreadExecutorMap.java:74)\n\tat io.netty.util.concurrent.FastThreadLocalRunnable.run(FastThreadLocalRunnable.java:30)\n\tat java.lang.Thread.run(Thread.java:1012)\n"}}
Thu Jul 30 09:08:39 UTC 2026 | ALL | 07-30 09:08:38.066  4162  4220 I appium  : channel read: POST /session/0ec58237-84ed-40bd-bf67-28bb2b70cae2/element
Thu Jul 30 09:08:39 UTC 2026 | ALL | 07-30 09:08:38.066  4162  4220 I appium  : FindElement command
Thu Jul 30 09:08:39 UTC 2026 | ALL | 07-30 09:08:38.067  4162  4220 I appium  : method: 'xpath', selector: '//*[contains(@text, 'Home') or contains(@content-desc, 'Home')]'
Thu Jul 30 09:08:39 UTC 2026 | ALL | 07-30 09:08:38.067  4162  4220 I appium  : Waiting up to 10000ms for the device to idle
Thu Jul 30 09:08:39 UTC 2026 | ALL | 07-30 09:08:38.068  4162  4220 I appium  : The following attributes will be included to the page source: [text, content-desc]
Thu Jul 30 09:08:39 UTC 2026 | ALL | 07-30 09:08:38.070  4162  4170 I tomator2.server: Method exceeds compiler instruction limit: 19264 in java_cup.runtime.Symbol org.eclipse.wst.xml.xpath2.processor.internal.CUP$XPathCup$actions.CUP$XPathCup$do_action(int, java_cup.runtime.lr_parser, java.util.Stack, int)
Thu Jul 30 09:08:39 UTC 2026 | ALL | 07-30 09:08:38.078  4162  4220 I appium  : Took 0ms to retrieve 0 matches for '//*[contains(@text, 'Home') or contains(@content-desc, 'Home')]' XPath2 query
Thu Jul 30 09:08:39 UTC 2026 | ALL | 07-30 09:08:38.079  4162  4220 I appium  : AppiumResponse: {"sessionId":"0ec58237-84ed-40bd-bf67-28bb2b70cae2","value":{"error":"no such element","message":"An element could not be located on the page using the given search parameters","stacktrace":"io.appium.uiautomator2.common.exceptions.ElementNotFoundException: An element could not be located on the page using the given search parameters\n\tat io.appium.uiautomator2.utils.ElementLocationHelpers.findElement(ElementLocationHelpers.java:156)\n\tat io.appium.uiautomator2.handler.FindElement.safeHandle(FindElement.java:60)\n\tat io.appium.uiautomator2.handler.request.SafeRequestHandler.handle(SafeRequestHandler.java:59)\n\tat io.appium.uiautomator2.server.AppiumServlet.handleRequest(AppiumServlet.java:259)\n\tat io.appium.uiautomator2.server.AppiumServlet.handleHttpRequest(AppiumServlet.java:253)\n\tat io.appium.uiautomator2.http.ServerHandler.channelRead(ServerHandler.java:77)\n\tat io.netty.channel.AbstractChannelHandlerContext.invokeChannelRead(AbstractChannelHandlerContext.java:374)\n\tat io.netty.channel.AbstractChannelHandlerContext.invokeChannelRead(AbstractChannelHandlerContext.java:360)\n\tat io.netty.channel.AbstractChannelHandlerContext.fireChannelRead(AbstractChannelHandlerContext.java:352)\n\tat io.netty.handler.codec.MessageToMessageDecoder.channelRead(MessageToMessageDecoder.java:102)\n\tat io.netty.channel.AbstractChannelHandlerContext.invokeChannelRead(AbstractChannelHandlerContext.java:374)\n\tat io.netty.channel.AbstractChannelHandlerContext.invokeChannelRead(AbstractChannelHandlerContext.java:360)\n\tat io.netty.channel.AbstractChannelHandlerContext.fireChannelRead(AbstractChannelHandlerContext.java:352)\n\tat io.netty.channel.CombinedChannelDuplexHandler$DelegatingChannelHandlerContext.fireChannelRead(CombinedChannelDuplexHandler.java:438)\n\tat io.netty.handler.codec.ByteToMessageDecoder.fireChannelRead(ByteToMessageDecoder.java:328)\n\tat io.netty.handler.codec.ByteToMessageDecoder.channelRead(ByteToMessageDecoder.java:302)\n\tat io.netty.channel.CombinedChannelDuplexHandler.channelRead(CombinedChannelDuplexHandler.java:253)\n\tat io.netty.channel.AbstractChannelHandlerContext.invokeChannelRead(AbstractChannelHandlerContext.java:374)\n\tat io.netty.channel.AbstractChannelHandlerContext.invokeChannelRead(AbstractChannelHandlerContext.java:360)\n\tat io.netty.channel.AbstractChannelHandlerContext.fireChannelRead(AbstractChannelHandlerContext.java:352)\n\tat io.netty.handler.timeout.IdleStateHandler.channelRead(IdleStateHandler.java:287)\n\tat io.netty.channel.AbstractChannelHandlerContext.invokeChannelRead(AbstractChannelHandlerContext.java:374)\n\tat io.netty.channel.AbstractChannelHandlerContext.invokeChannelRead(AbstractChannelHandlerContext.java:360)\n\tat io.netty.channel.AbstractChannelHandlerContext.fireChannelRead(AbstractChannelHandlerContext.java:352)\n\tat io.netty.channel.DefaultChannelPipeline$HeadContext.channelRead(DefaultChannelPipeline.java:1422)\n\tat io.netty.channel.AbstractChannelHandlerContext.invokeChannelRead(AbstractChannelHandlerContext.java:374)\n\tat io.netty.channel.AbstractChannelHandlerContext.invokeChannelRead(AbstractChannelHandlerContext.java:360)\n\tat io.netty.channel.DefaultChannelPipeline.fireChannelRead(DefaultChannelPipeline.java:931)\n\tat io.netty.channel.nio.AbstractNioByteChannel$NioByteUnsafe.read(AbstractNioByteChannel.java:163)\n\tat io.netty.channel.nio.NioEventLoop.processSelectedKey(NioEventLoop.java:700)\n\tat io.netty.channel.nio.NioEventLoop.processSelectedKeysOptimized(NioEventLoop.java:635)\n\tat io.netty.channel.nio.NioEventLoop.processSelectedKeys(NioEventLoop.java:552)\n\tat io.netty.channel.nio.NioEventLoop.run(NioEventLoop.java:514)\n\tat io.netty.util.concurrent.SingleThreadEventExecutor$6.run(SingleThreadEventExecutor.java:1044)\n\tat io.netty.util.internal.ThreadExecutorMap$2.run(ThreadExecutorMap.java:74)\n\tat io.netty.util.concurrent.FastThreadLocalRunnable.run(FastThreadLocalRunnable.java:30)\n\tat java.lang.Thread.run(Thread.java:1012)\n"}}
Thu Jul 30 09:08:39 UTC 2026 | ALL | 07-30 09:08:38.584  4162  4220 I appium  : channel read: POST /session/0ec58237-84ed-40bd-bf67-28bb2b70cae2/element
Thu Jul 30 09:08:39 UTC 2026 | ALL | 07-30 09:08:38.584  4162  4220 I appium  : FindElement command
Thu Jul 30 09:08:39 UTC 2026 | ALL | 07-30 09:08:38.585  4162  4220 I appium  : method: 'xpath', selector: '//*[contains(@text, 'Home') or contains(@content-desc, 'Home')]'
Thu Jul 30 09:08:39 UTC 2026 | ALL | 07-30 09:08:38.585  4162  4220 I appium  : Waiting up to 10000ms for the device to idle
Thu Jul 30 09:08:39 UTC 2026 | ALL | 07-30 09:08:38.586  4162  4220 I appium  : The following attributes will be included to the page source: [text, content-desc]
Thu Jul 30 09:08:39 UTC 2026 | ALL | 07-30 09:08:38.594  4162  4220 I appium  : Took 0ms to retrieve 0 matches for '//*[contains(@text, 'Home') or contains(@content-desc, 'Home')]' XPath2 query
Thu Jul 30 09:08:39 UTC 2026 | ALL | 07-30 09:08:38.595  4162  4220 I appium  : AppiumResponse: {"sessionId":"0ec58237-84ed-40bd-bf67-28bb2b70cae2","value":{"error":"no such element","message":"An element could not be located on the page using the given search parameters","stacktrace":"io.appium.uiautomator2.common.exceptions.ElementNotFoundException: An element could not be located on the page using the given search parameters\n\tat io.appium.uiautomator2.utils.ElementLocationHelpers.findElement(ElementLocationHelpers.java:156)\n\tat io.appium.uiautomator2.handler.FindElement.safeHandle(FindElement.java:60)\n\tat io.appium.uiautomator2.handler.request.SafeRequestHandler.handle(SafeRequestHandler.java:59)\n\tat io.appium.uiautomator2.server.AppiumServlet.handleRequest(AppiumServlet.java:259)\n\tat io.appium.uiautomator2.server.AppiumServlet.handleHttpRequest(AppiumServlet.java:253)\n\tat io.appium.uiautomator2.http.ServerHandler.channelRead(ServerHandler.java:77)\n\tat io.netty.channel.AbstractChannelHandlerContext.invokeChannelRead(AbstractChannelHandlerContext.java:374)\n\tat io.netty.channel.AbstractChannelHandlerContext.invokeChannelRead(AbstractChannelHandlerContext.java:360)\n\tat io.netty.channel.AbstractChannelHandlerContext.fireChannelRead(AbstractChannelHandlerContext.java:352)\n\tat io.netty.handler.codec.MessageToMessageDecoder.channelRead(MessageToMessageDecoder.java:102)\n\tat io.netty.channel.AbstractChannelHandlerContext.invokeChannelRead(AbstractChannelHandlerContext.java:374)\n\tat io.netty.channel.AbstractChannelHandlerContext.invokeChannelRead(AbstractChannelHandlerContext.java:360)\n\tat io.netty.channel.AbstractChannelHandlerContext.fireChannelRead(AbstractChannelHandlerContext.java:352)\n\tat io.netty.channel.CombinedChannelDuplexHandler$DelegatingChannelHandlerContext.fireChannelRead(CombinedChannelDuplexHandler.java:438)\n\tat io.netty.handler.codec.ByteToMessageDecoder.fireChannelRead(ByteToMessageDecoder.java:328)\n\tat io.netty.handler.codec.ByteToMessageDecoder.channelRead(ByteToMessageDecoder.java:302)\n\tat io.netty.channel.CombinedChannelDuplexHandler.channelRead(CombinedChannelDuplexHandler.java:253)\n\tat io.netty.channel.AbstractChannelHandlerContext.invokeChannelRead(AbstractChannelHandlerContext.java:374)\n\tat io.netty.channel.AbstractChannelHandlerContext.invokeChannelRead(AbstractChannelHandlerContext.java:360)\n\tat io.netty.channel.AbstractChannelHandlerContext.fireChannelRead(AbstractChannelHandlerContext.java:352)\n\tat io.netty.handler.timeout.IdleStateHandler.channelRead(IdleStateHandler.java:287)\n\tat io.netty.channel.AbstractChannelHandlerContext.invokeChannelRead(AbstractChannelHandlerContext.java:374)\n\tat io.netty.channel.AbstractChannelHandlerContext.invokeChannelRead(AbstractChannelHandlerContext.java:360)\n\tat io.netty.channel.AbstractChannelHandlerContext.fireChannelRead(AbstractChannelHandlerContext.java:352)\n\tat io.netty.channel.DefaultChannelPipeline$HeadContext.channelRead(DefaultChannelPipeline.java:1422)\n\tat io.netty.channel.AbstractChannelHandlerContext.invokeChannelRead(AbstractChannelHandlerContext.java:374)\n\tat io.netty.channel.AbstractChannelHandlerContext.invokeChannelRead(AbstractChannelHandlerContext.java:360)\n\tat io.netty.channel.DefaultChannelPipeline.fireChannelRead(DefaultChannelPipeline.java:931)\n\tat io.netty.channel.nio.AbstractNioByteChannel$NioByteUnsafe.read(AbstractNioByteChannel.java:163)\n\tat io.netty.channel.nio.NioEventLoop.processSelectedKey(NioEventLoop.java:700)\n\tat io.netty.channel.nio.NioEventLoop.processSelectedKeysOptimized(NioEventLoop.java:635)\n\tat io.netty.channel.nio.NioEventLoop.processSelectedKeys(NioEventLoop.java:552)\n\tat io.netty.channel.nio.NioEventLoop.run(NioEventLoop.java:514)\n\tat io.netty.util.concurrent.SingleThreadEventExecutor$6.run(SingleThreadEventExecutor.java:1044)\n\tat io.netty.util.internal.ThreadExecutorMap$2.run(ThreadExecutorMap.java:74)\n\tat io.netty.util.concurrent.FastThreadLocalRunnable.run(FastThreadLocalRunnable.java:30)\n\tat java.lang.Thread.run(Thread.java:1012)\n"}}
Thu Jul 30 09:08:39 UTC 2026 | ALL | 07-30 09:08:38.941  1447  1808 I BistoHotwordHelper: (REDACTED) getHotwordActive::active query: %s, watch: %s, devices connected: %s
Thu Jul 30 09:08:40 UTC 2026 | ALL | 07-30 09:08:39.100  4162  4220 I appium  : channel read: POST /session/0ec58237-84ed-40bd-bf67-28bb2b70cae2/element
Thu Jul 30 09:08:40 UTC 2026 | ALL | 07-30 09:08:39.100  4162  4220 I appium  : FindElement command
Thu Jul 30 09:08:40 UTC 2026 | ALL | 07-30 09:08:39.101  4162  4220 I appium  : method: 'xpath', selector: '//*[contains(@text, 'Home') or contains(@content-desc, 'Home')]'
Thu Jul 30 09:08:40 UTC 2026 | ALL | 07-30 09:08:39.101  4162  4220 I appium  : Waiting up to 10000ms for the device to idle
Thu Jul 30 09:08:40 UTC 2026 | ALL | 07-30 09:08:39.102  4162  4220 I appium  : The following attributes will be included to the page source: [text, content-desc]
Thu Jul 30 09:08:40 UTC 2026 | ALL | 07-30 09:08:39.111  4162  4220 I appium  : Took 0ms to retrieve 0 matches for '//*[contains(@text, 'Home') or contains(@content-desc, 'Home')]' XPath2 query
Thu Jul 30 09:08:40 UTC 2026 | ALL | 07-30 09:08:39.112  4162  4220 I appium  : AppiumResponse: {"sessionId":"0ec58237-84ed-40bd-bf67-28bb2b70cae2","value":{"error":"no such element","message":"An element could not be located on the page using the given search parameters","stacktrace":"io.appium.uiautomator2.common.exceptions.ElementNotFoundException: An element could not be located on the page using the given search parameters\n\tat io.appium.uiautomator2.utils.ElementLocationHelpers.findElement(ElementLocationHelpers.java:156)\n\tat io.appium.uiautomator2.handler.FindElement.safeHandle(FindElement.java:60)\n\tat io.appium.uiautomator2.handler.request.SafeRequestHandler.handle(SafeRequestHandler.java:59)\n\tat io.appium.uiautomator2.server.AppiumServlet.handleRequest(AppiumServlet.java:259)\n\tat io.appium.uiautomator2.server.AppiumServlet.handleHttpRequest(AppiumServlet.java:253)\n\tat io.appium.uiautomator2.http.ServerHandler.channelRead(ServerHandler.java:77)\n\tat io.netty.channel.AbstractChannelHandlerContext.invokeChannelRead(AbstractChannelHandlerContext.java:374)\n\tat io.netty.channel.AbstractChannelHandlerContext.invokeChannelRead(AbstractChannelHandlerContext.java:360)\n\tat io.netty.channel.AbstractChannelHandlerContext.fireChannelRead(AbstractChannelHandlerContext.java:352)\n\tat io.netty.handler.codec.MessageToMessageDecoder.channelRead(MessageToMessageDecoder.java:102)\n\tat io.netty.channel.AbstractChannelHandlerContext.invokeChannelRead(AbstractChannelHandlerContext.java:374)\n\tat io.netty.channel.AbstractChannelHandlerContext.invokeChannelRead(AbstractChannelHandlerContext.java:360)\n\tat io.netty.channel.AbstractChannelHandlerContext.fireChannelRead(AbstractChannelHandlerContext.java:352)\n\tat io.netty.channel.CombinedChannelDuplexHandler$DelegatingChannelHandlerContext.fireChannelRead(CombinedChannelDuplexHandler.java:438)\n\tat io.netty.handler.codec.ByteToMessageDecoder.fireChannelRead(ByteToMessageDecoder.java:328)\n\tat io.netty.handler.codec.ByteToMessageDecoder.channelRead(ByteToMessageDecoder.java:302)\n\tat io.netty.channel.CombinedChannelDuplexHandler.channelRead(CombinedChannelDuplexHandler.java:253)\n\tat io.netty.channel.AbstractChannelHandlerContext.invokeChannelRead(AbstractChannelHandlerContext.java:374)\n\tat io.netty.channel.AbstractChannelHandlerContext.invokeChannelRead(AbstractChannelHandlerContext.java:360)\n\tat io.netty.channel.AbstractChannelHandlerContext.fireChannelRead(AbstractChannelHandlerContext.java:352)\n\tat io.netty.handler.timeout.IdleStateHandler.channelRead(IdleStateHandler.java:287)\n\tat io.netty.channel.AbstractChannelHandlerContext.invokeChannelRead(AbstractChannelHandlerContext.java:374)\n\tat io.netty.channel.AbstractChannelHandlerContext.invokeChannelRead(AbstractChannelHandlerContext.java:360)\n\tat io.netty.channel.AbstractChannelHandlerContext.fireChannelRead(AbstractChannelHandlerContext.java:352)\n\tat io.netty.channel.DefaultChannelPipeline$HeadContext.channelRead(DefaultChannelPipeline.java:1422)\n\tat io.netty.channel.AbstractChannelHandlerContext.invokeChannelRead(AbstractChannelHandlerContext.java:374)\n\tat io.netty.channel.AbstractChannelHandlerContext.invokeChannelRead(AbstractChannelHandlerContext.java:360)\n\tat io.netty.channel.DefaultChannelPipeline.fireChannelRead(DefaultChannelPipeline.java:931)\n\tat io.netty.channel.nio.AbstractNioByteChannel$NioByteUnsafe.read(AbstractNioByteChannel.java:163)\n\tat io.netty.channel.nio.NioEventLoop.processSelectedKey(NioEventLoop.java:700)\n\tat io.netty.channel.nio.NioEventLoop.processSelectedKeysOptimized(NioEventLoop.java:635)\n\tat io.netty.channel.nio.NioEventLoop.processSelectedKeys(NioEventLoop.java:552)\n\tat io.netty.channel.nio.NioEventLoop.run(NioEventLoop.java:514)\n\tat io.netty.util.concurrent.SingleThreadEventExecutor$6.run(SingleThreadEventExecutor.java:1044)\n\tat io.netty.util.internal.ThreadExecutorMap$2.run(ThreadExecutorMap.java:74)\n\tat io.netty.util.concurrent.FastThreadLocalRunnable.run(FastThreadLocalRunnable.java:30)\n\tat java.lang.Thread.run(Thread.java:1012)\n"}}
Thu Jul 30 09:08:40 UTC 2026 | ALL | 07-30 09:08:39.280  1817  1817 I wpa_supplicant: wlan0: CTRL-EVENT-BEACON-LOSS 
Thu Jul 30 09:08:40 UTC 2026 | ALL | 07-30 09:08:39.617  4162  4220 I appium  : channel read: POST /session/0ec58237-84ed-40bd-bf67-28bb2b70cae2/element
Thu Jul 30 09:08:40 UTC 2026 | ALL | 07-30 09:08:39.617  4162  4220 I appium  : FindElement command
Thu Jul 30 09:08:40 UTC 2026 | ALL | 07-30 09:08:39.618  4162  4220 I appium  : method: 'xpath', selector: '//*[contains(@text, 'Home') or contains(@content-desc, 'Home')]'
Thu Jul 30 09:08:40 UTC 2026 | ALL | 07-30 09:08:39.618  4162  4220 I appium  : Waiting up to 10000ms for the device to idle
Thu Jul 30 09:08:40 UTC 2026 | ALL | 07-30 09:08:39.619  4162  4220 I appium  : The following attributes will be included to the page source: [text, content-desc]
Thu Jul 30 09:08:40 UTC 2026 | ALL | 07-30 09:08:39.622  4162  4170 I tomator2.server: Method exceeds compiler instruction limit: 19264 in java_cup.runtime.Symbol org.eclipse.wst.xml.xpath2.processor.internal.CUP$XPathCup$actions.CUP$XPathCup$do_action(int, java_cup.runtime.lr_parser, java.util.Stack, int)
Thu Jul 30 09:08:40 UTC 2026 | ALL | 07-30 09:08:39.630  4162  4220 I appium  : Took 0ms to retrieve 0 matches for '//*[contains(@text, 'Home') or contains(@content-desc, 'Home')]' XPath2 query
Thu Jul 30 09:08:40 UTC 2026 | ALL | 07-30 09:08:39.630  4162  4220 I appium  : AppiumResponse: {"sessionId":"0ec58237-84ed-40bd-bf67-28bb2b70cae2","value":{"error":"no such element","message":"An element could not be located on the page using the given search parameters","stacktrace":"io.appium.uiautomator2.common.exceptions.ElementNotFoundException: An element could not be located on the page using the given search parameters\n\tat io.appium.uiautomator2.utils.ElementLocationHelpers.findElement(ElementLocationHelpers.java:156)\n\tat io.appium.uiautomator2.handler.FindElement.safeHandle(FindElement.java:60)\n\tat io.appium.uiautomator2.handler.request.SafeRequestHandler.handle(SafeRequestHandler.java:59)\n\tat io.appium.uiautomator2.server.AppiumServlet.handleRequest(AppiumServlet.java:259)\n\tat io.appium.uiautomator2.server.AppiumServlet.handleHttpRequest(AppiumServlet.java:253)\n\tat io.appium.uiautomator2.http.ServerHandler.channelRead(ServerHandler.java:77)\n\tat io.netty.channel.AbstractChannelHandlerContext.invokeChannelRead(AbstractChannelHandlerContext.java:374)\n\tat io.netty.channel.AbstractChannelHandlerContext.invokeChannelRead(AbstractChannelHandlerContext.java:360)\n\tat io.netty.channel.AbstractChannelHandlerContext.fireChannelRead(AbstractChannelHandlerContext.java:352)\n\tat io.netty.handler.codec.MessageToMessageDecoder.channelRead(MessageToMessageDecoder.java:102)\n\tat io.netty.channel.AbstractChannelHandlerContext.invokeChannelRead(AbstractChannelHandlerContext.java:374)\n\tat io.netty.channel.AbstractChannelHandlerContext.invokeChannelRead(AbstractChannelHandlerContext.java:360)\n\tat io.netty.channel.AbstractChannelHandlerContext.fireChannelRead(AbstractChannelHandlerContext.java:352)\n\tat io.netty.channel.CombinedChannelDuplexHandler$DelegatingChannelHandlerContext.fireChannelRead(CombinedChannelDuplexHandler.java:438)\n\tat io.netty.handler.codec.ByteToMessageDecoder.fireChannelRead(ByteToMessageDecoder.java:328)\n\tat io.netty.handler.codec.ByteToMessageDecoder.channelRead(ByteToMessageDecoder.java:302)\n\tat io.netty.channel.CombinedChannelDuplexHandler.channelRead(CombinedChannelDuplexHandler.java:253)\n\tat io.netty.channel.AbstractChannelHandlerContext.invokeChannelRead(AbstractChannelHandlerContext.java:374)\n\tat io.netty.channel.AbstractChannelHandlerContext.invokeChannelRead(AbstractChannelHandlerContext.java:360)\n\tat io.netty.channel.AbstractChannelHandlerContext.fireChannelRead(AbstractChannelHandlerContext.java:352)\n\tat io.netty.handler.timeout.IdleStateHandler.channelRead(IdleStateHandler.java:287)\n\tat io.netty.channel.AbstractChannelHandlerContext.invokeChannelRead(AbstractChannelHandlerContext.java:374)\n\tat io.netty.channel.AbstractChannelHandlerContext.invokeChannelRead(AbstractChannelHandlerContext.java:360)\n\tat io.netty.channel.AbstractChannelHandlerContext.fireChannelRead(AbstractChannelHandlerContext.java:352)\n\tat io.netty.channel.DefaultChannelPipeline$HeadContext.channelRead(DefaultChannelPipeline.java:1422)\n\tat io.netty.channel.AbstractChannelHandlerContext.invokeChannelRead(AbstractChannelHandlerContext.java:374)\n\tat io.netty.channel.AbstractChannelHandlerContext.invokeChannelRead(AbstractChannelHandlerContext.java:360)\n\tat io.netty.channel.DefaultChannelPipeline.fireChannelRead(DefaultChannelPipeline.java:931)\n\tat io.netty.channel.nio.AbstractNioByteChannel$NioByteUnsafe.read(AbstractNioByteChannel.java:163)\n\tat io.netty.channel.nio.NioEventLoop.processSelectedKey(NioEventLoop.java:700)\n\tat io.netty.channel.nio.NioEventLoop.processSelectedKeysOptimized(NioEventLoop.java:635)\n\tat io.netty.channel.nio.NioEventLoop.processSelectedKeys(NioEventLoop.java:552)\n\tat io.netty.channel.nio.NioEventLoop.run(NioEventLoop.java:514)\n\tat io.netty.util.concurrent.SingleThreadEventExecutor$6.run(SingleThreadEventExecutor.java:1044)\n\tat io.netty.util.internal.ThreadExecutorMap$2.run(ThreadExecutorMap.java:74)\n\tat io.netty.util.concurrent.FastThreadLocalRunnable.run(FastThreadLocalRunnable.java:30)\n\tat java.lang.Thread.run(Thread.java:1012)\n"}}
Thu Jul 30 09:08:41 UTC 2026 | ALL | 07-30 09:08:40.136  4162  4220 I appium  : channel read: POST /session/0ec58237-84ed-40bd-bf67-28bb2b70cae2/element
Thu Jul 30 09:08:41 UTC 2026 | ALL | 07-30 09:08:40.136  4162  4220 I appium  : FindElement command
Thu Jul 30 09:08:41 UTC 2026 | ALL | 07-30 09:08:40.136  4162  4220 I appium  : method: 'xpath', selector: '//*[contains(@text, 'Home') or contains(@content-desc, 'Home')]'
Thu Jul 30 09:08:41 UTC 2026 | ALL | 07-30 09:08:40.136  4162  4220 I appium  : Waiting up to 10000ms for the device to idle
Thu Jul 30 09:08:41 UTC 2026 | ALL | 07-30 09:08:40.138  4162  4220 I appium  : The following attributes will be included to the page source: [text, content-desc]
Thu Jul 30 09:08:41 UTC 2026 | ALL | 07-30 09:08:40.153  4162  4220 I appium  : Took 0ms to retrieve 0 matches for '//*[contains(@text, 'Home') or contains(@content-desc, 'Home')]' XPath2 query
Thu Jul 30 09:08:41 UTC 2026 | ALL | 07-30 09:08:40.155  4162  4220 I appium  : AppiumResponse: {"sessionId":"0ec58237-84ed-40bd-bf67-28bb2b70cae2","value":{"error":"no such element","message":"An element could not be located on the page using the given search parameters","stacktrace":"io.appium.uiautomator2.common.exceptions.ElementNotFoundException: An element could not be located on the page using the given search parameters\n\tat io.appium.uiautomator2.utils.ElementLocationHelpers.findElement(ElementLocationHelpers.java:156)\n\tat io.appium.uiautomator2.handler.FindElement.safeHandle(FindElement.java:60)\n\tat io.appium.uiautomator2.handler.request.SafeRequestHandler.handle(SafeRequestHandler.java:59)\n\tat io.appium.uiautomator2.server.AppiumServlet.handleRequest(AppiumServlet.java:259)\n\tat io.appium.uiautomator2.server.AppiumServlet.handleHttpRequest(AppiumServlet.java:253)\n\tat io.appium.uiautomator2.http.ServerHandler.channelRead(ServerHandler.java:77)\n\tat io.netty.channel.AbstractChannelHandlerContext.invokeChannelRead(AbstractChannelHandlerContext.java:374)\n\tat io.netty.channel.AbstractChannelHandlerContext.invokeChannelRead(AbstractChannelHandlerContext.java:360)\n\tat io.netty.channel.AbstractChannelHandlerContext.fireChannelRead(AbstractChannelHandlerContext.java:352)\n\tat io.netty.handler.codec.MessageToMessageDecoder.channelRead(MessageToMessageDecoder.java:102)\n\tat io.netty.channel.AbstractChannelHandlerContext.invokeChannelRead(AbstractChannelHandlerContext.java:374)\n\tat io.netty.channel.AbstractChannelHandlerContext.invokeChannelRead(AbstractChannelHandlerContext.java:360)\n\tat io.netty.channel.AbstractChannelHandlerContext.fireChannelRead(AbstractChannelHandlerContext.java:352)\n\tat io.netty.channel.CombinedChannelDuplexHandler$DelegatingChannelHandlerContext.fireChannelRead(CombinedChannelDuplexHandler.java:438)\n\tat io.netty.handler.codec.ByteToMessageDecoder.fireChannelRead(ByteToMessageDecoder.java:328)\n\tat io.netty.handler.codec.ByteToMessageDecoder.channelRead(ByteToMessageDecoder.java:302)\n\tat io.netty.channel.CombinedChannelDuplexHandler.channelRead(CombinedChannelDuplexHandler.java:253)\n\tat io.netty.channel.AbstractChannelHandlerContext.invokeChannelRead(AbstractChannelHandlerContext.java:374)\n\tat io.netty.channel.AbstractChannelHandlerContext.invokeChannelRead(AbstractChannelHandlerContext.java:360)\n\tat io.netty.channel.AbstractChannelHandlerContext.fireChannelRead(AbstractChannelHandlerContext.java:352)\n\tat io.netty.handler.timeout.IdleStateHandler.channelRead(IdleStateHandler.java:287)\n\tat io.netty.channel.AbstractChannelHandlerContext.invokeChannelRead(AbstractChannelHandlerContext.java:374)\n\tat io.netty.channel.AbstractChannelHandlerContext.invokeChannelRead(AbstractChannelHandlerContext.java:360)\n\tat io.netty.channel.AbstractChannelHandlerContext.fireChannelRead(AbstractChannelHandlerContext.java:352)\n\tat io.netty.channel.DefaultChannelPipeline$HeadContext.channelRead(DefaultChannelPipeline.java:1422)\n\tat io.netty.channel.AbstractChannelHandlerContext.invokeChannelRead(AbstractChannelHandlerContext.java:374)\n\tat io.netty.channel.AbstractChannelHandlerContext.invokeChannelRead(AbstractChannelHandlerContext.java:360)\n\tat io.netty.channel.DefaultChannelPipeline.fireChannelRead(DefaultChannelPipeline.java:931)\n\tat io.netty.channel.nio.AbstractNioByteChannel$NioByteUnsafe.read(AbstractNioByteChannel.java:163)\n\tat io.netty.channel.nio.NioEventLoop.processSelectedKey(NioEventLoop.java:700)\n\tat io.netty.channel.nio.NioEventLoop.processSelectedKeysOptimized(NioEventLoop.java:635)\n\tat io.netty.channel.nio.NioEventLoop.processSelectedKeys(NioEventLoop.java:552)\n\tat io.netty.channel.nio.NioEventLoop.run(NioEventLoop.java:514)\n\tat io.netty.util.concurrent.SingleThreadEventExecutor$6.run(SingleThreadEventExecutor.java:1044)\n\tat io.netty.util.internal.ThreadExecutorMap$2.run(ThreadExecutorMap.java:74)\n\tat io.netty.util.concurrent.FastThreadLocalRunnable.run(FastThreadLocalRunnable.java:30)\n\tat java.lang.Thread.run(Thread.java:1012)\n"}}
Thu Jul 30 09:08:41 UTC 2026 | ALL | 07-30 09:08:40.415   560   833 W IPCThreadState: Sending oneway calls to frozen process.
Thu Jul 30 09:08:41 UTC 2026 | ALL | 07-30 09:08:40.416   560   833 W IPCThreadState: Sending oneway calls to frozen process.
Thu Jul 30 09:08:41 UTC 2026 | ALL | 07-30 09:08:40.416   560   833 W IPCThreadState: Sending oneway calls to frozen process.
Thu Jul 30 09:08:41 UTC 2026 | ALL | 07-30 09:08:40.417   560   833 W IPCThreadState: Sending oneway calls to frozen process.
Thu Jul 30 09:08:41 UTC 2026 | ALL | 07-30 09:08:40.417   560   833 W IPCThreadState: Sending oneway calls to frozen process.
Thu Jul 30 09:08:41 UTC 2026 | ALL | 07-30 09:08:40.417   560   833 W IPCThreadState: Sending oneway calls to frozen process.
Thu Jul 30 09:08:41 UTC 2026 | ALL | 07-30 09:08:40.417   560   833 W IPCThreadState: Sending oneway calls to frozen process.
Thu Jul 30 09:08:41 UTC 2026 | ALL | 07-30 09:08:40.418  1226  3031 I ChimeraSrvcProxy: NullBinder for android.net.action.RECOMMEND_NETWORKS triggering remote TransactionTooLargeException due to Service without Chimera impl
Thu Jul 30 09:08:41 UTC 2026 | ALL | 07-30 09:08:40.418  1226  3031 W .gms.persistent: Large reply transaction of 1056768 bytes, interface descriptor , code 1
Thu Jul 30 09:08:41 UTC 2026 | ALL | 07-30 09:08:40.418   560   833 W IPCThreadState: Sending oneway calls to frozen process.
Thu Jul 30 09:08:41 UTC 2026 | ALL | 07-30 09:08:40.419  3433  3534 I BugleRcsEngine: handleMessage processing message:[NOTIFY_UPTIME_IGNORE_STATE_CHANGED] with [non-null]:RcsEngineImpl reference [CONTEXT log_prefix="RcsEngineImpl[DUAL_REG]:[445b9658-3dc5]>Handler" thread_id=62 ]
Thu Jul 30 09:08:41 UTC 2026 | ALL | 07-30 09:08:40.420  3433  3502 I BugleRcsEngine: Connected state: [1], networkType: [WIFI] [CONTEXT thread_id=53 ]
Thu Jul 30 09:08:41 UTC 2026 | ALL | 07-30 09:08:40.420   560  1619 I ActivityManager: Killing 2736:com.google.android.documentsui/u0a96 (adj 985): empty #17
Thu Jul 30 09:08:41 UTC 2026 | ALL | 07-30 09:08:40.421   560  1619 I ActivityManager: Killing 2676:com.google.android.packageinstaller/u0a101 (adj 995): empty #18
Thu Jul 30 09:08:41 UTC 2026 | ALL | 07-30 09:08:40.597     0     0 W binder_debug: 10 callbacks suppressed
Thu Jul 30 09:08:41 UTC 2026 | ALL | 07-30 09:08:40.597     0     0 I binder  : undelivered transaction 336200, process died.
Thu Jul 30 09:08:41 UTC 2026 | ALL | 07-30 09:08:40.598     0     0 I binder  : undelivered transaction 340986, process died.
Thu Jul 30 09:08:41 UTC 2026 | ALL | 07-30 09:08:40.599     0     0 I binder  : undelivered transaction 458336, process died.
Thu Jul 30 09:08:41 UTC 2026 | ALL | 07-30 09:08:40.608     0     0 I binder  : undelivered transaction 330192, process died.
Thu Jul 30 09:08:41 UTC 2026 | ALL | 07-30 09:08:40.424   560  1619 I ActivityManager: Killing 3277:com.google.android.marvin.talkback/u0a166 (adj 995): empty #19
Thu Jul 30 09:08:41 UTC 2026 | ALL | 07-30 09:08:40.424   560  1619 I ActivityManager: Killing 1499:com.google.android.partnersetup/u0a131 (adj 999): empty #20
Thu Jul 30 09:08:41 UTC 2026 | ALL | 07-30 09:08:40.424   560  1619 I ActivityManager: Killing 3050:com.google.android.configupdater/u0a136 (adj 999): empty #21
Thu Jul 30 09:08:41 UTC 2026 | ALL | 07-30 09:08:40.424   560  1619 I ActivityManager: Killing 1718:android.process.media/u0a95 (adj 999): empty #22
Thu Jul 30 09:08:41 UTC 2026 | ALL | 07-30 09:08:40.424   560  1619 I ActivityManager: Killing 3268:com.google.android.healthconnect.controller/u0a185 (adj 999): empty #23
Thu Jul 30 09:08:41 UTC 2026 | ALL | 07-30 09:08:40.424   560  1619 I ActivityManager: Killing 1629:com.google.android.cellbroadcastreceiver/u0a207 (adj 999): empty #24
Thu Jul 30 09:08:41 UTC 2026 | ALL | 07-30 09:08:40.424   560  1619 I ActivityManager: Killing 2770:com.android.traceur/u0a120 (adj 999): empty #25
Thu Jul 30 09:08:41 UTC 2026 | ALL | 07-30 09:08:40.424   560  1619 I ActivityManager: Killing 2052:com.android.imsserviceentitlement/u0a138 (adj 999): empty #26
Thu Jul 30 09:08:41 UTC 2026 | ALL | 07-30 09:08:40.424   560  1619 I ActivityManager: Killing 2654:com.android.carrierdefaultapp/u0a111 (adj 999): empty #27
Thu Jul 30 09:08:41 UTC 2026 | ALL | 07-30 09:08:40.424   560  1619 I ActivityManager: Killing 3148:com.google.android.ondevicepersonalization.services/u0a193 (adj 999): empty #28
Thu Jul 30 09:08:41 UTC 2026 | ALL | 07-30 09:08:40.425   560  1619 I ActivityManager: Killing 1467:com.android.providers.calendar/u0a100 (adj 999): empty #29
Thu Jul 30 09:08:41 UTC 2026 | ALL | 07-30 09:08:40.425   560  1619 I ActivityManager: Killing 3090:com.google.android.federatedcompute/u0a194 (adj 999): empty #30
Thu Jul 30 09:08:41 UTC 2026 | ALL | 07-30 09:08:40.425   560  1619 I ActivityManager: Killing 3016:com.android.shell/2000 (adj 999): empty #31
Thu Jul 30 09:08:41 UTC 2026 | ALL | 07-30 09:08:40.425   560  1619 I ActivityManager: Killing 2970:com.android.dynsystem:dynsystem/1000 (adj 999): empty #32
Thu Jul 30 09:08:41 UTC 2026 | ALL | 07-30 09:08:40.425   560  1619 I ActivityManager: Killing 2891:com.google.android.webview:webview_apk/u0a151 (adj 999): empty #33
Thu Jul 30 09:08:41 UTC 2026 | ALL | 07-30 09:08:40.425   560  1619 I ActivityManager: Killing 2800:com.google.android.webview:webview_service/u0a151 (adj 999): empty #34
Thu Jul 30 09:08:41 UTC 2026 | ALL | 07-30 09:08:40.425   560  1619 I ActivityManager: Killing 2940:com.android.dynsystem/1000 (adj 999): empty #35
Thu Jul 30 09:08:41 UTC 2026 | ALL | 07-30 09:08:40.425   560  1619 I ActivityManager: Killing 2857:com.android.camera2/u0a157 (adj 999): empty #36
Thu Jul 30 09:08:41 UTC 2026 | ALL | 07-30 09:08:40.425   560  1619 I ActivityManager: Killing 2398:com.android.managedprovisioning/u0a102 (adj 999): empty #37
Thu Jul 30 09:08:41 UTC 2026 | ALL | 07-30 09:08:40.425   560  1619 I ActivityManager: Killing 2816:com.google.android.onetimeinitializer/u0a128 (adj 999): empty #38
Thu Jul 30 09:08:41 UTC 2026 | ALL | 07-30 09:08:40.425   560  1619 I ActivityManager: Killing 1444:com.android.carrierconfig/u0a178 (adj 999): empty #39
Thu Jul 30 09:08:41 UTC 2026 | ALL | 07-30 09:08:40.425   560  1619 I ActivityManager: Killing 1599:com.android.keychain/1000 (adj 999): empty #40
Thu Jul 30 09:08:41 UTC 2026 | ALL | 07-30 09:08:40.426   560  1619 I ActivityManager: Killing 1754:com.android.cellbroadcastreceiver/u0a106 (adj 999): empty #41
Thu Jul 30 09:08:41 UTC 2026 | ALL | 07-30 09:08:40.426   560  1619 I ActivityManager: Killing 1485:com.android.printspooler/u0a127 (adj 999): empty #42
Thu Jul 30 09:08:41 UTC 2026 | ALL | 07-30 09:08:40.426   560  1619 I ActivityManager: Killing 1636:com.google.android.googlesdksetup/u0a171 (adj 999): empty #43
Thu Jul 30 09:08:41 UTC 2026 | ALL | 07-30 09:08:40.427   560  1619 I ActivityManager: Killing 1902:com.android.localtransport/1000 (adj 999): empty #44
Thu Jul 30 09:08:41 UTC 2026 | ALL | 07-30 09:08:40.428   362   362 I Zygote  : Process 2676 exited due to signal 9 (Killed)
Thu Jul 30 09:08:41 UTC 2026 | ALL | 07-30 09:08:40.428   560  1619 I ActivityManager: Killing 1140:com.android.bluetooth/1002 (adj 999): empty #45
Thu Jul 30 09:08:41 UTC 2026 | ALL | 07-30 09:08:40.433   560   582 D DisplayManagerService: Drop pending events for gone uid 10101
Thu Jul 30 09:08:41 UTC 2026 | ALL | 07-30 09:08:40.434   560   582 D DisplayManagerService: Drop pending events for gone uid 10096
Thu Jul 30 09:08:41 UTC 2026 | ALL | 07-30 09:08:40.435  3433  3534 I BugleRcsEngine: No RCS Configuration was found in Bugle for simID: redacted-pii:sim_id[chars:20,last3:897] [CONTEXT log_prefix="ProvisioningEngineDataRetriever" thread_id=62 ]
Thu Jul 30 09:08:41 UTC 2026 | ALL | 07-30 09:08:40.442   362   362 I Zygote  : Process 2736 exited due to signal 9 (Killed)
Thu Jul 30 09:08:41 UTC 2026 | ALL | 07-30 09:08:40.442   560   594 I libprocessgroup: Removed cgroup /sys/fs/cgroup/uid_10096/pid_2736
Thu Jul 30 09:08:41 UTC 2026 | ALL | 07-30 09:08:40.443   560   594 I libprocessgroup: Removed cgroup /sys/fs/cgroup/uid_10101/pid_2676
Thu Jul 30 09:08:41 UTC 2026 | ALL | 07-30 09:08:40.461   361   361 I netd    : tetherGetStats() -> {[]} <0.28ms>
Thu Jul 30 09:08:41 UTC 2026 | ALL | 07-30 09:08:40.474   362   362 I Zygote  : Process 1902 exited due to signal 9 (Killed)
Thu Jul 30 09:08:41 UTC 2026 | ALL | 07-30 09:08:40.487   362   362 I Zygote  : Process 1140 exited due to signal 9 (Killed)
Thu Jul 30 09:08:41 UTC 2026 | ALL | 07-30 09:08:40.488   560   582 D DisplayManagerService: Drop pending events for gone uid 10193
Thu Jul 30 09:08:41 UTC 2026 | ALL | 07-30 09:08:40.488   362   362 I Zygote  : Process 3148 exited due to signal 9 (Killed)
Thu Jul 30 09:08:41 UTC 2026 | ALL | 07-30 09:08:40.489   560   582 D DisplayManagerService: Drop pending events for gone uid 10128
Thu Jul 30 09:08:41 UTC 2026 | ALL | 07-30 09:08:40.489   362   362 I Zygote  : Process 3268 exited due to signal 9 (Killed)
Thu Jul 30 09:08:41 UTC 2026 | ALL | 07-30 09:08:40.489   362   362 I Zygote  : Process 2816 exited due to signal 9 (Killed)
Thu Jul 30 09:08:41 UTC 2026 | ALL | 07-30 09:08:40.492   560   582 D DisplayManagerService: Drop pending events for gone uid 10185
Thu Jul 30 09:08:41 UTC 2026 | ALL | 07-30 09:08:40.494   362   362 I Zygote  : Process 2891 exited due to signal 9 (Killed)
Thu Jul 30 09:08:41 UTC 2026 | ALL | 07-30 09:08:40.494   560  1622 D CompatChangeReporter: Compat change id reported: 261072174; UID 10151; state: ENABLED
Thu Jul 30 09:08:41 UTC 2026 | ALL | 07-30 09:08:40.496   362   362 I Zygote  : Process 1499 exited due to signal 9 (Killed)
Thu Jul 30 09:08:41 UTC 2026 | ALL | 07-30 09:08:40.497   362   362 I Zygote  : Process 1599 exited due to signal 9 (Killed)
Thu Jul 30 09:08:41 UTC 2026 | ALL | 07-30 09:08:40.500   560   582 D DisplayManagerService: Drop pending events for gone uid 10131
Thu Jul 30 09:08:41 UTC 2026 | ALL | 07-30 09:08:40.501   362   362 I Zygote  : Process 2970 exited due to signal 9 (Killed)
Thu Jul 30 09:08:41 UTC 2026 | ALL | 07-30 09:08:40.502   362   362 I Zygote  : Process 1467 exited due to signal 9 (Killed)
Thu Jul 30 09:08:41 UTC 2026 | ALL | 07-30 09:08:40.664     0     0 I binder  : undelivered transaction 363725, process died.
Thu Jul 30 09:08:41 UTC 2026 | ALL | 07-30 09:08:40.502   362   362 I Zygote  : Process 3016 exited due to signal 9 (Killed)
Thu Jul 30 09:08:41 UTC 2026 | ALL | 07-30 09:08:40.667     0     0 I binder  : undelivered transaction 289114, process died.
Thu Jul 30 09:08:41 UTC 2026 | ALL | 07-30 09:08:40.669     0     0 I binder  : undelivered transaction 362115, process died.
Thu Jul 30 09:08:41 UTC 2026 | ALL | 07-30 09:08:40.670     0     0 I binder  : undelivered transaction 106271, process died.
Thu Jul 30 09:08:41 UTC 2026 | ALL | 07-30 09:08:40.502   362   362 I Zygote  : Process 1444 exited due to signal 9 (Killed)
Thu Jul 30 09:08:41 UTC 2026 | ALL | 07-30 09:08:40.503   560   594 I libprocessgroup: Removed cgroup /sys/fs/cgroup/uid_10166/pid_3277
Thu Jul 30 09:08:41 UTC 2026 | ALL | 07-30 09:08:40.503   560   594 I libprocessgroup: Removed cgroup /sys/fs/cgroup/uid_10131/pid_1499
Thu Jul 30 09:08:41 UTC 2026 | ALL | 07-30 09:08:40.505   362   362 I Zygote  : Process 1485 exited due to signal 9 (Killed)
Thu Jul 30 09:08:41 UTC 2026 | ALL | 07-30 09:08:40.505   362   362 I Zygote  : Process 1636 exited due to signal 9 (Killed)
Thu Jul 30 09:08:41 UTC 2026 | ALL | 07-30 09:08:40.505   362   362 I Zygote  : Process 3277 exited due to signal 9 (Killed)
Thu Jul 30 09:08:41 UTC 2026 | ALL | 07-30 09:08:40.506   560   582 D DisplayManagerService: Drop pending events for gone uid 2000
Thu Jul 30 09:08:41 UTC 2026 | ALL | 07-30 09:08:40.506   362   362 I Zygote  : Process 2654 exited due to signal 9 (Killed)
Thu Jul 30 09:08:41 UTC 2026 | ALL | 07-30 09:08:40.672     0     0 I binder  : undelivered transaction 106505, process died.
Thu Jul 30 09:08:41 UTC 2026 | ALL | 07-30 09:08:40.676     0     0 I binder  : undelivered transaction 108393, process died.
Thu Jul 30 09:08:41 UTC 2026 | ALL | 07-30 09:08:40.509   560   582 D DisplayManagerService: Drop pending events for gone uid 10100
Thu Jul 30 09:08:41 UTC 2026 | ALL | 07-30 09:08:40.509   560   582 D DisplayManagerService: Drop pending events for gone uid 10178
Thu Jul 30 09:08:41 UTC 2026 | ALL | 07-30 09:08:40.510   560   578 I StatusBarManagerService: binder died for pkg=com.google.android.googlesdksetup
Thu Jul 30 09:08:41 UTC 2026 | ALL | 07-30 09:08:40.510   560   582 D DisplayManagerService: Drop pending events for gone uid 10127
Thu Jul 30 09:08:41 UTC 2026 | ALL | 07-30 09:08:40.510   560   582 D DisplayManagerService: Drop pending events for gone uid 10111
Thu Jul 30 09:08:41 UTC 2026 | ALL | 07-30 09:08:40.510   560   582 D DisplayManagerService: Drop pending events for gone uid 10166
Thu Jul 30 09:08:41 UTC 2026 | ALL | 07-30 09:08:40.511   560   582 D DisplayManagerService: Drop pending events for gone uid 10171
Thu Jul 30 09:08:41 UTC 2026 | ALL | 07-30 09:08:40.513   362   362 I Zygote  : Process 1754 exited due to signal 9 (Killed)
Thu Jul 30 09:08:41 UTC 2026 | ALL | 07-30 09:08:40.514   560   582 D DisplayManagerService: Drop pending events for gone uid 10106
Thu Jul 30 09:08:41 UTC 2026 | ALL | 07-30 09:08:40.514   362   362 I Zygote  : Process 2857 exited due to signal 9 (Killed)
Thu Jul 30 09:08:41 UTC 2026 | ALL | 07-30 09:08:40.515   560   582 D DisplayManagerService: Drop pending events for gone uid 10157
Thu Jul 30 09:08:41 UTC 2026 | ALL | 07-30 09:08:40.518   560   582 D DisplayManagerService: Drop pending events for gone uid 10095
Thu Jul 30 09:08:41 UTC 2026 | ALL | 07-30 09:08:40.519   362   362 I Zygote  : Process 2800 exited due to signal 9 (Killed)
Thu Jul 30 09:08:41 UTC 2026 | ALL | 07-30 09:08:40.519   362   362 I Zygote  : Process 1718 exited due to signal 9 (Killed)
Thu Jul 30 09:08:41 UTC 2026 | ALL | 07-30 09:08:40.519   560   582 D DisplayManagerService: Drop pending events for gone uid 10151
Thu Jul 30 09:08:41 UTC 2026 | ALL | 07-30 09:08:40.520   362   362 I Zygote  : Process 2770 exited due to signal 9 (Killed)
Thu Jul 30 09:08:41 UTC 2026 | ALL | 07-30 09:08:40.520   560   594 I libprocessgroup: Removed cgroup /sys/fs/cgroup/uid_10136/pid_3050
Thu Jul 30 09:08:41 UTC 2026 | ALL | 07-30 09:08:40.520   362   362 I Zygote  : Process 3050 exited due to signal 9 (Killed)
Thu Jul 30 09:08:41 UTC 2026 | ALL | 07-30 09:08:40.521   560   582 D DisplayManagerService: Drop pending events for gone uid 10207
Thu Jul 30 09:08:41 UTC 2026 | ALL | 07-30 09:08:40.521   560   582 D DisplayManagerService: Drop pending events for gone uid 10136
Thu Jul 30 09:08:41 UTC 2026 | ALL | 07-30 09:08:40.521   560   594 I libprocessgroup: Removed cgroup /sys/fs/cgroup/uid_10095/pid_1718
Thu Jul 30 09:08:41 UTC 2026 | ALL | 07-30 09:08:40.522   560   582 D DisplayManagerService: Drop pending events for gone uid 10120
Thu Jul 30 09:08:41 UTC 2026 | ALL | 07-30 09:08:40.523   560   582 D DisplayManagerService: Drop pending events for gone uid 10138
Thu Jul 30 09:08:41 UTC 2026 | ALL | 07-30 09:08:40.524   560   594 I libprocessgroup: Removed cgroup /sys/fs/cgroup/uid_10185/pid_3268
Thu Jul 30 09:08:41 UTC 2026 | ALL | 07-30 09:08:40.524   560   594 I libprocessgroup: Removed cgroup /sys/fs/cgroup/uid_10207/pid_1629
Thu Jul 30 09:08:41 UTC 2026 | ALL | 07-30 09:08:40.525   362   362 I Zygote  : Process 1629 exited due to signal 9 (Killed)
Thu Jul 30 09:08:41 UTC 2026 | ALL | 07-30 09:08:40.525   362   362 I Zygote  : Process 2052 exited due to signal 9 (Killed)
Thu Jul 30 09:08:41 UTC 2026 | ALL | 07-30 09:08:40.525   560   594 I libprocessgroup: Removed cgroup /sys/fs/cgroup/uid_10120/pid_2770
Thu Jul 30 09:08:41 UTC 2026 | ALL | 07-30 09:08:40.525   560   594 I libprocessgroup: Removed cgroup /sys/fs/cgroup/uid_10138/pid_2052
Thu Jul 30 09:08:41 UTC 2026 | ALL | 07-30 09:08:40.526   560   594 I libprocessgroup: Removed cgroup /sys/fs/cgroup/uid_10111/pid_2654
Thu Jul 30 09:08:41 UTC 2026 | ALL | 07-30 09:08:40.526   362   362 I Zygote  : Process 3090 exited due to signal 9 (Killed)
Thu Jul 30 09:08:41 UTC 2026 | ALL | 07-30 09:08:40.527   560   582 D DisplayManagerService: Drop pending events for gone uid 10194
Thu Jul 30 09:08:41 UTC 2026 | ALL | 07-30 09:08:40.527   560   594 I libprocessgroup: Removed cgroup /sys/fs/cgroup/uid_10193/pid_3148
Thu Jul 30 09:08:41 UTC 2026 | ALL | 07-30 09:08:40.529   362   362 I Zygote  : Process 2940 exited due to signal 9 (Killed)
Thu Jul 30 09:08:41 UTC 2026 | ALL | 07-30 09:08:40.529   560   594 I libprocessgroup: Removed cgroup /sys/fs/cgroup/uid_10100/pid_1467
Thu Jul 30 09:08:41 UTC 2026 | ALL | 07-30 09:08:40.529   560   594 I libprocessgroup: Removed cgroup /sys/fs/cgroup/uid_10194/pid_3090
Thu Jul 30 09:08:41 UTC 2026 | ALL | 07-30 09:08:40.530   362   362 I Zygote  : Process 2398 exited due to signal 9 (Killed)
Thu Jul 30 09:08:41 UTC 2026 | ALL | 07-30 09:08:40.531   560   582 D DisplayManagerService: Drop pending events for gone uid 10102
Thu Jul 30 09:08:41 UTC 2026 | ALL | 07-30 09:08:40.531   560   594 I libprocessgroup: Removed cgroup /sys/fs/cgroup/uid_2000/pid_3016
Thu Jul 30 09:08:41 UTC 2026 | ALL | 07-30 09:08:40.531   560   594 I libprocessgroup: Removed cgroup /sys/fs/cgroup/uid_1000/pid_2970
Thu Jul 30 09:08:41 UTC 2026 | ALL | 07-30 09:08:40.531   560   594 I libprocessgroup: Removed cgroup /sys/fs/cgroup/uid_10151/pid_2891
Thu Jul 30 09:08:41 UTC 2026 | ALL | 07-30 09:08:40.531   560   594 I libprocessgroup: Removed cgroup /sys/fs/cgroup/uid_10151/pid_2800
Thu Jul 30 09:08:41 UTC 2026 | ALL | 07-30 09:08:40.531   560   594 I libprocessgroup: Removed cgroup /sys/fs/cgroup/uid_1000/pid_2940
Thu Jul 30 09:08:41 UTC 2026 | ALL | 07-30 09:08:40.532   560   594 I libprocessgroup: Removed cgroup /sys/fs/cgroup/uid_10157/pid_2857
Thu Jul 30 09:08:41 UTC 2026 | ALL | 07-30 09:08:40.532   560   594 I libprocessgroup: Removed cgroup /sys/fs/cgroup/uid_10102/pid_2398
Thu Jul 30 09:08:41 UTC 2026 | ALL | 07-30 09:08:40.532   560   594 I libprocessgroup: Removed cgroup /sys/fs/cgroup/uid_10128/pid_2816
Thu Jul 30 09:08:41 UTC 2026 | ALL | 07-30 09:08:40.532   560   594 I libprocessgroup: Removed cgroup /sys/fs/cgroup/uid_10178/pid_1444
Thu Jul 30 09:08:41 UTC 2026 | ALL | 07-30 09:08:40.532   560   594 I libprocessgroup: Removed cgroup /sys/fs/cgroup/uid_1000/pid_1599
Thu Jul 30 09:08:41 UTC 2026 | ALL | 07-30 09:08:40.532   560   594 I libprocessgroup: Removed cgroup /sys/fs/cgroup/uid_10106/pid_1754
Thu Jul 30 09:08:41 UTC 2026 | ALL | 07-30 09:08:40.532   560   594 I libprocessgroup: Removed cgroup /sys/fs/cgroup/uid_10127/pid_1485
Thu Jul 30 09:08:41 UTC 2026 | ALL | 07-30 09:08:40.532   560   594 I libprocessgroup: Removed cgroup /sys/fs/cgroup/uid_10171/pid_1636
Thu Jul 30 09:08:41 UTC 2026 | ALL | 07-30 09:08:40.532   560   594 I libprocessgroup: Removed cgroup /sys/fs/cgroup/uid_1000/pid_1902
Thu Jul 30 09:08:41 UTC 2026 | ALL | 07-30 09:08:40.533   560   594 I libprocessgroup: Removed cgroup /sys/fs/cgroup/uid_1002/pid_1140
Thu Jul 30 09:08:41 UTC 2026 | ALL | 07-30 09:08:40.660  4162  4220 I appium  : channel read: POST /session/0ec58237-84ed-40bd-bf67-28bb2b70cae2/element
Thu Jul 30 09:08:41 UTC 2026 | ALL | 07-30 09:08:40.660  4162  4220 I appium  : FindElement command
Thu Jul 30 09:08:41 UTC 2026 | ALL | 07-30 09:08:40.661  4162  4220 I appium  : method: 'xpath', selector: '//*[contains(@text, 'Home') or contains(@content-desc, 'Home')]'
Thu Jul 30 09:08:41 UTC 2026 | ALL | 07-30 09:08:40.661  4162  4220 I appium  : Waiting up to 10000ms for the device to idle
Thu Jul 30 09:08:41 UTC 2026 | ALL | 07-30 09:08:40.662  4162  4220 I appium  : The following attributes will be included to the page source: [text, content-desc]
Thu Jul 30 09:08:41 UTC 2026 | ALL | 07-30 09:08:40.674  4162  4220 I appium  : Took 0ms to retrieve 0 matches for '//*[contains(@text, 'Home') or contains(@content-desc, 'Home')]' XPath2 query
Thu Jul 30 09:08:41 UTC 2026 | ALL | 07-30 09:08:40.675  4162  4220 I appium  : AppiumResponse: {"sessionId":"0ec58237-84ed-40bd-bf67-28bb2b70cae2","value":{"error":"no such element","message":"An element could not be located on the page using the given search parameters","stacktrace":"io.appium.uiautomator2.common.exceptions.ElementNotFoundException: An element could not be located on the page using the given search parameters\n\tat io.appium.uiautomator2.utils.ElementLocationHelpers.findElement(ElementLocationHelpers.java:156)\n\tat io.appium.uiautomator2.handler.FindElement.safeHandle(FindElement.java:60)\n\tat io.appium.uiautomator2.handler.request.SafeRequestHandler.handle(SafeRequestHandler.java:59)\n\tat io.appium.uiautomator2.server.AppiumServlet.handleRequest(AppiumServlet.java:259)\n\tat io.appium.uiautomator2.server.AppiumServlet.handleHttpRequest(AppiumServlet.java:253)\n\tat io.appium.uiautomator2.http.ServerHandler.channelRead(ServerHandler.java:77)\n\tat io.netty.channel.AbstractChannelHandlerContext.invokeChannelRead(AbstractChannelHandlerContext.java:374)\n\tat io.netty.channel.AbstractChannelHandlerContext.invokeChannelRead(AbstractChannelHandlerContext.java:360)\n\tat io.netty.channel.AbstractChannelHandlerContext.fireChannelRead(AbstractChannelHandlerContext.java:352)\n\tat io.netty.handler.codec.MessageToMessageDecoder.channelRead(MessageToMessageDecoder.java:102)\n\tat io.netty.channel.AbstractChannelHandlerContext.invokeChannelRead(AbstractChannelHandlerContext.java:374)\n\tat io.netty.channel.AbstractChannelHandlerContext.invokeChannelRead(AbstractChannelHandlerContext.java:360)\n\tat io.netty.channel.AbstractChannelHandlerContext.fireChannelRead(AbstractChannelHandlerContext.java:352)\n\tat io.netty.channel.CombinedChannelDuplexHandler$DelegatingChannelHandlerContext.fireChannelRead(CombinedChannelDuplexHandler.java:438)\n\tat io.netty.handler.codec.ByteToMessageDecoder.fireChannelRead(ByteToMessageDecoder.java:328)\n\tat io.netty.handler.codec.ByteToMessageDecoder.channelRead(ByteToMessageDecoder.java:302)\n\tat io.netty.channel.CombinedChannelDuplexHandler.channelRead(CombinedChannelDuplexHandler.java:253)\n\tat io.netty.channel.AbstractChannelHandlerContext.invokeChannelRead(AbstractChannelHandlerContext.java:374)\n\tat io.netty.channel.AbstractChannelHandlerContext.invokeChannelRead(AbstractChannelHandlerContext.java:360)\n\tat io.netty.channel.AbstractChannelHandlerContext.fireChannelRead(AbstractChannelHandlerContext.java:352)\n\tat io.netty.handler.timeout.IdleStateHandler.channelRead(IdleStateHandler.java:287)\n\tat io.netty.channel.AbstractChannelHandlerContext.invokeChannelRead(AbstractChannelHandlerContext.java:374)\n\tat io.netty.channel.AbstractChannelHandlerContext.invokeChannelRead(AbstractChannelHandlerContext.java:360)\n\tat io.netty.channel.AbstractChannelHandlerContext.fireChannelRead(AbstractChannelHandlerContext.java:352)\n\tat io.netty.channel.DefaultChannelPipeline$HeadContext.channelRead(DefaultChannelPipeline.java:1422)\n\tat io.netty.channel.AbstractChannelHandlerContext.invokeChannelRead(AbstractChannelHandlerContext.java:374)\n\tat io.netty.channel.AbstractChannelHandlerContext.invokeChannelRead(AbstractChannelHandlerContext.java:360)\n\tat io.netty.channel.DefaultChannelPipeline.fireChannelRead(DefaultChannelPipeline.java:931)\n\tat io.netty.channel.nio.AbstractNioByteChannel$NioByteUnsafe.read(AbstractNioByteChannel.java:163)\n\tat io.netty.channel.nio.NioEventLoop.processSelectedKey(NioEventLoop.java:700)\n\tat io.netty.channel.nio.NioEventLoop.processSelectedKeysOptimized(NioEventLoop.java:635)\n\tat io.netty.channel.nio.NioEventLoop.processSelectedKeys(NioEventLoop.java:552)\n\tat io.netty.channel.nio.NioEventLoop.run(NioEventLoop.java:514)\n\tat io.netty.util.concurrent.SingleThreadEventExecutor$6.run(SingleThreadEventExecutor.java:1044)\n\tat io.netty.util.internal.ThreadExecutorMap$2.run(ThreadExecutorMap.java:74)\n\tat io.netty.util.concurrent.FastThreadLocalRunnable.run(FastThreadLocalRunnable.java:30)\n\tat java.lang.Thread.run(Thread.java:1012)\n"}}
Thu Jul 30 09:08:42 UTC 2026 | ALL | 07-30 09:08:41.180  4162  4220 I appium  : channel read: POST /session/0ec58237-84ed-40bd-bf67-28bb2b70cae2/element
Thu Jul 30 09:08:42 UTC 2026 | ALL | 07-30 09:08:41.180  4162  4220 I appium  : FindElement command
Thu Jul 30 09:08:42 UTC 2026 | ALL | 07-30 09:08:41.181  4162  4220 I appium  : method: 'xpath', selector: '//*[contains(@text, 'Home') or contains(@content-desc, 'Home')]'
Thu Jul 30 09:08:42 UTC 2026 | ALL | 07-30 09:08:41.181  4162  4220 I appium  : Waiting up to 10000ms for the device to idle
Thu Jul 30 09:08:42 UTC 2026 | ALL | 07-30 09:08:41.182  4162  4220 I appium  : The following attributes will be included to the page source: [text, content-desc]
Thu Jul 30 09:08:42 UTC 2026 | ALL | 07-30 09:08:41.184  4162  4170 I tomator2.server: Method exceeds compiler instruction limit: 19264 in java_cup.runtime.Symbol org.eclipse.wst.xml.xpath2.processor.internal.CUP$XPathCup$actions.CUP$XPathCup$do_action(int, java_cup.runtime.lr_parser, java.util.Stack, int)
Thu Jul 30 09:08:42 UTC 2026 | ALL | 07-30 09:08:41.189  4162  4220 I appium  : Took 0ms to retrieve 0 matches for '//*[contains(@text, 'Home') or contains(@content-desc, 'Home')]' XPath2 query
Thu Jul 30 09:08:42 UTC 2026 | ALL | 07-30 09:08:41.190  4162  4220 I appium  : AppiumResponse: {"sessionId":"0ec58237-84ed-40bd-bf67-28bb2b70cae2","value":{"error":"no such element","message":"An element could not be located on the page using the given search parameters","stacktrace":"io.appium.uiautomator2.common.exceptions.ElementNotFoundException: An element could not be located on the page using the given search parameters\n\tat io.appium.uiautomator2.utils.ElementLocationHelpers.findElement(ElementLocationHelpers.java:156)\n\tat io.appium.uiautomator2.handler.FindElement.safeHandle(FindElement.java:60)\n\tat io.appium.uiautomator2.handler.request.SafeRequestHandler.handle(SafeRequestHandler.java:59)\n\tat io.appium.uiautomator2.server.AppiumServlet.handleRequest(AppiumServlet.java:259)\n\tat io.appium.uiautomator2.server.AppiumServlet.handleHttpRequest(AppiumServlet.java:253)\n\tat io.appium.uiautomator2.http.ServerHandler.channelRead(ServerHandler.java:77)\n\tat io.netty.channel.AbstractChannelHandlerContext.invokeChannelRead(AbstractChannelHandlerContext.java:374)\n\tat io.netty.channel.AbstractChannelHandlerContext.invokeChannelRead(AbstractChannelHandlerContext.java:360)\n\tat io.netty.channel.AbstractChannelHandlerContext.fireChannelRead(AbstractChannelHandlerContext.java:352)\n\tat io.netty.handler.codec.MessageToMessageDecoder.channelRead(MessageToMessageDecoder.java:102)\n\tat io.netty.channel.AbstractChannelHandlerContext.invokeChannelRead(AbstractChannelHandlerContext.java:374)\n\tat io.netty.channel.AbstractChannelHandlerContext.invokeChannelRead(AbstractChannelHandlerContext.java:360)\n\tat io.netty.channel.AbstractChannelHandlerContext.fireChannelRead(AbstractChannelHandlerContext.java:352)\n\tat io.netty.channel.CombinedChannelDuplexHandler$DelegatingChannelHandlerContext.fireChannelRead(CombinedChannelDuplexHandler.java:438)\n\tat io.netty.handler.codec.ByteToMessageDecoder.fireChannelRead(ByteToMessageDecoder.java:328)\n\tat io.netty.handler.codec.ByteToMessageDecoder.channelRead(ByteToMessageDecoder.java:302)\n\tat io.netty.channel.CombinedChannelDuplexHandler.channelRead(CombinedChannelDuplexHandler.java:253)\n\tat io.netty.channel.AbstractChannelHandlerContext.invokeChannelRead(AbstractChannelHandlerContext.java:374)\n\tat io.netty.channel.AbstractChannelHandlerContext.invokeChannelRead(AbstractChannelHandlerContext.java:360)\n\tat io.netty.channel.AbstractChannelHandlerContext.fireChannelRead(AbstractChannelHandlerContext.java:352)\n\tat io.netty.handler.timeout.IdleStateHandler.channelRead(IdleStateHandler.java:287)\n\tat io.netty.channel.AbstractChannelHandlerContext.invokeChannelRead(AbstractChannelHandlerContext.java:374)\n\tat io.netty.channel.AbstractChannelHandlerContext.invokeChannelRead(AbstractChannelHandlerContext.java:360)\n\tat io.netty.channel.AbstractChannelHandlerContext.fireChannelRead(AbstractChannelHandlerContext.java:352)\n\tat io.netty.channel.DefaultChannelPipeline$HeadContext.channelRead(DefaultChannelPipeline.java:1422)\n\tat io.netty.channel.AbstractChannelHandlerContext.invokeChannelRead(AbstractChannelHandlerContext.java:374)\n\tat io.netty.channel.AbstractChannelHandlerContext.invokeChannelRead(AbstractChannelHandlerContext.java:360)\n\tat io.netty.channel.DefaultChannelPipeline.fireChannelRead(DefaultChannelPipeline.java:931)\n\tat io.netty.channel.nio.AbstractNioByteChannel$NioByteUnsafe.read(AbstractNioByteChannel.java:163)\n\tat io.netty.channel.nio.NioEventLoop.processSelectedKey(NioEventLoop.java:700)\n\tat io.netty.channel.nio.NioEventLoop.processSelectedKeysOptimized(NioEventLoop.java:635)\n\tat io.netty.channel.nio.NioEventLoop.processSelectedKeys(NioEventLoop.java:552)\n\tat io.netty.channel.nio.NioEventLoop.run(NioEventLoop.java:514)\n\tat io.netty.util.concurrent.SingleThreadEventExecutor$6.run(SingleThreadEventExecutor.java:1044)\n\tat io.netty.util.internal.ThreadExecutorMap$2.run(ThreadExecutorMap.java:74)\n\tat io.netty.util.concurrent.FastThreadLocalRunnable.run(FastThreadLocalRunnable.java:30)\n\tat java.lang.Thread.run(Thread.java:1012)\n"}}
Thu Jul 30 09:08:42 UTC 2026 | ALL | 07-30 09:08:41.695  4162  4220 I appium  : channel read: POST /session/0ec58237-84ed-40bd-bf67-28bb2b70cae2/element
Thu Jul 30 09:08:42 UTC 2026 | ALL | 07-30 09:08:41.695  4162  4220 I appium  : FindElement command
Thu Jul 30 09:08:42 UTC 2026 | ALL | 07-30 09:08:41.696  4162  4220 I appium  : method: 'xpath', selector: '//*[contains(@text, 'Home') or contains(@content-desc, 'Home')]'
Thu Jul 30 09:08:42 UTC 2026 | ALL | 07-30 09:08:41.696  4162  4220 I appium  : Waiting up to 10000ms for the device to idle
Thu Jul 30 09:08:42 UTC 2026 | ALL | 07-30 09:08:41.697  4162  4220 I appium  : The following attributes will be included to the page source: [text, content-desc]
Thu Jul 30 09:08:42 UTC 2026 | ALL | 07-30 09:08:41.704  4162  4220 I appium  : Took 0ms to retrieve 0 matches for '//*[contains(@text, 'Home') or contains(@content-desc, 'Home')]' XPath2 query
Thu Jul 30 09:08:42 UTC 2026 | ALL | 07-30 09:08:41.705  4162  4220 I appium  : AppiumResponse: {"sessionId":"0ec58237-84ed-40bd-bf67-28bb2b70cae2","value":{"error":"no such element","message":"An element could not be located on the page using the given search parameters","stacktrace":"io.appium.uiautomator2.common.exceptions.ElementNotFoundException: An element could not be located on the page using the given search parameters\n\tat io.appium.uiautomator2.utils.ElementLocationHelpers.findElement(ElementLocationHelpers.java:156)\n\tat io.appium.uiautomator2.handler.FindElement.safeHandle(FindElement.java:60)\n\tat io.appium.uiautomator2.handler.request.SafeRequestHandler.handle(SafeRequestHandler.java:59)\n\tat io.appium.uiautomator2.server.AppiumServlet.handleRequest(AppiumServlet.java:259)\n\tat io.appium.uiautomator2.server.AppiumServlet.handleHttpRequest(AppiumServlet.java:253)\n\tat io.appium.uiautomator2.http.ServerHandler.channelRead(ServerHandler.java:77)\n\tat io.netty.channel.AbstractChannelHandlerContext.invokeChannelRead(AbstractChannelHandlerContext.java:374)\n\tat io.netty.channel.AbstractChannelHandlerContext.invokeChannelRead(AbstractChannelHandlerContext.java:360)\n\tat io.netty.channel.AbstractChannelHandlerContext.fireChannelRead(AbstractChannelHandlerContext.java:352)\n\tat io.netty.handler.codec.MessageToMessageDecoder.channelRead(MessageToMessageDecoder.java:102)\n\tat io.netty.channel.AbstractChannelHandlerContext.invokeChannelRead(AbstractChannelHandlerContext.java:374)\n\tat io.netty.channel.AbstractChannelHandlerContext.invokeChannelRead(AbstractChannelHandlerContext.java:360)\n\tat io.netty.channel.AbstractChannelHandlerContext.fireChannelRead(AbstractChannelHandlerContext.java:352)\n\tat io.netty.channel.CombinedChannelDuplexHandler$DelegatingChannelHandlerContext.fireChannelRead(CombinedChannelDuplexHandler.java:438)\n\tat io.netty.handler.codec.ByteToMessageDecoder.fireChannelRead(ByteToMessageDecoder.java:328)\n\tat io.netty.handler.codec.ByteToMessageDecoder.channelRead(ByteToMessageDecoder.java:302)\n\tat io.netty.channel.CombinedChannelDuplexHandler.channelRead(CombinedChannelDuplexHandler.java:253)\n\tat io.netty.channel.AbstractChannelHandlerContext.invokeChannelRead(AbstractChannelHandlerContext.java:374)\n\tat io.netty.channel.AbstractChannelHandlerContext.invokeChannelRead(AbstractChannelHandlerContext.java:360)\n\tat io.netty.channel.AbstractChannelHandlerContext.fireChannelRead(AbstractChannelHandlerContext.java:352)\n\tat io.netty.handler.timeout.IdleStateHandler.channelRead(IdleStateHandler.java:287)\n\tat io.netty.channel.AbstractChannelHandlerContext.invokeChannelRead(AbstractChannelHandlerContext.java:374)\n\tat io.netty.channel.AbstractChannelHandlerContext.invokeChannelRead(AbstractChannelHandlerContext.java:360)\n\tat io.netty.channel.AbstractChannelHandlerContext.fireChannelRead(AbstractChannelHandlerContext.java:352)\n\tat io.netty.channel.DefaultChannelPipeline$HeadContext.channelRead(DefaultChannelPipeline.java:1422)\n\tat io.netty.channel.AbstractChannelHandlerContext.invokeChannelRead(AbstractChannelHandlerContext.java:374)\n\tat io.netty.channel.AbstractChannelHandlerContext.invokeChannelRead(AbstractChannelHandlerContext.java:360)\n\tat io.netty.channel.DefaultChannelPipeline.fireChannelRead(DefaultChannelPipeline.java:931)\n\tat io.netty.channel.nio.AbstractNioByteChannel$NioByteUnsafe.read(AbstractNioByteChannel.java:163)\n\tat io.netty.channel.nio.NioEventLoop.processSelectedKey(NioEventLoop.java:700)\n\tat io.netty.channel.nio.NioEventLoop.processSelectedKeysOptimized(NioEventLoop.java:635)\n\tat io.netty.channel.nio.NioEventLoop.processSelectedKeys(NioEventLoop.java:552)\n\tat io.netty.channel.nio.NioEventLoop.run(NioEventLoop.java:514)\n\tat io.netty.util.concurrent.SingleThreadEventExecutor$6.run(SingleThreadEventExecutor.java:1044)\n\tat io.netty.util.internal.ThreadExecutorMap$2.run(ThreadExecutorMap.java:74)\n\tat io.netty.util.concurrent.FastThreadLocalRunnable.run(FastThreadLocalRunnable.java:30)\n\tat java.lang.Thread.run(Thread.java:1012)\n"}}
Thu Jul 30 09:08:43 UTC 2026 | ALL | 07-30 09:08:42.210  4162  4220 I appium  : channel read: POST /session/0ec58237-84ed-40bd-bf67-28bb2b70cae2/element
Thu Jul 30 09:08:43 UTC 2026 | ALL | 07-30 09:08:42.210  4162  4220 I appium  : FindElement command
Thu Jul 30 09:08:43 UTC 2026 | ALL | 07-30 09:08:42.211  4162  4220 I appium  : method: 'xpath', selector: '//*[contains(@text, 'Home') or contains(@content-desc, 'Home')]'
Thu Jul 30 09:08:43 UTC 2026 | ALL | 07-30 09:08:42.211  4162  4220 I appium  : Waiting up to 10000ms for the device to idle
Thu Jul 30 09:08:43 UTC 2026 | ALL | 07-30 09:08:42.212  4162  4220 I appium  : The following attributes will be included to the page source: [text, content-desc]
Thu Jul 30 09:08:43 UTC 2026 | ALL | 07-30 09:08:42.222  4162  4220 I appium  : Took 0ms to retrieve 0 matches for '//*[contains(@text, 'Home') or contains(@content-desc, 'Home')]' XPath2 query
Thu Jul 30 09:08:43 UTC 2026 | ALL | 07-30 09:08:42.223  4162  4220 I appium  : AppiumResponse: {"sessionId":"0ec58237-84ed-40bd-bf67-28bb2b70cae2","value":{"error":"no such element","message":"An element could not be located on the page using the given search parameters","stacktrace":"io.appium.uiautomator2.common.exceptions.ElementNotFoundException: An element could not be located on the page using the given search parameters\n\tat io.appium.uiautomator2.utils.ElementLocationHelpers.findElement(ElementLocationHelpers.java:156)\n\tat io.appium.uiautomator2.handler.FindElement.safeHandle(FindElement.java:60)\n\tat io.appium.uiautomator2.handler.request.SafeRequestHandler.handle(SafeRequestHandler.java:59)\n\tat io.appium.uiautomator2.server.AppiumServlet.handleRequest(AppiumServlet.java:259)\n\tat io.appium.uiautomator2.server.AppiumServlet.handleHttpRequest(AppiumServlet.java:253)\n\tat io.appium.uiautomator2.http.ServerHandler.channelRead(ServerHandler.java:77)\n\tat io.netty.channel.AbstractChannelHandlerContext.invokeChannelRead(AbstractChannelHandlerContext.java:374)\n\tat io.netty.channel.AbstractChannelHandlerContext.invokeChannelRead(AbstractChannelHandlerContext.java:360)\n\tat io.netty.channel.AbstractChannelHandlerContext.fireChannelRead(AbstractChannelHandlerContext.java:352)\n\tat io.netty.handler.codec.MessageToMessageDecoder.channelRead(MessageToMessageDecoder.java:102)\n\tat io.netty.channel.AbstractChannelHandlerContext.invokeChannelRead(AbstractChannelHandlerContext.java:374)\n\tat io.netty.channel.AbstractChannelHandlerContext.invokeChannelRead(AbstractChannelHandlerContext.java:360)\n\tat io.netty.channel.AbstractChannelHandlerContext.fireChannelRead(AbstractChannelHandlerContext.java:352)\n\tat io.netty.channel.CombinedChannelDuplexHandler$DelegatingChannelHandlerContext.fireChannelRead(CombinedChannelDuplexHandler.java:438)\n\tat io.netty.handler.codec.ByteToMessageDecoder.fireChannelRead(ByteToMessageDecoder.java:328)\n\tat io.netty.handler.codec.ByteToMessageDecoder.channelRead(ByteToMessageDecoder.java:302)\n\tat io.netty.channel.CombinedChannelDuplexHandler.channelRead(CombinedChannelDuplexHandler.java:253)\n\tat io.netty.channel.AbstractChannelHandlerContext.invokeChannelRead(AbstractChannelHandlerContext.java:374)\n\tat io.netty.channel.AbstractChannelHandlerContext.invokeChannelRead(AbstractChannelHandlerContext.java:360)\n\tat io.netty.channel.AbstractChannelHandlerContext.fireChannelRead(AbstractChannelHandlerContext.java:352)\n\tat io.netty.handler.timeout.IdleStateHandler.channelRead(IdleStateHandler.java:287)\n\tat io.netty.channel.AbstractChannelHandlerContext.invokeChannelRead(AbstractChannelHandlerContext.java:374)\n\tat io.netty.channel.AbstractChannelHandlerContext.invokeChannelRead(AbstractChannelHandlerContext.java:360)\n\tat io.netty.channel.AbstractChannelHandlerContext.fireChannelRead(AbstractChannelHandlerContext.java:352)\n\tat io.netty.channel.DefaultChannelPipeline$HeadContext.channelRead(DefaultChannelPipeline.java:1422)\n\tat io.netty.channel.AbstractChannelHandlerContext.invokeChannelRead(AbstractChannelHandlerContext.java:374)\n\tat io.netty.channel.AbstractChannelHandlerContext.invokeChannelRead(AbstractChannelHandlerContext.java:360)\n\tat io.netty.channel.DefaultChannelPipeline.fireChannelRead(DefaultChannelPipeline.java:931)\n\tat io.netty.channel.nio.AbstractNioByteChannel$NioByteUnsafe.read(AbstractNioByteChannel.java:163)\n\tat io.netty.channel.nio.NioEventLoop.processSelectedKey(NioEventLoop.java:700)\n\tat io.netty.channel.nio.NioEventLoop.processSelectedKeysOptimized(NioEventLoop.java:635)\n\tat io.netty.channel.nio.NioEventLoop.processSelectedKeys(NioEventLoop.java:552)\n\tat io.netty.channel.nio.NioEventLoop.run(NioEventLoop.java:514)\n\tat io.netty.util.concurrent.SingleThreadEventExecutor$6.run(SingleThreadEventExecutor.java:1044)\n\tat io.netty.util.internal.ThreadExecutorMap$2.run(ThreadExecutorMap.java:74)\n\tat io.netty.util.concurrent.FastThreadLocalRunnable.run(FastThreadLocalRunnable.java:30)\n\tat java.lang.Thread.run(Thread.java:1012)\n"}}
Thu Jul 30 09:08:43 UTC 2026 | ALL | 07-30 09:08:42.728  4162  4220 I appium  : channel read: POST /session/0ec58237-84ed-40bd-bf67-28bb2b70cae2/element
Thu Jul 30 09:08:43 UTC 2026 | ALL | 07-30 09:08:42.729  4162  4220 I appium  : FindElement command
Thu Jul 30 09:08:43 UTC 2026 | ALL | 07-30 09:08:42.729  4162  4220 I appium  : method: 'xpath', selector: '//*[contains(@text, 'Home') or contains(@content-desc, 'Home')]'
Thu Jul 30 09:08:43 UTC 2026 | ALL | 07-30 09:08:42.729  4162  4220 I appium  : Waiting up to 10000ms for the device to idle
Thu Jul 30 09:08:43 UTC 2026 | ALL | 07-30 09:08:42.731  4162  4220 I appium  : The following attributes will be included to the page source: [text, content-desc]
Thu Jul 30 09:08:43 UTC 2026 | ALL | 07-30 09:08:42.737  4162  4170 I tomator2.server: Method exceeds compiler instruction limit: 19264 in java_cup.runtime.Symbol org.eclipse.wst.xml.xpath2.processor.internal.CUP$XPathCup$actions.CUP$XPathCup$do_action(int, java_cup.runtime.lr_parser, java.util.Stack, int)
Thu Jul 30 09:08:43 UTC 2026 | ALL | 07-30 09:08:42.756  4162  4220 I appium  : Took 0ms to retrieve 0 matches for '//*[contains(@text, 'Home') or contains(@content-desc, 'Home')]' XPath2 query
Thu Jul 30 09:08:43 UTC 2026 | ALL | 07-30 09:08:42.757  4162  4220 I appium  : AppiumResponse: {"sessionId":"0ec58237-84ed-40bd-bf67-28bb2b70cae2","value":{"error":"no such element","message":"An element could not be located on the page using the given search parameters","stacktrace":"io.appium.uiautomator2.common.exceptions.ElementNotFoundException: An element could not be located on the page using the given search parameters\n\tat io.appium.uiautomator2.utils.ElementLocationHelpers.findElement(ElementLocationHelpers.java:156)\n\tat io.appium.uiautomator2.handler.FindElement.safeHandle(FindElement.java:60)\n\tat io.appium.uiautomator2.handler.request.SafeRequestHandler.handle(SafeRequestHandler.java:59)\n\tat io.appium.uiautomator2.server.AppiumServlet.handleRequest(AppiumServlet.java:259)\n\tat io.appium.uiautomator2.server.AppiumServlet.handleHttpRequest(AppiumServlet.java:253)\n\tat io.appium.uiautomator2.http.ServerHandler.channelRead(ServerHandler.java:77)\n\tat io.netty.channel.AbstractChannelHandlerContext.invokeChannelRead(AbstractChannelHandlerContext.java:374)\n\tat io.netty.channel.AbstractChannelHandlerContext.invokeChannelRead(AbstractChannelHandlerContext.java:360)\n\tat io.netty.channel.AbstractChannelHandlerContext.fireChannelRead(AbstractChannelHandlerContext.java:352)\n\tat io.netty.handler.codec.MessageToMessageDecoder.channelRead(MessageToMessageDecoder.java:102)\n\tat io.netty.channel.AbstractChannelHandlerContext.invokeChannelRead(AbstractChannelHandlerContext.java:374)\n\tat io.netty.channel.AbstractChannelHandlerContext.invokeChannelRead(AbstractChannelHandlerContext.java:360)\n\tat io.netty.channel.AbstractChannelHandlerContext.fireChannelRead(AbstractChannelHandlerContext.java:352)\n\tat io.netty.channel.CombinedChannelDuplexHandler$DelegatingChannelHandlerContext.fireChannelRead(CombinedChannelDuplexHandler.java:438)\n\tat io.netty.handler.codec.ByteToMessageDecoder.fireChannelRead(ByteToMessageDecoder.java:328)\n\tat io.netty.handler.codec.ByteToMessageDecoder.channelRead(ByteToMessageDecoder.java:302)\n\tat io.netty.channel.CombinedChannelDuplexHandler.channelRead(CombinedChannelDuplexHandler.java:253)\n\tat io.netty.channel.AbstractChannelHandlerContext.invokeChannelRead(AbstractChannelHandlerContext.java:374)\n\tat io.netty.channel.AbstractChannelHandlerContext.invokeChannelRead(AbstractChannelHandlerContext.java:360)\n\tat io.netty.channel.AbstractChannelHandlerContext.fireChannelRead(AbstractChannelHandlerContext.java:352)\n\tat io.netty.handler.timeout.IdleStateHandler.channelRead(IdleStateHandler.java:287)\n\tat io.netty.channel.AbstractChannelHandlerContext.invokeChannelRead(AbstractChannelHandlerContext.java:374)\n\tat io.netty.channel.AbstractChannelHandlerContext.invokeChannelRead(AbstractChannelHandlerContext.java:360)\n\tat io.netty.channel.AbstractChannelHandlerContext.fireChannelRead(AbstractChannelHandlerContext.java:352)\n\tat io.netty.channel.DefaultChannelPipeline$HeadContext.channelRead(DefaultChannelPipeline.java:1422)\n\tat io.netty.channel.AbstractChannelHandlerContext.invokeChannelRead(AbstractChannelHandlerContext.java:374)\n\tat io.netty.channel.AbstractChannelHandlerContext.invokeChannelRead(AbstractChannelHandlerContext.java:360)\n\tat io.netty.channel.DefaultChannelPipeline.fireChannelRead(DefaultChannelPipeline.java:931)\n\tat io.netty.channel.nio.AbstractNioByteChannel$NioByteUnsafe.read(AbstractNioByteChannel.java:163)\n\tat io.netty.channel.nio.NioEventLoop.processSelectedKey(NioEventLoop.java:700)\n\tat io.netty.channel.nio.NioEventLoop.processSelectedKeysOptimized(NioEventLoop.java:635)\n\tat io.netty.channel.nio.NioEventLoop.processSelectedKeys(NioEventLoop.java:552)\n\tat io.netty.channel.nio.NioEventLoop.run(NioEventLoop.java:514)\n\tat io.netty.util.concurrent.SingleThreadEventExecutor$6.run(SingleThreadEventExecutor.java:1044)\n\tat io.netty.util.internal.ThreadExecutorMap$2.run(ThreadExecutorMap.java:74)\n\tat io.netty.util.concurrent.FastThreadLocalRunnable.run(FastThreadLocalRunnable.java:30)\n\tat java.lang.Thread.run(Thread.java:1012)\n"}}
Thu Jul 30 09:08:43 UTC 2026 | ALL | 07-30 09:08:42.893  4162  4220 I appium  : channel read: POST /session/0ec58237-84ed-40bd-bf67-28bb2b70cae2/element
Thu Jul 30 09:08:43 UTC 2026 | ALL | 07-30 09:08:42.893  4162  4220 I appium  : FindElement command
Thu Jul 30 09:08:43 UTC 2026 | ALL | 07-30 09:08:42.894  4162  4220 I appium  : method: 'xpath', selector: '//*[contains(@text, 'Home') or contains(@content-desc, 'Home')]'
Thu Jul 30 09:08:43 UTC 2026 | ALL | 07-30 09:08:42.894  4162  4220 I appium  : Waiting up to 10000ms for the device to idle
Thu Jul 30 09:08:43 UTC 2026 | ALL | 07-30 09:08:42.896  4162  4220 I appium  : The following attributes will be included to the page source: [text, content-desc]
Thu Jul 30 09:08:43 UTC 2026 | ALL | 07-30 09:08:42.908  4162  4220 I appium  : Took 0ms to retrieve 0 matches for '//*[contains(@text, 'Home') or contains(@content-desc, 'Home')]' XPath2 query
Thu Jul 30 09:08:43 UTC 2026 | ALL | 07-30 09:08:42.909  4162  4220 I appium  : AppiumResponse: {"sessionId":"0ec58237-84ed-40bd-bf67-28bb2b70cae2","value":{"error":"no such element","message":"An element could not be located on the page using the given search parameters","stacktrace":"io.appium.uiautomator2.common.exceptions.ElementNotFoundException: An element could not be located on the page using the given search parameters\n\tat io.appium.uiautomator2.utils.ElementLocationHelpers.findElement(ElementLocationHelpers.java:156)\n\tat io.appium.uiautomator2.handler.FindElement.safeHandle(FindElement.java:60)\n\tat io.appium.uiautomator2.handler.request.SafeRequestHandler.handle(SafeRequestHandler.java:59)\n\tat io.appium.uiautomator2.server.AppiumServlet.handleRequest(AppiumServlet.java:259)\n\tat io.appium.uiautomator2.server.AppiumServlet.handleHttpRequest(AppiumServlet.java:253)\n\tat io.appium.uiautomator2.http.ServerHandler.channelRead(ServerHandler.java:77)\n\tat io.netty.channel.AbstractChannelHandlerContext.invokeChannelRead(AbstractChannelHandlerContext.java:374)\n\tat io.netty.channel.AbstractChannelHandlerContext.invokeChannelRead(AbstractChannelHandlerContext.java:360)\n\tat io.netty.channel.AbstractChannelHandlerContext.fireChannelRead(AbstractChannelHandlerContext.java:352)\n\tat io.netty.handler.codec.MessageToMessageDecoder.channelRead(MessageToMessageDecoder.java:102)\n\tat io.netty.channel.AbstractChannelHandlerContext.invokeChannelRead(AbstractChannelHandlerContext.java:374)\n\tat io.netty.channel.AbstractChannelHandlerContext.invokeChannelRead(AbstractChannelHandlerContext.java:360)\n\tat io.netty.channel.AbstractChannelHandlerContext.fireChannelRead(AbstractChannelHandlerContext.java:352)\n\tat io.netty.channel.CombinedChannelDuplexHandler$DelegatingChannelHandlerContext.fireChannelRead(CombinedChannelDuplexHandler.java:438)\n\tat io.netty.handler.codec.ByteToMessageDecoder.fireChannelRead(ByteToMessageDecoder.java:328)\n\tat io.netty.handler.codec.ByteToMessageDecoder.channelRead(ByteToMessageDecoder.java:302)\n\tat io.netty.channel.CombinedChannelDuplexHandler.channelRead(CombinedChannelDuplexHandler.java:253)\n\tat io.netty.channel.AbstractChannelHandlerContext.invokeChannelRead(AbstractChannelHandlerContext.java:374)\n\tat io.netty.channel.AbstractChannelHandlerContext.invokeChannelRead(AbstractChannelHandlerContext.java:360)\n\tat io.netty.channel.AbstractChannelHandlerContext.fireChannelRead(AbstractChannelHandlerContext.java:352)\n\tat io.netty.handler.timeout.IdleStateHandler.channelRead(IdleStateHandler.java:287)\n\tat io.netty.channel.AbstractChannelHandlerContext.invokeChannelRead(AbstractChannelHandlerContext.java:374)\n\tat io.netty.channel.AbstractChannelHandlerContext.invokeChannelRead(AbstractChannelHandlerContext.java:360)\n\tat io.netty.channel.AbstractChannelHandlerContext.fireChannelRead(AbstractChannelHandlerContext.java:352)\n\tat io.netty.channel.DefaultChannelPipeline$HeadContext.channelRead(DefaultChannelPipeline.java:1422)\n\tat io.netty.channel.AbstractChannelHandlerContext.invokeChannelRead(AbstractChannelHandlerContext.java:374)\n\tat io.netty.channel.AbstractChannelHandlerContext.invokeChannelRead(AbstractChannelHandlerContext.java:360)\n\tat io.netty.channel.DefaultChannelPipeline.fireChannelRead(DefaultChannelPipeline.java:931)\n\tat io.netty.channel.nio.AbstractNioByteChannel$NioByteUnsafe.read(AbstractNioByteChannel.java:163)\n\tat io.netty.channel.nio.NioEventLoop.processSelectedKey(NioEventLoop.java:700)\n\tat io.netty.channel.nio.NioEventLoop.processSelectedKeysOptimized(NioEventLoop.java:635)\n\tat io.netty.channel.nio.NioEventLoop.processSelectedKeys(NioEventLoop.java:552)\n\tat io.netty.channel.nio.NioEventLoop.run(NioEventLoop.java:514)\n\tat io.netty.util.concurrent.SingleThreadEventExecutor$6.run(SingleThreadEventExecutor.java:1044)\n\tat io.netty.util.internal.ThreadExecutorMap$2.run(ThreadExecutorMap.java:74)\n\tat io.netty.util.concurrent.FastThreadLocalRunnable.run(FastThreadLocalRunnable.java:30)\n\tat java.lang.Thread.run(Thread.java:1012)\n"}}
Thu Jul 30 09:08:43 UTC 2026 | ALL | 07-30 09:08:42.917  4162  4220 I appium  : channel read: POST /session/0ec58237-84ed-40bd-bf67-28bb2b70cae2/element
Thu Jul 30 09:08:43 UTC 2026 | ALL | 07-30 09:08:42.917  4162  4220 I appium  : FindElement command
Thu Jul 30 09:08:43 UTC 2026 | ALL | 07-30 09:08:42.918  4162  4220 I appium  : method: 'xpath', selector: '//*[contains(@text, 'Dashboard') or contains(@content-desc, 'Dashboard')]'
Thu Jul 30 09:08:43 UTC 2026 | ALL | 07-30 09:08:42.918  4162  4220 I appium  : Waiting up to 10000ms for the device to idle
Thu Jul 30 09:08:43 UTC 2026 | ALL | 07-30 09:08:42.919  4162  4220 I appium  : The following attributes will be included to the page source: [text, content-desc]
Thu Jul 30 09:08:43 UTC 2026 | ALL | 07-30 09:08:42.922  4162  4170 I tomator2.server: Method exceeds compiler instruction limit: 19264 in java_cup.runtime.Symbol org.eclipse.wst.xml.xpath2.processor.internal.CUP$XPathCup$actions.CUP$XPathCup$do_action(int, java_cup.runtime.lr_parser, java.util.Stack, int)
Thu Jul 30 09:08:43 UTC 2026 | ALL | 07-30 09:08:42.927  4162  4220 I appium  : Took 0ms to retrieve 0 matches for '//*[contains(@text, 'Dashboard') or contains(@content-desc, 'Dashboard')]' XPath2 query
Thu Jul 30 09:08:43 UTC 2026 | ALL | 07-30 09:08:42.927  4162  4220 I appium  : AppiumResponse: {"sessionId":"0ec58237-84ed-40bd-bf67-28bb2b70cae2","value":{"error":"no such element","message":"An element could not be located on the page using the given search parameters","stacktrace":"io.appium.uiautomator2.common.exceptions.ElementNotFoundException: An element could not be located on the page using the given search parameters\n\tat io.appium.uiautomator2.utils.ElementLocationHelpers.findElement(ElementLocationHelpers.java:156)\n\tat io.appium.uiautomator2.handler.FindElement.safeHandle(FindElement.java:60)\n\tat io.appium.uiautomator2.handler.request.SafeRequestHandler.handle(SafeRequestHandler.java:59)\n\tat io.appium.uiautomator2.server.AppiumServlet.handleRequest(AppiumServlet.java:259)\n\tat io.appium.uiautomator2.server.AppiumServlet.handleHttpRequest(AppiumServlet.java:253)\n\tat io.appium.uiautomator2.http.ServerHandler.channelRead(ServerHandler.java:77)\n\tat io.netty.channel.AbstractChannelHandlerContext.invokeChannelRead(AbstractChannelHandlerContext.java:374)\n\tat io.netty.channel.AbstractChannelHandlerContext.invokeChannelRead(AbstractChannelHandlerContext.java:360)\n\tat io.netty.channel.AbstractChannelHandlerContext.fireChannelRead(AbstractChannelHandlerContext.java:352)\n\tat io.netty.handler.codec.MessageToMessageDecoder.channelRead(MessageToMessageDecoder.java:102)\n\tat io.netty.channel.AbstractChannelHandlerContext.invokeChannelRead(AbstractChannelHandlerContext.java:374)\n\tat io.netty.channel.AbstractChannelHandlerContext.invokeChannelRead(AbstractChannelHandlerContext.java:360)\n\tat io.netty.channel.AbstractChannelHandlerContext.fireChannelRead(AbstractChannelHandlerContext.java:352)\n\tat io.netty.channel.CombinedChannelDuplexHandler$DelegatingChannelHandlerContext.fireChannelRead(CombinedChannelDuplexHandler.java:438)\n\tat io.netty.handler.codec.ByteToMessageDecoder.fireChannelRead(ByteToMessageDecoder.java:328)\n\tat io.netty.handler.codec.ByteToMessageDecoder.channelRead(ByteToMessageDecoder.java:302)\n\tat io.netty.channel.CombinedChannelDuplexHandler.channelRead(CombinedChannelDuplexHandler.java:253)\n\tat io.netty.channel.AbstractChannelHandlerContext.invokeChannelRead(AbstractChannelHandlerContext.java:374)\n\tat io.netty.channel.AbstractChannelHandlerContext.invokeChannelRead(AbstractChannelHandlerContext.java:360)\n\tat io.netty.channel.AbstractChannelHandlerContext.fireChannelRead(AbstractChannelHandlerContext.java:352)\n\tat io.netty.handler.timeout.IdleStateHandler.channelRead(IdleStateHandler.java:287)\n\tat io.netty.channel.AbstractChannelHandlerContext.invokeChannelRead(AbstractChannelHandlerContext.java:374)\n\tat io.netty.channel.AbstractChannelHandlerContext.invokeChannelRead(AbstractChannelHandlerContext.java:360)\n\tat io.netty.channel.AbstractChannelHandlerContext.fireChannelRead(AbstractChannelHandlerContext.java:352)\n\tat io.netty.channel.DefaultChannelPipeline$HeadContext.channelRead(DefaultChannelPipeline.java:1422)\n\tat io.netty.channel.AbstractChannelHandlerContext.invokeChannelRead(AbstractChannelHandlerContext.java:374)\n\tat io.netty.channel.AbstractChannelHandlerContext.invokeChannelRead(AbstractChannelHandlerContext.java:360)\n\tat io.netty.channel.DefaultChannelPipeline.fireChannelRead(DefaultChannelPipeline.java:931)\n\tat io.netty.channel.nio.AbstractNioByteChannel$NioByteUnsafe.read(AbstractNioByteChannel.java:163)\n\tat io.netty.channel.nio.NioEventLoop.processSelectedKey(NioEventLoop.java:700)\n\tat io.netty.channel.nio.NioEventLoop.processSelectedKeysOptimized(NioEventLoop.java:635)\n\tat io.netty.channel.nio.NioEventLoop.processSelectedKeys(NioEventLoop.java:552)\n\tat io.netty.channel.nio.NioEventLoop.run(NioEventLoop.java:514)\n\tat io.netty.util.concurrent.SingleThreadEventExecutor$6.run(SingleThreadEventExecutor.java:1044)\n\tat io.netty.util.internal.ThreadExecutorMap$2.run(ThreadExecutorMap.java:74)\n\tat io.netty.util.concurrent.FastThreadLocalRunnable.run(FastThreadLocalRunnable.java:30)\n\tat java.lang.Thread.run(Thread.java:1012)\n"}}
Thu Jul 30 09:08:44 UTC 2026 | ALL | 07-30 09:08:43.432  4162  4220 I appium  : channel read: POST /session/0ec58237-84ed-40bd-bf67-28bb2b70cae2/element
Thu Jul 30 09:08:44 UTC 2026 | ALL | 07-30 09:08:43.432  4162  4220 I appium  : FindElement command
Thu Jul 30 09:08:44 UTC 2026 | ALL | 07-30 09:08:43.433  4162  4220 I appium  : method: 'xpath', selector: '//*[contains(@text, 'Dashboard') or contains(@content-desc, 'Dashboard')]'
Thu Jul 30 09:08:44 UTC 2026 | ALL | 07-30 09:08:43.433  4162  4220 I appium  : Waiting up to 10000ms for the device to idle
Thu Jul 30 09:08:44 UTC 2026 | ALL | 07-30 09:08:43.434  4162  4220 I appium  : The following attributes will be included to the page source: [text, content-desc]
Thu Jul 30 09:08:44 UTC 2026 | ALL | 07-30 09:08:43.444  4162  4220 I appium  : Took 0ms to retrieve 0 matches for '//*[contains(@text, 'Dashboard') or contains(@content-desc, 'Dashboard')]' XPath2 query
Thu Jul 30 09:08:44 UTC 2026 | ALL | 07-30 09:08:43.447  4162  4220 I appium  : AppiumResponse: {"sessionId":"0ec58237-84ed-40bd-bf67-28bb2b70cae2","value":{"error":"no such element","message":"An element could not be located on the page using the given search parameters","stacktrace":"io.appium.uiautomator2.common.exceptions.ElementNotFoundException: An element could not be located on the page using the given search parameters\n\tat io.appium.uiautomator2.utils.ElementLocationHelpers.findElement(ElementLocationHelpers.java:156)\n\tat io.appium.uiautomator2.handler.FindElement.safeHandle(FindElement.java:60)\n\tat io.appium.uiautomator2.handler.request.SafeRequestHandler.handle(SafeRequestHandler.java:59)\n\tat io.appium.uiautomator2.server.AppiumServlet.handleRequest(AppiumServlet.java:259)\n\tat io.appium.uiautomator2.server.AppiumServlet.handleHttpRequest(AppiumServlet.java:253)\n\tat io.appium.uiautomator2.http.ServerHandler.channelRead(ServerHandler.java:77)\n\tat io.netty.channel.AbstractChannelHandlerContext.invokeChannelRead(AbstractChannelHandlerContext.java:374)\n\tat io.netty.channel.AbstractChannelHandlerContext.invokeChannelRead(AbstractChannelHandlerContext.java:360)\n\tat io.netty.channel.AbstractChannelHandlerContext.fireChannelRead(AbstractChannelHandlerContext.java:352)\n\tat io.netty.handler.codec.MessageToMessageDecoder.channelRead(MessageToMessageDecoder.java:102)\n\tat io.netty.channel.AbstractChannelHandlerContext.invokeChannelRead(AbstractChannelHandlerContext.java:374)\n\tat io.netty.channel.AbstractChannelHandlerContext.invokeChannelRead(AbstractChannelHandlerContext.java:360)\n\tat io.netty.channel.AbstractChannelHandlerContext.fireChannelRead(AbstractChannelHandlerContext.java:352)\n\tat io.netty.channel.CombinedChannelDuplexHandler$DelegatingChannelHandlerContext.fireChannelRead(CombinedChannelDuplexHandler.java:438)\n\tat io.netty.handler.codec.ByteToMessageDecoder.fireChannelRead(ByteToMessageDecoder.java:328)\n\tat io.netty.handler.codec.ByteToMessageDecoder.channelRead(ByteToMessageDecoder.java:302)\n\tat io.netty.channel.CombinedChannelDuplexHandler.channelRead(CombinedChannelDuplexHandler.java:253)\n\tat io.netty.channel.AbstractChannelHandlerContext.invokeChannelRead(AbstractChannelHandlerContext.java:374)\n\tat io.netty.channel.AbstractChannelHandlerContext.invokeChannelRead(AbstractChannelHandlerContext.java:360)\n\tat io.netty.channel.AbstractChannelHandlerContext.fireChannelRead(AbstractChannelHandlerContext.java:352)\n\tat io.netty.handler.timeout.IdleStateHandler.channelRead(IdleStateHandler.java:287)\n\tat io.netty.channel.AbstractChannelHandlerContext.invokeChannelRead(AbstractChannelHandlerContext.java:374)\n\tat io.netty.channel.AbstractChannelHandlerContext.invokeChannelRead(AbstractChannelHandlerContext.java:360)\n\tat io.netty.channel.AbstractChannelHandlerContext.fireChannelRead(AbstractChannelHandlerContext.java:352)\n\tat io.netty.channel.DefaultChannelPipeline$HeadContext.channelRead(DefaultChannelPipeline.java:1422)\n\tat io.netty.channel.AbstractChannelHandlerContext.invokeChannelRead(AbstractChannelHandlerContext.java:374)\n\tat io.netty.channel.AbstractChannelHandlerContext.invokeChannelRead(AbstractChannelHandlerContext.java:360)\n\tat io.netty.channel.DefaultChannelPipeline.fireChannelRead(DefaultChannelPipeline.java:931)\n\tat io.netty.channel.nio.AbstractNioByteChannel$NioByteUnsafe.read(AbstractNioByteChannel.java:163)\n\tat io.netty.channel.nio.NioEventLoop.processSelectedKey(NioEventLoop.java:700)\n\tat io.netty.channel.nio.NioEventLoop.processSelectedKeysOptimized(NioEventLoop.java:635)\n\tat io.netty.channel.nio.NioEventLoop.processSelectedKeys(NioEventLoop.java:552)\n\tat io.netty.channel.nio.NioEventLoop.run(NioEventLoop.java:514)\n\tat io.netty.util.concurrent.SingleThreadEventExecutor$6.run(SingleThreadEventExecutor.java:1044)\n\tat io.netty.util.internal.ThreadExecutorMap$2.run(ThreadExecutorMap.java:74)\n\tat io.netty.util.concurrent.FastThreadLocalRunnable.run(FastThreadLocalRunnable.java:30)\n\tat java.lang.Thread.run(Thread.java:1012)\n"}}
Thu Jul 30 09:08:44 UTC 2026 | ALL | 07-30 09:08:43.952  4162  4220 I appium  : channel read: POST /session/0ec58237-84ed-40bd-bf67-28bb2b70cae2/element
Thu Jul 30 09:08:44 UTC 2026 | ALL | 07-30 09:08:43.952  4162  4220 I appium  : FindElement command
Thu Jul 30 09:08:44 UTC 2026 | ALL | 07-30 09:08:43.953  4162  4220 I appium  : method: 'xpath', selector: '//*[contains(@text, 'Dashboard') or contains(@content-desc, 'Dashboard')]'
Thu Jul 30 09:08:44 UTC 2026 | ALL | 07-30 09:08:43.953  4162  4220 I appium  : Waiting up to 10000ms for the device to idle
Thu Jul 30 09:08:44 UTC 2026 | ALL | 07-30 09:08:43.954  4162  4220 I appium  : The following attributes will be included to the page source: [text, content-desc]
Thu Jul 30 09:08:44 UTC 2026 | ALL | 07-30 09:08:43.963  4162  4220 I appium  : Took 0ms to retrieve 0 matches for '//*[contains(@text, 'Dashboard') or contains(@content-desc, 'Dashboard')]' XPath2 query
Thu Jul 30 09:08:44 UTC 2026 | ALL | 07-30 09:08:43.963  4162  4220 I appium  : AppiumResponse: {"sessionId":"0ec58237-84ed-40bd-bf67-28bb2b70cae2","value":{"error":"no such element","message":"An element could not be located on the page using the given search parameters","stacktrace":"io.appium.uiautomator2.common.exceptions.ElementNotFoundException: An element could not be located on the page using the given search parameters\n\tat io.appium.uiautomator2.utils.ElementLocationHelpers.findElement(ElementLocationHelpers.java:156)\n\tat io.appium.uiautomator2.handler.FindElement.safeHandle(FindElement.java:60)\n\tat io.appium.uiautomator2.handler.request.SafeRequestHandler.handle(SafeRequestHandler.java:59)\n\tat io.appium.uiautomator2.server.AppiumServlet.handleRequest(AppiumServlet.java:259)\n\tat io.appium.uiautomator2.server.AppiumServlet.handleHttpRequest(AppiumServlet.java:253)\n\tat io.appium.uiautomator2.http.ServerHandler.channelRead(ServerHandler.java:77)\n\tat io.netty.channel.AbstractChannelHandlerContext.invokeChannelRead(AbstractChannelHandlerContext.java:374)\n\tat io.netty.channel.AbstractChannelHandlerContext.invokeChannelRead(AbstractChannelHandlerContext.java:360)\n\tat io.netty.channel.AbstractChannelHandlerContext.fireChannelRead(AbstractChannelHandlerContext.java:352)\n\tat io.netty.handler.codec.MessageToMessageDecoder.channelRead(MessageToMessageDecoder.java:102)\n\tat io.netty.channel.AbstractChannelHandlerContext.invokeChannelRead(AbstractChannelHandlerContext.java:374)\n\tat io.netty.channel.AbstractChannelHandlerContext.invokeChannelRead(AbstractChannelHandlerContext.java:360)\n\tat io.netty.channel.AbstractChannelHandlerContext.fireChannelRead(AbstractChannelHandlerContext.java:352)\n\tat io.netty.channel.CombinedChannelDuplexHandler$DelegatingChannelHandlerContext.fireChannelRead(CombinedChannelDuplexHandler.java:438)\n\tat io.netty.handler.codec.ByteToMessageDecoder.fireChannelRead(ByteToMessageDecoder.java:328)\n\tat io.netty.handler.codec.ByteToMessageDecoder.channelRead(ByteToMessageDecoder.java:302)\n\tat io.netty.channel.CombinedChannelDuplexHandler.channelRead(CombinedChannelDuplexHandler.java:253)\n\tat io.netty.channel.AbstractChannelHandlerContext.invokeChannelRead(AbstractChannelHandlerContext.java:374)\n\tat io.netty.channel.AbstractChannelHandlerContext.invokeChannelRead(AbstractChannelHandlerContext.java:360)\n\tat io.netty.channel.AbstractChannelHandlerContext.fireChannelRead(AbstractChannelHandlerContext.java:352)\n\tat io.netty.handler.timeout.IdleStateHandler.channelRead(IdleStateHandler.java:287)\n\tat io.netty.channel.AbstractChannelHandlerContext.invokeChannelRead(AbstractChannelHandlerContext.java:374)\n\tat io.netty.channel.AbstractChannelHandlerContext.invokeChannelRead(AbstractChannelHandlerContext.java:360)\n\tat io.netty.channel.AbstractChannelHandlerContext.fireChannelRead(AbstractChannelHandlerContext.java:352)\n\tat io.netty.channel.DefaultChannelPipeline$HeadContext.channelRead(DefaultChannelPipeline.java:1422)\n\tat io.netty.channel.AbstractChannelHandlerContext.invokeChannelRead(AbstractChannelHandlerContext.java:374)\n\tat io.netty.channel.AbstractChannelHandlerContext.invokeChannelRead(AbstractChannelHandlerContext.java:360)\n\tat io.netty.channel.DefaultChannelPipeline.fireChannelRead(DefaultChannelPipeline.java:931)\n\tat io.netty.channel.nio.AbstractNioByteChannel$NioByteUnsafe.read(AbstractNioByteChannel.java:163)\n\tat io.netty.channel.nio.NioEventLoop.processSelectedKey(NioEventLoop.java:700)\n\tat io.netty.channel.nio.NioEventLoop.processSelectedKeysOptimized(NioEventLoop.java:635)\n\tat io.netty.channel.nio.NioEventLoop.processSelectedKeys(NioEventLoop.java:552)\n\tat io.netty.channel.nio.NioEventLoop.run(NioEventLoop.java:514)\n\tat io.netty.util.concurrent.SingleThreadEventExecutor$6.run(SingleThreadEventExecutor.java:1044)\n\tat io.netty.util.internal.ThreadExecutorMap$2.run(ThreadExecutorMap.java:74)\n\tat io.netty.util.concurrent.FastThreadLocalRunnable.run(FastThreadLocalRunnable.java:30)\n\tat java.lang.Thread.run(Thread.java:1012)\n"}}
Thu Jul 30 09:08:45 UTC 2026 | ALL | 07-30 09:08:44.468  4162  4220 I appium  : channel read: POST /session/0ec58237-84ed-40bd-bf67-28bb2b70cae2/element
Thu Jul 30 09:08:45 UTC 2026 | ALL | 07-30 09:08:44.468  4162  4220 I appium  : FindElement command
Thu Jul 30 09:08:45 UTC 2026 | ALL | 07-30 09:08:44.469  4162  4220 I appium  : method: 'xpath', selector: '//*[contains(@text, 'Dashboard') or contains(@content-desc, 'Dashboard')]'
Thu Jul 30 09:08:45 UTC 2026 | ALL | 07-30 09:08:44.469  4162  4220 I appium  : Waiting up to 10000ms for the device to idle
Thu Jul 30 09:08:45 UTC 2026 | ALL | 07-30 09:08:44.470  4162  4220 I appium  : The following attributes will be included to the page source: [text, content-desc]
Thu Jul 30 09:08:45 UTC 2026 | ALL | 07-30 09:08:44.473  4162  4170 I tomator2.server: Method exceeds compiler instruction limit: 19264 in java_cup.runtime.Symbol org.eclipse.wst.xml.xpath2.processor.internal.CUP$XPathCup$actions.CUP$XPathCup$do_action(int, java_cup.runtime.lr_parser, java.util.Stack, int)
Thu Jul 30 09:08:45 UTC 2026 | ALL | 07-30 09:08:44.480  4162  4220 I appium  : Took 0ms to retrieve 0 matches for '//*[contains(@text, 'Dashboard') or contains(@content-desc, 'Dashboard')]' XPath2 query
Thu Jul 30 09:08:45 UTC 2026 | ALL | 07-30 09:08:44.481  4162  4220 I appium  : AppiumResponse: {"sessionId":"0ec58237-84ed-40bd-bf67-28bb2b70cae2","value":{"error":"no such element","message":"An element could not be located on the page using the given search parameters","stacktrace":"io.appium.uiautomator2.common.exceptions.ElementNotFoundException: An element could not be located on the page using the given search parameters\n\tat io.appium.uiautomator2.utils.ElementLocationHelpers.findElement(ElementLocationHelpers.java:156)\n\tat io.appium.uiautomator2.handler.FindElement.safeHandle(FindElement.java:60)\n\tat io.appium.uiautomator2.handler.request.SafeRequestHandler.handle(SafeRequestHandler.java:59)\n\tat io.appium.uiautomator2.server.AppiumServlet.handleRequest(AppiumServlet.java:259)\n\tat io.appium.uiautomator2.server.AppiumServlet.handleHttpRequest(AppiumServlet.java:253)\n\tat io.appium.uiautomator2.http.ServerHandler.channelRead(ServerHandler.java:77)\n\tat io.netty.channel.AbstractChannelHandlerContext.invokeChannelRead(AbstractChannelHandlerContext.java:374)\n\tat io.netty.channel.AbstractChannelHandlerContext.invokeChannelRead(AbstractChannelHandlerContext.java:360)\n\tat io.netty.channel.AbstractChannelHandlerContext.fireChannelRead(AbstractChannelHandlerContext.java:352)\n\tat io.netty.handler.codec.MessageToMessageDecoder.channelRead(MessageToMessageDecoder.java:102)\n\tat io.netty.channel.AbstractChannelHandlerContext.invokeChannelRead(AbstractChannelHandlerContext.java:374)\n\tat io.netty.channel.AbstractChannelHandlerContext.invokeChannelRead(AbstractChannelHandlerContext.java:360)\n\tat io.netty.channel.AbstractChannelHandlerContext.fireChannelRead(AbstractChannelHandlerContext.java:352)\n\tat io.netty.channel.CombinedChannelDuplexHandler$DelegatingChannelHandlerContext.fireChannelRead(CombinedChannelDuplexHandler.java:438)\n\tat io.netty.handler.codec.ByteToMessageDecoder.fireChannelRead(ByteToMessageDecoder.java:328)\n\tat io.netty.handler.codec.ByteToMessageDecoder.channelRead(ByteToMessageDecoder.java:302)\n\tat io.netty.channel.CombinedChannelDuplexHandler.channelRead(CombinedChannelDuplexHandler.java:253)\n\tat io.netty.channel.AbstractChannelHandlerContext.invokeChannelRead(AbstractChannelHandlerContext.java:374)\n\tat io.netty.channel.AbstractChannelHandlerContext.invokeChannelRead(AbstractChannelHandlerContext.java:360)\n\tat io.netty.channel.AbstractChannelHandlerContext.fireChannelRead(AbstractChannelHandlerContext.java:352)\n\tat io.netty.handler.timeout.IdleStateHandler.channelRead(IdleStateHandler.java:287)\n\tat io.netty.channel.AbstractChannelHandlerContext.invokeChannelRead(AbstractChannelHandlerContext.java:374)\n\tat io.netty.channel.AbstractChannelHandlerContext.invokeChannelRead(AbstractChannelHandlerContext.java:360)\n\tat io.netty.channel.AbstractChannelHandlerContext.fireChannelRead(AbstractChannelHandlerContext.java:352)\n\tat io.netty.channel.DefaultChannelPipeline$HeadContext.channelRead(DefaultChannelPipeline.java:1422)\n\tat io.netty.channel.AbstractChannelHandlerContext.invokeChannelRead(AbstractChannelHandlerContext.java:374)\n\tat io.netty.channel.AbstractChannelHandlerContext.invokeChannelRead(AbstractChannelHandlerContext.java:360)\n\tat io.netty.channel.DefaultChannelPipeline.fireChannelRead(DefaultChannelPipeline.java:931)\n\tat io.netty.channel.nio.AbstractNioByteChannel$NioByteUnsafe.read(AbstractNioByteChannel.java:163)\n\tat io.netty.channel.nio.NioEventLoop.processSelectedKey(NioEventLoop.java:700)\n\tat io.netty.channel.nio.NioEventLoop.processSelectedKeysOptimized(NioEventLoop.java:635)\n\tat io.netty.channel.nio.NioEventLoop.processSelectedKeys(NioEventLoop.java:552)\n\tat io.netty.channel.nio.NioEventLoop.run(NioEventLoop.java:514)\n\tat io.netty.util.concurrent.SingleThreadEventExecutor$6.run(SingleThreadEventExecutor.java:1044)\n\tat io.netty.util.internal.ThreadExecutorMap$2.run(ThreadExecutorMap.java:74)\n\tat io.netty.util.concurrent.FastThreadLocalRunnable.run(FastThreadLocalRunnable.java:30)\n\tat java.lang.Thread.run(Thread.java:1012)\n"}}
Thu Jul 30 09:08:45 UTC 2026 | ALL | 07-30 09:08:44.986  4162  4220 I appium  : channel read: POST /session/0ec58237-84ed-40bd-bf67-28bb2b70cae2/element
Thu Jul 30 09:08:45 UTC 2026 | ALL | 07-30 09:08:44.987  4162  4220 I appium  : FindElement command
Thu Jul 30 09:08:45 UTC 2026 | ALL | 07-30 09:08:44.987  4162  4220 I appium  : method: 'xpath', selector: '//*[contains(@text, 'Dashboard') or contains(@content-desc, 'Dashboard')]'
Thu Jul 30 09:08:45 UTC 2026 | ALL | 07-30 09:08:44.987  4162  4220 I appium  : Waiting up to 10000ms for the device to idle
Thu Jul 30 09:08:45 UTC 2026 | ALL | 07-30 09:08:44.988  4162  4220 I appium  : The following attributes will be included to the page source: [text, content-desc]
Thu Jul 30 09:08:45 UTC 2026 | ALL | 07-30 09:08:44.996  4162  4220 I appium  : Took 0ms to retrieve 0 matches for '//*[contains(@text, 'Dashboard') or contains(@content-desc, 'Dashboard')]' XPath2 query
Thu Jul 30 09:08:45 UTC 2026 | ALL | 07-30 09:08:44.997  4162  4220 I appium  : AppiumResponse: {"sessionId":"0ec58237-84ed-40bd-bf67-28bb2b70cae2","value":{"error":"no such element","message":"An element could not be located on the page using the given search parameters","stacktrace":"io.appium.uiautomator2.common.exceptions.ElementNotFoundException: An element could not be located on the page using the given search parameters\n\tat io.appium.uiautomator2.utils.ElementLocationHelpers.findElement(ElementLocationHelpers.java:156)\n\tat io.appium.uiautomator2.handler.FindElement.safeHandle(FindElement.java:60)\n\tat io.appium.uiautomator2.handler.request.SafeRequestHandler.handle(SafeRequestHandler.java:59)\n\tat io.appium.uiautomator2.server.AppiumServlet.handleRequest(AppiumServlet.java:259)\n\tat io.appium.uiautomator2.server.AppiumServlet.handleHttpRequest(AppiumServlet.java:253)\n\tat io.appium.uiautomator2.http.ServerHandler.channelRead(ServerHandler.java:77)\n\tat io.netty.channel.AbstractChannelHandlerContext.invokeChannelRead(AbstractChannelHandlerContext.java:374)\n\tat io.netty.channel.AbstractChannelHandlerContext.invokeChannelRead(AbstractChannelHandlerContext.java:360)\n\tat io.netty.channel.AbstractChannelHandlerContext.fireChannelRead(AbstractChannelHandlerContext.java:352)\n\tat io.netty.handler.codec.MessageToMessageDecoder.channelRead(MessageToMessageDecoder.java:102)\n\tat io.netty.channel.AbstractChannelHandlerContext.invokeChannelRead(AbstractChannelHandlerContext.java:374)\n\tat io.netty.channel.AbstractChannelHandlerContext.invokeChannelRead(AbstractChannelHandlerContext.java:360)\n\tat io.netty.channel.AbstractChannelHandlerContext.fireChannelRead(AbstractChannelHandlerContext.java:352)\n\tat io.netty.channel.CombinedChannelDuplexHandler$DelegatingChannelHandlerContext.fireChannelRead(CombinedChannelDuplexHandler.java:438)\n\tat io.netty.handler.codec.ByteToMessageDecoder.fireChannelRead(ByteToMessageDecoder.java:328)\n\tat io.netty.handler.codec.ByteToMessageDecoder.channelRead(ByteToMessageDecoder.java:302)\n\tat io.netty.channel.CombinedChannelDuplexHandler.channelRead(CombinedChannelDuplexHandler.java:253)\n\tat io.netty.channel.AbstractChannelHandlerContext.invokeChannelRead(AbstractChannelHandlerContext.java:374)\n\tat io.netty.channel.AbstractChannelHandlerContext.invokeChannelRead(AbstractChannelHandlerContext.java:360)\n\tat io.netty.channel.AbstractChannelHandlerContext.fireChannelRead(AbstractChannelHandlerContext.java:352)\n\tat io.netty.handler.timeout.IdleStateHandler.channelRead(IdleStateHandler.java:287)\n\tat io.netty.channel.AbstractChannelHandlerContext.invokeChannelRead(AbstractChannelHandlerContext.java:374)\n\tat io.netty.channel.AbstractChannelHandlerContext.invokeChannelRead(AbstractChannelHandlerContext.java:360)\n\tat io.netty.channel.AbstractChannelHandlerContext.fireChannelRead(AbstractChannelHandlerContext.java:352)\n\tat io.netty.channel.DefaultChannelPipeline$HeadContext.channelRead(DefaultChannelPipeline.java:1422)\n\tat io.netty.channel.AbstractChannelHandlerContext.invokeChannelRead(AbstractChannelHandlerContext.java:374)\n\tat io.netty.channel.AbstractChannelHandlerContext.invokeChannelRead(AbstractChannelHandlerContext.java:360)\n\tat io.netty.channel.DefaultChannelPipeline.fireChannelRead(DefaultChannelPipeline.java:931)\n\tat io.netty.channel.nio.AbstractNioByteChannel$NioByteUnsafe.read(AbstractNioByteChannel.java:163)\n\tat io.netty.channel.nio.NioEventLoop.processSelectedKey(NioEventLoop.java:700)\n\tat io.netty.channel.nio.NioEventLoop.processSelectedKeysOptimized(NioEventLoop.java:635)\n\tat io.netty.channel.nio.NioEventLoop.processSelectedKeys(NioEventLoop.java:552)\n\tat io.netty.channel.nio.NioEventLoop.run(NioEventLoop.java:514)\n\tat io.netty.util.concurrent.SingleThreadEventExecutor$6.run(SingleThreadEventExecutor.java:1044)\n\tat io.netty.util.internal.ThreadExecutorMap$2.run(ThreadExecutorMap.java:74)\n\tat io.netty.util.concurrent.FastThreadLocalRunnable.run(FastThreadLocalRunnable.java:30)\n\tat java.lang.Thread.run(Thread.java:1012)\n"}}
Thu Jul 30 09:08:46 UTC 2026 | ALL | 07-30 09:08:45.501  4162  4220 I appium  : channel read: POST /session/0ec58237-84ed-40bd-bf67-28bb2b70cae2/element
Thu Jul 30 09:08:46 UTC 2026 | ALL | 07-30 09:08:45.501  4162  4220 I appium  : FindElement command
Thu Jul 30 09:08:46 UTC 2026 | ALL | 07-30 09:08:45.502  4162  4220 I appium  : method: 'xpath', selector: '//*[contains(@text, 'Dashboard') or contains(@content-desc, 'Dashboard')]'
Thu Jul 30 09:08:46 UTC 2026 | ALL | 07-30 09:08:45.502  4162  4220 I appium  : Waiting up to 10000ms for the device to idle
Thu Jul 30 09:08:46 UTC 2026 | ALL | 07-30 09:08:45.503  4162  4220 I appium  : The following attributes will be included to the page source: [text, content-desc]
Thu Jul 30 09:08:46 UTC 2026 | ALL | 07-30 09:08:45.511  4162  4220 I appium  : Took 0ms to retrieve 0 matches for '//*[contains(@text, 'Dashboard') or contains(@content-desc, 'Dashboard')]' XPath2 query
Thu Jul 30 09:08:46 UTC 2026 | ALL | 07-30 09:08:45.512  4162  4220 I appium  : AppiumResponse: {"sessionId":"0ec58237-84ed-40bd-bf67-28bb2b70cae2","value":{"error":"no such element","message":"An element could not be located on the page using the given search parameters","stacktrace":"io.appium.uiautomator2.common.exceptions.ElementNotFoundException: An element could not be located on the page using the given search parameters\n\tat io.appium.uiautomator2.utils.ElementLocationHelpers.findElement(ElementLocationHelpers.java:156)\n\tat io.appium.uiautomator2.handler.FindElement.safeHandle(FindElement.java:60)\n\tat io.appium.uiautomator2.handler.request.SafeRequestHandler.handle(SafeRequestHandler.java:59)\n\tat io.appium.uiautomator2.server.AppiumServlet.handleRequest(AppiumServlet.java:259)\n\tat io.appium.uiautomator2.server.AppiumServlet.handleHttpRequest(AppiumServlet.java:253)\n\tat io.appium.uiautomator2.http.ServerHandler.channelRead(ServerHandler.java:77)\n\tat io.netty.channel.AbstractChannelHandlerContext.invokeChannelRead(AbstractChannelHandlerContext.java:374)\n\tat io.netty.channel.AbstractChannelHandlerContext.invokeChannelRead(AbstractChannelHandlerContext.java:360)\n\tat io.netty.channel.AbstractChannelHandlerContext.fireChannelRead(AbstractChannelHandlerContext.java:352)\n\tat io.netty.handler.codec.MessageToMessageDecoder.channelRead(MessageToMessageDecoder.java:102)\n\tat io.netty.channel.AbstractChannelHandlerContext.invokeChannelRead(AbstractChannelHandlerContext.java:374)\n\tat io.netty.channel.AbstractChannelHandlerContext.invokeChannelRead(AbstractChannelHandlerContext.java:360)\n\tat io.netty.channel.AbstractChannelHandlerContext.fireChannelRead(AbstractChannelHandlerContext.java:352)\n\tat io.netty.channel.CombinedChannelDuplexHandler$DelegatingChannelHandlerContext.fireChannelRead(CombinedChannelDuplexHandler.java:438)\n\tat io.netty.handler.codec.ByteToMessageDecoder.fireChannelRead(ByteToMessageDecoder.java:328)\n\tat io.netty.handler.codec.ByteToMessageDecoder.channelRead(ByteToMessageDecoder.java:302)\n\tat io.netty.channel.CombinedChannelDuplexHandler.channelRead(CombinedChannelDuplexHandler.java:253)\n\tat io.netty.channel.AbstractChannelHandlerContext.invokeChannelRead(AbstractChannelHandlerContext.java:374)\n\tat io.netty.channel.AbstractChannelHandlerContext.invokeChannelRead(AbstractChannelHandlerContext.java:360)\n\tat io.netty.channel.AbstractChannelHandlerContext.fireChannelRead(AbstractChannelHandlerContext.java:352)\n\tat io.netty.handler.timeout.IdleStateHandler.channelRead(IdleStateHandler.java:287)\n\tat io.netty.channel.AbstractChannelHandlerContext.invokeChannelRead(AbstractChannelHandlerContext.java:374)\n\tat io.netty.channel.AbstractChannelHandlerContext.invokeChannelRead(AbstractChannelHandlerContext.java:360)\n\tat io.netty.channel.AbstractChannelHandlerContext.fireChannelRead(AbstractChannelHandlerContext.java:352)\n\tat io.netty.channel.DefaultChannelPipeline$HeadContext.channelRead(DefaultChannelPipeline.java:1422)\n\tat io.netty.channel.AbstractChannelHandlerContext.invokeChannelRead(AbstractChannelHandlerContext.java:374)\n\tat io.netty.channel.AbstractChannelHandlerContext.invokeChannelRead(AbstractChannelHandlerContext.java:360)\n\tat io.netty.channel.DefaultChannelPipeline.fireChannelRead(DefaultChannelPipeline.java:931)\n\tat io.netty.channel.nio.AbstractNioByteChannel$NioByteUnsafe.read(AbstractNioByteChannel.java:163)\n\tat io.netty.channel.nio.NioEventLoop.processSelectedKey(NioEventLoop.java:700)\n\tat io.netty.channel.nio.NioEventLoop.processSelectedKeysOptimized(NioEventLoop.java:635)\n\tat io.netty.channel.nio.NioEventLoop.processSelectedKeys(NioEventLoop.java:552)\n\tat io.netty.channel.nio.NioEventLoop.run(NioEventLoop.java:514)\n\tat io.netty.util.concurrent.SingleThreadEventExecutor$6.run(SingleThreadEventExecutor.java:1044)\n\tat io.netty.util.internal.ThreadExecutorMap$2.run(ThreadExecutorMap.java:74)\n\tat io.netty.util.concurrent.FastThreadLocalRunnable.run(FastThreadLocalRunnable.java:30)\n\tat java.lang.Thread.run(Thread.java:1012)\n"}}
Thu Jul 30 09:08:46 UTC 2026 | ALL | 07-30 09:08:46.017  4162  4220 I appium  : channel read: POST /session/0ec58237-84ed-40bd-bf67-28bb2b70cae2/element
Thu Jul 30 09:08:46 UTC 2026 | ALL | 07-30 09:08:46.018  4162  4220 I appium  : FindElement command
Thu Jul 30 09:08:46 UTC 2026 | ALL | 07-30 09:08:46.018  4162  4220 I appium  : method: 'xpath', selector: '//*[contains(@text, 'Dashboard') or contains(@content-desc, 'Dashboard')]'
Thu Jul 30 09:08:46 UTC 2026 | ALL | 07-30 09:08:46.018  4162  4220 I appium  : Waiting up to 10000ms for the device to idle
Thu Jul 30 09:08:46 UTC 2026 | ALL | 07-30 09:08:46.019  4162  4220 I appium  : The following attributes will be included to the page source: [text, content-desc]
Thu Jul 30 09:08:46 UTC 2026 | ALL | 07-30 09:08:46.022  4162  4170 I tomator2.server: Method exceeds compiler instruction limit: 19264 in java_cup.runtime.Symbol org.eclipse.wst.xml.xpath2.processor.internal.CUP$XPathCup$actions.CUP$XPathCup$do_action(int, java_cup.runtime.lr_parser, java.util.Stack, int)
Thu Jul 30 09:08:46 UTC 2026 | ALL | 07-30 09:08:46.027  4162  4220 I appium  : Took 0ms to retrieve 0 matches for '//*[contains(@text, 'Dashboard') or contains(@content-desc, 'Dashboard')]' XPath2 query
Thu Jul 30 09:08:47 UTC 2026 | ALL | 07-30 09:08:46.028  4162  4220 I appium  : AppiumResponse: {"sessionId":"0ec58237-84ed-40bd-bf67-28bb2b70cae2","value":{"error":"no such element","message":"An element could not be located on the page using the given search parameters","stacktrace":"io.appium.uiautomator2.common.exceptions.ElementNotFoundException: An element could not be located on the page using the given search parameters\n\tat io.appium.uiautomator2.utils.ElementLocationHelpers.findElement(ElementLocationHelpers.java:156)\n\tat io.appium.uiautomator2.handler.FindElement.safeHandle(FindElement.java:60)\n\tat io.appium.uiautomator2.handler.request.SafeRequestHandler.handle(SafeRequestHandler.java:59)\n\tat io.appium.uiautomator2.server.AppiumServlet.handleRequest(AppiumServlet.java:259)\n\tat io.appium.uiautomator2.server.AppiumServlet.handleHttpRequest(AppiumServlet.java:253)\n\tat io.appium.uiautomator2.http.ServerHandler.channelRead(ServerHandler.java:77)\n\tat io.netty.channel.AbstractChannelHandlerContext.invokeChannelRead(AbstractChannelHandlerContext.java:374)\n\tat io.netty.channel.AbstractChannelHandlerContext.invokeChannelRead(AbstractChannelHandlerContext.java:360)\n\tat io.netty.channel.AbstractChannelHandlerContext.fireChannelRead(AbstractChannelHandlerContext.java:352)\n\tat io.netty.handler.codec.MessageToMessageDecoder.channelRead(MessageToMessageDecoder.java:102)\n\tat io.netty.channel.AbstractChannelHandlerContext.invokeChannelRead(AbstractChannelHandlerContext.java:374)\n\tat io.netty.channel.AbstractChannelHandlerContext.invokeChannelRead(AbstractChannelHandlerContext.java:360)\n\tat io.netty.channel.AbstractChannelHandlerContext.fireChannelRead(AbstractChannelHandlerContext.java:352)\n\tat io.netty.channel.CombinedChannelDuplexHandler$DelegatingChannelHandlerContext.fireChannelRead(CombinedChannelDuplexHandler.java:438)\n\tat io.netty.handler.codec.ByteToMessageDecoder.fireChannelRead(ByteToMessageDecoder.java:328)\n\tat io.netty.handler.codec.ByteToMessageDecoder.channelRead(ByteToMessageDecoder.java:302)\n\tat io.netty.channel.CombinedChannelDuplexHandler.channelRead(CombinedChannelDuplexHandler.java:253)\n\tat io.netty.channel.AbstractChannelHandlerContext.invokeChannelRead(AbstractChannelHandlerContext.java:374)\n\tat io.netty.channel.AbstractChannelHandlerContext.invokeChannelRead(AbstractChannelHandlerContext.java:360)\n\tat io.netty.channel.AbstractChannelHandlerContext.fireChannelRead(AbstractChannelHandlerContext.java:352)\n\tat io.netty.handler.timeout.IdleStateHandler.channelRead(IdleStateHandler.java:287)\n\tat io.netty.channel.AbstractChannelHandlerContext.invokeChannelRead(AbstractChannelHandlerContext.java:374)\n\tat io.netty.channel.AbstractChannelHandlerContext.invokeChannelRead(AbstractChannelHandlerContext.java:360)\n\tat io.netty.channel.AbstractChannelHandlerContext.fireChannelRead(AbstractChannelHandlerContext.java:352)\n\tat io.netty.channel.DefaultChannelPipeline$HeadContext.channelRead(DefaultChannelPipeline.java:1422)\n\tat io.netty.channel.AbstractChannelHandlerContext.invokeChannelRead(AbstractChannelHandlerContext.java:374)\n\tat io.netty.channel.AbstractChannelHandlerContext.invokeChannelRead(AbstractChannelHandlerContext.java:360)\n\tat io.netty.channel.DefaultChannelPipeline.fireChannelRead(DefaultChannelPipeline.java:931)\n\tat io.netty.channel.nio.AbstractNioByteChannel$NioByteUnsafe.read(AbstractNioByteChannel.java:163)\n\tat io.netty.channel.nio.NioEventLoop.processSelectedKey(NioEventLoop.java:700)\n\tat io.netty.channel.nio.NioEventLoop.processSelectedKeysOptimized(NioEventLoop.java:635)\n\tat io.netty.channel.nio.NioEventLoop.processSelectedKeys(NioEventLoop.java:552)\n\tat io.netty.channel.nio.NioEventLoop.run(NioEventLoop.java:514)\n\tat io.netty.util.concurrent.SingleThreadEventExecutor$6.run(SingleThreadEventExecutor.java:1044)\n\tat io.netty.util.internal.ThreadExecutorMap$2.run(ThreadExecutorMap.java:74)\n\tat io.netty.util.concurrent.FastThreadLocalRunnable.run(FastThreadLocalRunnable.java:30)\n\tat java.lang.Thread.run(Thread.java:1012)\n"}}
Thu Jul 30 09:08:47 UTC 2026 | ALL | 07-30 09:08:46.533  4162  4220 I appium  : channel read: POST /session/0ec58237-84ed-40bd-bf67-28bb2b70cae2/element
Thu Jul 30 09:08:47 UTC 2026 | ALL | 07-30 09:08:46.533  4162  4220 I appium  : FindElement command
Thu Jul 30 09:08:47 UTC 2026 | ALL | 07-30 09:08:46.533  4162  4220 I appium  : method: 'xpath', selector: '//*[contains(@text, 'Dashboard') or contains(@content-desc, 'Dashboard')]'
Thu Jul 30 09:08:47 UTC 2026 | ALL | 07-30 09:08:46.533  4162  4220 I appium  : Waiting up to 10000ms for the device to idle
Thu Jul 30 09:08:47 UTC 2026 | ALL | 07-30 09:08:46.535  4162  4220 I appium  : The following attributes will be included to the page source: [text, content-desc]
Thu Jul 30 09:08:47 UTC 2026 | ALL | 07-30 09:08:46.543  4162  4220 I appium  : Took 0ms to retrieve 0 matches for '//*[contains(@text, 'Dashboard') or contains(@content-desc, 'Dashboard')]' XPath2 query
Thu Jul 30 09:08:47 UTC 2026 | ALL | 07-30 09:08:46.544  4162  4220 I appium  : AppiumResponse: {"sessionId":"0ec58237-84ed-40bd-bf67-28bb2b70cae2","value":{"error":"no such element","message":"An element could not be located on the page using the given search parameters","stacktrace":"io.appium.uiautomator2.common.exceptions.ElementNotFoundException: An element could not be located on the page using the given search parameters\n\tat io.appium.uiautomator2.utils.ElementLocationHelpers.findElement(ElementLocationHelpers.java:156)\n\tat io.appium.uiautomator2.handler.FindElement.safeHandle(FindElement.java:60)\n\tat io.appium.uiautomator2.handler.request.SafeRequestHandler.handle(SafeRequestHandler.java:59)\n\tat io.appium.uiautomator2.server.AppiumServlet.handleRequest(AppiumServlet.java:259)\n\tat io.appium.uiautomator2.server.AppiumServlet.handleHttpRequest(AppiumServlet.java:253)\n\tat io.appium.uiautomator2.http.ServerHandler.channelRead(ServerHandler.java:77)\n\tat io.netty.channel.AbstractChannelHandlerContext.invokeChannelRead(AbstractChannelHandlerContext.java:374)\n\tat io.netty.channel.AbstractChannelHandlerContext.invokeChannelRead(AbstractChannelHandlerContext.java:360)\n\tat io.netty.channel.AbstractChannelHandlerContext.fireChannelRead(AbstractChannelHandlerContext.java:352)\n\tat io.netty.handler.codec.MessageToMessageDecoder.channelRead(MessageToMessageDecoder.java:102)\n\tat io.netty.channel.AbstractChannelHandlerContext.invokeChannelRead(AbstractChannelHandlerContext.java:374)\n\tat io.netty.channel.AbstractChannelHandlerContext.invokeChannelRead(AbstractChannelHandlerContext.java:360)\n\tat io.netty.channel.AbstractChannelHandlerContext.fireChannelRead(AbstractChannelHandlerContext.java:352)\n\tat io.netty.channel.CombinedChannelDuplexHandler$DelegatingChannelHandlerContext.fireChannelRead(CombinedChannelDuplexHandler.java:438)\n\tat io.netty.handler.codec.ByteToMessageDecoder.fireChannelRead(ByteToMessageDecoder.java:328)\n\tat io.netty.handler.codec.ByteToMessageDecoder.channelRead(ByteToMessageDecoder.java:302)\n\tat io.netty.channel.CombinedChannelDuplexHandler.channelRead(CombinedChannelDuplexHandler.java:253)\n\tat io.netty.channel.AbstractChannelHandlerContext.invokeChannelRead(AbstractChannelHandlerContext.java:374)\n\tat io.netty.channel.AbstractChannelHandlerContext.invokeChannelRead(AbstractChannelHandlerContext.java:360)\n\tat io.netty.channel.AbstractChannelHandlerContext.fireChannelRead(AbstractChannelHandlerContext.java:352)\n\tat io.netty.handler.timeout.IdleStateHandler.channelRead(IdleStateHandler.java:287)\n\tat io.netty.channel.AbstractChannelHandlerContext.invokeChannelRead(AbstractChannelHandlerContext.java:374)\n\tat io.netty.channel.AbstractChannelHandlerContext.invokeChannelRead(AbstractChannelHandlerContext.java:360)\n\tat io.netty.channel.AbstractChannelHandlerContext.fireChannelRead(AbstractChannelHandlerContext.java:352)\n\tat io.netty.channel.DefaultChannelPipeline$HeadContext.channelRead(DefaultChannelPipeline.java:1422)\n\tat io.netty.channel.AbstractChannelHandlerContext.invokeChannelRead(AbstractChannelHandlerContext.java:374)\n\tat io.netty.channel.AbstractChannelHandlerContext.invokeChannelRead(AbstractChannelHandlerContext.java:360)\n\tat io.netty.channel.DefaultChannelPipeline.fireChannelRead(DefaultChannelPipeline.java:931)\n\tat io.netty.channel.nio.AbstractNioByteChannel$NioByteUnsafe.read(AbstractNioByteChannel.java:163)\n\tat io.netty.channel.nio.NioEventLoop.processSelectedKey(NioEventLoop.java:700)\n\tat io.netty.channel.nio.NioEventLoop.processSelectedKeysOptimized(NioEventLoop.java:635)\n\tat io.netty.channel.nio.NioEventLoop.processSelectedKeys(NioEventLoop.java:552)\n\tat io.netty.channel.nio.NioEventLoop.run(NioEventLoop.java:514)\n\tat io.netty.util.concurrent.SingleThreadEventExecutor$6.run(SingleThreadEventExecutor.java:1044)\n\tat io.netty.util.internal.ThreadExecutorMap$2.run(ThreadExecutorMap.java:74)\n\tat io.netty.util.concurrent.FastThreadLocalRunnable.run(FastThreadLocalRunnable.java:30)\n\tat java.lang.Thread.run(Thread.java:1012)\n"}}
Thu Jul 30 09:08:48 UTC 2026 | ALL | 07-30 09:08:47.048  4162  4220 I appium  : channel read: POST /session/0ec58237-84ed-40bd-bf67-28bb2b70cae2/element
Thu Jul 30 09:08:48 UTC 2026 | ALL | 07-30 09:08:47.049  4162  4220 I appium  : FindElement command
Thu Jul 30 09:08:48 UTC 2026 | ALL | 07-30 09:08:47.049  4162  4220 I appium  : method: 'xpath', selector: '//*[contains(@text, 'Dashboard') or contains(@content-desc, 'Dashboard')]'
Thu Jul 30 09:08:48 UTC 2026 | ALL | 07-30 09:08:47.050  4162  4220 I appium  : Waiting up to 10000ms for the device to idle
Thu Jul 30 09:08:48 UTC 2026 | ALL | 07-30 09:08:47.051  4162  4220 I appium  : The following attributes will be included to the page source: [text, content-desc]
Thu Jul 30 09:08:48 UTC 2026 | ALL | 07-30 09:08:47.057  4162  4170 I tomator2.server: Method exceeds compiler instruction limit: 19264 in java_cup.runtime.Symbol org.eclipse.wst.xml.xpath2.processor.internal.CUP$XPathCup$actions.CUP$XPathCup$do_action(int, java_cup.runtime.lr_parser, java.util.Stack, int)
Thu Jul 30 09:08:48 UTC 2026 | ALL | 07-30 09:08:47.066  4162  4220 I appium  : Took 0ms to retrieve 0 matches for '//*[contains(@text, 'Dashboard') or contains(@content-desc, 'Dashboard')]' XPath2 query
Thu Jul 30 09:08:48 UTC 2026 | ALL | 07-30 09:08:47.067  4162  4220 I appium  : AppiumResponse: {"sessionId":"0ec58237-84ed-40bd-bf67-28bb2b70cae2","value":{"error":"no such element","message":"An element could not be located on the page using the given search parameters","stacktrace":"io.appium.uiautomator2.common.exceptions.ElementNotFoundException: An element could not be located on the page using the given search parameters\n\tat io.appium.uiautomator2.utils.ElementLocationHelpers.findElement(ElementLocationHelpers.java:156)\n\tat io.appium.uiautomator2.handler.FindElement.safeHandle(FindElement.java:60)\n\tat io.appium.uiautomator2.handler.request.SafeRequestHandler.handle(SafeRequestHandler.java:59)\n\tat io.appium.uiautomator2.server.AppiumServlet.handleRequest(AppiumServlet.java:259)\n\tat io.appium.uiautomator2.server.AppiumServlet.handleHttpRequest(AppiumServlet.java:253)\n\tat io.appium.uiautomator2.http.ServerHandler.channelRead(ServerHandler.java:77)\n\tat io.netty.channel.AbstractChannelHandlerContext.invokeChannelRead(AbstractChannelHandlerContext.java:374)\n\tat io.netty.channel.AbstractChannelHandlerContext.invokeChannelRead(AbstractChannelHandlerContext.java:360)\n\tat io.netty.channel.AbstractChannelHandlerContext.fireChannelRead(AbstractChannelHandlerContext.java:352)\n\tat io.netty.handler.codec.MessageToMessageDecoder.channelRead(MessageToMessageDecoder.java:102)\n\tat io.netty.channel.AbstractChannelHandlerContext.invokeChannelRead(AbstractChannelHandlerContext.java:374)\n\tat io.netty.channel.AbstractChannelHandlerContext.invokeChannelRead(AbstractChannelHandlerContext.java:360)\n\tat io.netty.channel.AbstractChannelHandlerContext.fireChannelRead(AbstractChannelHandlerContext.java:352)\n\tat io.netty.channel.CombinedChannelDuplexHandler$DelegatingChannelHandlerContext.fireChannelRead(CombinedChannelDuplexHandler.java:438)\n\tat io.netty.handler.codec.ByteToMessageDecoder.fireChannelRead(ByteToMessageDecoder.java:328)\n\tat io.netty.handler.codec.ByteToMessageDecoder.channelRead(ByteToMessageDecoder.java:302)\n\tat io.netty.channel.CombinedChannelDuplexHandler.channelRead(CombinedChannelDuplexHandler.java:253)\n\tat io.netty.channel.AbstractChannelHandlerContext.invokeChannelRead(AbstractChannelHandlerContext.java:374)\n\tat io.netty.channel.AbstractChannelHandlerContext.invokeChannelRead(AbstractChannelHandlerContext.java:360)\n\tat io.netty.channel.AbstractChannelHandlerContext.fireChannelRead(AbstractChannelHandlerContext.java:352)\n\tat io.netty.handler.timeout.IdleStateHandler.channelRead(IdleStateHandler.java:287)\n\tat io.netty.channel.AbstractChannelHandlerContext.invokeChannelRead(AbstractChannelHandlerContext.java:374)\n\tat io.netty.channel.AbstractChannelHandlerContext.invokeChannelRead(AbstractChannelHandlerContext.java:360)\n\tat io.netty.channel.AbstractChannelHandlerContext.fireChannelRead(AbstractChannelHandlerContext.java:352)\n\tat io.netty.channel.DefaultChannelPipeline$HeadContext.channelRead(DefaultChannelPipeline.java:1422)\n\tat io.netty.channel.AbstractChannelHandlerContext.invokeChannelRead(AbstractChannelHandlerContext.java:374)\n\tat io.netty.channel.AbstractChannelHandlerContext.invokeChannelRead(AbstractChannelHandlerContext.java:360)\n\tat io.netty.channel.DefaultChannelPipeline.fireChannelRead(DefaultChannelPipeline.java:931)\n\tat io.netty.channel.nio.AbstractNioByteChannel$NioByteUnsafe.read(AbstractNioByteChannel.java:163)\n\tat io.netty.channel.nio.NioEventLoop.processSelectedKey(NioEventLoop.java:700)\n\tat io.netty.channel.nio.NioEventLoop.processSelectedKeysOptimized(NioEventLoop.java:635)\n\tat io.netty.channel.nio.NioEventLoop.processSelectedKeys(NioEventLoop.java:552)\n\tat io.netty.channel.nio.NioEventLoop.run(NioEventLoop.java:514)\n\tat io.netty.util.concurrent.SingleThreadEventExecutor$6.run(SingleThreadEventExecutor.java:1044)\n\tat io.netty.util.internal.ThreadExecutorMap$2.run(ThreadExecutorMap.java:74)\n\tat io.netty.util.concurrent.FastThreadLocalRunnable.run(FastThreadLocalRunnable.java:30)\n\tat java.lang.Thread.run(Thread.java:1012)\n"}}
Thu Jul 30 09:08:48 UTC 2026 | ALL | 07-30 09:08:47.216  1817  1817 I wpa_supplicant: wlan0: CTRL-EVENT-BEACON-LOSS 
Thu Jul 30 09:08:48 UTC 2026 | ALL | 07-30 09:08:47.572  4162  4220 I appium  : channel read: POST /session/0ec58237-84ed-40bd-bf67-28bb2b70cae2/element
Thu Jul 30 09:08:48 UTC 2026 | ALL | 07-30 09:08:47.573  4162  4220 I appium  : FindElement command
Thu Jul 30 09:08:48 UTC 2026 | ALL | 07-30 09:08:47.574  4162  4220 I appium  : method: 'xpath', selector: '//*[contains(@text, 'Dashboard') or contains(@content-desc, 'Dashboard')]'
Thu Jul 30 09:08:48 UTC 2026 | ALL | 07-30 09:08:47.574  4162  4220 I appium  : Waiting up to 10000ms for the device to idle
Thu Jul 30 09:08:48 UTC 2026 | ALL | 07-30 09:08:47.575  4162  4220 I appium  : The following attributes will be included to the page source: [text, content-desc]
Thu Jul 30 09:08:48 UTC 2026 | ALL | 07-30 09:08:47.590  4162  4220 I appium  : Took 0ms to retrieve 0 matches for '//*[contains(@text, 'Dashboard') or contains(@content-desc, 'Dashboard')]' XPath2 query
Thu Jul 30 09:08:48 UTC 2026 | ALL | 07-30 09:08:47.591  4162  4220 I appium  : AppiumResponse: {"sessionId":"0ec58237-84ed-40bd-bf67-28bb2b70cae2","value":{"error":"no such element","message":"An element could not be located on the page using the given search parameters","stacktrace":"io.appium.uiautomator2.common.exceptions.ElementNotFoundException: An element could not be located on the page using the given search parameters\n\tat io.appium.uiautomator2.utils.ElementLocationHelpers.findElement(ElementLocationHelpers.java:156)\n\tat io.appium.uiautomator2.handler.FindElement.safeHandle(FindElement.java:60)\n\tat io.appium.uiautomator2.handler.request.SafeRequestHandler.handle(SafeRequestHandler.java:59)\n\tat io.appium.uiautomator2.server.AppiumServlet.handleRequest(AppiumServlet.java:259)\n\tat io.appium.uiautomator2.server.AppiumServlet.handleHttpRequest(AppiumServlet.java:253)\n\tat io.appium.uiautomator2.http.ServerHandler.channelRead(ServerHandler.java:77)\n\tat io.netty.channel.AbstractChannelHandlerContext.invokeChannelRead(AbstractChannelHandlerContext.java:374)\n\tat io.netty.channel.AbstractChannelHandlerContext.invokeChannelRead(AbstractChannelHandlerContext.java:360)\n\tat io.netty.channel.AbstractChannelHandlerContext.fireChannelRead(AbstractChannelHandlerContext.java:352)\n\tat io.netty.handler.codec.MessageToMessageDecoder.channelRead(MessageToMessageDecoder.java:102)\n\tat io.netty.channel.AbstractChannelHandlerContext.invokeChannelRead(AbstractChannelHandlerContext.java:374)\n\tat io.netty.channel.AbstractChannelHandlerContext.invokeChannelRead(AbstractChannelHandlerContext.java:360)\n\tat io.netty.channel.AbstractChannelHandlerContext.fireChannelRead(AbstractChannelHandlerContext.java:352)\n\tat io.netty.channel.CombinedChannelDuplexHandler$DelegatingChannelHandlerContext.fireChannelRead(CombinedChannelDuplexHandler.java:438)\n\tat io.netty.handler.codec.ByteToMessageDecoder.fireChannelRead(ByteToMessageDecoder.java:328)\n\tat io.netty.handler.codec.ByteToMessageDecoder.channelRead(ByteToMessageDecoder.java:302)\n\tat io.netty.channel.CombinedChannelDuplexHandler.channelRead(CombinedChannelDuplexHandler.java:253)\n\tat io.netty.channel.AbstractChannelHandlerContext.invokeChannelRead(AbstractChannelHandlerContext.java:374)\n\tat io.netty.channel.AbstractChannelHandlerContext.invokeChannelRead(AbstractChannelHandlerContext.java:360)\n\tat io.netty.channel.AbstractChannelHandlerContext.fireChannelRead(AbstractChannelHandlerContext.java:352)\n\tat io.netty.handler.timeout.IdleStateHandler.channelRead(IdleStateHandler.java:287)\n\tat io.netty.channel.AbstractChannelHandlerContext.invokeChannelRead(AbstractChannelHandlerContext.java:374)\n\tat io.netty.channel.AbstractChannelHandlerContext.invokeChannelRead(AbstractChannelHandlerContext.java:360)\n\tat io.netty.channel.AbstractChannelHandlerContext.fireChannelRead(AbstractChannelHandlerContext.java:352)\n\tat io.netty.channel.DefaultChannelPipeline$HeadContext.channelRead(DefaultChannelPipeline.java:1422)\n\tat io.netty.channel.AbstractChannelHandlerContext.invokeChannelRead(AbstractChannelHandlerContext.java:374)\n\tat io.netty.channel.AbstractChannelHandlerContext.invokeChannelRead(AbstractChannelHandlerContext.java:360)\n\tat io.netty.channel.DefaultChannelPipeline.fireChannelRead(DefaultChannelPipeline.java:931)\n\tat io.netty.channel.nio.AbstractNioByteChannel$NioByteUnsafe.read(AbstractNioByteChannel.java:163)\n\tat io.netty.channel.nio.NioEventLoop.processSelectedKey(NioEventLoop.java:700)\n\tat io.netty.channel.nio.NioEventLoop.processSelectedKeysOptimized(NioEventLoop.java:635)\n\tat io.netty.channel.nio.NioEventLoop.processSelectedKeys(NioEventLoop.java:552)\n\tat io.netty.channel.nio.NioEventLoop.run(NioEventLoop.java:514)\n\tat io.netty.util.concurrent.SingleThreadEventExecutor$6.run(SingleThreadEventExecutor.java:1044)\n\tat io.netty.util.internal.ThreadExecutorMap$2.run(ThreadExecutorMap.java:74)\n\tat io.netty.util.concurrent.FastThreadLocalRunnable.run(FastThreadLocalRunnable.java:30)\n\tat java.lang.Thread.run(Thread.java:1012)\n"}}
Thu Jul 30 09:08:49 UTC 2026 | ALL | 07-30 09:08:48.096  4162  4220 I appium  : channel read: POST /session/0ec58237-84ed-40bd-bf67-28bb2b70cae2/element
Thu Jul 30 09:08:49 UTC 2026 | ALL | 07-30 09:08:48.096  4162  4220 I appium  : FindElement command
Thu Jul 30 09:08:49 UTC 2026 | ALL | 07-30 09:08:48.097  4162  4220 I appium  : method: 'xpath', selector: '//*[contains(@text, 'Dashboard') or contains(@content-desc, 'Dashboard')]'
Thu Jul 30 09:08:49 UTC 2026 | ALL | 07-30 09:08:48.097  4162  4220 I appium  : Waiting up to 10000ms for the device to idle
Thu Jul 30 09:08:49 UTC 2026 | ALL | 07-30 09:08:48.098  4162  4220 I appium  : The following attributes will be included to the page source: [text, content-desc]
Thu Jul 30 09:08:49 UTC 2026 | ALL | 07-30 09:08:48.109  4162  4220 I appium  : Took 0ms to retrieve 0 matches for '//*[contains(@text, 'Dashboard') or contains(@content-desc, 'Dashboard')]' XPath2 query
Thu Jul 30 09:08:49 UTC 2026 | ALL | 07-30 09:08:48.110  4162  4220 I appium  : AppiumResponse: {"sessionId":"0ec58237-84ed-40bd-bf67-28bb2b70cae2","value":{"error":"no such element","message":"An element could not be located on the page using the given search parameters","stacktrace":"io.appium.uiautomator2.common.exceptions.ElementNotFoundException: An element could not be located on the page using the given search parameters\n\tat io.appium.uiautomator2.utils.ElementLocationHelpers.findElement(ElementLocationHelpers.java:156)\n\tat io.appium.uiautomator2.handler.FindElement.safeHandle(FindElement.java:60)\n\tat io.appium.uiautomator2.handler.request.SafeRequestHandler.handle(SafeRequestHandler.java:59)\n\tat io.appium.uiautomator2.server.AppiumServlet.handleRequest(AppiumServlet.java:259)\n\tat io.appium.uiautomator2.server.AppiumServlet.handleHttpRequest(AppiumServlet.java:253)\n\tat io.appium.uiautomator2.http.ServerHandler.channelRead(ServerHandler.java:77)\n\tat io.netty.channel.AbstractChannelHandlerContext.invokeChannelRead(AbstractChannelHandlerContext.java:374)\n\tat io.netty.channel.AbstractChannelHandlerContext.invokeChannelRead(AbstractChannelHandlerContext.java:360)\n\tat io.netty.channel.AbstractChannelHandlerContext.fireChannelRead(AbstractChannelHandlerContext.java:352)\n\tat io.netty.handler.codec.MessageToMessageDecoder.channelRead(MessageToMessageDecoder.java:102)\n\tat io.netty.channel.AbstractChannelHandlerContext.invokeChannelRead(AbstractChannelHandlerContext.java:374)\n\tat io.netty.channel.AbstractChannelHandlerContext.invokeChannelRead(AbstractChannelHandlerContext.java:360)\n\tat io.netty.channel.AbstractChannelHandlerContext.fireChannelRead(AbstractChannelHandlerContext.java:352)\n\tat io.netty.channel.CombinedChannelDuplexHandler$DelegatingChannelHandlerContext.fireChannelRead(CombinedChannelDuplexHandler.java:438)\n\tat io.netty.handler.codec.ByteToMessageDecoder.fireChannelRead(ByteToMessageDecoder.java:328)\n\tat io.netty.handler.codec.ByteToMessageDecoder.channelRead(ByteToMessageDecoder.java:302)\n\tat io.netty.channel.CombinedChannelDuplexHandler.channelRead(CombinedChannelDuplexHandler.java:253)\n\tat io.netty.channel.AbstractChannelHandlerContext.invokeChannelRead(AbstractChannelHandlerContext.java:374)\n\tat io.netty.channel.AbstractChannelHandlerContext.invokeChannelRead(AbstractChannelHandlerContext.java:360)\n\tat io.netty.channel.AbstractChannelHandlerContext.fireChannelRead(AbstractChannelHandlerContext.java:352)\n\tat io.netty.handler.timeout.IdleStateHandler.channelRead(IdleStateHandler.java:287)\n\tat io.netty.channel.AbstractChannelHandlerContext.invokeChannelRead(AbstractChannelHandlerContext.java:374)\n\tat io.netty.channel.AbstractChannelHandlerContext.invokeChannelRead(AbstractChannelHandlerContext.java:360)\n\tat io.netty.channel.AbstractChannelHandlerContext.fireChannelRead(AbstractChannelHandlerContext.java:352)\n\tat io.netty.channel.DefaultChannelPipeline$HeadContext.channelRead(DefaultChannelPipeline.java:1422)\n\tat io.netty.channel.AbstractChannelHandlerContext.invokeChannelRead(AbstractChannelHandlerContext.java:374)\n\tat io.netty.channel.AbstractChannelHandlerContext.invokeChannelRead(AbstractChannelHandlerContext.java:360)\n\tat io.netty.channel.DefaultChannelPipeline.fireChannelRead(DefaultChannelPipeline.java:931)\n\tat io.netty.channel.nio.AbstractNioByteChannel$NioByteUnsafe.read(AbstractNioByteChannel.java:163)\n\tat io.netty.channel.nio.NioEventLoop.processSelectedKey(NioEventLoop.java:700)\n\tat io.netty.channel.nio.NioEventLoop.processSelectedKeysOptimized(NioEventLoop.java:635)\n\tat io.netty.channel.nio.NioEventLoop.processSelectedKeys(NioEventLoop.java:552)\n\tat io.netty.channel.nio.NioEventLoop.run(NioEventLoop.java:514)\n\tat io.netty.util.concurrent.SingleThreadEventExecutor$6.run(SingleThreadEventExecutor.java:1044)\n\tat io.netty.util.internal.ThreadExecutorMap$2.run(ThreadExecutorMap.java:74)\n\tat io.netty.util.concurrent.FastThreadLocalRunnable.run(FastThreadLocalRunnable.java:30)\n\tat java.lang.Thread.run(Thread.java:1012)\n"}}
Thu Jul 30 09:08:49 UTC 2026 | ALL | 07-30 09:08:48.614  4162  4220 I appium  : channel read: POST /session/0ec58237-84ed-40bd-bf67-28bb2b70cae2/element
Thu Jul 30 09:08:49 UTC 2026 | ALL | 07-30 09:08:48.614  4162  4220 I appium  : FindElement command
Thu Jul 30 09:08:49 UTC 2026 | ALL | 07-30 09:08:48.614  4162  4220 I appium  : method: 'xpath', selector: '//*[contains(@text, 'Dashboard') or contains(@content-desc, 'Dashboard')]'
Thu Jul 30 09:08:49 UTC 2026 | ALL | 07-30 09:08:48.615  4162  4220 I appium  : Waiting up to 10000ms for the device to idle
Thu Jul 30 09:08:49 UTC 2026 | ALL | 07-30 09:08:48.616  4162  4220 I appium  : The following attributes will be included to the page source: [text, content-desc]
Thu Jul 30 09:08:49 UTC 2026 | ALL | 07-30 09:08:48.618  4162  4170 I tomator2.server: Method exceeds compiler instruction limit: 19264 in java_cup.runtime.Symbol org.eclipse.wst.xml.xpath2.processor.internal.CUP$XPathCup$actions.CUP$XPathCup$do_action(int, java_cup.runtime.lr_parser, java.util.Stack, int)
Thu Jul 30 09:08:49 UTC 2026 | ALL | 07-30 09:08:48.627  4162  4220 I appium  : Took 0ms to retrieve 0 matches for '//*[contains(@text, 'Dashboard') or contains(@content-desc, 'Dashboard')]' XPath2 query
Thu Jul 30 09:08:49 UTC 2026 | ALL | 07-30 09:08:48.628  4162  4220 I appium  : AppiumResponse: {"sessionId":"0ec58237-84ed-40bd-bf67-28bb2b70cae2","value":{"error":"no such element","message":"An element could not be located on the page using the given search parameters","stacktrace":"io.appium.uiautomator2.common.exceptions.ElementNotFoundException: An element could not be located on the page using the given search parameters\n\tat io.appium.uiautomator2.utils.ElementLocationHelpers.findElement(ElementLocationHelpers.java:156)\n\tat io.appium.uiautomator2.handler.FindElement.safeHandle(FindElement.java:60)\n\tat io.appium.uiautomator2.handler.request.SafeRequestHandler.handle(SafeRequestHandler.java:59)\n\tat io.appium.uiautomator2.server.AppiumServlet.handleRequest(AppiumServlet.java:259)\n\tat io.appium.uiautomator2.server.AppiumServlet.handleHttpRequest(AppiumServlet.java:253)\n\tat io.appium.uiautomator2.http.ServerHandler.channelRead(ServerHandler.java:77)\n\tat io.netty.channel.AbstractChannelHandlerContext.invokeChannelRead(AbstractChannelHandlerContext.java:374)\n\tat io.netty.channel.AbstractChannelHandlerContext.invokeChannelRead(AbstractChannelHandlerContext.java:360)\n\tat io.netty.channel.AbstractChannelHandlerContext.fireChannelRead(AbstractChannelHandlerContext.java:352)\n\tat io.netty.handler.codec.MessageToMessageDecoder.channelRead(MessageToMessageDecoder.java:102)\n\tat io.netty.channel.AbstractChannelHandlerContext.invokeChannelRead(AbstractChannelHandlerContext.java:374)\n\tat io.netty.channel.AbstractChannelHandlerContext.invokeChannelRead(AbstractChannelHandlerContext.java:360)\n\tat io.netty.channel.AbstractChannelHandlerContext.fireChannelRead(AbstractChannelHandlerContext.java:352)\n\tat io.netty.channel.CombinedChannelDuplexHandler$DelegatingChannelHandlerContext.fireChannelRead(CombinedChannelDuplexHandler.java:438)\n\tat io.netty.handler.codec.ByteToMessageDecoder.fireChannelRead(ByteToMessageDecoder.java:328)\n\tat io.netty.handler.codec.ByteToMessageDecoder.channelRead(ByteToMessageDecoder.java:302)\n\tat io.netty.channel.CombinedChannelDuplexHandler.channelRead(CombinedChannelDuplexHandler.java:253)\n\tat io.netty.channel.AbstractChannelHandlerContext.invokeChannelRead(AbstractChannelHandlerContext.java:374)\n\tat io.netty.channel.AbstractChannelHandlerContext.invokeChannelRead(AbstractChannelHandlerContext.java:360)\n\tat io.netty.channel.AbstractChannelHandlerContext.fireChannelRead(AbstractChannelHandlerContext.java:352)\n\tat io.netty.handler.timeout.IdleStateHandler.channelRead(IdleStateHandler.java:287)\n\tat io.netty.channel.AbstractChannelHandlerContext.invokeChannelRead(AbstractChannelHandlerContext.java:374)\n\tat io.netty.channel.AbstractChannelHandlerContext.invokeChannelRead(AbstractChannelHandlerContext.java:360)\n\tat io.netty.channel.AbstractChannelHandlerContext.fireChannelRead(AbstractChannelHandlerContext.java:352)\n\tat io.netty.channel.DefaultChannelPipeline$HeadContext.channelRead(DefaultChannelPipeline.java:1422)\n\tat io.netty.channel.AbstractChannelHandlerContext.invokeChannelRead(AbstractChannelHandlerContext.java:374)\n\tat io.netty.channel.AbstractChannelHandlerContext.invokeChannelRead(AbstractChannelHandlerContext.java:360)\n\tat io.netty.channel.DefaultChannelPipeline.fireChannelRead(DefaultChannelPipeline.java:931)\n\tat io.netty.channel.nio.AbstractNioByteChannel$NioByteUnsafe.read(AbstractNioByteChannel.java:163)\n\tat io.netty.channel.nio.NioEventLoop.processSelectedKey(NioEventLoop.java:700)\n\tat io.netty.channel.nio.NioEventLoop.processSelectedKeysOptimized(NioEventLoop.java:635)\n\tat io.netty.channel.nio.NioEventLoop.processSelectedKeys(NioEventLoop.java:552)\n\tat io.netty.channel.nio.NioEventLoop.run(NioEventLoop.java:514)\n\tat io.netty.util.concurrent.SingleThreadEventExecutor$6.run(SingleThreadEventExecutor.java:1044)\n\tat io.netty.util.internal.ThreadExecutorMap$2.run(ThreadExecutorMap.java:74)\n\tat io.netty.util.concurrent.FastThreadLocalRunnable.run(FastThreadLocalRunnable.java:30)\n\tat java.lang.Thread.run(Thread.java:1012)\n"}}
Thu Jul 30 09:08:50 UTC 2026 | ALL | 07-30 09:08:49.133  4162  4220 I appium  : channel read: POST /session/0ec58237-84ed-40bd-bf67-28bb2b70cae2/element
Thu Jul 30 09:08:50 UTC 2026 | ALL | 07-30 09:08:49.133  4162  4220 I appium  : FindElement command
Thu Jul 30 09:08:50 UTC 2026 | ALL | 07-30 09:08:49.134  4162  4220 I appium  : method: 'xpath', selector: '//*[contains(@text, 'Dashboard') or contains(@content-desc, 'Dashboard')]'
Thu Jul 30 09:08:50 UTC 2026 | ALL | 07-30 09:08:49.134  4162  4220 I appium  : Waiting up to 10000ms for the device to idle
Thu Jul 30 09:08:50 UTC 2026 | ALL | 07-30 09:08:49.135  4162  4220 I appium  : The following attributes will be included to the page source: [text, content-desc]
Thu Jul 30 09:08:50 UTC 2026 | ALL | 07-30 09:08:49.145  4162  4220 I appium  : Took 0ms to retrieve 0 matches for '//*[contains(@text, 'Dashboard') or contains(@content-desc, 'Dashboard')]' XPath2 query
Thu Jul 30 09:08:50 UTC 2026 | ALL | 07-30 09:08:49.146  4162  4220 I appium  : AppiumResponse: {"sessionId":"0ec58237-84ed-40bd-bf67-28bb2b70cae2","value":{"error":"no such element","message":"An element could not be located on the page using the given search parameters","stacktrace":"io.appium.uiautomator2.common.exceptions.ElementNotFoundException: An element could not be located on the page using the given search parameters\n\tat io.appium.uiautomator2.utils.ElementLocationHelpers.findElement(ElementLocationHelpers.java:156)\n\tat io.appium.uiautomator2.handler.FindElement.safeHandle(FindElement.java:60)\n\tat io.appium.uiautomator2.handler.request.SafeRequestHandler.handle(SafeRequestHandler.java:59)\n\tat io.appium.uiautomator2.server.AppiumServlet.handleRequest(AppiumServlet.java:259)\n\tat io.appium.uiautomator2.server.AppiumServlet.handleHttpRequest(AppiumServlet.java:253)\n\tat io.appium.uiautomator2.http.ServerHandler.channelRead(ServerHandler.java:77)\n\tat io.netty.channel.AbstractChannelHandlerContext.invokeChannelRead(AbstractChannelHandlerContext.java:374)\n\tat io.netty.channel.AbstractChannelHandlerContext.invokeChannelRead(AbstractChannelHandlerContext.java:360)\n\tat io.netty.channel.AbstractChannelHandlerContext.fireChannelRead(AbstractChannelHandlerContext.java:352)\n\tat io.netty.handler.codec.MessageToMessageDecoder.channelRead(MessageToMessageDecoder.java:102)\n\tat io.netty.channel.AbstractChannelHandlerContext.invokeChannelRead(AbstractChannelHandlerContext.java:374)\n\tat io.netty.channel.AbstractChannelHandlerContext.invokeChannelRead(AbstractChannelHandlerContext.java:360)\n\tat io.netty.channel.AbstractChannelHandlerContext.fireChannelRead(AbstractChannelHandlerContext.java:352)\n\tat io.netty.channel.CombinedChannelDuplexHandler$DelegatingChannelHandlerContext.fireChannelRead(CombinedChannelDuplexHandler.java:438)\n\tat io.netty.handler.codec.ByteToMessageDecoder.fireChannelRead(ByteToMessageDecoder.java:328)\n\tat io.netty.handler.codec.ByteToMessageDecoder.channelRead(ByteToMessageDecoder.java:302)\n\tat io.netty.channel.CombinedChannelDuplexHandler.channelRead(CombinedChannelDuplexHandler.java:253)\n\tat io.netty.channel.AbstractChannelHandlerContext.invokeChannelRead(AbstractChannelHandlerContext.java:374)\n\tat io.netty.channel.AbstractChannelHandlerContext.invokeChannelRead(AbstractChannelHandlerContext.java:360)\n\tat io.netty.channel.AbstractChannelHandlerContext.fireChannelRead(AbstractChannelHandlerContext.java:352)\n\tat io.netty.handler.timeout.IdleStateHandler.channelRead(IdleStateHandler.java:287)\n\tat io.netty.channel.AbstractChannelHandlerContext.invokeChannelRead(AbstractChannelHandlerContext.java:374)\n\tat io.netty.channel.AbstractChannelHandlerContext.invokeChannelRead(AbstractChannelHandlerContext.java:360)\n\tat io.netty.channel.AbstractChannelHandlerContext.fireChannelRead(AbstractChannelHandlerContext.java:352)\n\tat io.netty.channel.DefaultChannelPipeline$HeadContext.channelRead(DefaultChannelPipeline.java:1422)\n\tat io.netty.channel.AbstractChannelHandlerContext.invokeChannelRead(AbstractChannelHandlerContext.java:374)\n\tat io.netty.channel.AbstractChannelHandlerContext.invokeChannelRead(AbstractChannelHandlerContext.java:360)\n\tat io.netty.channel.DefaultChannelPipeline.fireChannelRead(DefaultChannelPipeline.java:931)\n\tat io.netty.channel.nio.AbstractNioByteChannel$NioByteUnsafe.read(AbstractNioByteChannel.java:163)\n\tat io.netty.channel.nio.NioEventLoop.processSelectedKey(NioEventLoop.java:700)\n\tat io.netty.channel.nio.NioEventLoop.processSelectedKeysOptimized(NioEventLoop.java:635)\n\tat io.netty.channel.nio.NioEventLoop.processSelectedKeys(NioEventLoop.java:552)\n\tat io.netty.channel.nio.NioEventLoop.run(NioEventLoop.java:514)\n\tat io.netty.util.concurrent.SingleThreadEventExecutor$6.run(SingleThreadEventExecutor.java:1044)\n\tat io.netty.util.internal.ThreadExecutorMap$2.run(ThreadExecutorMap.java:74)\n\tat io.netty.util.concurrent.FastThreadLocalRunnable.run(FastThreadLocalRunnable.java:30)\n\tat java.lang.Thread.run(Thread.java:1012)\n"}}
Thu Jul 30 09:08:50 UTC 2026 | ALL | 07-30 09:08:49.428   560   833 W IPCThreadState: Sending oneway calls to frozen process.
Thu Jul 30 09:08:50 UTC 2026 | ALL | 07-30 09:08:49.428   560   833 W IPCThreadState: Sending oneway calls to frozen process.
Thu Jul 30 09:08:50 UTC 2026 | ALL | 07-30 09:08:49.428   560   833 W IPCThreadState: Sending oneway calls to frozen process.
Thu Jul 30 09:08:50 UTC 2026 | ALL | 07-30 09:08:49.428   560   833 W IPCThreadState: Sending oneway calls to frozen process.
Thu Jul 30 09:08:50 UTC 2026 | ALL | 07-30 09:08:49.429   560   833 W IPCThreadState: Sending oneway calls to frozen process.
Thu Jul 30 09:08:50 UTC 2026 | ALL | 07-30 09:08:49.430   560   833 W IPCThreadState: Sending oneway calls to frozen process.
Thu Jul 30 09:08:50 UTC 2026 | ALL | 07-30 09:08:49.430   560   833 W IPCThreadState: Sending oneway calls to frozen process.
Thu Jul 30 09:08:50 UTC 2026 | ALL | 07-30 09:08:49.430   560   833 W IPCThreadState: Sending oneway calls to frozen process.
Thu Jul 30 09:08:50 UTC 2026 | ALL | 07-30 09:08:49.431  1226  1885 I ChimeraSrvcProxy: NullBinder for android.net.action.RECOMMEND_NETWORKS triggering remote TransactionTooLargeException due to Service without Chimera impl
Thu Jul 30 09:08:50 UTC 2026 | ALL | 07-30 09:08:49.431  1226  1885 W .gms.persistent: Large reply transaction of 1056768 bytes, interface descriptor , code 1
Thu Jul 30 09:08:50 UTC 2026 | ALL | 07-30 09:08:49.432  3433  3534 I BugleRcsEngine: handleMessage processing message:[NOTIFY_UPTIME_IGNORE_STATE_CHANGED] with [non-null]:RcsEngineImpl reference [CONTEXT log_prefix="RcsEngineImpl[DUAL_REG]:[445b9658-3dc5]>Handler" thread_id=62 ]
Thu Jul 30 09:08:50 UTC 2026 | ALL | 07-30 09:08:49.432  3433  3502 I BugleRcsEngine: Connected state: [1], networkType: [WIFI] [CONTEXT thread_id=53 ]
Thu Jul 30 09:08:50 UTC 2026 | ALL | 07-30 09:08:49.434  3433  3534 I BugleRcsEngine: No RCS Configuration was found in Bugle for simID: redacted-pii:sim_id[chars:20,last3:897] [CONTEXT log_prefix="ProvisioningEngineDataRetriever" thread_id=62 ]
Thu Jul 30 09:08:50 UTC 2026 | ALL | 07-30 09:08:49.651  4162  4220 I appium  : channel read: POST /session/0ec58237-84ed-40bd-bf67-28bb2b70cae2/element
Thu Jul 30 09:08:50 UTC 2026 | ALL | 07-30 09:08:49.651  4162  4220 I appium  : FindElement command
Thu Jul 30 09:08:50 UTC 2026 | ALL | 07-30 09:08:49.652  4162  4220 I appium  : method: 'xpath', selector: '//*[contains(@text, 'Dashboard') or contains(@content-desc, 'Dashboard')]'
Thu Jul 30 09:08:50 UTC 2026 | ALL | 07-30 09:08:49.652  4162  4220 I appium  : Waiting up to 10000ms for the device to idle
Thu Jul 30 09:08:50 UTC 2026 | ALL | 07-30 09:08:49.653  4162  4220 I appium  : The following attributes will be included to the page source: [text, content-desc]
Thu Jul 30 09:08:50 UTC 2026 | ALL | 07-30 09:08:49.662  4162  4220 I appium  : Took 0ms to retrieve 0 matches for '//*[contains(@text, 'Dashboard') or contains(@content-desc, 'Dashboard')]' XPath2 query
Thu Jul 30 09:08:50 UTC 2026 | ALL | 07-30 09:08:49.663  4162  4220 I appium  : AppiumResponse: {"sessionId":"0ec58237-84ed-40bd-bf67-28bb2b70cae2","value":{"error":"no such element","message":"An element could not be located on the page using the given search parameters","stacktrace":"io.appium.uiautomator2.common.exceptions.ElementNotFoundException: An element could not be located on the page using the given search parameters\n\tat io.appium.uiautomator2.utils.ElementLocationHelpers.findElement(ElementLocationHelpers.java:156)\n\tat io.appium.uiautomator2.handler.FindElement.safeHandle(FindElement.java:60)\n\tat io.appium.uiautomator2.handler.request.SafeRequestHandler.handle(SafeRequestHandler.java:59)\n\tat io.appium.uiautomator2.server.AppiumServlet.handleRequest(AppiumServlet.java:259)\n\tat io.appium.uiautomator2.server.AppiumServlet.handleHttpRequest(AppiumServlet.java:253)\n\tat io.appium.uiautomator2.http.ServerHandler.channelRead(ServerHandler.java:77)\n\tat io.netty.channel.AbstractChannelHandlerContext.invokeChannelRead(AbstractChannelHandlerContext.java:374)\n\tat io.netty.channel.AbstractChannelHandlerContext.invokeChannelRead(AbstractChannelHandlerContext.java:360)\n\tat io.netty.channel.AbstractChannelHandlerContext.fireChannelRead(AbstractChannelHandlerContext.java:352)\n\tat io.netty.handler.codec.MessageToMessageDecoder.channelRead(MessageToMessageDecoder.java:102)\n\tat io.netty.channel.AbstractChannelHandlerContext.invokeChannelRead(AbstractChannelHandlerContext.java:374)\n\tat io.netty.channel.AbstractChannelHandlerContext.invokeChannelRead(AbstractChannelHandlerContext.java:360)\n\tat io.netty.channel.AbstractChannelHandlerContext.fireChannelRead(AbstractChannelHandlerContext.java:352)\n\tat io.netty.channel.CombinedChannelDuplexHandler$DelegatingChannelHandlerContext.fireChannelRead(CombinedChannelDuplexHandler.java:438)\n\tat io.netty.handler.codec.ByteToMessageDecoder.fireChannelRead(ByteToMessageDecoder.java:328)\n\tat io.netty.handler.codec.ByteToMessageDecoder.channelRead(ByteToMessageDecoder.java:302)\n\tat io.netty.channel.CombinedChannelDuplexHandler.channelRead(CombinedChannelDuplexHandler.java:253)\n\tat io.netty.channel.AbstractChannelHandlerContext.invokeChannelRead(AbstractChannelHandlerContext.java:374)\n\tat io.netty.channel.AbstractChannelHandlerContext.invokeChannelRead(AbstractChannelHandlerContext.java:360)\n\tat io.netty.channel.AbstractChannelHandlerContext.fireChannelRead(AbstractChannelHandlerContext.java:352)\n\tat io.netty.handler.timeout.IdleStateHandler.channelRead(IdleStateHandler.java:287)\n\tat io.netty.channel.AbstractChannelHandlerContext.invokeChannelRead(AbstractChannelHandlerContext.java:374)\n\tat io.netty.channel.AbstractChannelHandlerContext.invokeChannelRead(AbstractChannelHandlerContext.java:360)\n\tat io.netty.channel.AbstractChannelHandlerContext.fireChannelRead(AbstractChannelHandlerContext.java:352)\n\tat io.netty.channel.DefaultChannelPipeline$HeadContext.channelRead(DefaultChannelPipeline.java:1422)\n\tat io.netty.channel.AbstractChannelHandlerContext.invokeChannelRead(AbstractChannelHandlerContext.java:374)\n\tat io.netty.channel.AbstractChannelHandlerContext.invokeChannelRead(AbstractChannelHandlerContext.java:360)\n\tat io.netty.channel.DefaultChannelPipeline.fireChannelRead(DefaultChannelPipeline.java:931)\n\tat io.netty.channel.nio.AbstractNioByteChannel$NioByteUnsafe.read(AbstractNioByteChannel.java:163)\n\tat io.netty.channel.nio.NioEventLoop.processSelectedKey(NioEventLoop.java:700)\n\tat io.netty.channel.nio.NioEventLoop.processSelectedKeysOptimized(NioEventLoop.java:635)\n\tat io.netty.channel.nio.NioEventLoop.processSelectedKeys(NioEventLoop.java:552)\n\tat io.netty.channel.nio.NioEventLoop.run(NioEventLoop.java:514)\n\tat io.netty.util.concurrent.SingleThreadEventExecutor$6.run(SingleThreadEventExecutor.java:1044)\n\tat io.netty.util.internal.ThreadExecutorMap$2.run(ThreadExecutorMap.java:74)\n\tat io.netty.util.concurrent.FastThreadLocalRunnable.run(FastThreadLocalRunnable.java:30)\n\tat java.lang.Thread.run(Thread.java:1012)\n"}}
Thu Jul 30 09:08:51 UTC 2026 | ALL | 07-30 09:08:50.168  4162  4220 I appium  : channel read: POST /session/0ec58237-84ed-40bd-bf67-28bb2b70cae2/element
Thu Jul 30 09:08:51 UTC 2026 | ALL | 07-30 09:08:50.168  4162  4220 I appium  : FindElement command
Thu Jul 30 09:08:51 UTC 2026 | ALL | 07-30 09:08:50.168  4162  4220 I appium  : method: 'xpath', selector: '//*[contains(@text, 'Dashboard') or contains(@content-desc, 'Dashboard')]'
Thu Jul 30 09:08:51 UTC 2026 | ALL | 07-30 09:08:50.168  4162  4220 I appium  : Waiting up to 10000ms for the device to idle
Thu Jul 30 09:08:51 UTC 2026 | ALL | 07-30 09:08:50.169  4162  4220 I appium  : The following attributes will be included to the page source: [text, content-desc]
Thu Jul 30 09:08:51 UTC 2026 | ALL | 07-30 09:08:50.172  4162  4170 I tomator2.server: Method exceeds compiler instruction limit: 19264 in java_cup.runtime.Symbol org.eclipse.wst.xml.xpath2.processor.internal.CUP$XPathCup$actions.CUP$XPathCup$do_action(int, java_cup.runtime.lr_parser, java.util.Stack, int)
Thu Jul 30 09:08:51 UTC 2026 | ALL | 07-30 09:08:50.178  4162  4220 I appium  : Took 0ms to retrieve 0 matches for '//*[contains(@text, 'Dashboard') or contains(@content-desc, 'Dashboard')]' XPath2 query
Thu Jul 30 09:08:51 UTC 2026 | ALL | 07-30 09:08:50.179  4162  4220 I appium  : AppiumResponse: {"sessionId":"0ec58237-84ed-40bd-bf67-28bb2b70cae2","value":{"error":"no such element","message":"An element could not be located on the page using the given search parameters","stacktrace":"io.appium.uiautomator2.common.exceptions.ElementNotFoundException: An element could not be located on the page using the given search parameters\n\tat io.appium.uiautomator2.utils.ElementLocationHelpers.findElement(ElementLocationHelpers.java:156)\n\tat io.appium.uiautomator2.handler.FindElement.safeHandle(FindElement.java:60)\n\tat io.appium.uiautomator2.handler.request.SafeRequestHandler.handle(SafeRequestHandler.java:59)\n\tat io.appium.uiautomator2.server.AppiumServlet.handleRequest(AppiumServlet.java:259)\n\tat io.appium.uiautomator2.server.AppiumServlet.handleHttpRequest(AppiumServlet.java:253)\n\tat io.appium.uiautomator2.http.ServerHandler.channelRead(ServerHandler.java:77)\n\tat io.netty.channel.AbstractChannelHandlerContext.invokeChannelRead(AbstractChannelHandlerContext.java:374)\n\tat io.netty.channel.AbstractChannelHandlerContext.invokeChannelRead(AbstractChannelHandlerContext.java:360)\n\tat io.netty.channel.AbstractChannelHandlerContext.fireChannelRead(AbstractChannelHandlerContext.java:352)\n\tat io.netty.handler.codec.MessageToMessageDecoder.channelRead(MessageToMessageDecoder.java:102)\n\tat io.netty.channel.AbstractChannelHandlerContext.invokeChannelRead(AbstractChannelHandlerContext.java:374)\n\tat io.netty.channel.AbstractChannelHandlerContext.invokeChannelRead(AbstractChannelHandlerContext.java:360)\n\tat io.netty.channel.AbstractChannelHandlerContext.fireChannelRead(AbstractChannelHandlerContext.java:352)\n\tat io.netty.channel.CombinedChannelDuplexHandler$DelegatingChannelHandlerContext.fireChannelRead(CombinedChannelDuplexHandler.java:438)\n\tat io.netty.handler.codec.ByteToMessageDecoder.fireChannelRead(ByteToMessageDecoder.java:328)\n\tat io.netty.handler.codec.ByteToMessageDecoder.channelRead(ByteToMessageDecoder.java:302)\n\tat io.netty.channel.CombinedChannelDuplexHandler.channelRead(CombinedChannelDuplexHandler.java:253)\n\tat io.netty.channel.AbstractChannelHandlerContext.invokeChannelRead(AbstractChannelHandlerContext.java:374)\n\tat io.netty.channel.AbstractChannelHandlerContext.invokeChannelRead(AbstractChannelHandlerContext.java:360)\n\tat io.netty.channel.AbstractChannelHandlerContext.fireChannelRead(AbstractChannelHandlerContext.java:352)\n\tat io.netty.handler.timeout.IdleStateHandler.channelRead(IdleStateHandler.java:287)\n\tat io.netty.channel.AbstractChannelHandlerContext.invokeChannelRead(AbstractChannelHandlerContext.java:374)\n\tat io.netty.channel.AbstractChannelHandlerContext.invokeChannelRead(AbstractChannelHandlerContext.java:360)\n\tat io.netty.channel.AbstractChannelHandlerContext.fireChannelRead(AbstractChannelHandlerContext.java:352)\n\tat io.netty.channel.DefaultChannelPipeline$HeadContext.channelRead(DefaultChannelPipeline.java:1422)\n\tat io.netty.channel.AbstractChannelHandlerContext.invokeChannelRead(AbstractChannelHandlerContext.java:374)\n\tat io.netty.channel.AbstractChannelHandlerContext.invokeChannelRead(AbstractChannelHandlerContext.java:360)\n\tat io.netty.channel.DefaultChannelPipeline.fireChannelRead(DefaultChannelPipeline.java:931)\n\tat io.netty.channel.nio.AbstractNioByteChannel$NioByteUnsafe.read(AbstractNioByteChannel.java:163)\n\tat io.netty.channel.nio.NioEventLoop.processSelectedKey(NioEventLoop.java:700)\n\tat io.netty.channel.nio.NioEventLoop.processSelectedKeysOptimized(NioEventLoop.java:635)\n\tat io.netty.channel.nio.NioEventLoop.processSelectedKeys(NioEventLoop.java:552)\n\tat io.netty.channel.nio.NioEventLoop.run(NioEventLoop.java:514)\n\tat io.netty.util.concurrent.SingleThreadEventExecutor$6.run(SingleThreadEventExecutor.java:1044)\n\tat io.netty.util.internal.ThreadExecutorMap$2.run(ThreadExecutorMap.java:74)\n\tat io.netty.util.concurrent.FastThreadLocalRunnable.run(FastThreadLocalRunnable.java:30)\n\tat java.lang.Thread.run(Thread.java:1012)\n"}}
Thu Jul 30 09:08:51 UTC 2026 | ALL | 07-30 09:08:50.405  1226  4594 W GCM     : Heartbeat timeout, GCM connection reset -1
Thu Jul 30 09:08:51 UTC 2026 | ALL | 07-30 09:08:50.407  1226  4594 E WakeLock: GCM_HB_ALARM release without a matched acquire!
Thu Jul 30 09:08:51 UTC 2026 | ALL | 07-30 09:08:50.407  1226  4594 W WakeLock: GCM_HB_ALARM counter does not exist
Thu Jul 30 09:08:51 UTC 2026 | ALL | 07-30 09:08:50.410   560   833 D ConnectivityService: reportNetworkConnectivity(100, false) by 10143
Thu Jul 30 09:08:51 UTC 2026 | ALL | 07-30 09:08:50.410  1028  2260 D NetworkMonitor/100: Forcing reevaluation for UID 10143. Dns signal count: 0
Thu Jul 30 09:08:51 UTC 2026 | ALL | 07-30 09:08:50.412  1028  4738 D TrafficStats: tagSocket(127) with statsTag=0xffffff81, statsUid=-1
Thu Jul 30 09:08:51 UTC 2026 | ALL | 07-30 09:08:50.412  1028  4739 D TrafficStats: tagSocket(92) with statsTag=0xffffff81, statsUid=-1
Thu Jul 30 09:08:51 UTC 2026 | ALL | 07-30 09:08:50.413  1028  4739 D TrafficStats: tagSocket(131) with statsTag=0xffffff81, statsUid=-1
Thu Jul 30 09:08:51 UTC 2026 | ALL | 07-30 09:08:50.413  1028  4738 D TrafficStats: tagSocket(92) with statsTag=0xffffff81, statsUid=-1
Thu Jul 30 09:08:51 UTC 2026 | ALL | 07-30 09:08:50.414   361  4740 I resolv  : GetAddrInfoHandler::run: {100 786532 100 983140 10143 0}
Thu Jul 30 09:08:51 UTC 2026 | ALL | 07-30 09:08:50.414   361  4742 I resolv  : res_nmkquery: (QUERY, IN, A)
Thu Jul 30 09:08:51 UTC 2026 | ALL | 07-30 09:08:50.414   361  4741 I resolv  : res_nmkquery: (QUERY, IN, AAAA)
Thu Jul 30 09:08:51 UTC 2026 | ALL | 07-30 09:08:50.414   361  4743 I resolv  : ResNSendHandler::run: 0 / {100 983140 100 983140 1073 1}
Thu Jul 30 09:08:51 UTC 2026 | ALL | 07-30 09:08:50.414   361  4743 I resolv  : resolv_cache_lookup: FOUND IN CACHE entry=0x79bc5712d770
Thu Jul 30 09:08:51 UTC 2026 | ALL | 07-30 09:08:50.415   361  4744 I resolv  : ResNSendHandler::run: 0 / {100 983140 100 983140 1073 1}
Thu Jul 30 09:08:51 UTC 2026 | ALL | 07-30 09:08:50.415   361  4744 I resolv  : resolv_cache_lookup: FOUND IN CACHE entry=0x79bbb71360d0
Thu Jul 30 09:08:51 UTC 2026 | ALL | 07-30 09:08:50.417   361  4745 I resolv  : ResNSendHandler::run: 0 / {100 983140 100 983140 1073 1}
Thu Jul 30 09:08:51 UTC 2026 | ALL | 07-30 09:08:50.417   361  4746 I resolv  : ResNSendHandler::run: 0 / {100 983140 100 983140 1073 1}
Thu Jul 30 09:08:51 UTC 2026 | ALL | 07-30 09:08:50.417   361  4745 I resolv  : resolv_cache_lookup: FOUND IN CACHE entry=0x79bc5712ceb0
Thu Jul 30 09:08:51 UTC 2026 | ALL | 07-30 09:08:50.417  1028  1028 D TrafficStats: tagSocket(92) with statsTag=0xffffffff, statsUid=-1
Thu Jul 30 09:08:51 UTC 2026 | ALL | 07-30 09:08:50.418  1028  1028 D TrafficStats: tagSocket(92) with statsTag=0xffffffff, statsUid=-1
Thu Jul 30 09:08:51 UTC 2026 | ALL | 07-30 09:08:50.418   361  4746 I resolv  : resolv_cache_lookup: FOUND IN CACHE entry=0x79bd37135890
Thu Jul 30 09:08:51 UTC 2026 | ALL | 07-30 09:08:50.419  1028  4739 D NetworkMonitor/100: PROBE_DNS connectivitycheck.gstatic.com 7ms OK 142.251.218.99,2607:f8b0:4005:80b::2003
Thu Jul 30 09:08:51 UTC 2026 | ALL | 07-30 09:08:50.419  1028  1028 D TrafficStats: tagSocket(92) with statsTag=0xffffffff, statsUid=-1
Thu Jul 30 09:08:51 UTC 2026 | ALL | 07-30 09:08:50.420  1028  1028 D TrafficStats: tagSocket(92) with statsTag=0xffffffff, statsUid=-1
Thu Jul 30 09:08:51 UTC 2026 | ALL | 07-30 09:08:50.421  1028  1028 D TrafficStats: tagSocket(92) with statsTag=0xffffffff, statsUid=-1
Thu Jul 30 09:08:51 UTC 2026 | ALL | 07-30 09:08:50.421  1028  1028 D TrafficStats: tagSocket(92) with statsTag=0xffffffff, statsUid=-1
Thu Jul 30 09:08:51 UTC 2026 | ALL | 07-30 09:08:50.421   361  4747 I resolv  : GetAddrInfoHandler::run: {100 983140 100 983140 1073 1}
Thu Jul 30 09:08:51 UTC 2026 | ALL | 07-30 09:08:50.422   361  4748 I resolv  : res_nmkquery: (QUERY, IN, AAAA)
Thu Jul 30 09:08:51 UTC 2026 | ALL | 07-30 09:08:50.422   361  4748 I resolv  : resolv_cache_lookup: FOUND IN CACHE entry=0x79bc5712d770
Thu Jul 30 09:08:51 UTC 2026 | ALL | 07-30 09:08:50.422   361  4748 I resolv  : doQuery: rcode=0, ancount=1, return value=75
Thu Jul 30 09:08:51 UTC 2026 | ALL | 07-30 09:08:50.422   361  4749 I resolv  : res_nmkquery: (QUERY, IN, A)
Thu Jul 30 09:08:51 UTC 2026 | ALL | 07-30 09:08:50.422   361  4749 I resolv  : resolv_cache_lookup: FOUND IN CACHE entry=0x79bc5712ceb0
Thu Jul 30 09:08:51 UTC 2026 | ALL | 07-30 09:08:50.422   361  4749 I resolv  : doQuery: rcode=0, ancount=1, return value=63
Thu Jul 30 09:08:51 UTC 2026 | ALL | 07-30 09:08:50.422  1028  4739 D TrafficStats: tagSocket(131) with statsTag=0xffffff81, statsUid=-1
Thu Jul 30 09:08:51 UTC 2026 | ALL | 07-30 09:08:50.424  1028  1028 D TrafficStats: tagSocket(92) with statsTag=0xffffffff, statsUid=-1
Thu Jul 30 09:08:51 UTC 2026 | ALL | 07-30 09:08:50.424  1028  1028 D TrafficStats: tagSocket(92) with statsTag=0xffffffff, statsUid=-1
Thu Jul 30 09:08:51 UTC 2026 | ALL | 07-30 09:08:50.425  1028  1028 D TrafficStats: tagSocket(92) with statsTag=0xffffffff, statsUid=-1
Thu Jul 30 09:08:51 UTC 2026 | ALL | 07-30 09:08:50.426  1028  1028 D TrafficStats: tagSocket(92) with statsTag=0xffffffff, statsUid=-1
Thu Jul 30 09:08:51 UTC 2026 | ALL | 07-30 09:08:50.426  1028  1028 D TrafficStats: tagSocket(92) with statsTag=0xffffffff, statsUid=-1
Thu Jul 30 09:08:51 UTC 2026 | ALL | 07-30 09:08:50.427  1028  1028 D TrafficStats: tagSocket(92) with statsTag=0xffffffff, statsUid=-1
Thu Jul 30 09:08:51 UTC 2026 | ALL | 07-30 09:08:50.428  1028  1028 D TrafficStats: tagSocket(92) with statsTag=0xffffffff, statsUid=-1
Thu Jul 30 09:08:51 UTC 2026 | ALL | 07-30 09:08:50.428  1028  1028 D TrafficStats: tagSocket(92) with statsTag=0xffffffff, statsUid=-1
Thu Jul 30 09:08:51 UTC 2026 | ALL | 07-30 09:08:50.429  1028  1028 D TrafficStats: tagSocket(92) with statsTag=0xffffffff, statsUid=-1
Thu Jul 30 09:08:51 UTC 2026 | ALL | 07-30 09:08:50.430  1028  1028 D TrafficStats: tagSocket(92) with statsTag=0xffffffff, statsUid=-1
Thu Jul 30 09:08:51 UTC 2026 | ALL | 07-30 09:08:50.430  1028  1028 D TrafficStats: tagSocket(92) with statsTag=0xffffffff, statsUid=-1
Thu Jul 30 09:08:51 UTC 2026 | ALL | 07-30 09:08:50.431  1028  1028 D TrafficStats: tagSocket(92) with statsTag=0xffffffff, statsUid=-1
Thu Jul 30 09:08:51 UTC 2026 | ALL | 07-30 09:08:50.431  1028  4738 D NetworkMonitor/100: PROBE_DNS www.google.com 20ms OK 142.251.151.119,142.251.150.119,142.251.155.119,142.251.154.119,142.251.153.119,142.251.157.119,142.251.152.119,142.251.156.119,2001:4860:482d:7700::,2001:4860:4827:7700::,2001:4860:4829:7700::,2001:4860:482b:7700::,2001:4860:4826:7700::,2001:4860:482a:7700::,2001:4860:4828:7700::,2001:4860:482c:7700::
Thu Jul 30 09:08:51 UTC 2026 | ALL | 07-30 09:08:50.432   361  4750 I resolv  : GetAddrInfoHandler::run: {100 983140 100 983140 1073 1}
Thu Jul 30 09:08:51 UTC 2026 | ALL | 07-30 09:08:50.433   361  4752 I resolv  : res_nmkquery: (QUERY, IN, A)
Thu Jul 30 09:08:51 UTC 2026 | ALL | 07-30 09:08:50.433   361  4751 I resolv  : res_nmkquery: (QUERY, IN, AAAA)
Thu Jul 30 09:08:51 UTC 2026 | ALL | 07-30 09:08:50.433   361  4751 I resolv  : resolv_cache_lookup: FOUND IN CACHE entry=0x79bbb71360d0
Thu Jul 30 09:08:51 UTC 2026 | ALL | 07-30 09:08:50.433   361  4751 I resolv  : doQuery: rcode=0, ancount=8, return value=256
Thu Jul 30 09:08:51 UTC 2026 | ALL | 07-30 09:08:50.433   361  4752 I resolv  : resolv_cache_lookup: FOUND IN CACHE entry=0x79bd37135890
Thu Jul 30 09:08:51 UTC 2026 | ALL | 07-30 09:08:50.433   361  4752 I resolv  : doQuery: rcode=0, ancount=8, return value=160
Thu Jul 30 09:08:51 UTC 2026 | ALL | 07-30 09:08:50.433  1028  4738 D TrafficStats: tagSocket(92) with statsTag=0xffffff81, statsUid=-1
Thu Jul 30 09:08:51 UTC 2026 | ALL | 07-30 09:08:50.518   361  4742 I resolv  : res_nsend: used send_dg 107 terrno: 0
Thu Jul 30 09:08:51 UTC 2026 | ALL | 07-30 09:08:50.518   361  4741 I resolv  : res_nsend: used send_dg 91 terrno: 0
Thu Jul 30 09:08:51 UTC 2026 | ALL | 07-30 09:08:50.519   361  4741 I resolv  : doQuery: rcode=0, ancount=2, return value=91
Thu Jul 30 09:08:51 UTC 2026 | ALL | 07-30 09:08:50.519   361  4742 I resolv  : doQuery: rcode=0, ancount=2, return value=107
Thu Jul 30 09:08:51 UTC 2026 | ALL | 07-30 09:08:50.521  1226  1428 D TrafficStats: tagSocket(-1) with statsTag=0x30000407, statsUid=-1
Thu Jul 30 09:08:51 UTC 2026 | ALL | 07-30 09:08:50.521  1226  1428 I TrafficStats: tagSocketFd(-1, 805307399, -1) failed with errno-9
Thu Jul 30 09:08:51 UTC 2026 | ALL | 07-30 09:08:50.521  1226  1428 D TrafficStats: tagSocket(119) with statsTag=0x30000407, statsUid=-1
Thu Jul 30 09:08:51 UTC 2026 | ALL | 07-30 09:08:50.683  4162  4220 I appium  : channel read: POST /session/0ec58237-84ed-40bd-bf67-28bb2b70cae2/element
Thu Jul 30 09:08:51 UTC 2026 | ALL | 07-30 09:08:50.683  4162  4220 I appium  : FindElement command
Thu Jul 30 09:08:51 UTC 2026 | ALL | 07-30 09:08:50.683  4162  4220 I appium  : method: 'xpath', selector: '//*[contains(@text, 'Dashboard') or contains(@content-desc, 'Dashboard')]'
Thu Jul 30 09:08:51 UTC 2026 | ALL | 07-30 09:08:50.683  4162  4220 I appium  : Waiting up to 10000ms for the device to idle
Thu Jul 30 09:08:51 UTC 2026 | ALL | 07-30 09:08:50.685  4162  4220 I appium  : The following attributes will be included to the page source: [text, content-desc]
Thu Jul 30 09:08:51 UTC 2026 | ALL | 07-30 09:08:50.693  4162  4220 I appium  : Took 0ms to retrieve 0 matches for '//*[contains(@text, 'Dashboard') or contains(@content-desc, 'Dashboard')]' XPath2 query
Thu Jul 30 09:08:51 UTC 2026 | ALL | 07-30 09:08:50.694  4162  4220 I appium  : AppiumResponse: {"sessionId":"0ec58237-84ed-40bd-bf67-28bb2b70cae2","value":{"error":"no such element","message":"An element could not be located on the page using the given search parameters","stacktrace":"io.appium.uiautomator2.common.exceptions.ElementNotFoundException: An element could not be located on the page using the given search parameters\n\tat io.appium.uiautomator2.utils.ElementLocationHelpers.findElement(ElementLocationHelpers.java:156)\n\tat io.appium.uiautomator2.handler.FindElement.safeHandle(FindElement.java:60)\n\tat io.appium.uiautomator2.handler.request.SafeRequestHandler.handle(SafeRequestHandler.java:59)\n\tat io.appium.uiautomator2.server.AppiumServlet.handleRequest(AppiumServlet.java:259)\n\tat io.appium.uiautomator2.server.AppiumServlet.handleHttpRequest(AppiumServlet.java:253)\n\tat io.appium.uiautomator2.http.ServerHandler.channelRead(ServerHandler.java:77)\n\tat io.netty.channel.AbstractChannelHandlerContext.invokeChannelRead(AbstractChannelHandlerContext.java:374)\n\tat io.netty.channel.AbstractChannelHandlerContext.invokeChannelRead(AbstractChannelHandlerContext.java:360)\n\tat io.netty.channel.AbstractChannelHandlerContext.fireChannelRead(AbstractChannelHandlerContext.java:352)\n\tat io.netty.handler.codec.MessageToMessageDecoder.channelRead(MessageToMessageDecoder.java:102)\n\tat io.netty.channel.AbstractChannelHandlerContext.invokeChannelRead(AbstractChannelHandlerContext.java:374)\n\tat io.netty.channel.AbstractChannelHandlerContext.invokeChannelRead(AbstractChannelHandlerContext.java:360)\n\tat io.netty.channel.AbstractChannelHandlerContext.fireChannelRead(AbstractChannelHandlerContext.java:352)\n\tat io.netty.channel.CombinedChannelDuplexHandler$DelegatingChannelHandlerContext.fireChannelRead(CombinedChannelDuplexHandler.java:438)\n\tat io.netty.handler.codec.ByteToMessageDecoder.fireChannelRead(ByteToMessageDecoder.java:328)\n\tat io.netty.handler.codec.ByteToMessageDecoder.channelRead(ByteToMessageDecoder.java:302)\n\tat io.netty.channel.CombinedChannelDuplexHandler.channelRead(CombinedChannelDuplexHandler.java:253)\n\tat io.netty.channel.AbstractChannelHandlerContext.invokeChannelRead(AbstractChannelHandlerContext.java:374)\n\tat io.netty.channel.AbstractChannelHandlerContext.invokeChannelRead(AbstractChannelHandlerContext.java:360)\n\tat io.netty.channel.AbstractChannelHandlerContext.fireChannelRead(AbstractChannelHandlerContext.java:352)\n\tat io.netty.handler.timeout.IdleStateHandler.channelRead(IdleStateHandler.java:287)\n\tat io.netty.channel.AbstractChannelHandlerContext.invokeChannelRead(AbstractChannelHandlerContext.java:374)\n\tat io.netty.channel.AbstractChannelHandlerContext.invokeChannelRead(AbstractChannelHandlerContext.java:360)\n\tat io.netty.channel.AbstractChannelHandlerContext.fireChannelRead(AbstractChannelHandlerContext.java:352)\n\tat io.netty.channel.DefaultChannelPipeline$HeadContext.channelRead(DefaultChannelPipeline.java:1422)\n\tat io.netty.channel.AbstractChannelHandlerContext.invokeChannelRead(AbstractChannelHandlerContext.java:374)\n\tat io.netty.channel.AbstractChannelHandlerContext.invokeChannelRead(AbstractChannelHandlerContext.java:360)\n\tat io.netty.channel.DefaultChannelPipeline.fireChannelRead(DefaultChannelPipeline.java:931)\n\tat io.netty.channel.nio.AbstractNioByteChannel$NioByteUnsafe.read(AbstractNioByteChannel.java:163)\n\tat io.netty.channel.nio.NioEventLoop.processSelectedKey(NioEventLoop.java:700)\n\tat io.netty.channel.nio.NioEventLoop.processSelectedKeysOptimized(NioEventLoop.java:635)\n\tat io.netty.channel.nio.NioEventLoop.processSelectedKeys(NioEventLoop.java:552)\n\tat io.netty.channel.nio.NioEventLoop.run(NioEventLoop.java:514)\n\tat io.netty.util.concurrent.SingleThreadEventExecutor$6.run(SingleThreadEventExecutor.java:1044)\n\tat io.netty.util.internal.ThreadExecutorMap$2.run(ThreadExecutorMap.java:74)\n\tat io.netty.util.concurrent.FastThreadLocalRunnable.run(FastThreadLocalRunnable.java:30)\n\tat java.lang.Thread.run(Thread.java:1012)\n"}}
Thu Jul 30 09:08:51 UTC 2026 | ALL | 07-30 09:08:51.019  1028  4739 D NetworkMonitor/100: PROBE_HTTP http://connectivitycheck.gstatic.com/generate_204 time=598ms ret=204 request={Connection=[close], User-Agent=[Mozilla/5.0 (X11; Linux x86_64) AppleWebKit/537.36 (KHTML, like Gecko) Chrome/60.0.3112.32 Safari/537.36]} headers={null=[HTTP/1.1 204 No Content], Connection=[close], Content-Length=[0], Cross-Origin-Resource-Policy=[cross-origin], Date=[Thu, 30 Jul 2026 09:08:51 GMT], X-Android-Received-Millis=[1785402531018], X-Android-Response-Source=[NETWORK 204], X-Android-Selected-Protocol=[http/1.1], X-Android-Sent-Millis=[1785402530519]}
Thu Jul 30 09:08:51 UTC 2026 | ALL | 07-30 09:08:51.023  1028  4738 D NetworkMonitor/100: PROBE_HTTPS https://www.google.com/generate_204 time=590ms ret=204 request={Connection=[close], User-Agent=[Mozilla/5.0 (X11; Linux x86_64) AppleWebKit/537.36 (KHTML, like Gecko) Chrome/60.0.3112.32 Safari/537.36]} headers={null=[HTTP/1.1 204 No Content], Alt-Svc=[h3=":443"; ma=2592000,h3-29=":443"; ma=2592000], Connection=[close], Content-Length=[0], Cross-Origin-Resource-Policy=[cross-origin], Date=[Thu, 30 Jul 2026 09:08:51 GMT], X-Android-Received-Millis=[1785402531022], X-Android-Response-Source=[NETWORK 204], X-Android-Selected-Protocol=[http/1.1], X-Android-Sent-Millis=[1785402531019]}
Thu Jul 30 09:08:51 UTC 2026 | ALL | 07-30 09:08:51.023  1028  4737 D NetworkMonitor/100: isCaptivePortal: isSuccessful()=true isPortal()=false RedirectUrl=null isPartialConnectivity()=false Time=612ms
Thu Jul 30 09:08:51 UTC 2026 | ALL | 07-30 09:08:51.024   560   833 D ConnectivityService: [100 WIFI] validation passed
Thu Jul 30 09:08:52 UTC 2026 | ALL | 07-30 09:08:51.037  1226  4594 D TrafficStats: tagSocket(184) with statsTag=0x30000407, statsUid=-1
Thu Jul 30 09:08:52 UTC 2026 | ALL | 07-30 09:08:51.041  1226  4594 I AlarmManager: setExactAndAllowWhileIdle [name: GCM_HB_ALARM type: 2 triggerAtMillis: 1152776]
Thu Jul 30 09:08:52 UTC 2026 | ALL | 07-30 09:08:51.087  1226  4756 I AlarmManager: setExactAndAllowWhileIdle [name: GCM_HB_ALARM type: 2 triggerAtMillis: 1152822]
Thu Jul 30 09:08:52 UTC 2026 | ALL | 07-30 09:08:51.090  1226  4756 I AlarmManager: setExactAndAllowWhileIdle [name: GCM_HB_ALARM type: 2 triggerAtMillis: 1152825]
Thu Jul 30 09:08:52 UTC 2026 | ALL | 07-30 09:08:51.091  1226  2005 I ActivityScheduler: nextTriggerTime: 834390, in 181563ms, detectorType: 39, FULL_TYPE alarmWindowMillis: 80000
Thu Jul 30 09:08:52 UTC 2026 | ALL | 07-30 09:08:51.093  1226  2005 W SystemServiceRegistry: No service published for: wifirtt
Thu Jul 30 09:08:52 UTC 2026 | ALL | 07-30 09:08:51.199  4162  4220 I appium  : channel read: POST /session/0ec58237-84ed-40bd-bf67-28bb2b70cae2/element
Thu Jul 30 09:08:52 UTC 2026 | ALL | 07-30 09:08:51.199  4162  4220 I appium  : FindElement command
Thu Jul 30 09:08:52 UTC 2026 | ALL | 07-30 09:08:51.200  4162  4220 I appium  : method: 'xpath', selector: '//*[contains(@text, 'Dashboard') or contains(@content-desc, 'Dashboard')]'
Thu Jul 30 09:08:52 UTC 2026 | ALL | 07-30 09:08:51.200  4162  4220 I appium  : Waiting up to 10000ms for the device to idle
Thu Jul 30 09:08:52 UTC 2026 | ALL | 07-30 09:08:51.201  4162  4220 I appium  : The following attributes will be included to the page source: [text, content-desc]
Thu Jul 30 09:08:52 UTC 2026 | ALL | 07-30 09:08:51.204  4162  4170 I tomator2.server: Method exceeds compiler instruction limit: 19264 in java_cup.runtime.Symbol org.eclipse.wst.xml.xpath2.processor.internal.CUP$XPathCup$actions.CUP$XPathCup$do_action(int, java_cup.runtime.lr_parser, java.util.Stack, int)
Thu Jul 30 09:08:52 UTC 2026 | ALL | 07-30 09:08:51.213  4162  4220 I appium  : Took 0ms to retrieve 0 matches for '//*[contains(@text, 'Dashboard') or contains(@content-desc, 'Dashboard')]' XPath2 query
Thu Jul 30 09:08:52 UTC 2026 | ALL | 07-30 09:08:51.214  4162  4220 I appium  : AppiumResponse: {"sessionId":"0ec58237-84ed-40bd-bf67-28bb2b70cae2","value":{"error":"no such element","message":"An element could not be located on the page using the given search parameters","stacktrace":"io.appium.uiautomator2.common.exceptions.ElementNotFoundException: An element could not be located on the page using the given search parameters\n\tat io.appium.uiautomator2.utils.ElementLocationHelpers.findElement(ElementLocationHelpers.java:156)\n\tat io.appium.uiautomator2.handler.FindElement.safeHandle(FindElement.java:60)\n\tat io.appium.uiautomator2.handler.request.SafeRequestHandler.handle(SafeRequestHandler.java:59)\n\tat io.appium.uiautomator2.server.AppiumServlet.handleRequest(AppiumServlet.java:259)\n\tat io.appium.uiautomator2.server.AppiumServlet.handleHttpRequest(AppiumServlet.java:253)\n\tat io.appium.uiautomator2.http.ServerHandler.channelRead(ServerHandler.java:77)\n\tat io.netty.channel.AbstractChannelHandlerContext.invokeChannelRead(AbstractChannelHandlerContext.java:374)\n\tat io.netty.channel.AbstractChannelHandlerContext.invokeChannelRead(AbstractChannelHandlerContext.java:360)\n\tat io.netty.channel.AbstractChannelHandlerContext.fireChannelRead(AbstractChannelHandlerContext.java:352)\n\tat io.netty.handler.codec.MessageToMessageDecoder.channelRead(MessageToMessageDecoder.java:102)\n\tat io.netty.channel.AbstractChannelHandlerContext.invokeChannelRead(AbstractChannelHandlerContext.java:374)\n\tat io.netty.channel.AbstractChannelHandlerContext.invokeChannelRead(AbstractChannelHandlerContext.java:360)\n\tat io.netty.channel.AbstractChannelHandlerContext.fireChannelRead(AbstractChannelHandlerContext.java:352)\n\tat io.netty.channel.CombinedChannelDuplexHandler$DelegatingChannelHandlerContext.fireChannelRead(CombinedChannelDuplexHandler.java:438)\n\tat io.netty.handler.codec.ByteToMessageDecoder.fireChannelRead(ByteToMessageDecoder.java:328)\n\tat io.netty.handler.codec.ByteToMessageDecoder.channelRead(ByteToMessageDecoder.java:302)\n\tat io.netty.channel.CombinedChannelDuplexHandler.channelRead(CombinedChannelDuplexHandler.java:253)\n\tat io.netty.channel.AbstractChannelHandlerContext.invokeChannelRead(AbstractChannelHandlerContext.java:374)\n\tat io.netty.channel.AbstractChannelHandlerContext.invokeChannelRead(AbstractChannelHandlerContext.java:360)\n\tat io.netty.channel.AbstractChannelHandlerContext.fireChannelRead(AbstractChannelHandlerContext.java:352)\n\tat io.netty.handler.timeout.IdleStateHandler.channelRead(IdleStateHandler.java:287)\n\tat io.netty.channel.AbstractChannelHandlerContext.invokeChannelRead(AbstractChannelHandlerContext.java:374)\n\tat io.netty.channel.AbstractChannelHandlerContext.invokeChannelRead(AbstractChannelHandlerContext.java:360)\n\tat io.netty.channel.AbstractChannelHandlerContext.fireChannelRead(AbstractChannelHandlerContext.java:352)\n\tat io.netty.channel.DefaultChannelPipeline$HeadContext.channelRead(DefaultChannelPipeline.java:1422)\n\tat io.netty.channel.AbstractChannelHandlerContext.invokeChannelRead(AbstractChannelHandlerContext.java:374)\n\tat io.netty.channel.AbstractChannelHandlerContext.invokeChannelRead(AbstractChannelHandlerContext.java:360)\n\tat io.netty.channel.DefaultChannelPipeline.fireChannelRead(DefaultChannelPipeline.java:931)\n\tat io.netty.channel.nio.AbstractNioByteChannel$NioByteUnsafe.read(AbstractNioByteChannel.java:163)\n\tat io.netty.channel.nio.NioEventLoop.processSelectedKey(NioEventLoop.java:700)\n\tat io.netty.channel.nio.NioEventLoop.processSelectedKeysOptimized(NioEventLoop.java:635)\n\tat io.netty.channel.nio.NioEventLoop.processSelectedKeys(NioEventLoop.java:552)\n\tat io.netty.channel.nio.NioEventLoop.run(NioEventLoop.java:514)\n\tat io.netty.util.concurrent.SingleThreadEventExecutor$6.run(SingleThreadEventExecutor.java:1044)\n\tat io.netty.util.internal.ThreadExecutorMap$2.run(ThreadExecutorMap.java:74)\n\tat io.netty.util.concurrent.FastThreadLocalRunnable.run(FastThreadLocalRunnable.java:30)\n\tat java.lang.Thread.run(Thread.java:1012)\n"}}
Thu Jul 30 09:08:52 UTC 2026 | ALL | 07-30 09:08:51.719  4162  4220 I appium  : channel read: POST /session/0ec58237-84ed-40bd-bf67-28bb2b70cae2/element
Thu Jul 30 09:08:52 UTC 2026 | ALL | 07-30 09:08:51.719  4162  4220 I appium  : FindElement command
Thu Jul 30 09:08:52 UTC 2026 | ALL | 07-30 09:08:51.720  4162  4220 I appium  : method: 'xpath', selector: '//*[contains(@text, 'Dashboard') or contains(@content-desc, 'Dashboard')]'
Thu Jul 30 09:08:52 UTC 2026 | ALL | 07-30 09:08:51.720  4162  4220 I appium  : Waiting up to 10000ms for the device to idle
Thu Jul 30 09:08:52 UTC 2026 | ALL | 07-30 09:08:51.721  4162  4220 I appium  : The following attributes will be included to the page source: [text, content-desc]
Thu Jul 30 09:08:52 UTC 2026 | ALL | 07-30 09:08:51.730  4162  4220 I appium  : Took 0ms to retrieve 0 matches for '//*[contains(@text, 'Dashboard') or contains(@content-desc, 'Dashboard')]' XPath2 query
Thu Jul 30 09:08:52 UTC 2026 | ALL | 07-30 09:08:51.731  4162  4220 I appium  : AppiumResponse: {"sessionId":"0ec58237-84ed-40bd-bf67-28bb2b70cae2","value":{"error":"no such element","message":"An element could not be located on the page using the given search parameters","stacktrace":"io.appium.uiautomator2.common.exceptions.ElementNotFoundException: An element could not be located on the page using the given search parameters\n\tat io.appium.uiautomator2.utils.ElementLocationHelpers.findElement(ElementLocationHelpers.java:156)\n\tat io.appium.uiautomator2.handler.FindElement.safeHandle(FindElement.java:60)\n\tat io.appium.uiautomator2.handler.request.SafeRequestHandler.handle(SafeRequestHandler.java:59)\n\tat io.appium.uiautomator2.server.AppiumServlet.handleRequest(AppiumServlet.java:259)\n\tat io.appium.uiautomator2.server.AppiumServlet.handleHttpRequest(AppiumServlet.java:253)\n\tat io.appium.uiautomator2.http.ServerHandler.channelRead(ServerHandler.java:77)\n\tat io.netty.channel.AbstractChannelHandlerContext.invokeChannelRead(AbstractChannelHandlerContext.java:374)\n\tat io.netty.channel.AbstractChannelHandlerContext.invokeChannelRead(AbstractChannelHandlerContext.java:360)\n\tat io.netty.channel.AbstractChannelHandlerContext.fireChannelRead(AbstractChannelHandlerContext.java:352)\n\tat io.netty.handler.codec.MessageToMessageDecoder.channelRead(MessageToMessageDecoder.java:102)\n\tat io.netty.channel.AbstractChannelHandlerContext.invokeChannelRead(AbstractChannelHandlerContext.java:374)\n\tat io.netty.channel.AbstractChannelHandlerContext.invokeChannelRead(AbstractChannelHandlerContext.java:360)\n\tat io.netty.channel.AbstractChannelHandlerContext.fireChannelRead(AbstractChannelHandlerContext.java:352)\n\tat io.netty.channel.CombinedChannelDuplexHandler$DelegatingChannelHandlerContext.fireChannelRead(CombinedChannelDuplexHandler.java:438)\n\tat io.netty.handler.codec.ByteToMessageDecoder.fireChannelRead(ByteToMessageDecoder.java:328)\n\tat io.netty.handler.codec.ByteToMessageDecoder.channelRead(ByteToMessageDecoder.java:302)\n\tat io.netty.channel.CombinedChannelDuplexHandler.channelRead(CombinedChannelDuplexHandler.java:253)\n\tat io.netty.channel.AbstractChannelHandlerContext.invokeChannelRead(AbstractChannelHandlerContext.java:374)\n\tat io.netty.channel.AbstractChannelHandlerContext.invokeChannelRead(AbstractChannelHandlerContext.java:360)\n\tat io.netty.channel.AbstractChannelHandlerContext.fireChannelRead(AbstractChannelHandlerContext.java:352)\n\tat io.netty.handler.timeout.IdleStateHandler.channelRead(IdleStateHandler.java:287)\n\tat io.netty.channel.AbstractChannelHandlerContext.invokeChannelRead(AbstractChannelHandlerContext.java:374)\n\tat io.netty.channel.AbstractChannelHandlerContext.invokeChannelRead(AbstractChannelHandlerContext.java:360)\n\tat io.netty.channel.AbstractChannelHandlerContext.fireChannelRead(AbstractChannelHandlerContext.java:352)\n\tat io.netty.channel.DefaultChannelPipeline$HeadContext.channelRead(DefaultChannelPipeline.java:1422)\n\tat io.netty.channel.AbstractChannelHandlerContext.invokeChannelRead(AbstractChannelHandlerContext.java:374)\n\tat io.netty.channel.AbstractChannelHandlerContext.invokeChannelRead(AbstractChannelHandlerContext.java:360)\n\tat io.netty.channel.DefaultChannelPipeline.fireChannelRead(DefaultChannelPipeline.java:931)\n\tat io.netty.channel.nio.AbstractNioByteChannel$NioByteUnsafe.read(AbstractNioByteChannel.java:163)\n\tat io.netty.channel.nio.NioEventLoop.processSelectedKey(NioEventLoop.java:700)\n\tat io.netty.channel.nio.NioEventLoop.processSelectedKeysOptimized(NioEventLoop.java:635)\n\tat io.netty.channel.nio.NioEventLoop.processSelectedKeys(NioEventLoop.java:552)\n\tat io.netty.channel.nio.NioEventLoop.run(NioEventLoop.java:514)\n\tat io.netty.util.concurrent.SingleThreadEventExecutor$6.run(SingleThreadEventExecutor.java:1044)\n\tat io.netty.util.internal.ThreadExecutorMap$2.run(ThreadExecutorMap.java:74)\n\tat io.netty.util.concurrent.FastThreadLocalRunnable.run(FastThreadLocalRunnable.java:30)\n\tat java.lang.Thread.run(Thread.java:1012)\n"}}
Thu Jul 30 09:08:52 UTC 2026 | ALL | 07-30 09:08:51.880   560  1623 D WifiNl80211Manager: Scan result ready event
Thu Jul 30 09:08:52 UTC 2026 | ALL | 07-30 09:08:51.880   560  1623 D WifiNative: Scan result ready event
Thu Jul 30 09:08:52 UTC 2026 | ALL | 07-30 09:08:51.883   560   826 I HalDevMgr: bestIfaceCreationProposal is null, requestIface=STA, existingIface=[name=wlan0 type=STA]
Thu Jul 30 09:08:52 UTC 2026 | ALL | 07-30 09:08:51.887  1226  4756 W GLSUser : [DeviceKeyStore] Cannot load key: Device key file not found.
Thu Jul 30 09:08:52 UTC 2026 | ALL | 07-30 09:08:51.889   560  1623 D ActivityManager: sync unfroze 2201 com.google.android.gms.unstable for 6
Thu Jul 30 09:08:52 UTC 2026 | ALL | 07-30 09:08:51.901   560  1623 W ProcessStats: Tracking association SourceState{d67081e com.google.android.gms.persistent/10143 Fgs #7172} whose proc state 3 is better than process ProcessState{29aeeff com.google.android.gms.unstable/10143 pkg=com.google.android.gms} proc state 14 (17 skipped)
Thu Jul 30 09:08:52 UTC 2026 | ALL | 07-30 09:08:51.923  2201  2248 W libc    : Access denied finding property "persist.adb.tls_server.enable"
Thu Jul 30 09:08:52 UTC 2026 | ALL | 07-30 09:08:51.923  2201  2248 W libc    : Access denied finding property "service.adb.tls.port"
Thu Jul 30 09:08:52 UTC 2026 | ALL | 07-30 09:08:51.924   361  4760 I resolv  : GetAddrInfoHandler::run: {100 786532 100 983140 10143 0}
Thu Jul 30 09:08:52 UTC 2026 | ALL | 07-30 09:08:51.925  2201  2248 D TrafficStats: tagSocket(118) with statsTag=0x1809, statsUid=-1
Thu Jul 30 09:08:52 UTC 2026 | ALL | 07-30 09:08:51.927   560  1966 D FileUtils: Rounded bytes from 2593193984 to 4000000000
Thu Jul 30 09:08:52 UTC 2026 | ALL | 07-30 09:08:51.920  2201  2201 W binder:2201_1: type=1400 audit(0.0:100): avc:  denied  { read } for  name="u:object_r:system_adbd_prop:s0" dev="tmpfs" ino=318 scontext=u:r:gmscore_app:s0:c512,c768 tcontext=u:object_r:system_adbd_prop:s0 tclass=file permissive=0 app=com.google.android.gms
Thu Jul 30 09:08:52 UTC 2026 | ALL | 07-30 09:08:51.929  4162  4193 D TrafficStats: tagSocket(6) with statsTag=0xffffffff, statsUid=-1
Thu Jul 30 09:08:52 UTC 2026 | ALL | 07-30 09:08:51.920  2201  2201 W binder:2201_1: type=1400 audit(0.0:101): avc:  denied  { read } for  name="u:object_r:adbd_prop:s0" dev="tmpfs" ino=63 scontext=u:r:gmscore_app:s0:c512,c768 tcontext=u:object_r:adbd_prop:s0 tclass=file permissive=0 app=com.google.android.gms
Thu Jul 30 09:08:52 UTC 2026 | ALL | 07-30 09:08:51.935  1226  4756 W GmsUrlRequestImpl: Content-Type header is overwritten.
Thu Jul 30 09:08:52 UTC 2026 | ALL | 07-30 09:08:51.936   361  4761 I resolv  : GetAddrInfoHandler::run: {100 786532 100 983140 10143 0}
Thu Jul 30 09:08:52 UTC 2026 | ALL | 07-30 09:08:51.936   361  4763 I resolv  : res_nmkquery: (QUERY, IN, A)
Thu Jul 30 09:08:52 UTC 2026 | ALL | 07-30 09:08:51.936   361  4763 I resolv  : resolv_cache_lookup: FOUND IN CACHE entry=0x79bc17138b90
Thu Jul 30 09:08:52 UTC 2026 | ALL | 07-30 09:08:51.937   361  4763 I resolv  : doQuery: rcode=0, ancount=8, return value=168
Thu Jul 30 09:08:52 UTC 2026 | ALL | 07-30 09:08:51.937   361  4762 I resolv  : res_nmkquery: (QUERY, IN, AAAA)
Thu Jul 30 09:08:52 UTC 2026 | ALL | 07-30 09:08:51.937   361  4762 I resolv  : resolv_cache_lookup: FOUND IN CACHE entry=0x79bbb7134150
Thu Jul 30 09:08:52 UTC 2026 | ALL | 07-30 09:08:51.937   361  4762 I resolv  : doQuery: rcode=0, ancount=8, return value=264
Thu Jul 30 09:08:52 UTC 2026 | ALL | 07-30 09:08:51.938  1226  2196 D TrafficStats: tagSocket(227) with statsTag=0x401, statsUid=10143
Thu Jul 30 09:08:53 UTC 2026 | ALL | 07-30 09:08:52.131  1226  4756 W GLSUser : [AppCertManager] Exception while requesting key: 
Thu Jul 30 09:08:53 UTC 2026 | ALL | 07-30 09:08:52.131  1226  4756 W GLSUser : java.util.concurrent.ExecutionException: bpcw: Parse Proto Exception with response code 400
Thu Jul 30 09:08:53 UTC 2026 | ALL | 07-30 09:08:52.131  1226  4756 W GLSUser : 	at etvr.s(:com.google.android.gms@242335041@24.23.35 (190800-646585959):21)
Thu Jul 30 09:08:53 UTC 2026 | ALL | 07-30 09:08:52.131  1226  4756 W GLSUser : 	at etvr.get(:com.google.android.gms@242335041@24.23.35 (190800-646585959):10)
Thu Jul 30 09:08:53 UTC 2026 | ALL | 07-30 09:08:52.131  1226  4756 W GLSUser : 	at yfw.b(:com.google.android.gms@242335041@24.23.35 (190800-646585959):477)
Thu Jul 30 09:08:53 UTC 2026 | ALL | 07-30 09:08:52.131  1226  4756 W GLSUser : 	at yfu.a(:com.google.android.gms@242335041@24.23.35 (190800-646585959):70)
Thu Jul 30 09:08:53 UTC 2026 | ALL | 07-30 09:08:52.131  1226  4756 W GLSUser : 	at yfq.a(:com.google.android.gms@242335041@24.23.35 (190800-646585959):3)
Thu Jul 30 09:08:53 UTC 2026 | ALL | 07-30 09:08:52.131  1226  4756 W GLSUser : 	at yfs.a(:com.google.android.gms@242335041@24.23.35 (190800-646585959):58)
Thu Jul 30 09:08:53 UTC 2026 | ALL | 07-30 09:08:52.131  1226  4756 W GLSUser : 	at yfs.b(:com.google.android.gms@242335041@24.23.35 (190800-646585959):21)
Thu Jul 30 09:08:53 UTC 2026 | ALL | 07-30 09:08:52.131  1226  4756 W GLSUser : 	at anaw.m(:com.google.android.gms@242335041@24.23.35 (190800-646585959):13)
Thu Jul 30 09:08:53 UTC 2026 | ALL | 07-30 09:08:52.131  1226  4756 W GLSUser : 	at anbi.g(:com.google.android.gms@242335041@24.23.35 (190800-646585959):11)
Thu Jul 30 09:08:53 UTC 2026 | ALL | 07-30 09:08:52.131  1226  4756 W GLSUser : 	at efkz.b(:com.google.android.gms@242335041@24.23.35 (190800-646585959):39)
Thu Jul 30 09:08:53 UTC 2026 | ALL | 07-30 09:08:52.131  1226  4756 W GLSUser : 	at efkr.a(:com.google.android.gms@242335041@24.23.35 (190800-646585959):274)
Thu Jul 30 09:08:53 UTC 2026 | ALL | 07-30 09:08:52.131  1226  4756 W GLSUser : 	at ehaz.call(:com.google.android.gms@242335041@24.23.35 (190800-646585959):1026)
Thu Jul 30 09:08:53 UTC 2026 | ALL | 07-30 09:08:52.131  1226  4756 W GLSUser : 	at java.util.concurrent.FutureTask.run(FutureTask.java:264)
Thu Jul 30 09:08:53 UTC 2026 | ALL | 07-30 09:08:52.131  1226  4756 W GLSUser : 	at angs.c(:com.google.android.gms@242335041@24.23.35 (190800-646585959):50)
Thu Jul 30 09:08:53 UTC 2026 | ALL | 07-30 09:08:52.131  1226  4756 W GLSUser : 	at angs.run(:com.google.android.gms@242335041@24.23.35 (190800-646585959):76)
Thu Jul 30 09:08:53 UTC 2026 | ALL | 07-30 09:08:52.131  1226  4756 W GLSUser : 	at java.util.concurrent.ThreadPoolExecutor.runWorker(ThreadPoolExecutor.java:1145)
Thu Jul 30 09:08:53 UTC 2026 | ALL | 07-30 09:08:52.131  1226  4756 W GLSUser : 	at java.util.concurrent.ThreadPoolExecutor$Worker.run(ThreadPoolExecutor.java:644)
Thu Jul 30 09:08:53 UTC 2026 | ALL | 07-30 09:08:52.131  1226  4756 W GLSUser : 	at anmg.run(:com.google.android.gms@242335041@24.23.35 (190800-646585959):8)
Thu Jul 30 09:08:53 UTC 2026 | ALL | 07-30 09:08:52.131  1226  4756 W GLSUser : 	at java.lang.Thread.run(Thread.java:1012)
Thu Jul 30 09:08:53 UTC 2026 | ALL | 07-30 09:08:52.131  1226  4756 W GLSUser : Caused by: bpcw: Parse Proto Exception with response code 400
Thu Jul 30 09:08:53 UTC 2026 | ALL | 07-30 09:08:52.131  1226  4756 W GLSUser : 	at bpdw.b(:com.google.android.gms@242335041@24.23.35 (190800-646585959):80)
Thu Jul 30 09:08:53 UTC 2026 | ALL | 07-30 09:08:52.131  1226  4756 W GLSUser : 	at bpgb.e(:com.google.android.gms@242335041@24.23.35 (190800-646585959):17)
Thu Jul 30 09:08:53 UTC 2026 | ALL | 07-30 09:08:52.131  1226  4756 W GLSUser : 	at bpgp.onSucceeded(:com.google.android.gms@242335041@24.23.35 (190800-646585959):7)
Thu Jul 30 09:08:53 UTC 2026 | ALL | 07-30 09:08:52.131  1226  4756 W GLSUser : 	at m.mw.onSucceeded(:com.google.android.gms.dynamite_cronetdynamite@242335041@24.23.35 (190800-0):3)
Thu Jul 30 09:08:53 UTC 2026 | ALL | 07-30 09:08:52.131  1226  4756 W GLSUser : 	at m.lt.run(:com.google.android.gms.dynamite_cronetdynamite@242335041@24.23.35 (190800-0):25)
Thu Jul 30 09:08:53 UTC 2026 | ALL | 07-30 09:08:52.131  1226  4756 W GLSUser : 	... 6 more
Thu Jul 30 09:08:53 UTC 2026 | ALL | 07-30 09:08:52.131  1226  4756 W GLSUser : Caused by: fkhe: Protocol message contained an invalid tag (zero).
Thu Jul 30 09:08:53 UTC 2026 | ALL | 07-30 09:08:52.131  1226  4756 W GLSUser : 	at fkea.k(:com.google.android.gms@242335041@24.23.35 (190800-646585959):39)
Thu Jul 30 09:08:53 UTC 2026 | ALL | 07-30 09:08:52.131  1226  4756 W GLSUser : 	at fkid.c(:com.google.android.gms@242335041@24.23.35 (190800-646585959):309)
Thu Jul 30 09:08:53 UTC 2026 | ALL | 07-30 09:08:52.131  1226  4756 W GLSUser : 	at fkid.i(:com.google.android.gms@242335041@24.23.35 (190800-646585959):8)
Thu Jul 30 09:08:53 UTC 2026 | ALL | 07-30 09:08:52.131  1226  4756 W GLSUser : 	at fkgi.fe(:com.google.android.gms@242335041@24.23.35 (190800-646585959):25)
Thu Jul 30 09:08:53 UTC 2026 | ALL | 07-30 09:08:52.131  1226  4756 W GLSUser : 	at fkgc.g(:com.google.android.gms@242335041@24.23.35 (190800-646585959):3)
Thu Jul 30 09:08:53 UTC 2026 | ALL | 07-30 09:08:52.131  1226  4756 W GLSUser : 	at fkdw.e(:com.google.android.gms@242335041@24.23.35 (190800-646585959):1)
Thu Jul 30 09:08:53 UTC 2026 | ALL | 07-30 09:08:52.131  1226  4756 W GLSUser : 	at fkdw.d(:com.google.android.gms@242335041@24.23.35 (190800-646585959):3)
Thu Jul 30 09:08:53 UTC 2026 | ALL | 07-30 09:08:52.131  1226  4756 W GLSUser : 	at fkdw.p(:com.google.android.gms@242335041@24.23.35 (190800-646585959):1)
Thu Jul 30 09:08:53 UTC 2026 | ALL | 07-30 09:08:52.131  1226  4756 W GLSUser : 	at bpdw.g(:com.google.android.gms@242335041@24.23.35 (190800-646585959):68)
Thu Jul 30 09:08:53 UTC 2026 | ALL | 07-30 09:08:52.131  1226  4756 W GLSUser : 	at bpdw.b(:com.google.android.gms@242335041@24.23.35 (190800-646585959):11)
Thu Jul 30 09:08:53 UTC 2026 | ALL | 07-30 09:08:52.131  1226  4756 W GLSUser : 	... 10 more
Thu Jul 30 09:08:53 UTC 2026 | ALL | 07-30 09:08:52.132  1226  4756 W GLSUser : [DeviceKeyStore] Cannot load key: Device key file not found.
Thu Jul 30 09:08:53 UTC 2026 | ALL | 07-30 09:08:52.184  1226  4756 W GlsClientGrpc: Voilatile gRPC failure INVALID_ARGUMENT: Application credential header not valid. Please fix the client to pass a valid application credential header. [CONTEXT service_id=6 ]
Thu Jul 30 09:08:53 UTC 2026 | ALL | 07-30 09:08:52.184  1226  4756 W GlsClientGrpc: gbzz: INVALID_ARGUMENT: Application credential header not valid. Please fix the client to pass a valid application credential header.
Thu Jul 30 09:08:53 UTC 2026 | ALL | 07-30 09:08:52.184  1226  4756 W GlsClientGrpc: 	at gbzy.h(:com.google.android.gms@242335041@24.23.35 (190800-646585959):3)
Thu Jul 30 09:08:53 UTC 2026 | ALL | 07-30 09:08:52.184  1226  4756 W GlsClientGrpc: 	at anbi.u(:com.google.android.gms@242335041@24.23.35 (190800-646585959):29)
Thu Jul 30 09:08:53 UTC 2026 | ALL | 07-30 09:08:52.184  1226  4756 W GlsClientGrpc: 	at anbi.g(:com.google.android.gms@242335041@24.23.35 (190800-646585959):97)
Thu Jul 30 09:08:53 UTC 2026 | ALL | 07-30 09:08:52.184  1226  4756 W GlsClientGrpc: 	at efkz.b(:com.google.android.gms@242335041@24.23.35 (190800-646585959):39)
Thu Jul 30 09:08:53 UTC 2026 | ALL | 07-30 09:08:52.184  1226  4756 W GlsClientGrpc: 	at efkr.a(:com.google.android.gms@242335041@24.23.35 (190800-646585959):274)
Thu Jul 30 09:08:53 UTC 2026 | ALL | 07-30 09:08:52.184  1226  4756 W GlsClientGrpc: 	at ehaz.call(:com.google.android.gms@242335041@24.23.35 (190800-646585959):1026)
Thu Jul 30 09:08:53 UTC 2026 | ALL | 07-30 09:08:52.184  1226  4756 W GlsClientGrpc: 	at java.util.concurrent.FutureTask.run(FutureTask.java:264)
Thu Jul 30 09:08:53 UTC 2026 | ALL | 07-30 09:08:52.184  1226  4756 W GlsClientGrpc: 	at angs.c(:com.google.android.gms@242335041@24.23.35 (190800-646585959):50)
Thu Jul 30 09:08:53 UTC 2026 | ALL | 07-30 09:08:52.184  1226  4756 W GlsClientGrpc: 	at angs.run(:com.google.android.gms@242335041@24.23.35 (190800-646585959):76)
Thu Jul 30 09:08:53 UTC 2026 | ALL | 07-30 09:08:52.184  1226  4756 W GlsClientGrpc: 	at java.util.concurrent.ThreadPoolExecutor.runWorker(ThreadPoolExecutor.java:1145)
Thu Jul 30 09:08:53 UTC 2026 | ALL | 07-30 09:08:52.184  1226  4756 W GlsClientGrpc: 	at java.util.concurrent.ThreadPoolExecutor$Worker.run(ThreadPoolExecutor.java:644)
Thu Jul 30 09:08:53 UTC 2026 | ALL | 07-30 09:08:52.184  1226  4756 W GlsClientGrpc: 	at anmg.run(:com.google.android.gms@242335041@24.23.35 (190800-646585959):8)
Thu Jul 30 09:08:53 UTC 2026 | ALL | 07-30 09:08:52.184  1226  4756 W GlsClientGrpc: 	at java.lang.Thread.run(Thread.java:1012)
Thu Jul 30 09:08:53 UTC 2026 | ALL | 07-30 09:08:52.188  1226  2005 I ActivityScheduler: nextTriggerTime: 834390, in 180466ms, detectorType: 39, FULL_TYPE alarmWindowMillis: 80000
Thu Jul 30 09:08:53 UTC 2026 | ALL | 07-30 09:08:52.237  4162  4220 I appium  : channel read: POST /session/0ec58237-84ed-40bd-bf67-28bb2b70cae2/element
Thu Jul 30 09:08:53 UTC 2026 | ALL | 07-30 09:08:52.237  4162  4220 I appium  : FindElement command
Thu Jul 30 09:08:53 UTC 2026 | ALL | 07-30 09:08:52.237  4162  4220 I appium  : method: 'xpath', selector: '//*[contains(@text, 'Dashboard') or contains(@content-desc, 'Dashboard')]'
Thu Jul 30 09:08:53 UTC 2026 | ALL | 07-30 09:08:52.237  4162  4220 I appium  : Waiting up to 10000ms for the device to idle
Thu Jul 30 09:08:53 UTC 2026 | ALL | 07-30 09:08:52.238  4162  4220 I appium  : The following attributes will be included to the page source: [text, content-desc]
Thu Jul 30 09:08:53 UTC 2026 | ALL | 07-30 09:08:52.249  4162  4220 I appium  : Took 0ms to retrieve 0 matches for '//*[contains(@text, 'Dashboard') or contains(@content-desc, 'Dashboard')]' XPath2 query
Thu Jul 30 09:08:53 UTC 2026 | ALL | 07-30 09:08:52.249  4162  4220 I appium  : AppiumResponse: {"sessionId":"0ec58237-84ed-40bd-bf67-28bb2b70cae2","value":{"error":"no such element","message":"An element could not be located on the page using the given search parameters","stacktrace":"io.appium.uiautomator2.common.exceptions.ElementNotFoundException: An element could not be located on the page using the given search parameters\n\tat io.appium.uiautomator2.utils.ElementLocationHelpers.findElement(ElementLocationHelpers.java:156)\n\tat io.appium.uiautomator2.handler.FindElement.safeHandle(FindElement.java:60)\n\tat io.appium.uiautomator2.handler.request.SafeRequestHandler.handle(SafeRequestHandler.java:59)\n\tat io.appium.uiautomator2.server.AppiumServlet.handleRequest(AppiumServlet.java:259)\n\tat io.appium.uiautomator2.server.AppiumServlet.handleHttpRequest(AppiumServlet.java:253)\n\tat io.appium.uiautomator2.http.ServerHandler.channelRead(ServerHandler.java:77)\n\tat io.netty.channel.AbstractChannelHandlerContext.invokeChannelRead(AbstractChannelHandlerContext.java:374)\n\tat io.netty.channel.AbstractChannelHandlerContext.invokeChannelRead(AbstractChannelHandlerContext.java:360)\n\tat io.netty.channel.AbstractChannelHandlerContext.fireChannelRead(AbstractChannelHandlerContext.java:352)\n\tat io.netty.handler.codec.MessageToMessageDecoder.channelRead(MessageToMessageDecoder.java:102)\n\tat io.netty.channel.AbstractChannelHandlerContext.invokeChannelRead(AbstractChannelHandlerContext.java:374)\n\tat io.netty.channel.AbstractChannelHandlerContext.invokeChannelRead(AbstractChannelHandlerContext.java:360)\n\tat io.netty.channel.AbstractChannelHandlerContext.fireChannelRead(AbstractChannelHandlerContext.java:352)\n\tat io.netty.channel.CombinedChannelDuplexHandler$DelegatingChannelHandlerContext.fireChannelRead(CombinedChannelDuplexHandler.java:438)\n\tat io.netty.handler.codec.ByteToMessageDecoder.fireChannelRead(ByteToMessageDecoder.java:328)\n\tat io.netty.handler.codec.ByteToMessageDecoder.channelRead(ByteToMessageDecoder.java:302)\n\tat io.netty.channel.CombinedChannelDuplexHandler.channelRead(CombinedChannelDuplexHandler.java:253)\n\tat io.netty.channel.AbstractChannelHandlerContext.invokeChannelRead(AbstractChannelHandlerContext.java:374)\n\tat io.netty.channel.AbstractChannelHandlerContext.invokeChannelRead(AbstractChannelHandlerContext.java:360)\n\tat io.netty.channel.AbstractChannelHandlerContext.fireChannelRead(AbstractChannelHandlerContext.java:352)\n\tat io.netty.handler.timeout.IdleStateHandler.channelRead(IdleStateHandler.java:287)\n\tat io.netty.channel.AbstractChannelHandlerContext.invokeChannelRead(AbstractChannelHandlerContext.java:374)\n\tat io.netty.channel.AbstractChannelHandlerContext.invokeChannelRead(AbstractChannelHandlerContext.java:360)\n\tat io.netty.channel.AbstractChannelHandlerContext.fireChannelRead(AbstractChannelHandlerContext.java:352)\n\tat io.netty.channel.DefaultChannelPipeline$HeadContext.channelRead(DefaultChannelPipeline.java:1422)\n\tat io.netty.channel.AbstractChannelHandlerContext.invokeChannelRead(AbstractChannelHandlerContext.java:374)\n\tat io.netty.channel.AbstractChannelHandlerContext.invokeChannelRead(AbstractChannelHandlerContext.java:360)\n\tat io.netty.channel.DefaultChannelPipeline.fireChannelRead(DefaultChannelPipeline.java:931)\n\tat io.netty.channel.nio.AbstractNioByteChannel$NioByteUnsafe.read(AbstractNioByteChannel.java:163)\n\tat io.netty.channel.nio.NioEventLoop.processSelectedKey(NioEventLoop.java:700)\n\tat io.netty.channel.nio.NioEventLoop.processSelectedKeysOptimized(NioEventLoop.java:635)\n\tat io.netty.channel.nio.NioEventLoop.processSelectedKeys(NioEventLoop.java:552)\n\tat io.netty.channel.nio.NioEventLoop.run(NioEventLoop.java:514)\n\tat io.netty.util.concurrent.SingleThreadEventExecutor$6.run(SingleThreadEventExecutor.java:1044)\n\tat io.netty.util.internal.ThreadExecutorMap$2.run(ThreadExecutorMap.java:74)\n\tat io.netty.util.concurrent.FastThreadLocalRunnable.run(FastThreadLocalRunnable.java:30)\n\tat java.lang.Thread.run(Thread.java:1012)\n"}}
Thu Jul 30 09:08:53 UTC 2026 | ALL | 07-30 09:08:52.306   560  1964 D WindowManager: captureDisplay
Thu Jul 30 09:08:53 UTC 2026 | ALL | 07-30 09:08:52.313  4162  4195 I appium  : Screenshot broadcast client opened a connection 127.0.0.1:56340
Thu Jul 30 09:08:53 UTC 2026 | ALL | 07-30 09:08:52.414   560  1964 D WindowManager: captureDisplay
Thu Jul 30 09:08:53 UTC 2026 | ALL | 07-30 09:08:52.421  4162  4195 I appium  : Screenshot broadcast client opened a connection 127.0.0.1:56340
Thu Jul 30 09:08:53 UTC 2026 | ALL | 07-30 09:08:52.522  4162  4195 W appium  : Client socket connection not writable. Closing... java.net.SocketException: Broken pipe
Thu Jul 30 09:08:53 UTC 2026 | ALL | 07-30 09:08:52.523   560  1964 D WindowManager: captureDisplay
Thu Jul 30 09:08:53 UTC 2026 | ALL | 07-30 09:08:52.754  4162  4220 I appium  : channel read: POST /session/0ec58237-84ed-40bd-bf67-28bb2b70cae2/element
Thu Jul 30 09:08:53 UTC 2026 | ALL | 07-30 09:08:52.754  4162  4220 I appium  : FindElement command
Thu Jul 30 09:08:53 UTC 2026 | ALL | 07-30 09:08:52.754  4162  4220 I appium  : method: 'xpath', selector: '//*[contains(@text, 'Dashboard') or contains(@content-desc, 'Dashboard')]'
Thu Jul 30 09:08:53 UTC 2026 | ALL | 07-30 09:08:52.754  4162  4220 I appium  : Waiting up to 10000ms for the device to idle
Thu Jul 30 09:08:53 UTC 2026 | ALL | 07-30 09:08:52.755  4162  4220 I appium  : The following attributes will be included to the page source: [text, content-desc]
Thu Jul 30 09:08:53 UTC 2026 | ALL | 07-30 09:08:52.758  4162  4170 I tomator2.server: Method exceeds compiler instruction limit: 19264 in java_cup.runtime.Symbol org.eclipse.wst.xml.xpath2.processor.internal.CUP$XPathCup$actions.CUP$XPathCup$do_action(int, java_cup.runtime.lr_parser, java.util.Stack, int)
Thu Jul 30 09:08:53 UTC 2026 | ALL | 07-30 09:08:52.766  4162  4220 I appium  : Took 0ms to retrieve 0 matches for '//*[contains(@text, 'Dashboard') or contains(@content-desc, 'Dashboard')]' XPath2 query
Thu Jul 30 09:08:53 UTC 2026 | ALL | 07-30 09:08:52.767  4162  4220 I appium  : AppiumResponse: {"sessionId":"0ec58237-84ed-40bd-bf67-28bb2b70cae2","value":{"error":"no such element","message":"An element could not be located on the page using the given search parameters","stacktrace":"io.appium.uiautomator2.common.exceptions.ElementNotFoundException: An element could not be located on the page using the given search parameters\n\tat io.appium.uiautomator2.utils.ElementLocationHelpers.findElement(ElementLocationHelpers.java:156)\n\tat io.appium.uiautomator2.handler.FindElement.safeHandle(FindElement.java:60)\n\tat io.appium.uiautomator2.handler.request.SafeRequestHandler.handle(SafeRequestHandler.java:59)\n\tat io.appium.uiautomator2.server.AppiumServlet.handleRequest(AppiumServlet.java:259)\n\tat io.appium.uiautomator2.server.AppiumServlet.handleHttpRequest(AppiumServlet.java:253)\n\tat io.appium.uiautomator2.http.ServerHandler.channelRead(ServerHandler.java:77)\n\tat io.netty.channel.AbstractChannelHandlerContext.invokeChannelRead(AbstractChannelHandlerContext.java:374)\n\tat io.netty.channel.AbstractChannelHandlerContext.invokeChannelRead(AbstractChannelHandlerContext.java:360)\n\tat io.netty.channel.AbstractChannelHandlerContext.fireChannelRead(AbstractChannelHandlerContext.java:352)\n\tat io.netty.handler.codec.MessageToMessageDecoder.channelRead(MessageToMessageDecoder.java:102)\n\tat io.netty.channel.AbstractChannelHandlerContext.invokeChannelRead(AbstractChannelHandlerContext.java:374)\n\tat io.netty.channel.AbstractChannelHandlerContext.invokeChannelRead(AbstractChannelHandlerContext.java:360)\n\tat io.netty.channel.AbstractChannelHandlerContext.fireChannelRead(AbstractChannelHandlerContext.java:352)\n\tat io.netty.channel.CombinedChannelDuplexHandler$DelegatingChannelHandlerContext.fireChannelRead(CombinedChannelDuplexHandler.java:438)\n\tat io.netty.handler.codec.ByteToMessageDecoder.fireChannelRead(ByteToMessageDecoder.java:328)\n\tat io.netty.handler.codec.ByteToMessageDecoder.channelRead(ByteToMessageDecoder.java:302)\n\tat io.netty.channel.CombinedChannelDuplexHandler.channelRead(CombinedChannelDuplexHandler.java:253)\n\tat io.netty.channel.AbstractChannelHandlerContext.invokeChannelRead(AbstractChannelHandlerContext.java:374)\n\tat io.netty.channel.AbstractChannelHandlerContext.invokeChannelRead(AbstractChannelHandlerContext.java:360)\n\tat io.netty.channel.AbstractChannelHandlerContext.fireChannelRead(AbstractChannelHandlerContext.java:352)\n\tat io.netty.handler.timeout.IdleStateHandler.channelRead(IdleStateHandler.java:287)\n\tat io.netty.channel.AbstractChannelHandlerContext.invokeChannelRead(AbstractChannelHandlerContext.java:374)\n\tat io.netty.channel.AbstractChannelHandlerContext.invokeChannelRead(AbstractChannelHandlerContext.java:360)\n\tat io.netty.channel.AbstractChannelHandlerContext.fireChannelRead(AbstractChannelHandlerContext.java:352)\n\tat io.netty.channel.DefaultChannelPipeline$HeadContext.channelRead(DefaultChannelPipeline.java:1422)\n\tat io.netty.channel.AbstractChannelHandlerContext.invokeChannelRead(AbstractChannelHandlerContext.java:374)\n\tat io.netty.channel.AbstractChannelHandlerContext.invokeChannelRead(AbstractChannelHandlerContext.java:360)\n\tat io.netty.channel.DefaultChannelPipeline.fireChannelRead(DefaultChannelPipeline.java:931)\n\tat io.netty.channel.nio.AbstractNioByteChannel$NioByteUnsafe.read(AbstractNioByteChannel.java:163)\n\tat io.netty.channel.nio.NioEventLoop.processSelectedKey(NioEventLoop.java:700)\n\tat io.netty.channel.nio.NioEventLoop.processSelectedKeysOptimized(NioEventLoop.java:635)\n\tat io.netty.channel.nio.NioEventLoop.processSelectedKeys(NioEventLoop.java:552)\n\tat io.netty.channel.nio.NioEventLoop.run(NioEventLoop.java:514)\n\tat io.netty.util.concurrent.SingleThreadEventExecutor$6.run(SingleThreadEventExecutor.java:1044)\n\tat io.netty.util.internal.ThreadExecutorMap$2.run(ThreadExecutorMap.java:74)\n\tat io.netty.util.concurrent.FastThreadLocalRunnable.run(FastThreadLocalRunnable.java:30)\n\tat java.lang.Thread.run(Thread.java:1012)\n"}}
Thu Jul 30 09:08:53 UTC 2026 | ALL | 07-30 09:08:52.917  4162  4220 I appium  : channel read: POST /session/0ec58237-84ed-40bd-bf67-28bb2b70cae2/element
Thu Jul 30 09:08:53 UTC 2026 | ALL | 07-30 09:08:52.917  4162  4220 I appium  : FindElement command
Thu Jul 30 09:08:53 UTC 2026 | ALL | 07-30 09:08:52.917  4162  4220 I appium  : method: 'xpath', selector: '//*[contains(@text, 'Dashboard') or contains(@content-desc, 'Dashboard')]'
Thu Jul 30 09:08:53 UTC 2026 | ALL | 07-30 09:08:52.917  4162  4220 I appium  : Waiting up to 10000ms for the device to idle
Thu Jul 30 09:08:53 UTC 2026 | ALL | 07-30 09:08:52.919  4162  4220 I appium  : The following attributes will be included to the page source: [text, content-desc]
Thu Jul 30 09:08:53 UTC 2026 | ALL | 07-30 09:08:52.929  4162  4220 I appium  : Took 0ms to retrieve 0 matches for '//*[contains(@text, 'Dashboard') or contains(@content-desc, 'Dashboard')]' XPath2 query
Thu Jul 30 09:08:53 UTC 2026 | ALL | 07-30 09:08:52.930  4162  4220 I appium  : AppiumResponse: {"sessionId":"0ec58237-84ed-40bd-bf67-28bb2b70cae2","value":{"error":"no such element","message":"An element could not be located on the page using the given search parameters","stacktrace":"io.appium.uiautomator2.common.exceptions.ElementNotFoundException: An element could not be located on the page using the given search parameters\n\tat io.appium.uiautomator2.utils.ElementLocationHelpers.findElement(ElementLocationHelpers.java:156)\n\tat io.appium.uiautomator2.handler.FindElement.safeHandle(FindElement.java:60)\n\tat io.appium.uiautomator2.handler.request.SafeRequestHandler.handle(SafeRequestHandler.java:59)\n\tat io.appium.uiautomator2.server.AppiumServlet.handleRequest(AppiumServlet.java:259)\n\tat io.appium.uiautomator2.server.AppiumServlet.handleHttpRequest(AppiumServlet.java:253)\n\tat io.appium.uiautomator2.http.ServerHandler.channelRead(ServerHandler.java:77)\n\tat io.netty.channel.AbstractChannelHandlerContext.invokeChannelRead(AbstractChannelHandlerContext.java:374)\n\tat io.netty.channel.AbstractChannelHandlerContext.invokeChannelRead(AbstractChannelHandlerContext.java:360)\n\tat io.netty.channel.AbstractChannelHandlerContext.fireChannelRead(AbstractChannelHandlerContext.java:352)\n\tat io.netty.handler.codec.MessageToMessageDecoder.channelRead(MessageToMessageDecoder.java:102)\n\tat io.netty.channel.AbstractChannelHandlerContext.invokeChannelRead(AbstractChannelHandlerContext.java:374)\n\tat io.netty.channel.AbstractChannelHandlerContext.invokeChannelRead(AbstractChannelHandlerContext.java:360)\n\tat io.netty.channel.AbstractChannelHandlerContext.fireChannelRead(AbstractChannelHandlerContext.java:352)\n\tat io.netty.channel.CombinedChannelDuplexHandler$DelegatingChannelHandlerContext.fireChannelRead(CombinedChannelDuplexHandler.java:438)\n\tat io.netty.handler.codec.ByteToMessageDecoder.fireChannelRead(ByteToMessageDecoder.java:328)\n\tat io.netty.handler.codec.ByteToMessageDecoder.channelRead(ByteToMessageDecoder.java:302)\n\tat io.netty.channel.CombinedChannelDuplexHandler.channelRead(CombinedChannelDuplexHandler.java:253)\n\tat io.netty.channel.AbstractChannelHandlerContext.invokeChannelRead(AbstractChannelHandlerContext.java:374)\n\tat io.netty.channel.AbstractChannelHandlerContext.invokeChannelRead(AbstractChannelHandlerContext.java:360)\n\tat io.netty.channel.AbstractChannelHandlerContext.fireChannelRead(AbstractChannelHandlerContext.java:352)\n\tat io.netty.handler.timeout.IdleStateHandler.channelRead(IdleStateHandler.java:287)\n\tat io.netty.channel.AbstractChannelHandlerContext.invokeChannelRead(AbstractChannelHandlerContext.java:374)\n\tat io.netty.channel.AbstractChannelHandlerContext.invokeChannelRead(AbstractChannelHandlerContext.java:360)\n\tat io.netty.channel.AbstractChannelHandlerContext.fireChannelRead(AbstractChannelHandlerContext.java:352)\n\tat io.netty.channel.DefaultChannelPipeline$HeadContext.channelRead(DefaultChannelPipeline.java:1422)\n\tat io.netty.channel.AbstractChannelHandlerContext.invokeChannelRead(AbstractChannelHandlerContext.java:374)\n\tat io.netty.channel.AbstractChannelHandlerContext.invokeChannelRead(AbstractChannelHandlerContext.java:360)\n\tat io.netty.channel.DefaultChannelPipeline.fireChannelRead(DefaultChannelPipeline.java:931)\n\tat io.netty.channel.nio.AbstractNioByteChannel$NioByteUnsafe.read(AbstractNioByteChannel.java:163)\n\tat io.netty.channel.nio.NioEventLoop.processSelectedKey(NioEventLoop.java:700)\n\tat io.netty.channel.nio.NioEventLoop.processSelectedKeysOptimized(NioEventLoop.java:635)\n\tat io.netty.channel.nio.NioEventLoop.processSelectedKeys(NioEventLoop.java:552)\n\tat io.netty.channel.nio.NioEventLoop.run(NioEventLoop.java:514)\n\tat io.netty.util.concurrent.SingleThreadEventExecutor$6.run(SingleThreadEventExecutor.java:1044)\n\tat io.netty.util.internal.ThreadExecutorMap$2.run(ThreadExecutorMap.java:74)\n\tat io.netty.util.concurrent.FastThreadLocalRunnable.run(FastThreadLocalRunnable.java:30)\n\tat java.lang.Thread.run(Thread.java:1012)\n"}}
Thu Jul 30 09:08:53 UTC 2026 | ALL | 07-30 09:08:52.938  4162  4220 I appium  : channel read: POST /session/0ec58237-84ed-40bd-bf67-28bb2b70cae2/element
Thu Jul 30 09:08:53 UTC 2026 | ALL | 07-30 09:08:52.939  4162  4220 I appium  : FindElement command
Thu Jul 30 09:08:53 UTC 2026 | ALL | 07-30 09:08:52.939  4162  4220 I appium  : method: 'xpath', selector: '//*[contains(@text, 'Budget') or contains(@content-desc, 'Budget')]'
Thu Jul 30 09:08:53 UTC 2026 | ALL | 07-30 09:08:52.939  4162  4220 I appium  : Waiting up to 10000ms for the device to idle
Thu Jul 30 09:08:53 UTC 2026 | ALL | 07-30 09:08:52.940  4162  4220 I appium  : The following attributes will be included to the page source: [text, content-desc]
Thu Jul 30 09:08:53 UTC 2026 | ALL | 07-30 09:08:52.952  4162  4220 I appium  : Took 0ms to retrieve 0 matches for '//*[contains(@text, 'Budget') or contains(@content-desc, 'Budget')]' XPath2 query
Thu Jul 30 09:08:53 UTC 2026 | ALL | 07-30 09:08:52.953  4162  4220 I appium  : AppiumResponse: {"sessionId":"0ec58237-84ed-40bd-bf67-28bb2b70cae2","value":{"error":"no such element","message":"An element could not be located on the page using the given search parameters","stacktrace":"io.appium.uiautomator2.common.exceptions.ElementNotFoundException: An element could not be located on the page using the given search parameters\n\tat io.appium.uiautomator2.utils.ElementLocationHelpers.findElement(ElementLocationHelpers.java:156)\n\tat io.appium.uiautomator2.handler.FindElement.safeHandle(FindElement.java:60)\n\tat io.appium.uiautomator2.handler.request.SafeRequestHandler.handle(SafeRequestHandler.java:59)\n\tat io.appium.uiautomator2.server.AppiumServlet.handleRequest(AppiumServlet.java:259)\n\tat io.appium.uiautomator2.server.AppiumServlet.handleHttpRequest(AppiumServlet.java:253)\n\tat io.appium.uiautomator2.http.ServerHandler.channelRead(ServerHandler.java:77)\n\tat io.netty.channel.AbstractChannelHandlerContext.invokeChannelRead(AbstractChannelHandlerContext.java:374)\n\tat io.netty.channel.AbstractChannelHandlerContext.invokeChannelRead(AbstractChannelHandlerContext.java:360)\n\tat io.netty.channel.AbstractChannelHandlerContext.fireChannelRead(AbstractChannelHandlerContext.java:352)\n\tat io.netty.handler.codec.MessageToMessageDecoder.channelRead(MessageToMessageDecoder.java:102)\n\tat io.netty.channel.AbstractChannelHandlerContext.invokeChannelRead(AbstractChannelHandlerContext.java:374)\n\tat io.netty.channel.AbstractChannelHandlerContext.invokeChannelRead(AbstractChannelHandlerContext.java:360)\n\tat io.netty.channel.AbstractChannelHandlerContext.fireChannelRead(AbstractChannelHandlerContext.java:352)\n\tat io.netty.channel.CombinedChannelDuplexHandler$DelegatingChannelHandlerContext.fireChannelRead(CombinedChannelDuplexHandler.java:438)\n\tat io.netty.handler.codec.ByteToMessageDecoder.fireChannelRead(ByteToMessageDecoder.java:328)\n\tat io.netty.handler.codec.ByteToMessageDecoder.channelRead(ByteToMessageDecoder.java:302)\n\tat io.netty.channel.CombinedChannelDuplexHandler.channelRead(CombinedChannelDuplexHandler.java:253)\n\tat io.netty.channel.AbstractChannelHandlerContext.invokeChannelRead(AbstractChannelHandlerContext.java:374)\n\tat io.netty.channel.AbstractChannelHandlerContext.invokeChannelRead(AbstractChannelHandlerContext.java:360)\n\tat io.netty.channel.AbstractChannelHandlerContext.fireChannelRead(AbstractChannelHandlerContext.java:352)\n\tat io.netty.handler.timeout.IdleStateHandler.channelRead(IdleStateHandler.java:287)\n\tat io.netty.channel.AbstractChannelHandlerContext.invokeChannelRead(AbstractChannelHandlerContext.java:374)\n\tat io.netty.channel.AbstractChannelHandlerContext.invokeChannelRead(AbstractChannelHandlerContext.java:360)\n\tat io.netty.channel.AbstractChannelHandlerContext.fireChannelRead(AbstractChannelHandlerContext.java:352)\n\tat io.netty.channel.DefaultChannelPipeline$HeadContext.channelRead(DefaultChannelPipeline.java:1422)\n\tat io.netty.channel.AbstractChannelHandlerContext.invokeChannelRead(AbstractChannelHandlerContext.java:374)\n\tat io.netty.channel.AbstractChannelHandlerContext.invokeChannelRead(AbstractChannelHandlerContext.java:360)\n\tat io.netty.channel.DefaultChannelPipeline.fireChannelRead(DefaultChannelPipeline.java:931)\n\tat io.netty.channel.nio.AbstractNioByteChannel$NioByteUnsafe.read(AbstractNioByteChannel.java:163)\n\tat io.netty.channel.nio.NioEventLoop.processSelectedKey(NioEventLoop.java:700)\n\tat io.netty.channel.nio.NioEventLoop.processSelectedKeysOptimized(NioEventLoop.java:635)\n\tat io.netty.channel.nio.NioEventLoop.processSelectedKeys(NioEventLoop.java:552)\n\tat io.netty.channel.nio.NioEventLoop.run(NioEventLoop.java:514)\n\tat io.netty.util.concurrent.SingleThreadEventExecutor$6.run(SingleThreadEventExecutor.java:1044)\n\tat io.netty.util.internal.ThreadExecutorMap$2.run(ThreadExecutorMap.java:74)\n\tat io.netty.util.concurrent.FastThreadLocalRunnable.run(FastThreadLocalRunnable.java:30)\n\tat java.lang.Thread.run(Thread.java:1012)\n"}}
Thu Jul 30 09:08:54 UTC 2026 | ALL | 07-30 09:08:53.457  4162  4220 I appium  : channel read: POST /session/0ec58237-84ed-40bd-bf67-28bb2b70cae2/element
Thu Jul 30 09:08:54 UTC 2026 | ALL | 07-30 09:08:53.457  4162  4220 I appium  : FindElement command
Thu Jul 30 09:08:54 UTC 2026 | ALL | 07-30 09:08:53.458  4162  4220 I appium  : method: 'xpath', selector: '//*[contains(@text, 'Budget') or contains(@content-desc, 'Budget')]'
Thu Jul 30 09:08:54 UTC 2026 | ALL | 07-30 09:08:53.458  4162  4220 I appium  : Waiting up to 10000ms for the device to idle
Thu Jul 30 09:08:54 UTC 2026 | ALL | 07-30 09:08:53.459  4162  4220 I appium  : The following attributes will be included to the page source: [text, content-desc]
Thu Jul 30 09:08:54 UTC 2026 | ALL | 07-30 09:08:53.462  4162  4170 I tomator2.server: Method exceeds compiler instruction limit: 19264 in java_cup.runtime.Symbol org.eclipse.wst.xml.xpath2.processor.internal.CUP$XPathCup$actions.CUP$XPathCup$do_action(int, java_cup.runtime.lr_parser, java.util.Stack, int)
Thu Jul 30 09:08:54 UTC 2026 | ALL | 07-30 09:08:53.467  4162  4220 I appium  : Took 0ms to retrieve 0 matches for '//*[contains(@text, 'Budget') or contains(@content-desc, 'Budget')]' XPath2 query
Thu Jul 30 09:08:54 UTC 2026 | ALL | 07-30 09:08:53.468  4162  4220 I appium  : AppiumResponse: {"sessionId":"0ec58237-84ed-40bd-bf67-28bb2b70cae2","value":{"error":"no such element","message":"An element could not be located on the page using the given search parameters","stacktrace":"io.appium.uiautomator2.common.exceptions.ElementNotFoundException: An element could not be located on the page using the given search parameters\n\tat io.appium.uiautomator2.utils.ElementLocationHelpers.findElement(ElementLocationHelpers.java:156)\n\tat io.appium.uiautomator2.handler.FindElement.safeHandle(FindElement.java:60)\n\tat io.appium.uiautomator2.handler.request.SafeRequestHandler.handle(SafeRequestHandler.java:59)\n\tat io.appium.uiautomator2.server.AppiumServlet.handleRequest(AppiumServlet.java:259)\n\tat io.appium.uiautomator2.server.AppiumServlet.handleHttpRequest(AppiumServlet.java:253)\n\tat io.appium.uiautomator2.http.ServerHandler.channelRead(ServerHandler.java:77)\n\tat io.netty.channel.AbstractChannelHandlerContext.invokeChannelRead(AbstractChannelHandlerContext.java:374)\n\tat io.netty.channel.AbstractChannelHandlerContext.invokeChannelRead(AbstractChannelHandlerContext.java:360)\n\tat io.netty.channel.AbstractChannelHandlerContext.fireChannelRead(AbstractChannelHandlerContext.java:352)\n\tat io.netty.handler.codec.MessageToMessageDecoder.channelRead(MessageToMessageDecoder.java:102)\n\tat io.netty.channel.AbstractChannelHandlerContext.invokeChannelRead(AbstractChannelHandlerContext.java:374)\n\tat io.netty.channel.AbstractChannelHandlerContext.invokeChannelRead(AbstractChannelHandlerContext.java:360)\n\tat io.netty.channel.AbstractChannelHandlerContext.fireChannelRead(AbstractChannelHandlerContext.java:352)\n\tat io.netty.channel.CombinedChannelDuplexHandler$DelegatingChannelHandlerContext.fireChannelRead(CombinedChannelDuplexHandler.java:438)\n\tat io.netty.handler.codec.ByteToMessageDecoder.fireChannelRead(ByteToMessageDecoder.java:328)\n\tat io.netty.handler.codec.ByteToMessageDecoder.channelRead(ByteToMessageDecoder.java:302)\n\tat io.netty.channel.CombinedChannelDuplexHandler.channelRead(CombinedChannelDuplexHandler.java:253)\n\tat io.netty.channel.AbstractChannelHandlerContext.invokeChannelRead(AbstractChannelHandlerContext.java:374)\n\tat io.netty.channel.AbstractChannelHandlerContext.invokeChannelRead(AbstractChannelHandlerContext.java:360)\n\tat io.netty.channel.AbstractChannelHandlerContext.fireChannelRead(AbstractChannelHandlerContext.java:352)\n\tat io.netty.handler.timeout.IdleStateHandler.channelRead(IdleStateHandler.java:287)\n\tat io.netty.channel.AbstractChannelHandlerContext.invokeChannelRead(AbstractChannelHandlerContext.java:374)\n\tat io.netty.channel.AbstractChannelHandlerContext.invokeChannelRead(AbstractChannelHandlerContext.java:360)\n\tat io.netty.channel.AbstractChannelHandlerContext.fireChannelRead(AbstractChannelHandlerContext.java:352)\n\tat io.netty.channel.DefaultChannelPipeline$HeadContext.channelRead(DefaultChannelPipeline.java:1422)\n\tat io.netty.channel.AbstractChannelHandlerContext.invokeChannelRead(AbstractChannelHandlerContext.java:374)\n\tat io.netty.channel.AbstractChannelHandlerContext.invokeChannelRead(AbstractChannelHandlerContext.java:360)\n\tat io.netty.channel.DefaultChannelPipeline.fireChannelRead(DefaultChannelPipeline.java:931)\n\tat io.netty.channel.nio.AbstractNioByteChannel$NioByteUnsafe.read(AbstractNioByteChannel.java:163)\n\tat io.netty.channel.nio.NioEventLoop.processSelectedKey(NioEventLoop.java:700)\n\tat io.netty.channel.nio.NioEventLoop.processSelectedKeysOptimized(NioEventLoop.java:635)\n\tat io.netty.channel.nio.NioEventLoop.processSelectedKeys(NioEventLoop.java:552)\n\tat io.netty.channel.nio.NioEventLoop.run(NioEventLoop.java:514)\n\tat io.netty.util.concurrent.SingleThreadEventExecutor$6.run(SingleThreadEventExecutor.java:1044)\n\tat io.netty.util.internal.ThreadExecutorMap$2.run(ThreadExecutorMap.java:74)\n\tat io.netty.util.concurrent.FastThreadLocalRunnable.run(FastThreadLocalRunnable.java:30)\n\tat java.lang.Thread.run(Thread.java:1012)\n"}}
Thu Jul 30 09:08:54 UTC 2026 | ALL | 07-30 09:08:53.971  4162  4220 I appium  : channel read: POST /session/0ec58237-84ed-40bd-bf67-28bb2b70cae2/element
Thu Jul 30 09:08:54 UTC 2026 | ALL | 07-30 09:08:53.972  4162  4220 I appium  : FindElement command
Thu Jul 30 09:08:54 UTC 2026 | ALL | 07-30 09:08:53.972  4162  4220 I appium  : method: 'xpath', selector: '//*[contains(@text, 'Budget') or contains(@content-desc, 'Budget')]'
Thu Jul 30 09:08:54 UTC 2026 | ALL | 07-30 09:08:53.972  4162  4220 I appium  : Waiting up to 10000ms for the device to idle
Thu Jul 30 09:08:54 UTC 2026 | ALL | 07-30 09:08:53.973  4162  4220 I appium  : The following attributes will be included to the page source: [text, content-desc]
Thu Jul 30 09:08:54 UTC 2026 | ALL | 07-30 09:08:53.981  4162  4220 I appium  : Took 0ms to retrieve 0 matches for '//*[contains(@text, 'Budget') or contains(@content-desc, 'Budget')]' XPath2 query
Thu Jul 30 09:08:54 UTC 2026 | ALL | 07-30 09:08:53.982  4162  4220 I appium  : AppiumResponse: {"sessionId":"0ec58237-84ed-40bd-bf67-28bb2b70cae2","value":{"error":"no such element","message":"An element could not be located on the page using the given search parameters","stacktrace":"io.appium.uiautomator2.common.exceptions.ElementNotFoundException: An element could not be located on the page using the given search parameters\n\tat io.appium.uiautomator2.utils.ElementLocationHelpers.findElement(ElementLocationHelpers.java:156)\n\tat io.appium.uiautomator2.handler.FindElement.safeHandle(FindElement.java:60)\n\tat io.appium.uiautomator2.handler.request.SafeRequestHandler.handle(SafeRequestHandler.java:59)\n\tat io.appium.uiautomator2.server.AppiumServlet.handleRequest(AppiumServlet.java:259)\n\tat io.appium.uiautomator2.server.AppiumServlet.handleHttpRequest(AppiumServlet.java:253)\n\tat io.appium.uiautomator2.http.ServerHandler.channelRead(ServerHandler.java:77)\n\tat io.netty.channel.AbstractChannelHandlerContext.invokeChannelRead(AbstractChannelHandlerContext.java:374)\n\tat io.netty.channel.AbstractChannelHandlerContext.invokeChannelRead(AbstractChannelHandlerContext.java:360)\n\tat io.netty.channel.AbstractChannelHandlerContext.fireChannelRead(AbstractChannelHandlerContext.java:352)\n\tat io.netty.handler.codec.MessageToMessageDecoder.channelRead(MessageToMessageDecoder.java:102)\n\tat io.netty.channel.AbstractChannelHandlerContext.invokeChannelRead(AbstractChannelHandlerContext.java:374)\n\tat io.netty.channel.AbstractChannelHandlerContext.invokeChannelRead(AbstractChannelHandlerContext.java:360)\n\tat io.netty.channel.AbstractChannelHandlerContext.fireChannelRead(AbstractChannelHandlerContext.java:352)\n\tat io.netty.channel.CombinedChannelDuplexHandler$DelegatingChannelHandlerContext.fireChannelRead(CombinedChannelDuplexHandler.java:438)\n\tat io.netty.handler.codec.ByteToMessageDecoder.fireChannelRead(ByteToMessageDecoder.java:328)\n\tat io.netty.handler.codec.ByteToMessageDecoder.channelRead(ByteToMessageDecoder.java:302)\n\tat io.netty.channel.CombinedChannelDuplexHandler.channelRead(CombinedChannelDuplexHandler.java:253)\n\tat io.netty.channel.AbstractChannelHandlerContext.invokeChannelRead(AbstractChannelHandlerContext.java:374)\n\tat io.netty.channel.AbstractChannelHandlerContext.invokeChannelRead(AbstractChannelHandlerContext.java:360)\n\tat io.netty.channel.AbstractChannelHandlerContext.fireChannelRead(AbstractChannelHandlerContext.java:352)\n\tat io.netty.handler.timeout.IdleStateHandler.channelRead(IdleStateHandler.java:287)\n\tat io.netty.channel.AbstractChannelHandlerContext.invokeChannelRead(AbstractChannelHandlerContext.java:374)\n\tat io.netty.channel.AbstractChannelHandlerContext.invokeChannelRead(AbstractChannelHandlerContext.java:360)\n\tat io.netty.channel.AbstractChannelHandlerContext.fireChannelRead(AbstractChannelHandlerContext.java:352)\n\tat io.netty.channel.DefaultChannelPipeline$HeadContext.channelRead(DefaultChannelPipeline.java:1422)\n\tat io.netty.channel.AbstractChannelHandlerContext.invokeChannelRead(AbstractChannelHandlerContext.java:374)\n\tat io.netty.channel.AbstractChannelHandlerContext.invokeChannelRead(AbstractChannelHandlerContext.java:360)\n\tat io.netty.channel.DefaultChannelPipeline.fireChannelRead(DefaultChannelPipeline.java:931)\n\tat io.netty.channel.nio.AbstractNioByteChannel$NioByteUnsafe.read(AbstractNioByteChannel.java:163)\n\tat io.netty.channel.nio.NioEventLoop.processSelectedKey(NioEventLoop.java:700)\n\tat io.netty.channel.nio.NioEventLoop.processSelectedKeysOptimized(NioEventLoop.java:635)\n\tat io.netty.channel.nio.NioEventLoop.processSelectedKeys(NioEventLoop.java:552)\n\tat io.netty.channel.nio.NioEventLoop.run(NioEventLoop.java:514)\n\tat io.netty.util.concurrent.SingleThreadEventExecutor$6.run(SingleThreadEventExecutor.java:1044)\n\tat io.netty.util.internal.ThreadExecutorMap$2.run(ThreadExecutorMap.java:74)\n\tat io.netty.util.concurrent.FastThreadLocalRunnable.run(FastThreadLocalRunnable.java:30)\n\tat java.lang.Thread.run(Thread.java:1012)\n"}}
Thu Jul 30 09:08:55 UTC 2026 | ALL | 07-30 09:08:54.487  4162  4220 I appium  : channel read: POST /session/0ec58237-84ed-40bd-bf67-28bb2b70cae2/element
Thu Jul 30 09:08:55 UTC 2026 | ALL | 07-30 09:08:54.487  4162  4220 I appium  : FindElement command
Thu Jul 30 09:08:55 UTC 2026 | ALL | 07-30 09:08:54.488  4162  4220 I appium  : method: 'xpath', selector: '//*[contains(@text, 'Budget') or contains(@content-desc, 'Budget')]'
Thu Jul 30 09:08:55 UTC 2026 | ALL | 07-30 09:08:54.488  4162  4220 I appium  : Waiting up to 10000ms for the device to idle
Thu Jul 30 09:08:55 UTC 2026 | ALL | 07-30 09:08:54.489  4162  4220 I appium  : The following attributes will be included to the page source: [text, content-desc]
Thu Jul 30 09:08:55 UTC 2026 | ALL | 07-30 09:08:54.497  4162  4220 I appium  : Took 0ms to retrieve 0 matches for '//*[contains(@text, 'Budget') or contains(@content-desc, 'Budget')]' XPath2 query
Thu Jul 30 09:08:55 UTC 2026 | ALL | 07-30 09:08:54.498  4162  4220 I appium  : AppiumResponse: {"sessionId":"0ec58237-84ed-40bd-bf67-28bb2b70cae2","value":{"error":"no such element","message":"An element could not be located on the page using the given search parameters","stacktrace":"io.appium.uiautomator2.common.exceptions.ElementNotFoundException: An element could not be located on the page using the given search parameters\n\tat io.appium.uiautomator2.utils.ElementLocationHelpers.findElement(ElementLocationHelpers.java:156)\n\tat io.appium.uiautomator2.handler.FindElement.safeHandle(FindElement.java:60)\n\tat io.appium.uiautomator2.handler.request.SafeRequestHandler.handle(SafeRequestHandler.java:59)\n\tat io.appium.uiautomator2.server.AppiumServlet.handleRequest(AppiumServlet.java:259)\n\tat io.appium.uiautomator2.server.AppiumServlet.handleHttpRequest(AppiumServlet.java:253)\n\tat io.appium.uiautomator2.http.ServerHandler.channelRead(ServerHandler.java:77)\n\tat io.netty.channel.AbstractChannelHandlerContext.invokeChannelRead(AbstractChannelHandlerContext.java:374)\n\tat io.netty.channel.AbstractChannelHandlerContext.invokeChannelRead(AbstractChannelHandlerContext.java:360)\n\tat io.netty.channel.AbstractChannelHandlerContext.fireChannelRead(AbstractChannelHandlerContext.java:352)\n\tat io.netty.handler.codec.MessageToMessageDecoder.channelRead(MessageToMessageDecoder.java:102)\n\tat io.netty.channel.AbstractChannelHandlerContext.invokeChannelRead(AbstractChannelHandlerContext.java:374)\n\tat io.netty.channel.AbstractChannelHandlerContext.invokeChannelRead(AbstractChannelHandlerContext.java:360)\n\tat io.netty.channel.AbstractChannelHandlerContext.fireChannelRead(AbstractChannelHandlerContext.java:352)\n\tat io.netty.channel.CombinedChannelDuplexHandler$DelegatingChannelHandlerContext.fireChannelRead(CombinedChannelDuplexHandler.java:438)\n\tat io.netty.handler.codec.ByteToMessageDecoder.fireChannelRead(ByteToMessageDecoder.java:328)\n\tat io.netty.handler.codec.ByteToMessageDecoder.channelRead(ByteToMessageDecoder.java:302)\n\tat io.netty.channel.CombinedChannelDuplexHandler.channelRead(CombinedChannelDuplexHandler.java:253)\n\tat io.netty.channel.AbstractChannelHandlerContext.invokeChannelRead(AbstractChannelHandlerContext.java:374)\n\tat io.netty.channel.AbstractChannelHandlerContext.invokeChannelRead(AbstractChannelHandlerContext.java:360)\n\tat io.netty.channel.AbstractChannelHandlerContext.fireChannelRead(AbstractChannelHandlerContext.java:352)\n\tat io.netty.handler.timeout.IdleStateHandler.channelRead(IdleStateHandler.java:287)\n\tat io.netty.channel.AbstractChannelHandlerContext.invokeChannelRead(AbstractChannelHandlerContext.java:374)\n\tat io.netty.channel.AbstractChannelHandlerContext.invokeChannelRead(AbstractChannelHandlerContext.java:360)\n\tat io.netty.channel.AbstractChannelHandlerContext.fireChannelRead(AbstractChannelHandlerContext.java:352)\n\tat io.netty.channel.DefaultChannelPipeline$HeadContext.channelRead(DefaultChannelPipeline.java:1422)\n\tat io.netty.channel.AbstractChannelHandlerContext.invokeChannelRead(AbstractChannelHandlerContext.java:374)\n\tat io.netty.channel.AbstractChannelHandlerContext.invokeChannelRead(AbstractChannelHandlerContext.java:360)\n\tat io.netty.channel.DefaultChannelPipeline.fireChannelRead(DefaultChannelPipeline.java:931)\n\tat io.netty.channel.nio.AbstractNioByteChannel$NioByteUnsafe.read(AbstractNioByteChannel.java:163)\n\tat io.netty.channel.nio.NioEventLoop.processSelectedKey(NioEventLoop.java:700)\n\tat io.netty.channel.nio.NioEventLoop.processSelectedKeysOptimized(NioEventLoop.java:635)\n\tat io.netty.channel.nio.NioEventLoop.processSelectedKeys(NioEventLoop.java:552)\n\tat io.netty.channel.nio.NioEventLoop.run(NioEventLoop.java:514)\n\tat io.netty.util.concurrent.SingleThreadEventExecutor$6.run(SingleThreadEventExecutor.java:1044)\n\tat io.netty.util.internal.ThreadExecutorMap$2.run(ThreadExecutorMap.java:74)\n\tat io.netty.util.concurrent.FastThreadLocalRunnable.run(FastThreadLocalRunnable.java:30)\n\tat java.lang.Thread.run(Thread.java:1012)\n"}}
Thu Jul 30 09:08:55 UTC 2026 | ALL | 07-30 09:08:55.001  4162  4220 I appium  : channel read: POST /session/0ec58237-84ed-40bd-bf67-28bb2b70cae2/element
Thu Jul 30 09:08:55 UTC 2026 | ALL | 07-30 09:08:55.002  4162  4220 I appium  : FindElement command
Thu Jul 30 09:08:55 UTC 2026 | ALL | 07-30 09:08:55.002  4162  4220 I appium  : method: 'xpath', selector: '//*[contains(@text, 'Budget') or contains(@content-desc, 'Budget')]'
Thu Jul 30 09:08:55 UTC 2026 | ALL | 07-30 09:08:55.002  4162  4220 I appium  : Waiting up to 10000ms for the device to idle
Thu Jul 30 09:08:55 UTC 2026 | ALL | 07-30 09:08:55.003  4162  4220 I appium  : The following attributes will be included to the page source: [text, content-desc]
Thu Jul 30 09:08:55 UTC 2026 | ALL | 07-30 09:08:55.006  4162  4170 I tomator2.server: Method exceeds compiler instruction limit: 19264 in java_cup.runtime.Symbol org.eclipse.wst.xml.xpath2.processor.internal.CUP$XPathCup$actions.CUP$XPathCup$do_action(int, java_cup.runtime.lr_parser, java.util.Stack, int)
Thu Jul 30 09:08:55 UTC 2026 | ALL | 07-30 09:08:55.012  4162  4220 I appium  : Took 0ms to retrieve 0 matches for '//*[contains(@text, 'Budget') or contains(@content-desc, 'Budget')]' XPath2 query
Thu Jul 30 09:08:55 UTC 2026 | ALL | 07-30 09:08:55.013  4162  4220 I appium  : AppiumResponse: {"sessionId":"0ec58237-84ed-40bd-bf67-28bb2b70cae2","value":{"error":"no such element","message":"An element could not be located on the page using the given search parameters","stacktrace":"io.appium.uiautomator2.common.exceptions.ElementNotFoundException: An element could not be located on the page using the given search parameters\n\tat io.appium.uiautomator2.utils.ElementLocationHelpers.findElement(ElementLocationHelpers.java:156)\n\tat io.appium.uiautomator2.handler.FindElement.safeHandle(FindElement.java:60)\n\tat io.appium.uiautomator2.handler.request.SafeRequestHandler.handle(SafeRequestHandler.java:59)\n\tat io.appium.uiautomator2.server.AppiumServlet.handleRequest(AppiumServlet.java:259)\n\tat io.appium.uiautomator2.server.AppiumServlet.handleHttpRequest(AppiumServlet.java:253)\n\tat io.appium.uiautomator2.http.ServerHandler.channelRead(ServerHandler.java:77)\n\tat io.netty.channel.AbstractChannelHandlerContext.invokeChannelRead(AbstractChannelHandlerContext.java:374)\n\tat io.netty.channel.AbstractChannelHandlerContext.invokeChannelRead(AbstractChannelHandlerContext.java:360)\n\tat io.netty.channel.AbstractChannelHandlerContext.fireChannelRead(AbstractChannelHandlerContext.java:352)\n\tat io.netty.handler.codec.MessageToMessageDecoder.channelRead(MessageToMessageDecoder.java:102)\n\tat io.netty.channel.AbstractChannelHandlerContext.invokeChannelRead(AbstractChannelHandlerContext.java:374)\n\tat io.netty.channel.AbstractChannelHandlerContext.invokeChannelRead(AbstractChannelHandlerContext.java:360)\n\tat io.netty.channel.AbstractChannelHandlerContext.fireChannelRead(AbstractChannelHandlerContext.java:352)\n\tat io.netty.channel.CombinedChannelDuplexHandler$DelegatingChannelHandlerContext.fireChannelRead(CombinedChannelDuplexHandler.java:438)\n\tat io.netty.handler.codec.ByteToMessageDecoder.fireChannelRead(ByteToMessageDecoder.java:328)\n\tat io.netty.handler.codec.ByteToMessageDecoder.channelRead(ByteToMessageDecoder.java:302)\n\tat io.netty.channel.CombinedChannelDuplexHandler.channelRead(CombinedChannelDuplexHandler.java:253)\n\tat io.netty.channel.AbstractChannelHandlerContext.invokeChannelRead(AbstractChannelHandlerContext.java:374)\n\tat io.netty.channel.AbstractChannelHandlerContext.invokeChannelRead(AbstractChannelHandlerContext.java:360)\n\tat io.netty.channel.AbstractChannelHandlerContext.fireChannelRead(AbstractChannelHandlerContext.java:352)\n\tat io.netty.handler.timeout.IdleStateHandler.channelRead(IdleStateHandler.java:287)\n\tat io.netty.channel.AbstractChannelHandlerContext.invokeChannelRead(AbstractChannelHandlerContext.java:374)\n\tat io.netty.channel.AbstractChannelHandlerContext.invokeChannelRead(AbstractChannelHandlerContext.java:360)\n\tat io.netty.channel.AbstractChannelHandlerContext.fireChannelRead(AbstractChannelHandlerContext.java:352)\n\tat io.netty.channel.DefaultChannelPipeline$HeadContext.channelRead(DefaultChannelPipeline.java:1422)\n\tat io.netty.channel.AbstractChannelHandlerContext.invokeChannelRead(AbstractChannelHandlerContext.java:374)\n\tat io.netty.channel.AbstractChannelHandlerContext.invokeChannelRead(AbstractChannelHandlerContext.java:360)\n\tat io.netty.channel.DefaultChannelPipeline.fireChannelRead(DefaultChannelPipeline.java:931)\n\tat io.netty.channel.nio.AbstractNioByteChannel$NioByteUnsafe.read(AbstractNioByteChannel.java:163)\n\tat io.netty.channel.nio.NioEventLoop.processSelectedKey(NioEventLoop.java:700)\n\tat io.netty.channel.nio.NioEventLoop.processSelectedKeysOptimized(NioEventLoop.java:635)\n\tat io.netty.channel.nio.NioEventLoop.processSelectedKeys(NioEventLoop.java:552)\n\tat io.netty.channel.nio.NioEventLoop.run(NioEventLoop.java:514)\n\tat io.netty.util.concurrent.SingleThreadEventExecutor$6.run(SingleThreadEventExecutor.java:1044)\n\tat io.netty.util.internal.ThreadExecutorMap$2.run(ThreadExecutorMap.java:74)\n\tat io.netty.util.concurrent.FastThreadLocalRunnable.run(FastThreadLocalRunnable.java:30)\n\tat java.lang.Thread.run(Thread.java:1012)\n"}}
Thu Jul 30 09:08:56 UTC 2026 | ALL | 07-30 09:08:55.517  4162  4220 I appium  : channel read: POST /session/0ec58237-84ed-40bd-bf67-28bb2b70cae2/element
Thu Jul 30 09:08:56 UTC 2026 | ALL | 07-30 09:08:55.517  4162  4220 I appium  : FindElement command
Thu Jul 30 09:08:56 UTC 2026 | ALL | 07-30 09:08:55.517  4162  4220 I appium  : method: 'xpath', selector: '//*[contains(@text, 'Budget') or contains(@content-desc, 'Budget')]'
Thu Jul 30 09:08:56 UTC 2026 | ALL | 07-30 09:08:55.518  4162  4220 I appium  : Waiting up to 10000ms for the device to idle
Thu Jul 30 09:08:56 UTC 2026 | ALL | 07-30 09:08:55.519  4162  4220 I appium  : The following attributes will be included to the page source: [text, content-desc]
Thu Jul 30 09:08:56 UTC 2026 | ALL | 07-30 09:08:55.531  4162  4220 I appium  : Took 0ms to retrieve 0 matches for '//*[contains(@text, 'Budget') or contains(@content-desc, 'Budget')]' XPath2 query
Thu Jul 30 09:08:56 UTC 2026 | ALL | 07-30 09:08:55.532  4162  4220 I appium  : AppiumResponse: {"sessionId":"0ec58237-84ed-40bd-bf67-28bb2b70cae2","value":{"error":"no such element","message":"An element could not be located on the page using the given search parameters","stacktrace":"io.appium.uiautomator2.common.exceptions.ElementNotFoundException: An element could not be located on the page using the given search parameters\n\tat io.appium.uiautomator2.utils.ElementLocationHelpers.findElement(ElementLocationHelpers.java:156)\n\tat io.appium.uiautomator2.handler.FindElement.safeHandle(FindElement.java:60)\n\tat io.appium.uiautomator2.handler.request.SafeRequestHandler.handle(SafeRequestHandler.java:59)\n\tat io.appium.uiautomator2.server.AppiumServlet.handleRequest(AppiumServlet.java:259)\n\tat io.appium.uiautomator2.server.AppiumServlet.handleHttpRequest(AppiumServlet.java:253)\n\tat io.appium.uiautomator2.http.ServerHandler.channelRead(ServerHandler.java:77)\n\tat io.netty.channel.AbstractChannelHandlerContext.invokeChannelRead(AbstractChannelHandlerContext.java:374)\n\tat io.netty.channel.AbstractChannelHandlerContext.invokeChannelRead(AbstractChannelHandlerContext.java:360)\n\tat io.netty.channel.AbstractChannelHandlerContext.fireChannelRead(AbstractChannelHandlerContext.java:352)\n\tat io.netty.handler.codec.MessageToMessageDecoder.channelRead(MessageToMessageDecoder.java:102)\n\tat io.netty.channel.AbstractChannelHandlerContext.invokeChannelRead(AbstractChannelHandlerContext.java:374)\n\tat io.netty.channel.AbstractChannelHandlerContext.invokeChannelRead(AbstractChannelHandlerContext.java:360)\n\tat io.netty.channel.AbstractChannelHandlerContext.fireChannelRead(AbstractChannelHandlerContext.java:352)\n\tat io.netty.channel.CombinedChannelDuplexHandler$DelegatingChannelHandlerContext.fireChannelRead(CombinedChannelDuplexHandler.java:438)\n\tat io.netty.handler.codec.ByteToMessageDecoder.fireChannelRead(ByteToMessageDecoder.java:328)\n\tat io.netty.handler.codec.ByteToMessageDecoder.channelRead(ByteToMessageDecoder.java:302)\n\tat io.netty.channel.CombinedChannelDuplexHandler.channelRead(CombinedChannelDuplexHandler.java:253)\n\tat io.netty.channel.AbstractChannelHandlerContext.invokeChannelRead(AbstractChannelHandlerContext.java:374)\n\tat io.netty.channel.AbstractChannelHandlerContext.invokeChannelRead(AbstractChannelHandlerContext.java:360)\n\tat io.netty.channel.AbstractChannelHandlerContext.fireChannelRead(AbstractChannelHandlerContext.java:352)\n\tat io.netty.handler.timeout.IdleStateHandler.channelRead(IdleStateHandler.java:287)\n\tat io.netty.channel.AbstractChannelHandlerContext.invokeChannelRead(AbstractChannelHandlerContext.java:374)\n\tat io.netty.channel.AbstractChannelHandlerContext.invokeChannelRead(AbstractChannelHandlerContext.java:360)\n\tat io.netty.channel.AbstractChannelHandlerContext.fireChannelRead(AbstractChannelHandlerContext.java:352)\n\tat io.netty.channel.DefaultChannelPipeline$HeadContext.channelRead(DefaultChannelPipeline.java:1422)\n\tat io.netty.channel.AbstractChannelHandlerContext.invokeChannelRead(AbstractChannelHandlerContext.java:374)\n\tat io.netty.channel.AbstractChannelHandlerContext.invokeChannelRead(AbstractChannelHandlerContext.java:360)\n\tat io.netty.channel.DefaultChannelPipeline.fireChannelRead(DefaultChannelPipeline.java:931)\n\tat io.netty.channel.nio.AbstractNioByteChannel$NioByteUnsafe.read(AbstractNioByteChannel.java:163)\n\tat io.netty.channel.nio.NioEventLoop.processSelectedKey(NioEventLoop.java:700)\n\tat io.netty.channel.nio.NioEventLoop.processSelectedKeysOptimized(NioEventLoop.java:635)\n\tat io.netty.channel.nio.NioEventLoop.processSelectedKeys(NioEventLoop.java:552)\n\tat io.netty.channel.nio.NioEventLoop.run(NioEventLoop.java:514)\n\tat io.netty.util.concurrent.SingleThreadEventExecutor$6.run(SingleThreadEventExecutor.java:1044)\n\tat io.netty.util.internal.ThreadExecutorMap$2.run(ThreadExecutorMap.java:74)\n\tat io.netty.util.concurrent.FastThreadLocalRunnable.run(FastThreadLocalRunnable.java:30)\n\tat java.lang.Thread.run(Thread.java:1012)\n"}}
Thu Jul 30 09:08:57 UTC 2026 | ALL | 07-30 09:08:56.037  4162  4220 I appium  : channel read: POST /session/0ec58237-84ed-40bd-bf67-28bb2b70cae2/element
Thu Jul 30 09:08:57 UTC 2026 | ALL | 07-30 09:08:56.037  4162  4220 I appium  : FindElement command
Thu Jul 30 09:08:57 UTC 2026 | ALL | 07-30 09:08:56.038  4162  4220 I appium  : method: 'xpath', selector: '//*[contains(@text, 'Budget') or contains(@content-desc, 'Budget')]'
Thu Jul 30 09:08:57 UTC 2026 | ALL | 07-30 09:08:56.038  4162  4220 I appium  : Waiting up to 10000ms for the device to idle
Thu Jul 30 09:08:57 UTC 2026 | ALL | 07-30 09:08:56.039  4162  4220 I appium  : The following attributes will be included to the page source: [text, content-desc]
Thu Jul 30 09:08:57 UTC 2026 | ALL | 07-30 09:08:56.044  4162  4170 I tomator2.server: Method exceeds compiler instruction limit: 19264 in java_cup.runtime.Symbol org.eclipse.wst.xml.xpath2.processor.internal.CUP$XPathCup$actions.CUP$XPathCup$do_action(int, java_cup.runtime.lr_parser, java.util.Stack, int)
Thu Jul 30 09:08:57 UTC 2026 | ALL | 07-30 09:08:56.053  4162  4220 I appium  : Took 0ms to retrieve 0 matches for '//*[contains(@text, 'Budget') or contains(@content-desc, 'Budget')]' XPath2 query
Thu Jul 30 09:08:57 UTC 2026 | ALL | 07-30 09:08:56.054  4162  4220 I appium  : AppiumResponse: {"sessionId":"0ec58237-84ed-40bd-bf67-28bb2b70cae2","value":{"error":"no such element","message":"An element could not be located on the page using the given search parameters","stacktrace":"io.appium.uiautomator2.common.exceptions.ElementNotFoundException: An element could not be located on the page using the given search parameters\n\tat io.appium.uiautomator2.utils.ElementLocationHelpers.findElement(ElementLocationHelpers.java:156)\n\tat io.appium.uiautomator2.handler.FindElement.safeHandle(FindElement.java:60)\n\tat io.appium.uiautomator2.handler.request.SafeRequestHandler.handle(SafeRequestHandler.java:59)\n\tat io.appium.uiautomator2.server.AppiumServlet.handleRequest(AppiumServlet.java:259)\n\tat io.appium.uiautomator2.server.AppiumServlet.handleHttpRequest(AppiumServlet.java:253)\n\tat io.appium.uiautomator2.http.ServerHandler.channelRead(ServerHandler.java:77)\n\tat io.netty.channel.AbstractChannelHandlerContext.invokeChannelRead(AbstractChannelHandlerContext.java:374)\n\tat io.netty.channel.AbstractChannelHandlerContext.invokeChannelRead(AbstractChannelHandlerContext.java:360)\n\tat io.netty.channel.AbstractChannelHandlerContext.fireChannelRead(AbstractChannelHandlerContext.java:352)\n\tat io.netty.handler.codec.MessageToMessageDecoder.channelRead(MessageToMessageDecoder.java:102)\n\tat io.netty.channel.AbstractChannelHandlerContext.invokeChannelRead(AbstractChannelHandlerContext.java:374)\n\tat io.netty.channel.AbstractChannelHandlerContext.invokeChannelRead(AbstractChannelHandlerContext.java:360)\n\tat io.netty.channel.AbstractChannelHandlerContext.fireChannelRead(AbstractChannelHandlerContext.java:352)\n\tat io.netty.channel.CombinedChannelDuplexHandler$DelegatingChannelHandlerContext.fireChannelRead(CombinedChannelDuplexHandler.java:438)\n\tat io.netty.handler.codec.ByteToMessageDecoder.fireChannelRead(ByteToMessageDecoder.java:328)\n\tat io.netty.handler.codec.ByteToMessageDecoder.channelRead(ByteToMessageDecoder.java:302)\n\tat io.netty.channel.CombinedChannelDuplexHandler.channelRead(CombinedChannelDuplexHandler.java:253)\n\tat io.netty.channel.AbstractChannelHandlerContext.invokeChannelRead(AbstractChannelHandlerContext.java:374)\n\tat io.netty.channel.AbstractChannelHandlerContext.invokeChannelRead(AbstractChannelHandlerContext.java:360)\n\tat io.netty.channel.AbstractChannelHandlerContext.fireChannelRead(AbstractChannelHandlerContext.java:352)\n\tat io.netty.handler.timeout.IdleStateHandler.channelRead(IdleStateHandler.java:287)\n\tat io.netty.channel.AbstractChannelHandlerContext.invokeChannelRead(AbstractChannelHandlerContext.java:374)\n\tat io.netty.channel.AbstractChannelHandlerContext.invokeChannelRead(AbstractChannelHandlerContext.java:360)\n\tat io.netty.channel.AbstractChannelHandlerContext.fireChannelRead(AbstractChannelHandlerContext.java:352)\n\tat io.netty.channel.DefaultChannelPipeline$HeadContext.channelRead(DefaultChannelPipeline.java:1422)\n\tat io.netty.channel.AbstractChannelHandlerContext.invokeChannelRead(AbstractChannelHandlerContext.java:374)\n\tat io.netty.channel.AbstractChannelHandlerContext.invokeChannelRead(AbstractChannelHandlerContext.java:360)\n\tat io.netty.channel.DefaultChannelPipeline.fireChannelRead(DefaultChannelPipeline.java:931)\n\tat io.netty.channel.nio.AbstractNioByteChannel$NioByteUnsafe.read(AbstractNioByteChannel.java:163)\n\tat io.netty.channel.nio.NioEventLoop.processSelectedKey(NioEventLoop.java:700)\n\tat io.netty.channel.nio.NioEventLoop.processSelectedKeysOptimized(NioEventLoop.java:635)\n\tat io.netty.channel.nio.NioEventLoop.processSelectedKeys(NioEventLoop.java:552)\n\tat io.netty.channel.nio.NioEventLoop.run(NioEventLoop.java:514)\n\tat io.netty.util.concurrent.SingleThreadEventExecutor$6.run(SingleThreadEventExecutor.java:1044)\n\tat io.netty.util.internal.ThreadExecutorMap$2.run(ThreadExecutorMap.java:74)\n\tat io.netty.util.concurrent.FastThreadLocalRunnable.run(FastThreadLocalRunnable.java:30)\n\tat java.lang.Thread.run(Thread.java:1012)\n"}}
Thu Jul 30 09:08:57 UTC 2026 | ALL | 07-30 09:08:56.559  4162  4220 I appium  : channel read: POST /session/0ec58237-84ed-40bd-bf67-28bb2b70cae2/element
Thu Jul 30 09:08:57 UTC 2026 | ALL | 07-30 09:08:56.559  4162  4220 I appium  : FindElement command
Thu Jul 30 09:08:57 UTC 2026 | ALL | 07-30 09:08:56.559  4162  4220 I appium  : method: 'xpath', selector: '//*[contains(@text, 'Budget') or contains(@content-desc, 'Budget')]'
Thu Jul 30 09:08:57 UTC 2026 | ALL | 07-30 09:08:56.560  4162  4220 I appium  : Waiting up to 10000ms for the device to idle
Thu Jul 30 09:08:57 UTC 2026 | ALL | 07-30 09:08:56.561  4162  4220 I appium  : The following attributes will be included to the page source: [text, content-desc]
Thu Jul 30 09:08:57 UTC 2026 | ALL | 07-30 09:08:56.572  4162  4220 I appium  : Took 0ms to retrieve 0 matches for '//*[contains(@text, 'Budget') or contains(@content-desc, 'Budget')]' XPath2 query
Thu Jul 30 09:08:57 UTC 2026 | ALL | 07-30 09:08:56.573  4162  4220 I appium  : AppiumResponse: {"sessionId":"0ec58237-84ed-40bd-bf67-28bb2b70cae2","value":{"error":"no such element","message":"An element could not be located on the page using the given search parameters","stacktrace":"io.appium.uiautomator2.common.exceptions.ElementNotFoundException: An element could not be located on the page using the given search parameters\n\tat io.appium.uiautomator2.utils.ElementLocationHelpers.findElement(ElementLocationHelpers.java:156)\n\tat io.appium.uiautomator2.handler.FindElement.safeHandle(FindElement.java:60)\n\tat io.appium.uiautomator2.handler.request.SafeRequestHandler.handle(SafeRequestHandler.java:59)\n\tat io.appium.uiautomator2.server.AppiumServlet.handleRequest(AppiumServlet.java:259)\n\tat io.appium.uiautomator2.server.AppiumServlet.handleHttpRequest(AppiumServlet.java:253)\n\tat io.appium.uiautomator2.http.ServerHandler.channelRead(ServerHandler.java:77)\n\tat io.netty.channel.AbstractChannelHandlerContext.invokeChannelRead(AbstractChannelHandlerContext.java:374)\n\tat io.netty.channel.AbstractChannelHandlerContext.invokeChannelRead(AbstractChannelHandlerContext.java:360)\n\tat io.netty.channel.AbstractChannelHandlerContext.fireChannelRead(AbstractChannelHandlerContext.java:352)\n\tat io.netty.handler.codec.MessageToMessageDecoder.channelRead(MessageToMessageDecoder.java:102)\n\tat io.netty.channel.AbstractChannelHandlerContext.invokeChannelRead(AbstractChannelHandlerContext.java:374)\n\tat io.netty.channel.AbstractChannelHandlerContext.invokeChannelRead(AbstractChannelHandlerContext.java:360)\n\tat io.netty.channel.AbstractChannelHandlerContext.fireChannelRead(AbstractChannelHandlerContext.java:352)\n\tat io.netty.channel.CombinedChannelDuplexHandler$DelegatingChannelHandlerContext.fireChannelRead(CombinedChannelDuplexHandler.java:438)\n\tat io.netty.handler.codec.ByteToMessageDecoder.fireChannelRead(ByteToMessageDecoder.java:328)\n\tat io.netty.handler.codec.ByteToMessageDecoder.channelRead(ByteToMessageDecoder.java:302)\n\tat io.netty.channel.CombinedChannelDuplexHandler.channelRead(CombinedChannelDuplexHandler.java:253)\n\tat io.netty.channel.AbstractChannelHandlerContext.invokeChannelRead(AbstractChannelHandlerContext.java:374)\n\tat io.netty.channel.AbstractChannelHandlerContext.invokeChannelRead(AbstractChannelHandlerContext.java:360)\n\tat io.netty.channel.AbstractChannelHandlerContext.fireChannelRead(AbstractChannelHandlerContext.java:352)\n\tat io.netty.handler.timeout.IdleStateHandler.channelRead(IdleStateHandler.java:287)\n\tat io.netty.channel.AbstractChannelHandlerContext.invokeChannelRead(AbstractChannelHandlerContext.java:374)\n\tat io.netty.channel.AbstractChannelHandlerContext.invokeChannelRead(AbstractChannelHandlerContext.java:360)\n\tat io.netty.channel.AbstractChannelHandlerContext.fireChannelRead(AbstractChannelHandlerContext.java:352)\n\tat io.netty.channel.DefaultChannelPipeline$HeadContext.channelRead(DefaultChannelPipeline.java:1422)\n\tat io.netty.channel.AbstractChannelHandlerContext.invokeChannelRead(AbstractChannelHandlerContext.java:374)\n\tat io.netty.channel.AbstractChannelHandlerContext.invokeChannelRead(AbstractChannelHandlerContext.java:360)\n\tat io.netty.channel.DefaultChannelPipeline.fireChannelRead(DefaultChannelPipeline.java:931)\n\tat io.netty.channel.nio.AbstractNioByteChannel$NioByteUnsafe.read(AbstractNioByteChannel.java:163)\n\tat io.netty.channel.nio.NioEventLoop.processSelectedKey(NioEventLoop.java:700)\n\tat io.netty.channel.nio.NioEventLoop.processSelectedKeysOptimized(NioEventLoop.java:635)\n\tat io.netty.channel.nio.NioEventLoop.processSelectedKeys(NioEventLoop.java:552)\n\tat io.netty.channel.nio.NioEventLoop.run(NioEventLoop.java:514)\n\tat io.netty.util.concurrent.SingleThreadEventExecutor$6.run(SingleThreadEventExecutor.java:1044)\n\tat io.netty.util.internal.ThreadExecutorMap$2.run(ThreadExecutorMap.java:74)\n\tat io.netty.util.concurrent.FastThreadLocalRunnable.run(FastThreadLocalRunnable.java:30)\n\tat java.lang.Thread.run(Thread.java:1012)\n"}}
Thu Jul 30 09:08:58 UTC 2026 | ALL | 07-30 09:08:57.079  4162  4220 I appium  : channel read: POST /session/0ec58237-84ed-40bd-bf67-28bb2b70cae2/element
Thu Jul 30 09:08:58 UTC 2026 | ALL | 07-30 09:08:57.079  4162  4220 I appium  : FindElement command
Thu Jul 30 09:08:58 UTC 2026 | ALL | 07-30 09:08:57.080  4162  4220 I appium  : method: 'xpath', selector: '//*[contains(@text, 'Budget') or contains(@content-desc, 'Budget')]'
Thu Jul 30 09:08:58 UTC 2026 | ALL | 07-30 09:08:57.080  4162  4220 I appium  : Waiting up to 10000ms for the device to idle
Thu Jul 30 09:08:58 UTC 2026 | ALL | 07-30 09:08:57.082  4162  4220 I appium  : The following attributes will be included to the page source: [text, content-desc]
Thu Jul 30 09:08:58 UTC 2026 | ALL | 07-30 09:08:57.093  4162  4220 I appium  : Took 0ms to retrieve 0 matches for '//*[contains(@text, 'Budget') or contains(@content-desc, 'Budget')]' XPath2 query
Thu Jul 30 09:08:58 UTC 2026 | ALL | 07-30 09:08:57.094  4162  4220 I appium  : AppiumResponse: {"sessionId":"0ec58237-84ed-40bd-bf67-28bb2b70cae2","value":{"error":"no such element","message":"An element could not be located on the page using the given search parameters","stacktrace":"io.appium.uiautomator2.common.exceptions.ElementNotFoundException: An element could not be located on the page using the given search parameters\n\tat io.appium.uiautomator2.utils.ElementLocationHelpers.findElement(ElementLocationHelpers.java:156)\n\tat io.appium.uiautomator2.handler.FindElement.safeHandle(FindElement.java:60)\n\tat io.appium.uiautomator2.handler.request.SafeRequestHandler.handle(SafeRequestHandler.java:59)\n\tat io.appium.uiautomator2.server.AppiumServlet.handleRequest(AppiumServlet.java:259)\n\tat io.appium.uiautomator2.server.AppiumServlet.handleHttpRequest(AppiumServlet.java:253)\n\tat io.appium.uiautomator2.http.ServerHandler.channelRead(ServerHandler.java:77)\n\tat io.netty.channel.AbstractChannelHandlerContext.invokeChannelRead(AbstractChannelHandlerContext.java:374)\n\tat io.netty.channel.AbstractChannelHandlerContext.invokeChannelRead(AbstractChannelHandlerContext.java:360)\n\tat io.netty.channel.AbstractChannelHandlerContext.fireChannelRead(AbstractChannelHandlerContext.java:352)\n\tat io.netty.handler.codec.MessageToMessageDecoder.channelRead(MessageToMessageDecoder.java:102)\n\tat io.netty.channel.AbstractChannelHandlerContext.invokeChannelRead(AbstractChannelHandlerContext.java:374)\n\tat io.netty.channel.AbstractChannelHandlerContext.invokeChannelRead(AbstractChannelHandlerContext.java:360)\n\tat io.netty.channel.AbstractChannelHandlerContext.fireChannelRead(AbstractChannelHandlerContext.java:352)\n\tat io.netty.channel.CombinedChannelDuplexHandler$DelegatingChannelHandlerContext.fireChannelRead(CombinedChannelDuplexHandler.java:438)\n\tat io.netty.handler.codec.ByteToMessageDecoder.fireChannelRead(ByteToMessageDecoder.java:328)\n\tat io.netty.handler.codec.ByteToMessageDecoder.channelRead(ByteToMessageDecoder.java:302)\n\tat io.netty.channel.CombinedChannelDuplexHandler.channelRead(CombinedChannelDuplexHandler.java:253)\n\tat io.netty.channel.AbstractChannelHandlerContext.invokeChannelRead(AbstractChannelHandlerContext.java:374)\n\tat io.netty.channel.AbstractChannelHandlerContext.invokeChannelRead(AbstractChannelHandlerContext.java:360)\n\tat io.netty.channel.AbstractChannelHandlerContext.fireChannelRead(AbstractChannelHandlerContext.java:352)\n\tat io.netty.handler.timeout.IdleStateHandler.channelRead(IdleStateHandler.java:287)\n\tat io.netty.channel.AbstractChannelHandlerContext.invokeChannelRead(AbstractChannelHandlerContext.java:374)\n\tat io.netty.channel.AbstractChannelHandlerContext.invokeChannelRead(AbstractChannelHandlerContext.java:360)\n\tat io.netty.channel.AbstractChannelHandlerContext.fireChannelRead(AbstractChannelHandlerContext.java:352)\n\tat io.netty.channel.DefaultChannelPipeline$HeadContext.channelRead(DefaultChannelPipeline.java:1422)\n\tat io.netty.channel.AbstractChannelHandlerContext.invokeChannelRead(AbstractChannelHandlerContext.java:374)\n\tat io.netty.channel.AbstractChannelHandlerContext.invokeChannelRead(AbstractChannelHandlerContext.java:360)\n\tat io.netty.channel.DefaultChannelPipeline.fireChannelRead(DefaultChannelPipeline.java:931)\n\tat io.netty.channel.nio.AbstractNioByteChannel$NioByteUnsafe.read(AbstractNioByteChannel.java:163)\n\tat io.netty.channel.nio.NioEventLoop.processSelectedKey(NioEventLoop.java:700)\n\tat io.netty.channel.nio.NioEventLoop.processSelectedKeysOptimized(NioEventLoop.java:635)\n\tat io.netty.channel.nio.NioEventLoop.processSelectedKeys(NioEventLoop.java:552)\n\tat io.netty.channel.nio.NioEventLoop.run(NioEventLoop.java:514)\n\tat io.netty.util.concurrent.SingleThreadEventExecutor$6.run(SingleThreadEventExecutor.java:1044)\n\tat io.netty.util.internal.ThreadExecutorMap$2.run(ThreadExecutorMap.java:74)\n\tat io.netty.util.concurrent.FastThreadLocalRunnable.run(FastThreadLocalRunnable.java:30)\n\tat java.lang.Thread.run(Thread.java:1012)\n"}}
Thu Jul 30 09:08:58 UTC 2026 | ALL | 07-30 09:08:57.599  4162  4220 I appium  : channel read: POST /session/0ec58237-84ed-40bd-bf67-28bb2b70cae2/element
Thu Jul 30 09:08:58 UTC 2026 | ALL | 07-30 09:08:57.599  4162  4220 I appium  : FindElement command
Thu Jul 30 09:08:58 UTC 2026 | ALL | 07-30 09:08:57.600  4162  4220 I appium  : method: 'xpath', selector: '//*[contains(@text, 'Budget') or contains(@content-desc, 'Budget')]'
Thu Jul 30 09:08:58 UTC 2026 | ALL | 07-30 09:08:57.600  4162  4220 I appium  : Waiting up to 10000ms for the device to idle
Thu Jul 30 09:08:58 UTC 2026 | ALL | 07-30 09:08:57.601  4162  4220 I appium  : The following attributes will be included to the page source: [text, content-desc]
Thu Jul 30 09:08:58 UTC 2026 | ALL | 07-30 09:08:57.604  4162  4170 I tomator2.server: Method exceeds compiler instruction limit: 19264 in java_cup.runtime.Symbol org.eclipse.wst.xml.xpath2.processor.internal.CUP$XPathCup$actions.CUP$XPathCup$do_action(int, java_cup.runtime.lr_parser, java.util.Stack, int)
Thu Jul 30 09:08:58 UTC 2026 | ALL | 07-30 09:08:57.610  4162  4220 I appium  : Took 0ms to retrieve 0 matches for '//*[contains(@text, 'Budget') or contains(@content-desc, 'Budget')]' XPath2 query
Thu Jul 30 09:08:58 UTC 2026 | ALL | 07-30 09:08:57.610  4162  4220 I appium  : AppiumResponse: {"sessionId":"0ec58237-84ed-40bd-bf67-28bb2b70cae2","value":{"error":"no such element","message":"An element could not be located on the page using the given search parameters","stacktrace":"io.appium.uiautomator2.common.exceptions.ElementNotFoundException: An element could not be located on the page using the given search parameters\n\tat io.appium.uiautomator2.utils.ElementLocationHelpers.findElement(ElementLocationHelpers.java:156)\n\tat io.appium.uiautomator2.handler.FindElement.safeHandle(FindElement.java:60)\n\tat io.appium.uiautomator2.handler.request.SafeRequestHandler.handle(SafeRequestHandler.java:59)\n\tat io.appium.uiautomator2.server.AppiumServlet.handleRequest(AppiumServlet.java:259)\n\tat io.appium.uiautomator2.server.AppiumServlet.handleHttpRequest(AppiumServlet.java:253)\n\tat io.appium.uiautomator2.http.ServerHandler.channelRead(ServerHandler.java:77)\n\tat io.netty.channel.AbstractChannelHandlerContext.invokeChannelRead(AbstractChannelHandlerContext.java:374)\n\tat io.netty.channel.AbstractChannelHandlerContext.invokeChannelRead(AbstractChannelHandlerContext.java:360)\n\tat io.netty.channel.AbstractChannelHandlerContext.fireChannelRead(AbstractChannelHandlerContext.java:352)\n\tat io.netty.handler.codec.MessageToMessageDecoder.channelRead(MessageToMessageDecoder.java:102)\n\tat io.netty.channel.AbstractChannelHandlerContext.invokeChannelRead(AbstractChannelHandlerContext.java:374)\n\tat io.netty.channel.AbstractChannelHandlerContext.invokeChannelRead(AbstractChannelHandlerContext.java:360)\n\tat io.netty.channel.AbstractChannelHandlerContext.fireChannelRead(AbstractChannelHandlerContext.java:352)\n\tat io.netty.channel.CombinedChannelDuplexHandler$DelegatingChannelHandlerContext.fireChannelRead(CombinedChannelDuplexHandler.java:438)\n\tat io.netty.handler.codec.ByteToMessageDecoder.fireChannelRead(ByteToMessageDecoder.java:328)\n\tat io.netty.handler.codec.ByteToMessageDecoder.channelRead(ByteToMessageDecoder.java:302)\n\tat io.netty.channel.CombinedChannelDuplexHandler.channelRead(CombinedChannelDuplexHandler.java:253)\n\tat io.netty.channel.AbstractChannelHandlerContext.invokeChannelRead(AbstractChannelHandlerContext.java:374)\n\tat io.netty.channel.AbstractChannelHandlerContext.invokeChannelRead(AbstractChannelHandlerContext.java:360)\n\tat io.netty.channel.AbstractChannelHandlerContext.fireChannelRead(AbstractChannelHandlerContext.java:352)\n\tat io.netty.handler.timeout.IdleStateHandler.channelRead(IdleStateHandler.java:287)\n\tat io.netty.channel.AbstractChannelHandlerContext.invokeChannelRead(AbstractChannelHandlerContext.java:374)\n\tat io.netty.channel.AbstractChannelHandlerContext.invokeChannelRead(AbstractChannelHandlerContext.java:360)\n\tat io.netty.channel.AbstractChannelHandlerContext.fireChannelRead(AbstractChannelHandlerContext.java:352)\n\tat io.netty.channel.DefaultChannelPipeline$HeadContext.channelRead(DefaultChannelPipeline.java:1422)\n\tat io.netty.channel.AbstractChannelHandlerContext.invokeChannelRead(AbstractChannelHandlerContext.java:374)\n\tat io.netty.channel.AbstractChannelHandlerContext.invokeChannelRead(AbstractChannelHandlerContext.java:360)\n\tat io.netty.channel.DefaultChannelPipeline.fireChannelRead(DefaultChannelPipeline.java:931)\n\tat io.netty.channel.nio.AbstractNioByteChannel$NioByteUnsafe.read(AbstractNioByteChannel.java:163)\n\tat io.netty.channel.nio.NioEventLoop.processSelectedKey(NioEventLoop.java:700)\n\tat io.netty.channel.nio.NioEventLoop.processSelectedKeysOptimized(NioEventLoop.java:635)\n\tat io.netty.channel.nio.NioEventLoop.processSelectedKeys(NioEventLoop.java:552)\n\tat io.netty.channel.nio.NioEventLoop.run(NioEventLoop.java:514)\n\tat io.netty.util.concurrent.SingleThreadEventExecutor$6.run(SingleThreadEventExecutor.java:1044)\n\tat io.netty.util.internal.ThreadExecutorMap$2.run(ThreadExecutorMap.java:74)\n\tat io.netty.util.concurrent.FastThreadLocalRunnable.run(FastThreadLocalRunnable.java:30)\n\tat java.lang.Thread.run(Thread.java:1012)\n"}}
Thu Jul 30 09:08:59 UTC 2026 | ALL | 07-30 09:08:58.115  4162  4220 I appium  : channel read: POST /session/0ec58237-84ed-40bd-bf67-28bb2b70cae2/element
Thu Jul 30 09:08:59 UTC 2026 | ALL | 07-30 09:08:58.115  4162  4220 I appium  : FindElement command
Thu Jul 30 09:08:59 UTC 2026 | ALL | 07-30 09:08:58.115  4162  4220 I appium  : method: 'xpath', selector: '//*[contains(@text, 'Budget') or contains(@content-desc, 'Budget')]'
Thu Jul 30 09:08:59 UTC 2026 | ALL | 07-30 09:08:58.116  4162  4220 I appium  : Waiting up to 10000ms for the device to idle
Thu Jul 30 09:08:59 UTC 2026 | ALL | 07-30 09:08:58.117  4162  4220 I appium  : The following attributes will be included to the page source: [text, content-desc]
Thu Jul 30 09:08:59 UTC 2026 | ALL | 07-30 09:08:58.125  4162  4220 I appium  : Took 0ms to retrieve 0 matches for '//*[contains(@text, 'Budget') or contains(@content-desc, 'Budget')]' XPath2 query
Thu Jul 30 09:08:59 UTC 2026 | ALL | 07-30 09:08:58.125  4162  4220 I appium  : AppiumResponse: {"sessionId":"0ec58237-84ed-40bd-bf67-28bb2b70cae2","value":{"error":"no such element","message":"An element could not be located on the page using the given search parameters","stacktrace":"io.appium.uiautomator2.common.exceptions.ElementNotFoundException: An element could not be located on the page using the given search parameters\n\tat io.appium.uiautomator2.utils.ElementLocationHelpers.findElement(ElementLocationHelpers.java:156)\n\tat io.appium.uiautomator2.handler.FindElement.safeHandle(FindElement.java:60)\n\tat io.appium.uiautomator2.handler.request.SafeRequestHandler.handle(SafeRequestHandler.java:59)\n\tat io.appium.uiautomator2.server.AppiumServlet.handleRequest(AppiumServlet.java:259)\n\tat io.appium.uiautomator2.server.AppiumServlet.handleHttpRequest(AppiumServlet.java:253)\n\tat io.appium.uiautomator2.http.ServerHandler.channelRead(ServerHandler.java:77)\n\tat io.netty.channel.AbstractChannelHandlerContext.invokeChannelRead(AbstractChannelHandlerContext.java:374)\n\tat io.netty.channel.AbstractChannelHandlerContext.invokeChannelRead(AbstractChannelHandlerContext.java:360)\n\tat io.netty.channel.AbstractChannelHandlerContext.fireChannelRead(AbstractChannelHandlerContext.java:352)\n\tat io.netty.handler.codec.MessageToMessageDecoder.channelRead(MessageToMessageDecoder.java:102)\n\tat io.netty.channel.AbstractChannelHandlerContext.invokeChannelRead(AbstractChannelHandlerContext.java:374)\n\tat io.netty.channel.AbstractChannelHandlerContext.invokeChannelRead(AbstractChannelHandlerContext.java:360)\n\tat io.netty.channel.AbstractChannelHandlerContext.fireChannelRead(AbstractChannelHandlerContext.java:352)\n\tat io.netty.channel.CombinedChannelDuplexHandler$DelegatingChannelHandlerContext.fireChannelRead(CombinedChannelDuplexHandler.java:438)\n\tat io.netty.handler.codec.ByteToMessageDecoder.fireChannelRead(ByteToMessageDecoder.java:328)\n\tat io.netty.handler.codec.ByteToMessageDecoder.channelRead(ByteToMessageDecoder.java:302)\n\tat io.netty.channel.CombinedChannelDuplexHandler.channelRead(CombinedChannelDuplexHandler.java:253)\n\tat io.netty.channel.AbstractChannelHandlerContext.invokeChannelRead(AbstractChannelHandlerContext.java:374)\n\tat io.netty.channel.AbstractChannelHandlerContext.invokeChannelRead(AbstractChannelHandlerContext.java:360)\n\tat io.netty.channel.AbstractChannelHandlerContext.fireChannelRead(AbstractChannelHandlerContext.java:352)\n\tat io.netty.handler.timeout.IdleStateHandler.channelRead(IdleStateHandler.java:287)\n\tat io.netty.channel.AbstractChannelHandlerContext.invokeChannelRead(AbstractChannelHandlerContext.java:374)\n\tat io.netty.channel.AbstractChannelHandlerContext.invokeChannelRead(AbstractChannelHandlerContext.java:360)\n\tat io.netty.channel.AbstractChannelHandlerContext.fireChannelRead(AbstractChannelHandlerContext.java:352)\n\tat io.netty.channel.DefaultChannelPipeline$HeadContext.channelRead(DefaultChannelPipeline.java:1422)\n\tat io.netty.channel.AbstractChannelHandlerContext.invokeChannelRead(AbstractChannelHandlerContext.java:374)\n\tat io.netty.channel.AbstractChannelHandlerContext.invokeChannelRead(AbstractChannelHandlerContext.java:360)\n\tat io.netty.channel.DefaultChannelPipeline.fireChannelRead(DefaultChannelPipeline.java:931)\n\tat io.netty.channel.nio.AbstractNioByteChannel$NioByteUnsafe.read(AbstractNioByteChannel.java:163)\n\tat io.netty.channel.nio.NioEventLoop.processSelectedKey(NioEventLoop.java:700)\n\tat io.netty.channel.nio.NioEventLoop.processSelectedKeysOptimized(NioEventLoop.java:635)\n\tat io.netty.channel.nio.NioEventLoop.processSelectedKeys(NioEventLoop.java:552)\n\tat io.netty.channel.nio.NioEventLoop.run(NioEventLoop.java:514)\n\tat io.netty.util.concurrent.SingleThreadEventExecutor$6.run(SingleThreadEventExecutor.java:1044)\n\tat io.netty.util.internal.ThreadExecutorMap$2.run(ThreadExecutorMap.java:74)\n\tat io.netty.util.concurrent.FastThreadLocalRunnable.run(FastThreadLocalRunnable.java:30)\n\tat java.lang.Thread.run(Thread.java:1012)\n"}}
Thu Jul 30 09:08:59 UTC 2026 | ALL | 07-30 09:08:58.436   560   833 W IPCThreadState: Sending oneway calls to frozen process.
Thu Jul 30 09:08:59 UTC 2026 | ALL | 07-30 09:08:58.437   560   833 W IPCThreadState: Sending oneway calls to frozen process.
Thu Jul 30 09:08:59 UTC 2026 | ALL | 07-30 09:08:58.437   560   833 W IPCThreadState: Sending oneway calls to frozen process.
Thu Jul 30 09:08:59 UTC 2026 | ALL | 07-30 09:08:58.438   560   833 W IPCThreadState: Sending oneway calls to frozen process.
Thu Jul 30 09:08:59 UTC 2026 | ALL | 07-30 09:08:58.439   560   833 W IPCThreadState: Sending oneway calls to frozen process.
Thu Jul 30 09:08:59 UTC 2026 | ALL | 07-30 09:08:58.439   560   833 W IPCThreadState: Sending oneway calls to frozen process.
Thu Jul 30 09:08:59 UTC 2026 | ALL | 07-30 09:08:58.440  1226  1885 I ChimeraSrvcProxy: NullBinder for android.net.action.RECOMMEND_NETWORKS triggering remote TransactionTooLargeException due to Service without Chimera impl
Thu Jul 30 09:08:59 UTC 2026 | ALL | 07-30 09:08:58.440  1226  1885 W .gms.persistent: Large reply transaction of 1056768 bytes, interface descriptor , code 1
Thu Jul 30 09:08:59 UTC 2026 | ALL | 07-30 09:08:58.441  3433  3534 I BugleRcsEngine: handleMessage processing message:[NOTIFY_UPTIME_IGNORE_STATE_CHANGED] with [non-null]:RcsEngineImpl reference [CONTEXT log_prefix="RcsEngineImpl[DUAL_REG]:[445b9658-3dc5]>Handler" thread_id=62 ]
Thu Jul 30 09:08:59 UTC 2026 | ALL | 07-30 09:08:58.442  3433  3502 I BugleRcsEngine: Connected state: [1], networkType: [WIFI] [CONTEXT thread_id=53 ]
Thu Jul 30 09:08:59 UTC 2026 | ALL | 07-30 09:08:58.444  3433  3534 I BugleRcsEngine: No RCS Configuration was found in Bugle for simID: redacted-pii:sim_id[chars:20,last3:897] [CONTEXT log_prefix="ProvisioningEngineDataRetriever" thread_id=62 ]
Thu Jul 30 09:08:59 UTC 2026 | ALL | 07-30 09:08:58.630  4162  4220 I appium  : channel read: POST /session/0ec58237-84ed-40bd-bf67-28bb2b70cae2/element
Thu Jul 30 09:08:59 UTC 2026 | ALL | 07-30 09:08:58.630  4162  4220 I appium  : FindElement command
Thu Jul 30 09:08:59 UTC 2026 | ALL | 07-30 09:08:58.630  4162  4220 I appium  : method: 'xpath', selector: '//*[contains(@text, 'Budget') or contains(@content-desc, 'Budget')]'
Thu Jul 30 09:08:59 UTC 2026 | ALL | 07-30 09:08:58.631  4162  4220 I appium  : Waiting up to 10000ms for the device to idle
Thu Jul 30 09:08:59 UTC 2026 | ALL | 07-30 09:08:58.631  4162  4220 I appium  : The following attributes will be included to the page source: [text, content-desc]
Thu Jul 30 09:08:59 UTC 2026 | ALL | 07-30 09:08:58.642  4162  4220 I appium  : Took 0ms to retrieve 0 matches for '//*[contains(@text, 'Budget') or contains(@content-desc, 'Budget')]' XPath2 query
Thu Jul 30 09:08:59 UTC 2026 | ALL | 07-30 09:08:58.643  4162  4220 I appium  : AppiumResponse: {"sessionId":"0ec58237-84ed-40bd-bf67-28bb2b70cae2","value":{"error":"no such element","message":"An element could not be located on the page using the given search parameters","stacktrace":"io.appium.uiautomator2.common.exceptions.ElementNotFoundException: An element could not be located on the page using the given search parameters\n\tat io.appium.uiautomator2.utils.ElementLocationHelpers.findElement(ElementLocationHelpers.java:156)\n\tat io.appium.uiautomator2.handler.FindElement.safeHandle(FindElement.java:60)\n\tat io.appium.uiautomator2.handler.request.SafeRequestHandler.handle(SafeRequestHandler.java:59)\n\tat io.appium.uiautomator2.server.AppiumServlet.handleRequest(AppiumServlet.java:259)\n\tat io.appium.uiautomator2.server.AppiumServlet.handleHttpRequest(AppiumServlet.java:253)\n\tat io.appium.uiautomator2.http.ServerHandler.channelRead(ServerHandler.java:77)\n\tat io.netty.channel.AbstractChannelHandlerContext.invokeChannelRead(AbstractChannelHandlerContext.java:374)\n\tat io.netty.channel.AbstractChannelHandlerContext.invokeChannelRead(AbstractChannelHandlerContext.java:360)\n\tat io.netty.channel.AbstractChannelHandlerContext.fireChannelRead(AbstractChannelHandlerContext.java:352)\n\tat io.netty.handler.codec.MessageToMessageDecoder.channelRead(MessageToMessageDecoder.java:102)\n\tat io.netty.channel.AbstractChannelHandlerContext.invokeChannelRead(AbstractChannelHandlerContext.java:374)\n\tat io.netty.channel.AbstractChannelHandlerContext.invokeChannelRead(AbstractChannelHandlerContext.java:360)\n\tat io.netty.channel.AbstractChannelHandlerContext.fireChannelRead(AbstractChannelHandlerContext.java:352)\n\tat io.netty.channel.CombinedChannelDuplexHandler$DelegatingChannelHandlerContext.fireChannelRead(CombinedChannelDuplexHandler.java:438)\n\tat io.netty.handler.codec.ByteToMessageDecoder.fireChannelRead(ByteToMessageDecoder.java:328)\n\tat io.netty.handler.codec.ByteToMessageDecoder.channelRead(ByteToMessageDecoder.java:302)\n\tat io.netty.channel.CombinedChannelDuplexHandler.channelRead(CombinedChannelDuplexHandler.java:253)\n\tat io.netty.channel.AbstractChannelHandlerContext.invokeChannelRead(AbstractChannelHandlerContext.java:374)\n\tat io.netty.channel.AbstractChannelHandlerContext.invokeChannelRead(AbstractChannelHandlerContext.java:360)\n\tat io.netty.channel.AbstractChannelHandlerContext.fireChannelRead(AbstractChannelHandlerContext.java:352)\n\tat io.netty.handler.timeout.IdleStateHandler.channelRead(IdleStateHandler.java:287)\n\tat io.netty.channel.AbstractChannelHandlerContext.invokeChannelRead(AbstractChannelHandlerContext.java:374)\n\tat io.netty.channel.AbstractChannelHandlerContext.invokeChannelRead(AbstractChannelHandlerContext.java:360)\n\tat io.netty.channel.AbstractChannelHandlerContext.fireChannelRead(AbstractChannelHandlerContext.java:352)\n\tat io.netty.channel.DefaultChannelPipeline$HeadContext.channelRead(DefaultChannelPipeline.java:1422)\n\tat io.netty.channel.AbstractChannelHandlerContext.invokeChannelRead(AbstractChannelHandlerContext.java:374)\n\tat io.netty.channel.AbstractChannelHandlerContext.invokeChannelRead(AbstractChannelHandlerContext.java:360)\n\tat io.netty.channel.DefaultChannelPipeline.fireChannelRead(DefaultChannelPipeline.java:931)\n\tat io.netty.channel.nio.AbstractNioByteChannel$NioByteUnsafe.read(AbstractNioByteChannel.java:163)\n\tat io.netty.channel.nio.NioEventLoop.processSelectedKey(NioEventLoop.java:700)\n\tat io.netty.channel.nio.NioEventLoop.processSelectedKeysOptimized(NioEventLoop.java:635)\n\tat io.netty.channel.nio.NioEventLoop.processSelectedKeys(NioEventLoop.java:552)\n\tat io.netty.channel.nio.NioEventLoop.run(NioEventLoop.java:514)\n\tat io.netty.util.concurrent.SingleThreadEventExecutor$6.run(SingleThreadEventExecutor.java:1044)\n\tat io.netty.util.internal.ThreadExecutorMap$2.run(ThreadExecutorMap.java:74)\n\tat io.netty.util.concurrent.FastThreadLocalRunnable.run(FastThreadLocalRunnable.java:30)\n\tat java.lang.Thread.run(Thread.java:1012)\n"}}
Thu Jul 30 09:09:00 UTC 2026 | ALL | 07-30 09:08:59.147  4162  4220 I appium  : channel read: POST /session/0ec58237-84ed-40bd-bf67-28bb2b70cae2/element
Thu Jul 30 09:09:00 UTC 2026 | ALL | 07-30 09:08:59.147  4162  4220 I appium  : FindElement command
Thu Jul 30 09:09:00 UTC 2026 | ALL | 07-30 09:08:59.147  4162  4220 I appium  : method: 'xpath', selector: '//*[contains(@text, 'Budget') or contains(@content-desc, 'Budget')]'
Thu Jul 30 09:09:00 UTC 2026 | ALL | 07-30 09:08:59.147  4162  4220 I appium  : Waiting up to 10000ms for the device to idle
Thu Jul 30 09:09:00 UTC 2026 | ALL | 07-30 09:08:59.148  4162  4220 I appium  : The following attributes will be included to the page source: [text, content-desc]
Thu Jul 30 09:09:00 UTC 2026 | ALL | 07-30 09:08:59.151  4162  4170 I tomator2.server: Method exceeds compiler instruction limit: 19264 in java_cup.runtime.Symbol org.eclipse.wst.xml.xpath2.processor.internal.CUP$XPathCup$actions.CUP$XPathCup$do_action(int, java_cup.runtime.lr_parser, java.util.Stack, int)
Thu Jul 30 09:09:00 UTC 2026 | ALL | 07-30 09:08:59.158  4162  4220 I appium  : Took 0ms to retrieve 0 matches for '//*[contains(@text, 'Budget') or contains(@content-desc, 'Budget')]' XPath2 query
Thu Jul 30 09:09:00 UTC 2026 | ALL | 07-30 09:08:59.159  4162  4220 I appium  : AppiumResponse: {"sessionId":"0ec58237-84ed-40bd-bf67-28bb2b70cae2","value":{"error":"no such element","message":"An element could not be located on the page using the given search parameters","stacktrace":"io.appium.uiautomator2.common.exceptions.ElementNotFoundException: An element could not be located on the page using the given search parameters\n\tat io.appium.uiautomator2.utils.ElementLocationHelpers.findElement(ElementLocationHelpers.java:156)\n\tat io.appium.uiautomator2.handler.FindElement.safeHandle(FindElement.java:60)\n\tat io.appium.uiautomator2.handler.request.SafeRequestHandler.handle(SafeRequestHandler.java:59)\n\tat io.appium.uiautomator2.server.AppiumServlet.handleRequest(AppiumServlet.java:259)\n\tat io.appium.uiautomator2.server.AppiumServlet.handleHttpRequest(AppiumServlet.java:253)\n\tat io.appium.uiautomator2.http.ServerHandler.channelRead(ServerHandler.java:77)\n\tat io.netty.channel.AbstractChannelHandlerContext.invokeChannelRead(AbstractChannelHandlerContext.java:374)\n\tat io.netty.channel.AbstractChannelHandlerContext.invokeChannelRead(AbstractChannelHandlerContext.java:360)\n\tat io.netty.channel.AbstractChannelHandlerContext.fireChannelRead(AbstractChannelHandlerContext.java:352)\n\tat io.netty.handler.codec.MessageToMessageDecoder.channelRead(MessageToMessageDecoder.java:102)\n\tat io.netty.channel.AbstractChannelHandlerContext.invokeChannelRead(AbstractChannelHandlerContext.java:374)\n\tat io.netty.channel.AbstractChannelHandlerContext.invokeChannelRead(AbstractChannelHandlerContext.java:360)\n\tat io.netty.channel.AbstractChannelHandlerContext.fireChannelRead(AbstractChannelHandlerContext.java:352)\n\tat io.netty.channel.CombinedChannelDuplexHandler$DelegatingChannelHandlerContext.fireChannelRead(CombinedChannelDuplexHandler.java:438)\n\tat io.netty.handler.codec.ByteToMessageDecoder.fireChannelRead(ByteToMessageDecoder.java:328)\n\tat io.netty.handler.codec.ByteToMessageDecoder.channelRead(ByteToMessageDecoder.java:302)\n\tat io.netty.channel.CombinedChannelDuplexHandler.channelRead(CombinedChannelDuplexHandler.java:253)\n\tat io.netty.channel.AbstractChannelHandlerContext.invokeChannelRead(AbstractChannelHandlerContext.java:374)\n\tat io.netty.channel.AbstractChannelHandlerContext.invokeChannelRead(AbstractChannelHandlerContext.java:360)\n\tat io.netty.channel.AbstractChannelHandlerContext.fireChannelRead(AbstractChannelHandlerContext.java:352)\n\tat io.netty.handler.timeout.IdleStateHandler.channelRead(IdleStateHandler.java:287)\n\tat io.netty.channel.AbstractChannelHandlerContext.invokeChannelRead(AbstractChannelHandlerContext.java:374)\n\tat io.netty.channel.AbstractChannelHandlerContext.invokeChannelRead(AbstractChannelHandlerContext.java:360)\n\tat io.netty.channel.AbstractChannelHandlerContext.fireChannelRead(AbstractChannelHandlerContext.java:352)\n\tat io.netty.channel.DefaultChannelPipeline$HeadContext.channelRead(DefaultChannelPipeline.java:1422)\n\tat io.netty.channel.AbstractChannelHandlerContext.invokeChannelRead(AbstractChannelHandlerContext.java:374)\n\tat io.netty.channel.AbstractChannelHandlerContext.invokeChannelRead(AbstractChannelHandlerContext.java:360)\n\tat io.netty.channel.DefaultChannelPipeline.fireChannelRead(DefaultChannelPipeline.java:931)\n\tat io.netty.channel.nio.AbstractNioByteChannel$NioByteUnsafe.read(AbstractNioByteChannel.java:163)\n\tat io.netty.channel.nio.NioEventLoop.processSelectedKey(NioEventLoop.java:700)\n\tat io.netty.channel.nio.NioEventLoop.processSelectedKeysOptimized(NioEventLoop.java:635)\n\tat io.netty.channel.nio.NioEventLoop.processSelectedKeys(NioEventLoop.java:552)\n\tat io.netty.channel.nio.NioEventLoop.run(NioEventLoop.java:514)\n\tat io.netty.util.concurrent.SingleThreadEventExecutor$6.run(SingleThreadEventExecutor.java:1044)\n\tat io.netty.util.internal.ThreadExecutorMap$2.run(ThreadExecutorMap.java:74)\n\tat io.netty.util.concurrent.FastThreadLocalRunnable.run(FastThreadLocalRunnable.java:30)\n\tat java.lang.Thread.run(Thread.java:1012)\n"}}
Thu Jul 30 09:09:00 UTC 2026 | ALL | 07-30 09:08:59.248  1817  1817 I wpa_supplicant: wlan0: CTRL-EVENT-BEACON-LOSS 
Thu Jul 30 09:09:00 UTC 2026 | ALL | 07-30 09:08:59.665  4162  4220 I appium  : channel read: POST /session/0ec58237-84ed-40bd-bf67-28bb2b70cae2/element
Thu Jul 30 09:09:00 UTC 2026 | ALL | 07-30 09:08:59.665  4162  4220 I appium  : FindElement command
Thu Jul 30 09:09:00 UTC 2026 | ALL | 07-30 09:08:59.666  4162  4220 I appium  : method: 'xpath', selector: '//*[contains(@text, 'Budget') or contains(@content-desc, 'Budget')]'
Thu Jul 30 09:09:00 UTC 2026 | ALL | 07-30 09:08:59.666  4162  4220 I appium  : Waiting up to 10000ms for the device to idle
Thu Jul 30 09:09:00 UTC 2026 | ALL | 07-30 09:08:59.667  4162  4220 I appium  : The following attributes will be included to the page source: [text, content-desc]
Thu Jul 30 09:09:00 UTC 2026 | ALL | 07-30 09:08:59.676  4162  4220 I appium  : Took 0ms to retrieve 0 matches for '//*[contains(@text, 'Budget') or contains(@content-desc, 'Budget')]' XPath2 query
Thu Jul 30 09:09:00 UTC 2026 | ALL | 07-30 09:08:59.677  4162  4220 I appium  : AppiumResponse: {"sessionId":"0ec58237-84ed-40bd-bf67-28bb2b70cae2","value":{"error":"no such element","message":"An element could not be located on the page using the given search parameters","stacktrace":"io.appium.uiautomator2.common.exceptions.ElementNotFoundException: An element could not be located on the page using the given search parameters\n\tat io.appium.uiautomator2.utils.ElementLocationHelpers.findElement(ElementLocationHelpers.java:156)\n\tat io.appium.uiautomator2.handler.FindElement.safeHandle(FindElement.java:60)\n\tat io.appium.uiautomator2.handler.request.SafeRequestHandler.handle(SafeRequestHandler.java:59)\n\tat io.appium.uiautomator2.server.AppiumServlet.handleRequest(AppiumServlet.java:259)\n\tat io.appium.uiautomator2.server.AppiumServlet.handleHttpRequest(AppiumServlet.java:253)\n\tat io.appium.uiautomator2.http.ServerHandler.channelRead(ServerHandler.java:77)\n\tat io.netty.channel.AbstractChannelHandlerContext.invokeChannelRead(AbstractChannelHandlerContext.java:374)\n\tat io.netty.channel.AbstractChannelHandlerContext.invokeChannelRead(AbstractChannelHandlerContext.java:360)\n\tat io.netty.channel.AbstractChannelHandlerContext.fireChannelRead(AbstractChannelHandlerContext.java:352)\n\tat io.netty.handler.codec.MessageToMessageDecoder.channelRead(MessageToMessageDecoder.java:102)\n\tat io.netty.channel.AbstractChannelHandlerContext.invokeChannelRead(AbstractChannelHandlerContext.java:374)\n\tat io.netty.channel.AbstractChannelHandlerContext.invokeChannelRead(AbstractChannelHandlerContext.java:360)\n\tat io.netty.channel.AbstractChannelHandlerContext.fireChannelRead(AbstractChannelHandlerContext.java:352)\n\tat io.netty.channel.CombinedChannelDuplexHandler$DelegatingChannelHandlerContext.fireChannelRead(CombinedChannelDuplexHandler.java:438)\n\tat io.netty.handler.codec.ByteToMessageDecoder.fireChannelRead(ByteToMessageDecoder.java:328)\n\tat io.netty.handler.codec.ByteToMessageDecoder.channelRead(ByteToMessageDecoder.java:302)\n\tat io.netty.channel.CombinedChannelDuplexHandler.channelRead(CombinedChannelDuplexHandler.java:253)\n\tat io.netty.channel.AbstractChannelHandlerContext.invokeChannelRead(AbstractChannelHandlerContext.java:374)\n\tat io.netty.channel.AbstractChannelHandlerContext.invokeChannelRead(AbstractChannelHandlerContext.java:360)\n\tat io.netty.channel.AbstractChannelHandlerContext.fireChannelRead(AbstractChannelHandlerContext.java:352)\n\tat io.netty.handler.timeout.IdleStateHandler.channelRead(IdleStateHandler.java:287)\n\tat io.netty.channel.AbstractChannelHandlerContext.invokeChannelRead(AbstractChannelHandlerContext.java:374)\n\tat io.netty.channel.AbstractChannelHandlerContext.invokeChannelRead(AbstractChannelHandlerContext.java:360)\n\tat io.netty.channel.AbstractChannelHandlerContext.fireChannelRead(AbstractChannelHandlerContext.java:352)\n\tat io.netty.channel.DefaultChannelPipeline$HeadContext.channelRead(DefaultChannelPipeline.java:1422)\n\tat io.netty.channel.AbstractChannelHandlerContext.invokeChannelRead(AbstractChannelHandlerContext.java:374)\n\tat io.netty.channel.AbstractChannelHandlerContext.invokeChannelRead(AbstractChannelHandlerContext.java:360)\n\tat io.netty.channel.DefaultChannelPipeline.fireChannelRead(DefaultChannelPipeline.java:931)\n\tat io.netty.channel.nio.AbstractNioByteChannel$NioByteUnsafe.read(AbstractNioByteChannel.java:163)\n\tat io.netty.channel.nio.NioEventLoop.processSelectedKey(NioEventLoop.java:700)\n\tat io.netty.channel.nio.NioEventLoop.processSelectedKeysOptimized(NioEventLoop.java:635)\n\tat io.netty.channel.nio.NioEventLoop.processSelectedKeys(NioEventLoop.java:552)\n\tat io.netty.channel.nio.NioEventLoop.run(NioEventLoop.java:514)\n\tat io.netty.util.concurrent.SingleThreadEventExecutor$6.run(SingleThreadEventExecutor.java:1044)\n\tat io.netty.util.internal.ThreadExecutorMap$2.run(ThreadExecutorMap.java:74)\n\tat io.netty.util.concurrent.FastThreadLocalRunnable.run(FastThreadLocalRunnable.java:30)\n\tat java.lang.Thread.run(Thread.java:1012)\n"}}
Thu Jul 30 09:09:00 UTC 2026 | ALL | 07-30 09:09:00.004  1433  1728 I AiAiEcho: Predicting[0]:  [CONTEXT sampling_count=5 ]
Thu Jul 30 09:09:00 UTC 2026 | ALL | 07-30 09:09:00.005  1433  1728 I AiAiEcho: EchoTargets: 
Thu Jul 30 09:09:00 UTC 2026 | ALL | 07-30 09:09:00.005  1433  1728 I AiAiEcho: Filtered by AiAi flag check: 
Thu Jul 30 09:09:00 UTC 2026 | ALL | 07-30 09:09:00.005  1433  1728 I AiAiEcho: [CONTEXT ratelimit_period="10 SECONDS" ]
Thu Jul 30 09:09:00 UTC 2026 | ALL | 07-30 09:09:00.005  1433  1728 I AiAiEcho: Ranked targets strategy: SORT, count: 0, ranking metadata:  [CONTEXT ratelimit_period="10 SECONDS" ]
Thu Jul 30 09:09:00 UTC 2026 | ALL | 07-30 09:09:00.005  1433  1728 I AiAiEcho: #remoteViewsTwiddler: feature disabled.
Thu Jul 30 09:09:00 UTC 2026 | ALL | 07-30 09:09:00.005  1433  1728 I AiAiEcho: Predicting[0]:  [CONTEXT sampling_count=5 ]
Thu Jul 30 09:09:00 UTC 2026 | ALL | 07-30 09:09:00.005  1433  1728 I AiAiEcho: EchoTargets: 
Thu Jul 30 09:09:00 UTC 2026 | ALL | 07-30 09:09:00.005  1433  1728 I AiAiEcho: Filtered by AiAi flag check: 
Thu Jul 30 09:09:00 UTC 2026 | ALL | 07-30 09:09:00.005  1433  1728 I AiAiEcho: [CONTEXT ratelimit_period="10 SECONDS" ]
Thu Jul 30 09:09:00 UTC 2026 | ALL | 07-30 09:09:00.005  1433  1728 I AiAiEcho: Ranked targets strategy: SORT, count: 0, ranking metadata:  [CONTEXT ratelimit_period="10 SECONDS" ]
Thu Jul 30 09:09:00 UTC 2026 | ALL | 07-30 09:09:00.005  1433  1728 I AiAiEcho: #remoteViewsTwiddler: feature disabled.
Thu Jul 30 09:09:00 UTC 2026 | ALL | 07-30 09:09:00.006  1433  1728 I AiAiEcho: #postPredictionTargets: Sending updates to UISurface lockscreen with targets# 0 (types=[])
Thu Jul 30 09:09:00 UTC 2026 | ALL | 07-30 09:09:00.006  1433  1728 I AiAiEcho: #postPredictionTargets: Sending updates to UISurface home with targets# 0 (types=[])
Thu Jul 30 09:09:00 UTC 2026 | ALL | 07-30 09:09:00.022   917   917 W PageIndicator: Total number of pages invalid: 0. Assuming 1 page.
Thu Jul 30 09:09:01 UTC 2026 | ALL | 07-30 09:09:00.028   917  1052 D EGL_emulation: app_time_stats: avg=25573.13ms min=25573.13ms max=25573.13ms count=1
Thu Jul 30 09:09:01 UTC 2026 | ALL | 07-30 09:09:00.181  4162  4220 I appium  : channel read: POST /session/0ec58237-84ed-40bd-bf67-28bb2b70cae2/element
Thu Jul 30 09:09:01 UTC 2026 | ALL | 07-30 09:09:00.181  4162  4220 I appium  : FindElement command
Thu Jul 30 09:09:01 UTC 2026 | ALL | 07-30 09:09:00.181  4162  4220 I appium  : method: 'xpath', selector: '//*[contains(@text, 'Budget') or contains(@content-desc, 'Budget')]'
Thu Jul 30 09:09:01 UTC 2026 | ALL | 07-30 09:09:00.181  4162  4220 I appium  : Waiting up to 10000ms for the device to idle
Thu Jul 30 09:09:01 UTC 2026 | ALL | 07-30 09:09:00.606  4162  4220 I appium  : The following attributes will be included to the page source: [text, content-desc]
Thu Jul 30 09:09:01 UTC 2026 | ALL | 07-30 09:09:00.609  4162  4170 I tomator2.server: Method exceeds compiler instruction limit: 19264 in java_cup.runtime.Symbol org.eclipse.wst.xml.xpath2.processor.internal.CUP$XPathCup$actions.CUP$XPathCup$do_action(int, java_cup.runtime.lr_parser, java.util.Stack, int)
Thu Jul 30 09:09:01 UTC 2026 | ALL | 07-30 09:09:00.616  4162  4220 I appium  : Took 0ms to retrieve 0 matches for '//*[contains(@text, 'Budget') or contains(@content-desc, 'Budget')]' XPath2 query
Thu Jul 30 09:09:01 UTC 2026 | ALL | 07-30 09:09:00.617  4162  4220 I appium  : AppiumResponse: {"sessionId":"0ec58237-84ed-40bd-bf67-28bb2b70cae2","value":{"error":"no such element","message":"An element could not be located on the page using the given search parameters","stacktrace":"io.appium.uiautomator2.common.exceptions.ElementNotFoundException: An element could not be located on the page using the given search parameters\n\tat io.appium.uiautomator2.utils.ElementLocationHelpers.findElement(ElementLocationHelpers.java:156)\n\tat io.appium.uiautomator2.handler.FindElement.safeHandle(FindElement.java:60)\n\tat io.appium.uiautomator2.handler.request.SafeRequestHandler.handle(SafeRequestHandler.java:59)\n\tat io.appium.uiautomator2.server.AppiumServlet.handleRequest(AppiumServlet.java:259)\n\tat io.appium.uiautomator2.server.AppiumServlet.handleHttpRequest(AppiumServlet.java:253)\n\tat io.appium.uiautomator2.http.ServerHandler.channelRead(ServerHandler.java:77)\n\tat io.netty.channel.AbstractChannelHandlerContext.invokeChannelRead(AbstractChannelHandlerContext.java:374)\n\tat io.netty.channel.AbstractChannelHandlerContext.invokeChannelRead(AbstractChannelHandlerContext.java:360)\n\tat io.netty.channel.AbstractChannelHandlerContext.fireChannelRead(AbstractChannelHandlerContext.java:352)\n\tat io.netty.handler.codec.MessageToMessageDecoder.channelRead(MessageToMessageDecoder.java:102)\n\tat io.netty.channel.AbstractChannelHandlerContext.invokeChannelRead(AbstractChannelHandlerContext.java:374)\n\tat io.netty.channel.AbstractChannelHandlerContext.invokeChannelRead(AbstractChannelHandlerContext.java:360)\n\tat io.netty.channel.AbstractChannelHandlerContext.fireChannelRead(AbstractChannelHandlerContext.java:352)\n\tat io.netty.channel.CombinedChannelDuplexHandler$DelegatingChannelHandlerContext.fireChannelRead(CombinedChannelDuplexHandler.java:438)\n\tat io.netty.handler.codec.ByteToMessageDecoder.fireChannelRead(ByteToMessageDecoder.java:328)\n\tat io.netty.handler.codec.ByteToMessageDecoder.channelRead(ByteToMessageDecoder.java:302)\n\tat io.netty.channel.CombinedChannelDuplexHandler.channelRead(CombinedChannelDuplexHandler.java:253)\n\tat io.netty.channel.AbstractChannelHandlerContext.invokeChannelRead(AbstractChannelHandlerContext.java:374)\n\tat io.netty.channel.AbstractChannelHandlerContext.invokeChannelRead(AbstractChannelHandlerContext.java:360)\n\tat io.netty.channel.AbstractChannelHandlerContext.fireChannelRead(AbstractChannelHandlerContext.java:352)\n\tat io.netty.handler.timeout.IdleStateHandler.channelRead(IdleStateHandler.java:287)\n\tat io.netty.channel.AbstractChannelHandlerContext.invokeChannelRead(AbstractChannelHandlerContext.java:374)\n\tat io.netty.channel.AbstractChannelHandlerContext.invokeChannelRead(AbstractChannelHandlerContext.java:360)\n\tat io.netty.channel.AbstractChannelHandlerContext.fireChannelRead(AbstractChannelHandlerContext.java:352)\n\tat io.netty.channel.DefaultChannelPipeline$HeadContext.channelRead(DefaultChannelPipeline.java:1422)\n\tat io.netty.channel.AbstractChannelHandlerContext.invokeChannelRead(AbstractChannelHandlerContext.java:374)\n\tat io.netty.channel.AbstractChannelHandlerContext.invokeChannelRead(AbstractChannelHandlerContext.java:360)\n\tat io.netty.channel.DefaultChannelPipeline.fireChannelRead(DefaultChannelPipeline.java:931)\n\tat io.netty.channel.nio.AbstractNioByteChannel$NioByteUnsafe.read(AbstractNioByteChannel.java:163)\n\tat io.netty.channel.nio.NioEventLoop.processSelectedKey(NioEventLoop.java:700)\n\tat io.netty.channel.nio.NioEventLoop.processSelectedKeysOptimized(NioEventLoop.java:635)\n\tat io.netty.channel.nio.NioEventLoop.processSelectedKeys(NioEventLoop.java:552)\n\tat io.netty.channel.nio.NioEventLoop.run(NioEventLoop.java:514)\n\tat io.netty.util.concurrent.SingleThreadEventExecutor$6.run(SingleThreadEventExecutor.java:1044)\n\tat io.netty.util.internal.ThreadExecutorMap$2.run(ThreadExecutorMap.java:74)\n\tat io.netty.util.concurrent.FastThreadLocalRunnable.run(FastThreadLocalRunnable.java:30)\n\tat java.lang.Thread.run(Thread.java:1012)\n"}}
Thu Jul 30 09:09:02 UTC 2026 | ALL | 07-30 09:09:01.122  4162  4220 I appium  : channel read: POST /session/0ec58237-84ed-40bd-bf67-28bb2b70cae2/element
Thu Jul 30 09:09:02 UTC 2026 | ALL | 07-30 09:09:01.122  4162  4220 I appium  : FindElement command
Thu Jul 30 09:09:02 UTC 2026 | ALL | 07-30 09:09:01.122  4162  4220 I appium  : method: 'xpath', selector: '//*[contains(@text, 'Budget') or contains(@content-desc, 'Budget')]'
Thu Jul 30 09:09:02 UTC 2026 | ALL | 07-30 09:09:01.122  4162  4220 I appium  : Waiting up to 10000ms for the device to idle
Thu Jul 30 09:09:02 UTC 2026 | ALL | 07-30 09:09:01.123  4162  4220 I appium  : The following attributes will be included to the page source: [text, content-desc]
Thu Jul 30 09:09:02 UTC 2026 | ALL | 07-30 09:09:01.131  4162  4220 I appium  : Took 0ms to retrieve 0 matches for '//*[contains(@text, 'Budget') or contains(@content-desc, 'Budget')]' XPath2 query
Thu Jul 30 09:09:02 UTC 2026 | ALL | 07-30 09:09:01.131  4162  4220 I appium  : AppiumResponse: {"sessionId":"0ec58237-84ed-40bd-bf67-28bb2b70cae2","value":{"error":"no such element","message":"An element could not be located on the page using the given search parameters","stacktrace":"io.appium.uiautomator2.common.exceptions.ElementNotFoundException: An element could not be located on the page using the given search parameters\n\tat io.appium.uiautomator2.utils.ElementLocationHelpers.findElement(ElementLocationHelpers.java:156)\n\tat io.appium.uiautomator2.handler.FindElement.safeHandle(FindElement.java:60)\n\tat io.appium.uiautomator2.handler.request.SafeRequestHandler.handle(SafeRequestHandler.java:59)\n\tat io.appium.uiautomator2.server.AppiumServlet.handleRequest(AppiumServlet.java:259)\n\tat io.appium.uiautomator2.server.AppiumServlet.handleHttpRequest(AppiumServlet.java:253)\n\tat io.appium.uiautomator2.http.ServerHandler.channelRead(ServerHandler.java:77)\n\tat io.netty.channel.AbstractChannelHandlerContext.invokeChannelRead(AbstractChannelHandlerContext.java:374)\n\tat io.netty.channel.AbstractChannelHandlerContext.invokeChannelRead(AbstractChannelHandlerContext.java:360)\n\tat io.netty.channel.AbstractChannelHandlerContext.fireChannelRead(AbstractChannelHandlerContext.java:352)\n\tat io.netty.handler.codec.MessageToMessageDecoder.channelRead(MessageToMessageDecoder.java:102)\n\tat io.netty.channel.AbstractChannelHandlerContext.invokeChannelRead(AbstractChannelHandlerContext.java:374)\n\tat io.netty.channel.AbstractChannelHandlerContext.invokeChannelRead(AbstractChannelHandlerContext.java:360)\n\tat io.netty.channel.AbstractChannelHandlerContext.fireChannelRead(AbstractChannelHandlerContext.java:352)\n\tat io.netty.channel.CombinedChannelDuplexHandler$DelegatingChannelHandlerContext.fireChannelRead(CombinedChannelDuplexHandler.java:438)\n\tat io.netty.handler.codec.ByteToMessageDecoder.fireChannelRead(ByteToMessageDecoder.java:328)\n\tat io.netty.handler.codec.ByteToMessageDecoder.channelRead(ByteToMessageDecoder.java:302)\n\tat io.netty.channel.CombinedChannelDuplexHandler.channelRead(CombinedChannelDuplexHandler.java:253)\n\tat io.netty.channel.AbstractChannelHandlerContext.invokeChannelRead(AbstractChannelHandlerContext.java:374)\n\tat io.netty.channel.AbstractChannelHandlerContext.invokeChannelRead(AbstractChannelHandlerContext.java:360)\n\tat io.netty.channel.AbstractChannelHandlerContext.fireChannelRead(AbstractChannelHandlerContext.java:352)\n\tat io.netty.handler.timeout.IdleStateHandler.channelRead(IdleStateHandler.java:287)\n\tat io.netty.channel.AbstractChannelHandlerContext.invokeChannelRead(AbstractChannelHandlerContext.java:374)\n\tat io.netty.channel.AbstractChannelHandlerContext.invokeChannelRead(AbstractChannelHandlerContext.java:360)\n\tat io.netty.channel.AbstractChannelHandlerContext.fireChannelRead(AbstractChannelHandlerContext.java:352)\n\tat io.netty.channel.DefaultChannelPipeline$HeadContext.channelRead(DefaultChannelPipeline.java:1422)\n\tat io.netty.channel.AbstractChannelHandlerContext.invokeChannelRead(AbstractChannelHandlerContext.java:374)\n\tat io.netty.channel.AbstractChannelHandlerContext.invokeChannelRead(AbstractChannelHandlerContext.java:360)\n\tat io.netty.channel.DefaultChannelPipeline.fireChannelRead(DefaultChannelPipeline.java:931)\n\tat io.netty.channel.nio.AbstractNioByteChannel$NioByteUnsafe.read(AbstractNioByteChannel.java:163)\n\tat io.netty.channel.nio.NioEventLoop.processSelectedKey(NioEventLoop.java:700)\n\tat io.netty.channel.nio.NioEventLoop.processSelectedKeysOptimized(NioEventLoop.java:635)\n\tat io.netty.channel.nio.NioEventLoop.processSelectedKeys(NioEventLoop.java:552)\n\tat io.netty.channel.nio.NioEventLoop.run(NioEventLoop.java:514)\n\tat io.netty.util.concurrent.SingleThreadEventExecutor$6.run(SingleThreadEventExecutor.java:1044)\n\tat io.netty.util.internal.ThreadExecutorMap$2.run(ThreadExecutorMap.java:74)\n\tat io.netty.util.concurrent.FastThreadLocalRunnable.run(FastThreadLocalRunnable.java:30)\n\tat java.lang.Thread.run(Thread.java:1012)\n"}}
Thu Jul 30 09:09:02 UTC 2026 | ALL | 07-30 09:09:01.439   560   833 W IPCThreadState: Sending oneway calls to frozen process.
Thu Jul 30 09:09:02 UTC 2026 | ALL | 07-30 09:09:01.439   560   833 W IPCThreadState: Sending oneway calls to frozen process.
Thu Jul 30 09:09:02 UTC 2026 | ALL | 07-30 09:09:01.439   560   833 W IPCThreadState: Sending oneway calls to frozen process.
Thu Jul 30 09:09:02 UTC 2026 | ALL | 07-30 09:09:01.440   560   833 W IPCThreadState: Sending oneway calls to frozen process.
Thu Jul 30 09:09:02 UTC 2026 | ALL | 07-30 09:09:01.440   560   833 W IPCThreadState: Sending oneway calls to frozen process.
Thu Jul 30 09:09:02 UTC 2026 | ALL | 07-30 09:09:01.440   560   833 W IPCThreadState: Sending oneway calls to frozen process.
Thu Jul 30 09:09:02 UTC 2026 | ALL | 07-30 09:09:01.442  3433  3534 I BugleRcsEngine: handleMessage processing message:[NOTIFY_UPTIME_IGNORE_STATE_CHANGED] with [non-null]:RcsEngineImpl reference [CONTEXT log_prefix="RcsEngineImpl[DUAL_REG]:[445b9658-3dc5]>Handler" thread_id=62 ]
Thu Jul 30 09:09:02 UTC 2026 | ALL | 07-30 09:09:01.442  3433  3502 I BugleRcsEngine: Connected state: [1], networkType: [WIFI] [CONTEXT thread_id=53 ]
Thu Jul 30 09:09:02 UTC 2026 | ALL | 07-30 09:09:01.443  1226  1237 I ChimeraSrvcProxy: NullBinder for android.net.action.RECOMMEND_NETWORKS triggering remote TransactionTooLargeException due to Service without Chimera impl
Thu Jul 30 09:09:02 UTC 2026 | ALL | 07-30 09:09:01.444  1226  1237 W .gms.persistent: Large reply transaction of 1056768 bytes, interface descriptor , code 1
Thu Jul 30 09:09:02 UTC 2026 | ALL | 07-30 09:09:01.445  3433  3534 I BugleRcsEngine: No RCS Configuration was found in Bugle for simID: redacted-pii:sim_id[chars:20,last3:897] [CONTEXT log_prefix="ProvisioningEngineDataRetriever" thread_id=62 ]
Thu Jul 30 09:09:02 UTC 2026 | ALL | 07-30 09:09:01.636  4162  4220 I appium  : channel read: POST /session/0ec58237-84ed-40bd-bf67-28bb2b70cae2/element
Thu Jul 30 09:09:02 UTC 2026 | ALL | 07-30 09:09:01.636  4162  4220 I appium  : FindElement command
Thu Jul 30 09:09:02 UTC 2026 | ALL | 07-30 09:09:01.636  4162  4220 I appium  : method: 'xpath', selector: '//*[contains(@text, 'Budget') or contains(@content-desc, 'Budget')]'
Thu Jul 30 09:09:02 UTC 2026 | ALL | 07-30 09:09:01.636  4162  4220 I appium  : Waiting up to 10000ms for the device to idle
Thu Jul 30 09:09:02 UTC 2026 | ALL | 07-30 09:09:01.637  4162  4220 I appium  : The following attributes will be included to the page source: [text, content-desc]
Thu Jul 30 09:09:02 UTC 2026 | ALL | 07-30 09:09:01.645  4162  4220 I appium  : Took 0ms to retrieve 0 matches for '//*[contains(@text, 'Budget') or contains(@content-desc, 'Budget')]' XPath2 query
Thu Jul 30 09:09:02 UTC 2026 | ALL | 07-30 09:09:01.646  4162  4220 I appium  : AppiumResponse: {"sessionId":"0ec58237-84ed-40bd-bf67-28bb2b70cae2","value":{"error":"no such element","message":"An element could not be located on the page using the given search parameters","stacktrace":"io.appium.uiautomator2.common.exceptions.ElementNotFoundException: An element could not be located on the page using the given search parameters\n\tat io.appium.uiautomator2.utils.ElementLocationHelpers.findElement(ElementLocationHelpers.java:156)\n\tat io.appium.uiautomator2.handler.FindElement.safeHandle(FindElement.java:60)\n\tat io.appium.uiautomator2.handler.request.SafeRequestHandler.handle(SafeRequestHandler.java:59)\n\tat io.appium.uiautomator2.server.AppiumServlet.handleRequest(AppiumServlet.java:259)\n\tat io.appium.uiautomator2.server.AppiumServlet.handleHttpRequest(AppiumServlet.java:253)\n\tat io.appium.uiautomator2.http.ServerHandler.channelRead(ServerHandler.java:77)\n\tat io.netty.channel.AbstractChannelHandlerContext.invokeChannelRead(AbstractChannelHandlerContext.java:374)\n\tat io.netty.channel.AbstractChannelHandlerContext.invokeChannelRead(AbstractChannelHandlerContext.java:360)\n\tat io.netty.channel.AbstractChannelHandlerContext.fireChannelRead(AbstractChannelHandlerContext.java:352)\n\tat io.netty.handler.codec.MessageToMessageDecoder.channelRead(MessageToMessageDecoder.java:102)\n\tat io.netty.channel.AbstractChannelHandlerContext.invokeChannelRead(AbstractChannelHandlerContext.java:374)\n\tat io.netty.channel.AbstractChannelHandlerContext.invokeChannelRead(AbstractChannelHandlerContext.java:360)\n\tat io.netty.channel.AbstractChannelHandlerContext.fireChannelRead(AbstractChannelHandlerContext.java:352)\n\tat io.netty.channel.CombinedChannelDuplexHandler$DelegatingChannelHandlerContext.fireChannelRead(CombinedChannelDuplexHandler.java:438)\n\tat io.netty.handler.codec.ByteToMessageDecoder.fireChannelRead(ByteToMessageDecoder.java:328)\n\tat io.netty.handler.codec.ByteToMessageDecoder.channelRead(ByteToMessageDecoder.java:302)\n\tat io.netty.channel.CombinedChannelDuplexHandler.channelRead(CombinedChannelDuplexHandler.java:253)\n\tat io.netty.channel.AbstractChannelHandlerContext.invokeChannelRead(AbstractChannelHandlerContext.java:374)\n\tat io.netty.channel.AbstractChannelHandlerContext.invokeChannelRead(AbstractChannelHandlerContext.java:360)\n\tat io.netty.channel.AbstractChannelHandlerContext.fireChannelRead(AbstractChannelHandlerContext.java:352)\n\tat io.netty.handler.timeout.IdleStateHandler.channelRead(IdleStateHandler.java:287)\n\tat io.netty.channel.AbstractChannelHandlerContext.invokeChannelRead(AbstractChannelHandlerContext.java:374)\n\tat io.netty.channel.AbstractChannelHandlerContext.invokeChannelRead(AbstractChannelHandlerContext.java:360)\n\tat io.netty.channel.AbstractChannelHandlerContext.fireChannelRead(AbstractChannelHandlerContext.java:352)\n\tat io.netty.channel.DefaultChannelPipeline$HeadContext.channelRead(DefaultChannelPipeline.java:1422)\n\tat io.netty.channel.AbstractChannelHandlerContext.invokeChannelRead(AbstractChannelHandlerContext.java:374)\n\tat io.netty.channel.AbstractChannelHandlerContext.invokeChannelRead(AbstractChannelHandlerContext.java:360)\n\tat io.netty.channel.DefaultChannelPipeline.fireChannelRead(DefaultChannelPipeline.java:931)\n\tat io.netty.channel.nio.AbstractNioByteChannel$NioByteUnsafe.read(AbstractNioByteChannel.java:163)\n\tat io.netty.channel.nio.NioEventLoop.processSelectedKey(NioEventLoop.java:700)\n\tat io.netty.channel.nio.NioEventLoop.processSelectedKeysOptimized(NioEventLoop.java:635)\n\tat io.netty.channel.nio.NioEventLoop.processSelectedKeys(NioEventLoop.java:552)\n\tat io.netty.channel.nio.NioEventLoop.run(NioEventLoop.java:514)\n\tat io.netty.util.concurrent.SingleThreadEventExecutor$6.run(SingleThreadEventExecutor.java:1044)\n\tat io.netty.util.internal.ThreadExecutorMap$2.run(ThreadExecutorMap.java:74)\n\tat io.netty.util.concurrent.FastThreadLocalRunnable.run(FastThreadLocalRunnable.java:30)\n\tat java.lang.Thread.run(Thread.java:1012)\n"}}
Thu Jul 30 09:09:03 UTC 2026 | ALL | 07-30 09:09:02.150  4162  4220 I appium  : channel read: POST /session/0ec58237-84ed-40bd-bf67-28bb2b70cae2/element
Thu Jul 30 09:09:03 UTC 2026 | ALL | 07-30 09:09:02.150  4162  4220 I appium  : FindElement command
Thu Jul 30 09:09:03 UTC 2026 | ALL | 07-30 09:09:02.150  4162  4220 I appium  : method: 'xpath', selector: '//*[contains(@text, 'Budget') or contains(@content-desc, 'Budget')]'
Thu Jul 30 09:09:03 UTC 2026 | ALL | 07-30 09:09:02.150  4162  4220 I appium  : Waiting up to 10000ms for the device to idle
Thu Jul 30 09:09:03 UTC 2026 | ALL | 07-30 09:09:02.151  4162  4220 I appium  : The following attributes will be included to the page source: [text, content-desc]
Thu Jul 30 09:09:03 UTC 2026 | ALL | 07-30 09:09:02.154  4162  4170 I tomator2.server: Method exceeds compiler instruction limit: 19264 in java_cup.runtime.Symbol org.eclipse.wst.xml.xpath2.processor.internal.CUP$XPathCup$actions.CUP$XPathCup$do_action(int, java_cup.runtime.lr_parser, java.util.Stack, int)
Thu Jul 30 09:09:03 UTC 2026 | ALL | 07-30 09:09:02.159  4162  4220 I appium  : Took 0ms to retrieve 0 matches for '//*[contains(@text, 'Budget') or contains(@content-desc, 'Budget')]' XPath2 query
Thu Jul 30 09:09:03 UTC 2026 | ALL | 07-30 09:09:02.160  4162  4220 I appium  : AppiumResponse: {"sessionId":"0ec58237-84ed-40bd-bf67-28bb2b70cae2","value":{"error":"no such element","message":"An element could not be located on the page using the given search parameters","stacktrace":"io.appium.uiautomator2.common.exceptions.ElementNotFoundException: An element could not be located on the page using the given search parameters\n\tat io.appium.uiautomator2.utils.ElementLocationHelpers.findElement(ElementLocationHelpers.java:156)\n\tat io.appium.uiautomator2.handler.FindElement.safeHandle(FindElement.java:60)\n\tat io.appium.uiautomator2.handler.request.SafeRequestHandler.handle(SafeRequestHandler.java:59)\n\tat io.appium.uiautomator2.server.AppiumServlet.handleRequest(AppiumServlet.java:259)\n\tat io.appium.uiautomator2.server.AppiumServlet.handleHttpRequest(AppiumServlet.java:253)\n\tat io.appium.uiautomator2.http.ServerHandler.channelRead(ServerHandler.java:77)\n\tat io.netty.channel.AbstractChannelHandlerContext.invokeChannelRead(AbstractChannelHandlerContext.java:374)\n\tat io.netty.channel.AbstractChannelHandlerContext.invokeChannelRead(AbstractChannelHandlerContext.java:360)\n\tat io.netty.channel.AbstractChannelHandlerContext.fireChannelRead(AbstractChannelHandlerContext.java:352)\n\tat io.netty.handler.codec.MessageToMessageDecoder.channelRead(MessageToMessageDecoder.java:102)\n\tat io.netty.channel.AbstractChannelHandlerContext.invokeChannelRead(AbstractChannelHandlerContext.java:374)\n\tat io.netty.channel.AbstractChannelHandlerContext.invokeChannelRead(AbstractChannelHandlerContext.java:360)\n\tat io.netty.channel.AbstractChannelHandlerContext.fireChannelRead(AbstractChannelHandlerContext.java:352)\n\tat io.netty.channel.CombinedChannelDuplexHandler$DelegatingChannelHandlerContext.fireChannelRead(CombinedChannelDuplexHandler.java:438)\n\tat io.netty.handler.codec.ByteToMessageDecoder.fireChannelRead(ByteToMessageDecoder.java:328)\n\tat io.netty.handler.codec.ByteToMessageDecoder.channelRead(ByteToMessageDecoder.java:302)\n\tat io.netty.channel.CombinedChannelDuplexHandler.channelRead(CombinedChannelDuplexHandler.java:253)\n\tat io.netty.channel.AbstractChannelHandlerContext.invokeChannelRead(AbstractChannelHandlerContext.java:374)\n\tat io.netty.channel.AbstractChannelHandlerContext.invokeChannelRead(AbstractChannelHandlerContext.java:360)\n\tat io.netty.channel.AbstractChannelHandlerContext.fireChannelRead(AbstractChannelHandlerContext.java:352)\n\tat io.netty.handler.timeout.IdleStateHandler.channelRead(IdleStateHandler.java:287)\n\tat io.netty.channel.AbstractChannelHandlerContext.invokeChannelRead(AbstractChannelHandlerContext.java:374)\n\tat io.netty.channel.AbstractChannelHandlerContext.invokeChannelRead(AbstractChannelHandlerContext.java:360)\n\tat io.netty.channel.AbstractChannelHandlerContext.fireChannelRead(AbstractChannelHandlerContext.java:352)\n\tat io.netty.channel.DefaultChannelPipeline$HeadContext.channelRead(DefaultChannelPipeline.java:1422)\n\tat io.netty.channel.AbstractChannelHandlerContext.invokeChannelRead(AbstractChannelHandlerContext.java:374)\n\tat io.netty.channel.AbstractChannelHandlerContext.invokeChannelRead(AbstractChannelHandlerContext.java:360)\n\tat io.netty.channel.DefaultChannelPipeline.fireChannelRead(DefaultChannelPipeline.java:931)\n\tat io.netty.channel.nio.AbstractNioByteChannel$NioByteUnsafe.read(AbstractNioByteChannel.java:163)\n\tat io.netty.channel.nio.NioEventLoop.processSelectedKey(NioEventLoop.java:700)\n\tat io.netty.channel.nio.NioEventLoop.processSelectedKeysOptimized(NioEventLoop.java:635)\n\tat io.netty.channel.nio.NioEventLoop.processSelectedKeys(NioEventLoop.java:552)\n\tat io.netty.channel.nio.NioEventLoop.run(NioEventLoop.java:514)\n\tat io.netty.util.concurrent.SingleThreadEventExecutor$6.run(SingleThreadEventExecutor.java:1044)\n\tat io.netty.util.internal.ThreadExecutorMap$2.run(ThreadExecutorMap.java:74)\n\tat io.netty.util.concurrent.FastThreadLocalRunnable.run(FastThreadLocalRunnable.java:30)\n\tat java.lang.Thread.run(Thread.java:1012)\n"}}
Thu Jul 30 09:09:03 UTC 2026 | ALL | 07-30 09:09:02.665  4162  4220 I appium  : channel read: POST /session/0ec58237-84ed-40bd-bf67-28bb2b70cae2/element
Thu Jul 30 09:09:03 UTC 2026 | ALL | 07-30 09:09:02.665  4162  4220 I appium  : FindElement command
Thu Jul 30 09:09:03 UTC 2026 | ALL | 07-30 09:09:02.665  4162  4220 I appium  : method: 'xpath', selector: '//*[contains(@text, 'Budget') or contains(@content-desc, 'Budget')]'
Thu Jul 30 09:09:03 UTC 2026 | ALL | 07-30 09:09:02.665  4162  4220 I appium  : Waiting up to 10000ms for the device to idle
Thu Jul 30 09:09:03 UTC 2026 | ALL | 07-30 09:09:02.667  4162  4220 I appium  : The following attributes will be included to the page source: [text, content-desc]
Thu Jul 30 09:09:03 UTC 2026 | ALL | 07-30 09:09:02.676  4162  4220 I appium  : Took 0ms to retrieve 0 matches for '//*[contains(@text, 'Budget') or contains(@content-desc, 'Budget')]' XPath2 query
Thu Jul 30 09:09:03 UTC 2026 | ALL | 07-30 09:09:02.677  4162  4220 I appium  : AppiumResponse: {"sessionId":"0ec58237-84ed-40bd-bf67-28bb2b70cae2","value":{"error":"no such element","message":"An element could not be located on the page using the given search parameters","stacktrace":"io.appium.uiautomator2.common.exceptions.ElementNotFoundException: An element could not be located on the page using the given search parameters\n\tat io.appium.uiautomator2.utils.ElementLocationHelpers.findElement(ElementLocationHelpers.java:156)\n\tat io.appium.uiautomator2.handler.FindElement.safeHandle(FindElement.java:60)\n\tat io.appium.uiautomator2.handler.request.SafeRequestHandler.handle(SafeRequestHandler.java:59)\n\tat io.appium.uiautomator2.server.AppiumServlet.handleRequest(AppiumServlet.java:259)\n\tat io.appium.uiautomator2.server.AppiumServlet.handleHttpRequest(AppiumServlet.java:253)\n\tat io.appium.uiautomator2.http.ServerHandler.channelRead(ServerHandler.java:77)\n\tat io.netty.channel.AbstractChannelHandlerContext.invokeChannelRead(AbstractChannelHandlerContext.java:374)\n\tat io.netty.channel.AbstractChannelHandlerContext.invokeChannelRead(AbstractChannelHandlerContext.java:360)\n\tat io.netty.channel.AbstractChannelHandlerContext.fireChannelRead(AbstractChannelHandlerContext.java:352)\n\tat io.netty.handler.codec.MessageToMessageDecoder.channelRead(MessageToMessageDecoder.java:102)\n\tat io.netty.channel.AbstractChannelHandlerContext.invokeChannelRead(AbstractChannelHandlerContext.java:374)\n\tat io.netty.channel.AbstractChannelHandlerContext.invokeChannelRead(AbstractChannelHandlerContext.java:360)\n\tat io.netty.channel.AbstractChannelHandlerContext.fireChannelRead(AbstractChannelHandlerContext.java:352)\n\tat io.netty.channel.CombinedChannelDuplexHandler$DelegatingChannelHandlerContext.fireChannelRead(CombinedChannelDuplexHandler.java:438)\n\tat io.netty.handler.codec.ByteToMessageDecoder.fireChannelRead(ByteToMessageDecoder.java:328)\n\tat io.netty.handler.codec.ByteToMessageDecoder.channelRead(ByteToMessageDecoder.java:302)\n\tat io.netty.channel.CombinedChannelDuplexHandler.channelRead(CombinedChannelDuplexHandler.java:253)\n\tat io.netty.channel.AbstractChannelHandlerContext.invokeChannelRead(AbstractChannelHandlerContext.java:374)\n\tat io.netty.channel.AbstractChannelHandlerContext.invokeChannelRead(AbstractChannelHandlerContext.java:360)\n\tat io.netty.channel.AbstractChannelHandlerContext.fireChannelRead(AbstractChannelHandlerContext.java:352)\n\tat io.netty.handler.timeout.IdleStateHandler.channelRead(IdleStateHandler.java:287)\n\tat io.netty.channel.AbstractChannelHandlerContext.invokeChannelRead(AbstractChannelHandlerContext.java:374)\n\tat io.netty.channel.AbstractChannelHandlerContext.invokeChannelRead(AbstractChannelHandlerContext.java:360)\n\tat io.netty.channel.AbstractChannelHandlerContext.fireChannelRead(AbstractChannelHandlerContext.java:352)\n\tat io.netty.channel.DefaultChannelPipeline$HeadContext.channelRead(DefaultChannelPipeline.java:1422)\n\tat io.netty.channel.AbstractChannelHandlerContext.invokeChannelRead(AbstractChannelHandlerContext.java:374)\n\tat io.netty.channel.AbstractChannelHandlerContext.invokeChannelRead(AbstractChannelHandlerContext.java:360)\n\tat io.netty.channel.DefaultChannelPipeline.fireChannelRead(DefaultChannelPipeline.java:931)\n\tat io.netty.channel.nio.AbstractNioByteChannel$NioByteUnsafe.read(AbstractNioByteChannel.java:163)\n\tat io.netty.channel.nio.NioEventLoop.processSelectedKey(NioEventLoop.java:700)\n\tat io.netty.channel.nio.NioEventLoop.processSelectedKeysOptimized(NioEventLoop.java:635)\n\tat io.netty.channel.nio.NioEventLoop.processSelectedKeys(NioEventLoop.java:552)\n\tat io.netty.channel.nio.NioEventLoop.run(NioEventLoop.java:514)\n\tat io.netty.util.concurrent.SingleThreadEventExecutor$6.run(SingleThreadEventExecutor.java:1044)\n\tat io.netty.util.internal.ThreadExecutorMap$2.run(ThreadExecutorMap.java:74)\n\tat io.netty.util.concurrent.FastThreadLocalRunnable.run(FastThreadLocalRunnable.java:30)\n\tat java.lang.Thread.run(Thread.java:1012)\n"}}
Thu Jul 30 09:09:03 UTC 2026 | ALL | 07-30 09:09:02.938  4162  4220 I appium  : channel read: POST /session/0ec58237-84ed-40bd-bf67-28bb2b70cae2/element
Thu Jul 30 09:09:03 UTC 2026 | ALL | 07-30 09:09:02.938  4162  4220 I appium  : FindElement command
Thu Jul 30 09:09:03 UTC 2026 | ALL | 07-30 09:09:02.939  4162  4220 I appium  : method: 'xpath', selector: '//*[contains(@text, 'Budget') or contains(@content-desc, 'Budget')]'
Thu Jul 30 09:09:03 UTC 2026 | ALL | 07-30 09:09:02.939  4162  4220 I appium  : Waiting up to 10000ms for the device to idle
Thu Jul 30 09:09:03 UTC 2026 | ALL | 07-30 09:09:02.940  4162  4220 I appium  : The following attributes will be included to the page source: [text, content-desc]
Thu Jul 30 09:09:03 UTC 2026 | ALL | 07-30 09:09:02.952  4162  4220 I appium  : Took 0ms to retrieve 0 matches for '//*[contains(@text, 'Budget') or contains(@content-desc, 'Budget')]' XPath2 query
Thu Jul 30 09:09:03 UTC 2026 | ALL | 07-30 09:09:02.953  4162  4220 I appium  : AppiumResponse: {"sessionId":"0ec58237-84ed-40bd-bf67-28bb2b70cae2","value":{"error":"no such element","message":"An element could not be located on the page using the given search parameters","stacktrace":"io.appium.uiautomator2.common.exceptions.ElementNotFoundException: An element could not be located on the page using the given search parameters\n\tat io.appium.uiautomator2.utils.ElementLocationHelpers.findElement(ElementLocationHelpers.java:156)\n\tat io.appium.uiautomator2.handler.FindElement.safeHandle(FindElement.java:60)\n\tat io.appium.uiautomator2.handler.request.SafeRequestHandler.handle(SafeRequestHandler.java:59)\n\tat io.appium.uiautomator2.server.AppiumServlet.handleRequest(AppiumServlet.java:259)\n\tat io.appium.uiautomator2.server.AppiumServlet.handleHttpRequest(AppiumServlet.java:253)\n\tat io.appium.uiautomator2.http.ServerHandler.channelRead(ServerHandler.java:77)\n\tat io.netty.channel.AbstractChannelHandlerContext.invokeChannelRead(AbstractChannelHandlerContext.java:374)\n\tat io.netty.channel.AbstractChannelHandlerContext.invokeChannelRead(AbstractChannelHandlerContext.java:360)\n\tat io.netty.channel.AbstractChannelHandlerContext.fireChannelRead(AbstractChannelHandlerContext.java:352)\n\tat io.netty.handler.codec.MessageToMessageDecoder.channelRead(MessageToMessageDecoder.java:102)\n\tat io.netty.channel.AbstractChannelHandlerContext.invokeChannelRead(AbstractChannelHandlerContext.java:374)\n\tat io.netty.channel.AbstractChannelHandlerContext.invokeChannelRead(AbstractChannelHandlerContext.java:360)\n\tat io.netty.channel.AbstractChannelHandlerContext.fireChannelRead(AbstractChannelHandlerContext.java:352)\n\tat io.netty.channel.CombinedChannelDuplexHandler$DelegatingChannelHandlerContext.fireChannelRead(CombinedChannelDuplexHandler.java:438)\n\tat io.netty.handler.codec.ByteToMessageDecoder.fireChannelRead(ByteToMessageDecoder.java:328)\n\tat io.netty.handler.codec.ByteToMessageDecoder.channelRead(ByteToMessageDecoder.java:302)\n\tat io.netty.channel.CombinedChannelDuplexHandler.channelRead(CombinedChannelDuplexHandler.java:253)\n\tat io.netty.channel.AbstractChannelHandlerContext.invokeChannelRead(AbstractChannelHandlerContext.java:374)\n\tat io.netty.channel.AbstractChannelHandlerContext.invokeChannelRead(AbstractChannelHandlerContext.java:360)\n\tat io.netty.channel.AbstractChannelHandlerContext.fireChannelRead(AbstractChannelHandlerContext.java:352)\n\tat io.netty.handler.timeout.IdleStateHandler.channelRead(IdleStateHandler.java:287)\n\tat io.netty.channel.AbstractChannelHandlerContext.invokeChannelRead(AbstractChannelHandlerContext.java:374)\n\tat io.netty.channel.AbstractChannelHandlerContext.invokeChannelRead(AbstractChannelHandlerContext.java:360)\n\tat io.netty.channel.AbstractChannelHandlerContext.fireChannelRead(AbstractChannelHandlerContext.java:352)\n\tat io.netty.channel.DefaultChannelPipeline$HeadContext.channelRead(DefaultChannelPipeline.java:1422)\n\tat io.netty.channel.AbstractChannelHandlerContext.invokeChannelRead(AbstractChannelHandlerContext.java:374)\n\tat io.netty.channel.AbstractChannelHandlerContext.invokeChannelRead(AbstractChannelHandlerContext.java:360)\n\tat io.netty.channel.DefaultChannelPipeline.fireChannelRead(DefaultChannelPipeline.java:931)\n\tat io.netty.channel.nio.AbstractNioByteChannel$NioByteUnsafe.read(AbstractNioByteChannel.java:163)\n\tat io.netty.channel.nio.NioEventLoop.processSelectedKey(NioEventLoop.java:700)\n\tat io.netty.channel.nio.NioEventLoop.processSelectedKeysOptimized(NioEventLoop.java:635)\n\tat io.netty.channel.nio.NioEventLoop.processSelectedKeys(NioEventLoop.java:552)\n\tat io.netty.channel.nio.NioEventLoop.run(NioEventLoop.java:514)\n\tat io.netty.util.concurrent.SingleThreadEventExecutor$6.run(SingleThreadEventExecutor.java:1044)\n\tat io.netty.util.internal.ThreadExecutorMap$2.run(ThreadExecutorMap.java:74)\n\tat io.netty.util.concurrent.FastThreadLocalRunnable.run(FastThreadLocalRunnable.java:30)\n\tat java.lang.Thread.run(Thread.java:1012)\n"}}
Thu Jul 30 09:09:03 UTC 2026 | ALL | 07-30 09:09:02.961  4162  4220 I appium  : channel read: POST /session/0ec58237-84ed-40bd-bf67-28bb2b70cae2/element
Thu Jul 30 09:09:03 UTC 2026 | ALL | 07-30 09:09:02.961  4162  4220 I appium  : FindElement command
Thu Jul 30 09:09:03 UTC 2026 | ALL | 07-30 09:09:02.961  4162  4220 I appium  : method: 'xpath', selector: '//*[contains(@text, 'Sign Up') or contains(@content-desc, 'Sign Up')]'
Thu Jul 30 09:09:03 UTC 2026 | ALL | 07-30 09:09:02.961  4162  4220 I appium  : Waiting up to 10000ms for the device to idle
Thu Jul 30 09:09:03 UTC 2026 | ALL | 07-30 09:09:02.962  4162  4220 I appium  : The following attributes will be included to the page source: [text, content-desc]
Thu Jul 30 09:09:03 UTC 2026 | ALL | 07-30 09:09:02.966  4162  4170 I tomator2.server: Method exceeds compiler instruction limit: 19264 in java_cup.runtime.Symbol org.eclipse.wst.xml.xpath2.processor.internal.CUP$XPathCup$actions.CUP$XPathCup$do_action(int, java_cup.runtime.lr_parser, java.util.Stack, int)
Thu Jul 30 09:09:03 UTC 2026 | ALL | 07-30 09:09:02.975  4162  4220 I appium  : Took 0ms to retrieve 0 matches for '//*[contains(@text, 'Sign Up') or contains(@content-desc, 'Sign Up')]' XPath2 query
Thu Jul 30 09:09:03 UTC 2026 | ALL | 07-30 09:09:02.976  4162  4220 I appium  : AppiumResponse: {"sessionId":"0ec58237-84ed-40bd-bf67-28bb2b70cae2","value":{"error":"no such element","message":"An element could not be located on the page using the given search parameters","stacktrace":"io.appium.uiautomator2.common.exceptions.ElementNotFoundException: An element could not be located on the page using the given search parameters\n\tat io.appium.uiautomator2.utils.ElementLocationHelpers.findElement(ElementLocationHelpers.java:156)\n\tat io.appium.uiautomator2.handler.FindElement.safeHandle(FindElement.java:60)\n\tat io.appium.uiautomator2.handler.request.SafeRequestHandler.handle(SafeRequestHandler.java:59)\n\tat io.appium.uiautomator2.server.AppiumServlet.handleRequest(AppiumServlet.java:259)\n\tat io.appium.uiautomator2.server.AppiumServlet.handleHttpRequest(AppiumServlet.java:253)\n\tat io.appium.uiautomator2.http.ServerHandler.channelRead(ServerHandler.java:77)\n\tat io.netty.channel.AbstractChannelHandlerContext.invokeChannelRead(AbstractChannelHandlerContext.java:374)\n\tat io.netty.channel.AbstractChannelHandlerContext.invokeChannelRead(AbstractChannelHandlerContext.java:360)\n\tat io.netty.channel.AbstractChannelHandlerContext.fireChannelRead(AbstractChannelHandlerContext.java:352)\n\tat io.netty.handler.codec.MessageToMessageDecoder.channelRead(MessageToMessageDecoder.java:102)\n\tat io.netty.channel.AbstractChannelHandlerContext.invokeChannelRead(AbstractChannelHandlerContext.java:374)\n\tat io.netty.channel.AbstractChannelHandlerContext.invokeChannelRead(AbstractChannelHandlerContext.java:360)\n\tat io.netty.channel.AbstractChannelHandlerContext.fireChannelRead(AbstractChannelHandlerContext.java:352)\n\tat io.netty.channel.CombinedChannelDuplexHandler$DelegatingChannelHandlerContext.fireChannelRead(CombinedChannelDuplexHandler.java:438)\n\tat io.netty.handler.codec.ByteToMessageDecoder.fireChannelRead(ByteToMessageDecoder.java:328)\n\tat io.netty.handler.codec.ByteToMessageDecoder.channelRead(ByteToMessageDecoder.java:302)\n\tat io.netty.channel.CombinedChannelDuplexHandler.channelRead(CombinedChannelDuplexHandler.java:253)\n\tat io.netty.channel.AbstractChannelHandlerContext.invokeChannelRead(AbstractChannelHandlerContext.java:374)\n\tat io.netty.channel.AbstractChannelHandlerContext.invokeChannelRead(AbstractChannelHandlerContext.java:360)\n\tat io.netty.channel.AbstractChannelHandlerContext.fireChannelRead(AbstractChannelHandlerContext.java:352)\n\tat io.netty.handler.timeout.IdleStateHandler.channelRead(IdleStateHandler.java:287)\n\tat io.netty.channel.AbstractChannelHandlerContext.invokeChannelRead(AbstractChannelHandlerContext.java:374)\n\tat io.netty.channel.AbstractChannelHandlerContext.invokeChannelRead(AbstractChannelHandlerContext.java:360)\n\tat io.netty.channel.AbstractChannelHandlerContext.fireChannelRead(AbstractChannelHandlerContext.java:352)\n\tat io.netty.channel.DefaultChannelPipeline$HeadContext.channelRead(DefaultChannelPipeline.java:1422)\n\tat io.netty.channel.AbstractChannelHandlerContext.invokeChannelRead(AbstractChannelHandlerContext.java:374)\n\tat io.netty.channel.AbstractChannelHandlerContext.invokeChannelRead(AbstractChannelHandlerContext.java:360)\n\tat io.netty.channel.DefaultChannelPipeline.fireChannelRead(DefaultChannelPipeline.java:931)\n\tat io.netty.channel.nio.AbstractNioByteChannel$NioByteUnsafe.read(AbstractNioByteChannel.java:163)\n\tat io.netty.channel.nio.NioEventLoop.processSelectedKey(NioEventLoop.java:700)\n\tat io.netty.channel.nio.NioEventLoop.processSelectedKeysOptimized(NioEventLoop.java:635)\n\tat io.netty.channel.nio.NioEventLoop.processSelectedKeys(NioEventLoop.java:552)\n\tat io.netty.channel.nio.NioEventLoop.run(NioEventLoop.java:514)\n\tat io.netty.util.concurrent.SingleThreadEventExecutor$6.run(SingleThreadEventExecutor.java:1044)\n\tat io.netty.util.internal.ThreadExecutorMap$2.run(ThreadExecutorMap.java:74)\n\tat io.netty.util.concurrent.FastThreadLocalRunnable.run(FastThreadLocalRunnable.java:30)\n\tat java.lang.Thread.run(Thread.java:1012)\n"}}
Thu Jul 30 09:09:04 UTC 2026 | ALL | 07-30 09:09:03.481  4162  4220 I appium  : channel read: POST /session/0ec58237-84ed-40bd-bf67-28bb2b70cae2/element
Thu Jul 30 09:09:04 UTC 2026 | ALL | 07-30 09:09:03.481  4162  4220 I appium  : FindElement command
Thu Jul 30 09:09:04 UTC 2026 | ALL | 07-30 09:09:03.481  4162  4220 I appium  : method: 'xpath', selector: '//*[contains(@text, 'Sign Up') or contains(@content-desc, 'Sign Up')]'
Thu Jul 30 09:09:04 UTC 2026 | ALL | 07-30 09:09:03.482  4162  4220 I appium  : Waiting up to 10000ms for the device to idle
Thu Jul 30 09:09:04 UTC 2026 | ALL | 07-30 09:09:03.483  4162  4220 I appium  : The following attributes will be included to the page source: [text, content-desc]
Thu Jul 30 09:09:04 UTC 2026 | ALL | 07-30 09:09:03.491  4162  4220 I appium  : Took 0ms to retrieve 0 matches for '//*[contains(@text, 'Sign Up') or contains(@content-desc, 'Sign Up')]' XPath2 query
Thu Jul 30 09:09:04 UTC 2026 | ALL | 07-30 09:09:03.492  4162  4220 I appium  : AppiumResponse: {"sessionId":"0ec58237-84ed-40bd-bf67-28bb2b70cae2","value":{"error":"no such element","message":"An element could not be located on the page using the given search parameters","stacktrace":"io.appium.uiautomator2.common.exceptions.ElementNotFoundException: An element could not be located on the page using the given search parameters\n\tat io.appium.uiautomator2.utils.ElementLocationHelpers.findElement(ElementLocationHelpers.java:156)\n\tat io.appium.uiautomator2.handler.FindElement.safeHandle(FindElement.java:60)\n\tat io.appium.uiautomator2.handler.request.SafeRequestHandler.handle(SafeRequestHandler.java:59)\n\tat io.appium.uiautomator2.server.AppiumServlet.handleRequest(AppiumServlet.java:259)\n\tat io.appium.uiautomator2.server.AppiumServlet.handleHttpRequest(AppiumServlet.java:253)\n\tat io.appium.uiautomator2.http.ServerHandler.channelRead(ServerHandler.java:77)\n\tat io.netty.channel.AbstractChannelHandlerContext.invokeChannelRead(AbstractChannelHandlerContext.java:374)\n\tat io.netty.channel.AbstractChannelHandlerContext.invokeChannelRead(AbstractChannelHandlerContext.java:360)\n\tat io.netty.channel.AbstractChannelHandlerContext.fireChannelRead(AbstractChannelHandlerContext.java:352)\n\tat io.netty.handler.codec.MessageToMessageDecoder.channelRead(MessageToMessageDecoder.java:102)\n\tat io.netty.channel.AbstractChannelHandlerContext.invokeChannelRead(AbstractChannelHandlerContext.java:374)\n\tat io.netty.channel.AbstractChannelHandlerContext.invokeChannelRead(AbstractChannelHandlerContext.java:360)\n\tat io.netty.channel.AbstractChannelHandlerContext.fireChannelRead(AbstractChannelHandlerContext.java:352)\n\tat io.netty.channel.CombinedChannelDuplexHandler$DelegatingChannelHandlerContext.fireChannelRead(CombinedChannelDuplexHandler.java:438)\n\tat io.netty.handler.codec.ByteToMessageDecoder.fireChannelRead(ByteToMessageDecoder.java:328)\n\tat io.netty.handler.codec.ByteToMessageDecoder.channelRead(ByteToMessageDecoder.java:302)\n\tat io.netty.channel.CombinedChannelDuplexHandler.channelRead(CombinedChannelDuplexHandler.java:253)\n\tat io.netty.channel.AbstractChannelHandlerContext.invokeChannelRead(AbstractChannelHandlerContext.java:374)\n\tat io.netty.channel.AbstractChannelHandlerContext.invokeChannelRead(AbstractChannelHandlerContext.java:360)\n\tat io.netty.channel.AbstractChannelHandlerContext.fireChannelRead(AbstractChannelHandlerContext.java:352)\n\tat io.netty.handler.timeout.IdleStateHandler.channelRead(IdleStateHandler.java:287)\n\tat io.netty.channel.AbstractChannelHandlerContext.invokeChannelRead(AbstractChannelHandlerContext.java:374)\n\tat io.netty.channel.AbstractChannelHandlerContext.invokeChannelRead(AbstractChannelHandlerContext.java:360)\n\tat io.netty.channel.AbstractChannelHandlerContext.fireChannelRead(AbstractChannelHandlerContext.java:352)\n\tat io.netty.channel.DefaultChannelPipeline$HeadContext.channelRead(DefaultChannelPipeline.java:1422)\n\tat io.netty.channel.AbstractChannelHandlerContext.invokeChannelRead(AbstractChannelHandlerContext.java:374)\n\tat io.netty.channel.AbstractChannelHandlerContext.invokeChannelRead(AbstractChannelHandlerContext.java:360)\n\tat io.netty.channel.DefaultChannelPipeline.fireChannelRead(DefaultChannelPipeline.java:931)\n\tat io.netty.channel.nio.AbstractNioByteChannel$NioByteUnsafe.read(AbstractNioByteChannel.java:163)\n\tat io.netty.channel.nio.NioEventLoop.processSelectedKey(NioEventLoop.java:700)\n\tat io.netty.channel.nio.NioEventLoop.processSelectedKeysOptimized(NioEventLoop.java:635)\n\tat io.netty.channel.nio.NioEventLoop.processSelectedKeys(NioEventLoop.java:552)\n\tat io.netty.channel.nio.NioEventLoop.run(NioEventLoop.java:514)\n\tat io.netty.util.concurrent.SingleThreadEventExecutor$6.run(SingleThreadEventExecutor.java:1044)\n\tat io.netty.util.internal.ThreadExecutorMap$2.run(ThreadExecutorMap.java:74)\n\tat io.netty.util.concurrent.FastThreadLocalRunnable.run(FastThreadLocalRunnable.java:30)\n\tat java.lang.Thread.run(Thread.java:1012)\n"}}
Thu Jul 30 09:09:04 UTC 2026 | ALL | 07-30 09:09:03.996  4162  4220 I appium  : channel read: POST /session/0ec58237-84ed-40bd-bf67-28bb2b70cae2/element
Thu Jul 30 09:09:04 UTC 2026 | ALL | 07-30 09:09:03.996  4162  4220 I appium  : FindElement command
Thu Jul 30 09:09:04 UTC 2026 | ALL | 07-30 09:09:03.996  4162  4220 I appium  : method: 'xpath', selector: '//*[contains(@text, 'Sign Up') or contains(@content-desc, 'Sign Up')]'
Thu Jul 30 09:09:04 UTC 2026 | ALL | 07-30 09:09:03.996  4162  4220 I appium  : Waiting up to 10000ms for the device to idle
Thu Jul 30 09:09:04 UTC 2026 | ALL | 07-30 09:09:03.997  4162  4220 I appium  : The following attributes will be included to the page source: [text, content-desc]
Thu Jul 30 09:09:04 UTC 2026 | ALL | 07-30 09:09:04.006  4162  4220 I appium  : Took 0ms to retrieve 0 matches for '//*[contains(@text, 'Sign Up') or contains(@content-desc, 'Sign Up')]' XPath2 query
Thu Jul 30 09:09:04 UTC 2026 | ALL | 07-30 09:09:04.006  4162  4220 I appium  : AppiumResponse: {"sessionId":"0ec58237-84ed-40bd-bf67-28bb2b70cae2","value":{"error":"no such element","message":"An element could not be located on the page using the given search parameters","stacktrace":"io.appium.uiautomator2.common.exceptions.ElementNotFoundException: An element could not be located on the page using the given search parameters\n\tat io.appium.uiautomator2.utils.ElementLocationHelpers.findElement(ElementLocationHelpers.java:156)\n\tat io.appium.uiautomator2.handler.FindElement.safeHandle(FindElement.java:60)\n\tat io.appium.uiautomator2.handler.request.SafeRequestHandler.handle(SafeRequestHandler.java:59)\n\tat io.appium.uiautomator2.server.AppiumServlet.handleRequest(AppiumServlet.java:259)\n\tat io.appium.uiautomator2.server.AppiumServlet.handleHttpRequest(AppiumServlet.java:253)\n\tat io.appium.uiautomator2.http.ServerHandler.channelRead(ServerHandler.java:77)\n\tat io.netty.channel.AbstractChannelHandlerContext.invokeChannelRead(AbstractChannelHandlerContext.java:374)\n\tat io.netty.channel.AbstractChannelHandlerContext.invokeChannelRead(AbstractChannelHandlerContext.java:360)\n\tat io.netty.channel.AbstractChannelHandlerContext.fireChannelRead(AbstractChannelHandlerContext.java:352)\n\tat io.netty.handler.codec.MessageToMessageDecoder.channelRead(MessageToMessageDecoder.java:102)\n\tat io.netty.channel.AbstractChannelHandlerContext.invokeChannelRead(AbstractChannelHandlerContext.java:374)\n\tat io.netty.channel.AbstractChannelHandlerContext.invokeChannelRead(AbstractChannelHandlerContext.java:360)\n\tat io.netty.channel.AbstractChannelHandlerContext.fireChannelRead(AbstractChannelHandlerContext.java:352)\n\tat io.netty.channel.CombinedChannelDuplexHandler$DelegatingChannelHandlerContext.fireChannelRead(CombinedChannelDuplexHandler.java:438)\n\tat io.netty.handler.codec.ByteToMessageDecoder.fireChannelRead(ByteToMessageDecoder.java:328)\n\tat io.netty.handler.codec.ByteToMessageDecoder.channelRead(ByteToMessageDecoder.java:302)\n\tat io.netty.channel.CombinedChannelDuplexHandler.channelRead(CombinedChannelDuplexHandler.java:253)\n\tat io.netty.channel.AbstractChannelHandlerContext.invokeChannelRead(AbstractChannelHandlerContext.java:374)\n\tat io.netty.channel.AbstractChannelHandlerContext.invokeChannelRead(AbstractChannelHandlerContext.java:360)\n\tat io.netty.channel.AbstractChannelHandlerContext.fireChannelRead(AbstractChannelHandlerContext.java:352)\n\tat io.netty.handler.timeout.IdleStateHandler.channelRead(IdleStateHandler.java:287)\n\tat io.netty.channel.AbstractChannelHandlerContext.invokeChannelRead(AbstractChannelHandlerContext.java:374)\n\tat io.netty.channel.AbstractChannelHandlerContext.invokeChannelRead(AbstractChannelHandlerContext.java:360)\n\tat io.netty.channel.AbstractChannelHandlerContext.fireChannelRead(AbstractChannelHandlerContext.java:352)\n\tat io.netty.channel.DefaultChannelPipeline$HeadContext.channelRead(DefaultChannelPipeline.java:1422)\n\tat io.netty.channel.AbstractChannelHandlerContext.invokeChannelRead(AbstractChannelHandlerContext.java:374)\n\tat io.netty.channel.AbstractChannelHandlerContext.invokeChannelRead(AbstractChannelHandlerContext.java:360)\n\tat io.netty.channel.DefaultChannelPipeline.fireChannelRead(DefaultChannelPipeline.java:931)\n\tat io.netty.channel.nio.AbstractNioByteChannel$NioByteUnsafe.read(AbstractNioByteChannel.java:163)\n\tat io.netty.channel.nio.NioEventLoop.processSelectedKey(NioEventLoop.java:700)\n\tat io.netty.channel.nio.NioEventLoop.processSelectedKeysOptimized(NioEventLoop.java:635)\n\tat io.netty.channel.nio.NioEventLoop.processSelectedKeys(NioEventLoop.java:552)\n\tat io.netty.channel.nio.NioEventLoop.run(NioEventLoop.java:514)\n\tat io.netty.util.concurrent.SingleThreadEventExecutor$6.run(SingleThreadEventExecutor.java:1044)\n\tat io.netty.util.internal.ThreadExecutorMap$2.run(ThreadExecutorMap.java:74)\n\tat io.netty.util.concurrent.FastThreadLocalRunnable.run(FastThreadLocalRunnable.java:30)\n\tat java.lang.Thread.run(Thread.java:1012)\n"}}
Thu Jul 30 09:09:05 UTC 2026 | ALL | 07-30 09:09:04.511  4162  4220 I appium  : channel read: POST /session/0ec58237-84ed-40bd-bf67-28bb2b70cae2/element
Thu Jul 30 09:09:05 UTC 2026 | ALL | 07-30 09:09:04.511  4162  4220 I appium  : FindElement command
Thu Jul 30 09:09:05 UTC 2026 | ALL | 07-30 09:09:04.511  4162  4220 I appium  : method: 'xpath', selector: '//*[contains(@text, 'Sign Up') or contains(@content-desc, 'Sign Up')]'
Thu Jul 30 09:09:05 UTC 2026 | ALL | 07-30 09:09:04.511  4162  4220 I appium  : Waiting up to 10000ms for the device to idle
Thu Jul 30 09:09:05 UTC 2026 | ALL | 07-30 09:09:04.512  4162  4220 I appium  : The following attributes will be included to the page source: [text, content-desc]
Thu Jul 30 09:09:05 UTC 2026 | ALL | 07-30 09:09:04.515  4162  4170 I tomator2.server: Method exceeds compiler instruction limit: 19264 in java_cup.runtime.Symbol org.eclipse.wst.xml.xpath2.processor.internal.CUP$XPathCup$actions.CUP$XPathCup$do_action(int, java_cup.runtime.lr_parser, java.util.Stack, int)
Thu Jul 30 09:09:05 UTC 2026 | ALL | 07-30 09:09:04.523  4162  4220 I appium  : Took 0ms to retrieve 0 matches for '//*[contains(@text, 'Sign Up') or contains(@content-desc, 'Sign Up')]' XPath2 query
Thu Jul 30 09:09:05 UTC 2026 | ALL | 07-30 09:09:04.524  4162  4220 I appium  : AppiumResponse: {"sessionId":"0ec58237-84ed-40bd-bf67-28bb2b70cae2","value":{"error":"no such element","message":"An element could not be located on the page using the given search parameters","stacktrace":"io.appium.uiautomator2.common.exceptions.ElementNotFoundException: An element could not be located on the page using the given search parameters\n\tat io.appium.uiautomator2.utils.ElementLocationHelpers.findElement(ElementLocationHelpers.java:156)\n\tat io.appium.uiautomator2.handler.FindElement.safeHandle(FindElement.java:60)\n\tat io.appium.uiautomator2.handler.request.SafeRequestHandler.handle(SafeRequestHandler.java:59)\n\tat io.appium.uiautomator2.server.AppiumServlet.handleRequest(AppiumServlet.java:259)\n\tat io.appium.uiautomator2.server.AppiumServlet.handleHttpRequest(AppiumServlet.java:253)\n\tat io.appium.uiautomator2.http.ServerHandler.channelRead(ServerHandler.java:77)\n\tat io.netty.channel.AbstractChannelHandlerContext.invokeChannelRead(AbstractChannelHandlerContext.java:374)\n\tat io.netty.channel.AbstractChannelHandlerContext.invokeChannelRead(AbstractChannelHandlerContext.java:360)\n\tat io.netty.channel.AbstractChannelHandlerContext.fireChannelRead(AbstractChannelHandlerContext.java:352)\n\tat io.netty.handler.codec.MessageToMessageDecoder.channelRead(MessageToMessageDecoder.java:102)\n\tat io.netty.channel.AbstractChannelHandlerContext.invokeChannelRead(AbstractChannelHandlerContext.java:374)\n\tat io.netty.channel.AbstractChannelHandlerContext.invokeChannelRead(AbstractChannelHandlerContext.java:360)\n\tat io.netty.channel.AbstractChannelHandlerContext.fireChannelRead(AbstractChannelHandlerContext.java:352)\n\tat io.netty.channel.CombinedChannelDuplexHandler$DelegatingChannelHandlerContext.fireChannelRead(CombinedChannelDuplexHandler.java:438)\n\tat io.netty.handler.codec.ByteToMessageDecoder.fireChannelRead(ByteToMessageDecoder.java:328)\n\tat io.netty.handler.codec.ByteToMessageDecoder.channelRead(ByteToMessageDecoder.java:302)\n\tat io.netty.channel.CombinedChannelDuplexHandler.channelRead(CombinedChannelDuplexHandler.java:253)\n\tat io.netty.channel.AbstractChannelHandlerContext.invokeChannelRead(AbstractChannelHandlerContext.java:374)\n\tat io.netty.channel.AbstractChannelHandlerContext.invokeChannelRead(AbstractChannelHandlerContext.java:360)\n\tat io.netty.channel.AbstractChannelHandlerContext.fireChannelRead(AbstractChannelHandlerContext.java:352)\n\tat io.netty.handler.timeout.IdleStateHandler.channelRead(IdleStateHandler.java:287)\n\tat io.netty.channel.AbstractChannelHandlerContext.invokeChannelRead(AbstractChannelHandlerContext.java:374)\n\tat io.netty.channel.AbstractChannelHandlerContext.invokeChannelRead(AbstractChannelHandlerContext.java:360)\n\tat io.netty.channel.AbstractChannelHandlerContext.fireChannelRead(AbstractChannelHandlerContext.java:352)\n\tat io.netty.channel.DefaultChannelPipeline$HeadContext.channelRead(DefaultChannelPipeline.java:1422)\n\tat io.netty.channel.AbstractChannelHandlerContext.invokeChannelRead(AbstractChannelHandlerContext.java:374)\n\tat io.netty.channel.AbstractChannelHandlerContext.invokeChannelRead(AbstractChannelHandlerContext.java:360)\n\tat io.netty.channel.DefaultChannelPipeline.fireChannelRead(DefaultChannelPipeline.java:931)\n\tat io.netty.channel.nio.AbstractNioByteChannel$NioByteUnsafe.read(AbstractNioByteChannel.java:163)\n\tat io.netty.channel.nio.NioEventLoop.processSelectedKey(NioEventLoop.java:700)\n\tat io.netty.channel.nio.NioEventLoop.processSelectedKeysOptimized(NioEventLoop.java:635)\n\tat io.netty.channel.nio.NioEventLoop.processSelectedKeys(NioEventLoop.java:552)\n\tat io.netty.channel.nio.NioEventLoop.run(NioEventLoop.java:514)\n\tat io.netty.util.concurrent.SingleThreadEventExecutor$6.run(SingleThreadEventExecutor.java:1044)\n\tat io.netty.util.internal.ThreadExecutorMap$2.run(ThreadExecutorMap.java:74)\n\tat io.netty.util.concurrent.FastThreadLocalRunnable.run(FastThreadLocalRunnable.java:30)\n\tat java.lang.Thread.run(Thread.java:1012)\n"}}
Thu Jul 30 09:09:06 UTC 2026 | ALL | 07-30 09:09:05.029  4162  4220 I appium  : channel read: POST /session/0ec58237-84ed-40bd-bf67-28bb2b70cae2/element
Thu Jul 30 09:09:06 UTC 2026 | ALL | 07-30 09:09:05.029  4162  4220 I appium  : FindElement command
Thu Jul 30 09:09:06 UTC 2026 | ALL | 07-30 09:09:05.030  4162  4220 I appium  : method: 'xpath', selector: '//*[contains(@text, 'Sign Up') or contains(@content-desc, 'Sign Up')]'
Thu Jul 30 09:09:06 UTC 2026 | ALL | 07-30 09:09:05.030  4162  4220 I appium  : Waiting up to 10000ms for the device to idle
Thu Jul 30 09:09:06 UTC 2026 | ALL | 07-30 09:09:05.031  4162  4220 I appium  : The following attributes will be included to the page source: [text, content-desc]
Thu Jul 30 09:09:06 UTC 2026 | ALL | 07-30 09:09:05.043  4162  4220 I appium  : Took 0ms to retrieve 0 matches for '//*[contains(@text, 'Sign Up') or contains(@content-desc, 'Sign Up')]' XPath2 query
Thu Jul 30 09:09:06 UTC 2026 | ALL | 07-30 09:09:05.044  4162  4220 I appium  : AppiumResponse: {"sessionId":"0ec58237-84ed-40bd-bf67-28bb2b70cae2","value":{"error":"no such element","message":"An element could not be located on the page using the given search parameters","stacktrace":"io.appium.uiautomator2.common.exceptions.ElementNotFoundException: An element could not be located on the page using the given search parameters\n\tat io.appium.uiautomator2.utils.ElementLocationHelpers.findElement(ElementLocationHelpers.java:156)\n\tat io.appium.uiautomator2.handler.FindElement.safeHandle(FindElement.java:60)\n\tat io.appium.uiautomator2.handler.request.SafeRequestHandler.handle(SafeRequestHandler.java:59)\n\tat io.appium.uiautomator2.server.AppiumServlet.handleRequest(AppiumServlet.java:259)\n\tat io.appium.uiautomator2.server.AppiumServlet.handleHttpRequest(AppiumServlet.java:253)\n\tat io.appium.uiautomator2.http.ServerHandler.channelRead(ServerHandler.java:77)\n\tat io.netty.channel.AbstractChannelHandlerContext.invokeChannelRead(AbstractChannelHandlerContext.java:374)\n\tat io.netty.channel.AbstractChannelHandlerContext.invokeChannelRead(AbstractChannelHandlerContext.java:360)\n\tat io.netty.channel.AbstractChannelHandlerContext.fireChannelRead(AbstractChannelHandlerContext.java:352)\n\tat io.netty.handler.codec.MessageToMessageDecoder.channelRead(MessageToMessageDecoder.java:102)\n\tat io.netty.channel.AbstractChannelHandlerContext.invokeChannelRead(AbstractChannelHandlerContext.java:374)\n\tat io.netty.channel.AbstractChannelHandlerContext.invokeChannelRead(AbstractChannelHandlerContext.java:360)\n\tat io.netty.channel.AbstractChannelHandlerContext.fireChannelRead(AbstractChannelHandlerContext.java:352)\n\tat io.netty.channel.CombinedChannelDuplexHandler$DelegatingChannelHandlerContext.fireChannelRead(CombinedChannelDuplexHandler.java:438)\n\tat io.netty.handler.codec.ByteToMessageDecoder.fireChannelRead(ByteToMessageDecoder.java:328)\n\tat io.netty.handler.codec.ByteToMessageDecoder.channelRead(ByteToMessageDecoder.java:302)\n\tat io.netty.channel.CombinedChannelDuplexHandler.channelRead(CombinedChannelDuplexHandler.java:253)\n\tat io.netty.channel.AbstractChannelHandlerContext.invokeChannelRead(AbstractChannelHandlerContext.java:374)\n\tat io.netty.channel.AbstractChannelHandlerContext.invokeChannelRead(AbstractChannelHandlerContext.java:360)\n\tat io.netty.channel.AbstractChannelHandlerContext.fireChannelRead(AbstractChannelHandlerContext.java:352)\n\tat io.netty.handler.timeout.IdleStateHandler.channelRead(IdleStateHandler.java:287)\n\tat io.netty.channel.AbstractChannelHandlerContext.invokeChannelRead(AbstractChannelHandlerContext.java:374)\n\tat io.netty.channel.AbstractChannelHandlerContext.invokeChannelRead(AbstractChannelHandlerContext.java:360)\n\tat io.netty.channel.AbstractChannelHandlerContext.fireChannelRead(AbstractChannelHandlerContext.java:352)\n\tat io.netty.channel.DefaultChannelPipeline$HeadContext.channelRead(DefaultChannelPipeline.java:1422)\n\tat io.netty.channel.AbstractChannelHandlerContext.invokeChannelRead(AbstractChannelHandlerContext.java:374)\n\tat io.netty.channel.AbstractChannelHandlerContext.invokeChannelRead(AbstractChannelHandlerContext.java:360)\n\tat io.netty.channel.DefaultChannelPipeline.fireChannelRead(DefaultChannelPipeline.java:931)\n\tat io.netty.channel.nio.AbstractNioByteChannel$NioByteUnsafe.read(AbstractNioByteChannel.java:163)\n\tat io.netty.channel.nio.NioEventLoop.processSelectedKey(NioEventLoop.java:700)\n\tat io.netty.channel.nio.NioEventLoop.processSelectedKeysOptimized(NioEventLoop.java:635)\n\tat io.netty.channel.nio.NioEventLoop.processSelectedKeys(NioEventLoop.java:552)\n\tat io.netty.channel.nio.NioEventLoop.run(NioEventLoop.java:514)\n\tat io.netty.util.concurrent.SingleThreadEventExecutor$6.run(SingleThreadEventExecutor.java:1044)\n\tat io.netty.util.internal.ThreadExecutorMap$2.run(ThreadExecutorMap.java:74)\n\tat io.netty.util.concurrent.FastThreadLocalRunnable.run(FastThreadLocalRunnable.java:30)\n\tat java.lang.Thread.run(Thread.java:1012)\n"}}
Thu Jul 30 09:09:06 UTC 2026 | ALL | 07-30 09:09:05.549  4162  4220 I appium  : channel read: POST /session/0ec58237-84ed-40bd-bf67-28bb2b70cae2/element
Thu Jul 30 09:09:06 UTC 2026 | ALL | 07-30 09:09:05.549  4162  4220 I appium  : FindElement command
Thu Jul 30 09:09:06 UTC 2026 | ALL | 07-30 09:09:05.549  4162  4220 I appium  : method: 'xpath', selector: '//*[contains(@text, 'Sign Up') or contains(@content-desc, 'Sign Up')]'
Thu Jul 30 09:09:06 UTC 2026 | ALL | 07-30 09:09:05.549  4162  4220 I appium  : Waiting up to 10000ms for the device to idle
Thu Jul 30 09:09:06 UTC 2026 | ALL | 07-30 09:09:05.550  4162  4220 I appium  : The following attributes will be included to the page source: [text, content-desc]
Thu Jul 30 09:09:06 UTC 2026 | ALL | 07-30 09:09:05.553  4162  4170 I tomator2.server: Method exceeds compiler instruction limit: 19264 in java_cup.runtime.Symbol org.eclipse.wst.xml.xpath2.processor.internal.CUP$XPathCup$actions.CUP$XPathCup$do_action(int, java_cup.runtime.lr_parser, java.util.Stack, int)
Thu Jul 30 09:09:06 UTC 2026 | ALL | 07-30 09:09:05.561  4162  4220 I appium  : Took 0ms to retrieve 0 matches for '//*[contains(@text, 'Sign Up') or contains(@content-desc, 'Sign Up')]' XPath2 query
Thu Jul 30 09:09:06 UTC 2026 | ALL | 07-30 09:09:05.562  4162  4220 I appium  : AppiumResponse: {"sessionId":"0ec58237-84ed-40bd-bf67-28bb2b70cae2","value":{"error":"no such element","message":"An element could not be located on the page using the given search parameters","stacktrace":"io.appium.uiautomator2.common.exceptions.ElementNotFoundException: An element could not be located on the page using the given search parameters\n\tat io.appium.uiautomator2.utils.ElementLocationHelpers.findElement(ElementLocationHelpers.java:156)\n\tat io.appium.uiautomator2.handler.FindElement.safeHandle(FindElement.java:60)\n\tat io.appium.uiautomator2.handler.request.SafeRequestHandler.handle(SafeRequestHandler.java:59)\n\tat io.appium.uiautomator2.server.AppiumServlet.handleRequest(AppiumServlet.java:259)\n\tat io.appium.uiautomator2.server.AppiumServlet.handleHttpRequest(AppiumServlet.java:253)\n\tat io.appium.uiautomator2.http.ServerHandler.channelRead(ServerHandler.java:77)\n\tat io.netty.channel.AbstractChannelHandlerContext.invokeChannelRead(AbstractChannelHandlerContext.java:374)\n\tat io.netty.channel.AbstractChannelHandlerContext.invokeChannelRead(AbstractChannelHandlerContext.java:360)\n\tat io.netty.channel.AbstractChannelHandlerContext.fireChannelRead(AbstractChannelHandlerContext.java:352)\n\tat io.netty.handler.codec.MessageToMessageDecoder.channelRead(MessageToMessageDecoder.java:102)\n\tat io.netty.channel.AbstractChannelHandlerContext.invokeChannelRead(AbstractChannelHandlerContext.java:374)\n\tat io.netty.channel.AbstractChannelHandlerContext.invokeChannelRead(AbstractChannelHandlerContext.java:360)\n\tat io.netty.channel.AbstractChannelHandlerContext.fireChannelRead(AbstractChannelHandlerContext.java:352)\n\tat io.netty.channel.CombinedChannelDuplexHandler$DelegatingChannelHandlerContext.fireChannelRead(CombinedChannelDuplexHandler.java:438)\n\tat io.netty.handler.codec.ByteToMessageDecoder.fireChannelRead(ByteToMessageDecoder.java:328)\n\tat io.netty.handler.codec.ByteToMessageDecoder.channelRead(ByteToMessageDecoder.java:302)\n\tat io.netty.channel.CombinedChannelDuplexHandler.channelRead(CombinedChannelDuplexHandler.java:253)\n\tat io.netty.channel.AbstractChannelHandlerContext.invokeChannelRead(AbstractChannelHandlerContext.java:374)\n\tat io.netty.channel.AbstractChannelHandlerContext.invokeChannelRead(AbstractChannelHandlerContext.java:360)\n\tat io.netty.channel.AbstractChannelHandlerContext.fireChannelRead(AbstractChannelHandlerContext.java:352)\n\tat io.netty.handler.timeout.IdleStateHandler.channelRead(IdleStateHandler.java:287)\n\tat io.netty.channel.AbstractChannelHandlerContext.invokeChannelRead(AbstractChannelHandlerContext.java:374)\n\tat io.netty.channel.AbstractChannelHandlerContext.invokeChannelRead(AbstractChannelHandlerContext.java:360)\n\tat io.netty.channel.AbstractChannelHandlerContext.fireChannelRead(AbstractChannelHandlerContext.java:352)\n\tat io.netty.channel.DefaultChannelPipeline$HeadContext.channelRead(DefaultChannelPipeline.java:1422)\n\tat io.netty.channel.AbstractChannelHandlerContext.invokeChannelRead(AbstractChannelHandlerContext.java:374)\n\tat io.netty.channel.AbstractChannelHandlerContext.invokeChannelRead(AbstractChannelHandlerContext.java:360)\n\tat io.netty.channel.DefaultChannelPipeline.fireChannelRead(DefaultChannelPipeline.java:931)\n\tat io.netty.channel.nio.AbstractNioByteChannel$NioByteUnsafe.read(AbstractNioByteChannel.java:163)\n\tat io.netty.channel.nio.NioEventLoop.processSelectedKey(NioEventLoop.java:700)\n\tat io.netty.channel.nio.NioEventLoop.processSelectedKeysOptimized(NioEventLoop.java:635)\n\tat io.netty.channel.nio.NioEventLoop.processSelectedKeys(NioEventLoop.java:552)\n\tat io.netty.channel.nio.NioEventLoop.run(NioEventLoop.java:514)\n\tat io.netty.util.concurrent.SingleThreadEventExecutor$6.run(SingleThreadEventExecutor.java:1044)\n\tat io.netty.util.internal.ThreadExecutorMap$2.run(ThreadExecutorMap.java:74)\n\tat io.netty.util.concurrent.FastThreadLocalRunnable.run(FastThreadLocalRunnable.java:30)\n\tat java.lang.Thread.run(Thread.java:1012)\n"}}
Thu Jul 30 09:09:07 UTC 2026 | ALL | 07-30 09:09:06.068  4162  4220 I appium  : channel read: POST /session/0ec58237-84ed-40bd-bf67-28bb2b70cae2/element
Thu Jul 30 09:09:07 UTC 2026 | ALL | 07-30 09:09:06.069  4162  4220 I appium  : FindElement command
Thu Jul 30 09:09:07 UTC 2026 | ALL | 07-30 09:09:06.069  4162  4220 I appium  : method: 'xpath', selector: '//*[contains(@text, 'Sign Up') or contains(@content-desc, 'Sign Up')]'
Thu Jul 30 09:09:07 UTC 2026 | ALL | 07-30 09:09:06.069  4162  4220 I appium  : Waiting up to 10000ms for the device to idle
Thu Jul 30 09:09:07 UTC 2026 | ALL | 07-30 09:09:06.070  4162  4220 I appium  : The following attributes will be included to the page source: [text, content-desc]
Thu Jul 30 09:09:07 UTC 2026 | ALL | 07-30 09:09:06.081  4162  4220 I appium  : Took 0ms to retrieve 0 matches for '//*[contains(@text, 'Sign Up') or contains(@content-desc, 'Sign Up')]' XPath2 query
Thu Jul 30 09:09:07 UTC 2026 | ALL | 07-30 09:09:06.082  4162  4220 I appium  : AppiumResponse: {"sessionId":"0ec58237-84ed-40bd-bf67-28bb2b70cae2","value":{"error":"no such element","message":"An element could not be located on the page using the given search parameters","stacktrace":"io.appium.uiautomator2.common.exceptions.ElementNotFoundException: An element could not be located on the page using the given search parameters\n\tat io.appium.uiautomator2.utils.ElementLocationHelpers.findElement(ElementLocationHelpers.java:156)\n\tat io.appium.uiautomator2.handler.FindElement.safeHandle(FindElement.java:60)\n\tat io.appium.uiautomator2.handler.request.SafeRequestHandler.handle(SafeRequestHandler.java:59)\n\tat io.appium.uiautomator2.server.AppiumServlet.handleRequest(AppiumServlet.java:259)\n\tat io.appium.uiautomator2.server.AppiumServlet.handleHttpRequest(AppiumServlet.java:253)\n\tat io.appium.uiautomator2.http.ServerHandler.channelRead(ServerHandler.java:77)\n\tat io.netty.channel.AbstractChannelHandlerContext.invokeChannelRead(AbstractChannelHandlerContext.java:374)\n\tat io.netty.channel.AbstractChannelHandlerContext.invokeChannelRead(AbstractChannelHandlerContext.java:360)\n\tat io.netty.channel.AbstractChannelHandlerContext.fireChannelRead(AbstractChannelHandlerContext.java:352)\n\tat io.netty.handler.codec.MessageToMessageDecoder.channelRead(MessageToMessageDecoder.java:102)\n\tat io.netty.channel.AbstractChannelHandlerContext.invokeChannelRead(AbstractChannelHandlerContext.java:374)\n\tat io.netty.channel.AbstractChannelHandlerContext.invokeChannelRead(AbstractChannelHandlerContext.java:360)\n\tat io.netty.channel.AbstractChannelHandlerContext.fireChannelRead(AbstractChannelHandlerContext.java:352)\n\tat io.netty.channel.CombinedChannelDuplexHandler$DelegatingChannelHandlerContext.fireChannelRead(CombinedChannelDuplexHandler.java:438)\n\tat io.netty.handler.codec.ByteToMessageDecoder.fireChannelRead(ByteToMessageDecoder.java:328)\n\tat io.netty.handler.codec.ByteToMessageDecoder.channelRead(ByteToMessageDecoder.java:302)\n\tat io.netty.channel.CombinedChannelDuplexHandler.channelRead(CombinedChannelDuplexHandler.java:253)\n\tat io.netty.channel.AbstractChannelHandlerContext.invokeChannelRead(AbstractChannelHandlerContext.java:374)\n\tat io.netty.channel.AbstractChannelHandlerContext.invokeChannelRead(AbstractChannelHandlerContext.java:360)\n\tat io.netty.channel.AbstractChannelHandlerContext.fireChannelRead(AbstractChannelHandlerContext.java:352)\n\tat io.netty.handler.timeout.IdleStateHandler.channelRead(IdleStateHandler.java:287)\n\tat io.netty.channel.AbstractChannelHandlerContext.invokeChannelRead(AbstractChannelHandlerContext.java:374)\n\tat io.netty.channel.AbstractChannelHandlerContext.invokeChannelRead(AbstractChannelHandlerContext.java:360)\n\tat io.netty.channel.AbstractChannelHandlerContext.fireChannelRead(AbstractChannelHandlerContext.java:352)\n\tat io.netty.channel.DefaultChannelPipeline$HeadContext.channelRead(DefaultChannelPipeline.java:1422)\n\tat io.netty.channel.AbstractChannelHandlerContext.invokeChannelRead(AbstractChannelHandlerContext.java:374)\n\tat io.netty.channel.AbstractChannelHandlerContext.invokeChannelRead(AbstractChannelHandlerContext.java:360)\n\tat io.netty.channel.DefaultChannelPipeline.fireChannelRead(DefaultChannelPipeline.java:931)\n\tat io.netty.channel.nio.AbstractNioByteChannel$NioByteUnsafe.read(AbstractNioByteChannel.java:163)\n\tat io.netty.channel.nio.NioEventLoop.processSelectedKey(NioEventLoop.java:700)\n\tat io.netty.channel.nio.NioEventLoop.processSelectedKeysOptimized(NioEventLoop.java:635)\n\tat io.netty.channel.nio.NioEventLoop.processSelectedKeys(NioEventLoop.java:552)\n\tat io.netty.channel.nio.NioEventLoop.run(NioEventLoop.java:514)\n\tat io.netty.util.concurrent.SingleThreadEventExecutor$6.run(SingleThreadEventExecutor.java:1044)\n\tat io.netty.util.internal.ThreadExecutorMap$2.run(ThreadExecutorMap.java:74)\n\tat io.netty.util.concurrent.FastThreadLocalRunnable.run(FastThreadLocalRunnable.java:30)\n\tat java.lang.Thread.run(Thread.java:1012)\n"}}
Thu Jul 30 09:09:07 UTC 2026 | ALL | 07-30 09:09:06.587  4162  4220 I appium  : channel read: POST /session/0ec58237-84ed-40bd-bf67-28bb2b70cae2/element
Thu Jul 30 09:09:07 UTC 2026 | ALL | 07-30 09:09:06.587  4162  4220 I appium  : FindElement command
Thu Jul 30 09:09:07 UTC 2026 | ALL | 07-30 09:09:06.588  4162  4220 I appium  : method: 'xpath', selector: '//*[contains(@text, 'Sign Up') or contains(@content-desc, 'Sign Up')]'
Thu Jul 30 09:09:07 UTC 2026 | ALL | 07-30 09:09:06.588  4162  4220 I appium  : Waiting up to 10000ms for the device to idle
Thu Jul 30 09:09:07 UTC 2026 | ALL | 07-30 09:09:06.589  4162  4220 I appium  : The following attributes will be included to the page source: [text, content-desc]
Thu Jul 30 09:09:07 UTC 2026 | ALL | 07-30 09:09:06.597  4162  4220 I appium  : Took 0ms to retrieve 0 matches for '//*[contains(@text, 'Sign Up') or contains(@content-desc, 'Sign Up')]' XPath2 query
Thu Jul 30 09:09:07 UTC 2026 | ALL | 07-30 09:09:06.598  4162  4220 I appium  : AppiumResponse: {"sessionId":"0ec58237-84ed-40bd-bf67-28bb2b70cae2","value":{"error":"no such element","message":"An element could not be located on the page using the given search parameters","stacktrace":"io.appium.uiautomator2.common.exceptions.ElementNotFoundException: An element could not be located on the page using the given search parameters\n\tat io.appium.uiautomator2.utils.ElementLocationHelpers.findElement(ElementLocationHelpers.java:156)\n\tat io.appium.uiautomator2.handler.FindElement.safeHandle(FindElement.java:60)\n\tat io.appium.uiautomator2.handler.request.SafeRequestHandler.handle(SafeRequestHandler.java:59)\n\tat io.appium.uiautomator2.server.AppiumServlet.handleRequest(AppiumServlet.java:259)\n\tat io.appium.uiautomator2.server.AppiumServlet.handleHttpRequest(AppiumServlet.java:253)\n\tat io.appium.uiautomator2.http.ServerHandler.channelRead(ServerHandler.java:77)\n\tat io.netty.channel.AbstractChannelHandlerContext.invokeChannelRead(AbstractChannelHandlerContext.java:374)\n\tat io.netty.channel.AbstractChannelHandlerContext.invokeChannelRead(AbstractChannelHandlerContext.java:360)\n\tat io.netty.channel.AbstractChannelHandlerContext.fireChannelRead(AbstractChannelHandlerContext.java:352)\n\tat io.netty.handler.codec.MessageToMessageDecoder.channelRead(MessageToMessageDecoder.java:102)\n\tat io.netty.channel.AbstractChannelHandlerContext.invokeChannelRead(AbstractChannelHandlerContext.java:374)\n\tat io.netty.channel.AbstractChannelHandlerContext.invokeChannelRead(AbstractChannelHandlerContext.java:360)\n\tat io.netty.channel.AbstractChannelHandlerContext.fireChannelRead(AbstractChannelHandlerContext.java:352)\n\tat io.netty.channel.CombinedChannelDuplexHandler$DelegatingChannelHandlerContext.fireChannelRead(CombinedChannelDuplexHandler.java:438)\n\tat io.netty.handler.codec.ByteToMessageDecoder.fireChannelRead(ByteToMessageDecoder.java:328)\n\tat io.netty.handler.codec.ByteToMessageDecoder.channelRead(ByteToMessageDecoder.java:302)\n\tat io.netty.channel.CombinedChannelDuplexHandler.channelRead(CombinedChannelDuplexHandler.java:253)\n\tat io.netty.channel.AbstractChannelHandlerContext.invokeChannelRead(AbstractChannelHandlerContext.java:374)\n\tat io.netty.channel.AbstractChannelHandlerContext.invokeChannelRead(AbstractChannelHandlerContext.java:360)\n\tat io.netty.channel.AbstractChannelHandlerContext.fireChannelRead(AbstractChannelHandlerContext.java:352)\n\tat io.netty.handler.timeout.IdleStateHandler.channelRead(IdleStateHandler.java:287)\n\tat io.netty.channel.AbstractChannelHandlerContext.invokeChannelRead(AbstractChannelHandlerContext.java:374)\n\tat io.netty.channel.AbstractChannelHandlerContext.invokeChannelRead(AbstractChannelHandlerContext.java:360)\n\tat io.netty.channel.AbstractChannelHandlerContext.fireChannelRead(AbstractChannelHandlerContext.java:352)\n\tat io.netty.channel.DefaultChannelPipeline$HeadContext.channelRead(DefaultChannelPipeline.java:1422)\n\tat io.netty.channel.AbstractChannelHandlerContext.invokeChannelRead(AbstractChannelHandlerContext.java:374)\n\tat io.netty.channel.AbstractChannelHandlerContext.invokeChannelRead(AbstractChannelHandlerContext.java:360)\n\tat io.netty.channel.DefaultChannelPipeline.fireChannelRead(DefaultChannelPipeline.java:931)\n\tat io.netty.channel.nio.AbstractNioByteChannel$NioByteUnsafe.read(AbstractNioByteChannel.java:163)\n\tat io.netty.channel.nio.NioEventLoop.processSelectedKey(NioEventLoop.java:700)\n\tat io.netty.channel.nio.NioEventLoop.processSelectedKeysOptimized(NioEventLoop.java:635)\n\tat io.netty.channel.nio.NioEventLoop.processSelectedKeys(NioEventLoop.java:552)\n\tat io.netty.channel.nio.NioEventLoop.run(NioEventLoop.java:514)\n\tat io.netty.util.concurrent.SingleThreadEventExecutor$6.run(SingleThreadEventExecutor.java:1044)\n\tat io.netty.util.internal.ThreadExecutorMap$2.run(ThreadExecutorMap.java:74)\n\tat io.netty.util.concurrent.FastThreadLocalRunnable.run(FastThreadLocalRunnable.java:30)\n\tat java.lang.Thread.run(Thread.java:1012)\n"}}
Thu Jul 30 09:09:07 UTC 2026 | ALL | 07-30 09:09:06.968   560   664 D ActivityManager: freezing 2201 com.google.android.gms.unstable
Thu Jul 30 09:09:08 UTC 2026 | ALL | 07-30 09:09:07.103  4162  4220 I appium  : channel read: POST /session/0ec58237-84ed-40bd-bf67-28bb2b70cae2/element
Thu Jul 30 09:09:08 UTC 2026 | ALL | 07-30 09:09:07.104  4162  4220 I appium  : FindElement command
Thu Jul 30 09:09:08 UTC 2026 | ALL | 07-30 09:09:07.104  4162  4220 I appium  : method: 'xpath', selector: '//*[contains(@text, 'Sign Up') or contains(@content-desc, 'Sign Up')]'
Thu Jul 30 09:09:08 UTC 2026 | ALL | 07-30 09:09:07.104  4162  4220 I appium  : Waiting up to 10000ms for the device to idle
Thu Jul 30 09:09:08 UTC 2026 | ALL | 07-30 09:09:07.105  4162  4220 I appium  : The following attributes will be included to the page source: [text, content-desc]
Thu Jul 30 09:09:08 UTC 2026 | ALL | 07-30 09:09:07.109  4162  4170 I tomator2.server: Method exceeds compiler instruction limit: 19264 in java_cup.runtime.Symbol org.eclipse.wst.xml.xpath2.processor.internal.CUP$XPathCup$actions.CUP$XPathCup$do_action(int, java_cup.runtime.lr_parser, java.util.Stack, int)
Thu Jul 30 09:09:08 UTC 2026 | ALL | 07-30 09:09:07.120  4162  4220 I appium  : Took 0ms to retrieve 0 matches for '//*[contains(@text, 'Sign Up') or contains(@content-desc, 'Sign Up')]' XPath2 query
Thu Jul 30 09:09:08 UTC 2026 | ALL | 07-30 09:09:07.127  4162  4220 I appium  : AppiumResponse: {"sessionId":"0ec58237-84ed-40bd-bf67-28bb2b70cae2","value":{"error":"no such element","message":"An element could not be located on the page using the given search parameters","stacktrace":"io.appium.uiautomator2.common.exceptions.ElementNotFoundException: An element could not be located on the page using the given search parameters\n\tat io.appium.uiautomator2.utils.ElementLocationHelpers.findElement(ElementLocationHelpers.java:156)\n\tat io.appium.uiautomator2.handler.FindElement.safeHandle(FindElement.java:60)\n\tat io.appium.uiautomator2.handler.request.SafeRequestHandler.handle(SafeRequestHandler.java:59)\n\tat io.appium.uiautomator2.server.AppiumServlet.handleRequest(AppiumServlet.java:259)\n\tat io.appium.uiautomator2.server.AppiumServlet.handleHttpRequest(AppiumServlet.java:253)\n\tat io.appium.uiautomator2.http.ServerHandler.channelRead(ServerHandler.java:77)\n\tat io.netty.channel.AbstractChannelHandlerContext.invokeChannelRead(AbstractChannelHandlerContext.java:374)\n\tat io.netty.channel.AbstractChannelHandlerContext.invokeChannelRead(AbstractChannelHandlerContext.java:360)\n\tat io.netty.channel.AbstractChannelHandlerContext.fireChannelRead(AbstractChannelHandlerContext.java:352)\n\tat io.netty.handler.codec.MessageToMessageDecoder.channelRead(MessageToMessageDecoder.java:102)\n\tat io.netty.channel.AbstractChannelHandlerContext.invokeChannelRead(AbstractChannelHandlerContext.java:374)\n\tat io.netty.channel.AbstractChannelHandlerContext.invokeChannelRead(AbstractChannelHandlerContext.java:360)\n\tat io.netty.channel.AbstractChannelHandlerContext.fireChannelRead(AbstractChannelHandlerContext.java:352)\n\tat io.netty.channel.CombinedChannelDuplexHandler$DelegatingChannelHandlerContext.fireChannelRead(CombinedChannelDuplexHandler.java:438)\n\tat io.netty.handler.codec.ByteToMessageDecoder.fireChannelRead(ByteToMessageDecoder.java:328)\n\tat io.netty.handler.codec.ByteToMessageDecoder.channelRead(ByteToMessageDecoder.java:302)\n\tat io.netty.channel.CombinedChannelDuplexHandler.channelRead(CombinedChannelDuplexHandler.java:253)\n\tat io.netty.channel.AbstractChannelHandlerContext.invokeChannelRead(AbstractChannelHandlerContext.java:374)\n\tat io.netty.channel.AbstractChannelHandlerContext.invokeChannelRead(AbstractChannelHandlerContext.java:360)\n\tat io.netty.channel.AbstractChannelHandlerContext.fireChannelRead(AbstractChannelHandlerContext.java:352)\n\tat io.netty.handler.timeout.IdleStateHandler.channelRead(IdleStateHandler.java:287)\n\tat io.netty.channel.AbstractChannelHandlerContext.invokeChannelRead(AbstractChannelHandlerContext.java:374)\n\tat io.netty.channel.AbstractChannelHandlerContext.invokeChannelRead(AbstractChannelHandlerContext.java:360)\n\tat io.netty.channel.AbstractChannelHandlerContext.fireChannelRead(AbstractChannelHandlerContext.java:352)\n\tat io.netty.channel.DefaultChannelPipeline$HeadContext.channelRead(DefaultChannelPipeline.java:1422)\n\tat io.netty.channel.AbstractChannelHandlerContext.invokeChannelRead(AbstractChannelHandlerContext.java:374)\n\tat io.netty.channel.AbstractChannelHandlerContext.invokeChannelRead(AbstractChannelHandlerContext.java:360)\n\tat io.netty.channel.DefaultChannelPipeline.fireChannelRead(DefaultChannelPipeline.java:931)\n\tat io.netty.channel.nio.AbstractNioByteChannel$NioByteUnsafe.read(AbstractNioByteChannel.java:163)\n\tat io.netty.channel.nio.NioEventLoop.processSelectedKey(NioEventLoop.java:700)\n\tat io.netty.channel.nio.NioEventLoop.processSelectedKeysOptimized(NioEventLoop.java:635)\n\tat io.netty.channel.nio.NioEventLoop.processSelectedKeys(NioEventLoop.java:552)\n\tat io.netty.channel.nio.NioEventLoop.run(NioEventLoop.java:514)\n\tat io.netty.util.concurrent.SingleThreadEventExecutor$6.run(SingleThreadEventExecutor.java:1044)\n\tat io.netty.util.internal.ThreadExecutorMap$2.run(ThreadExecutorMap.java:74)\n\tat io.netty.util.concurrent.FastThreadLocalRunnable.run(FastThreadLocalRunnable.java:30)\n\tat java.lang.Thread.run(Thread.java:1012)\n"}}
Thu Jul 30 09:09:08 UTC 2026 | ALL | 07-30 09:09:07.184  1817  1817 I wpa_supplicant: wlan0: CTRL-EVENT-BEACON-LOSS 
Thu Jul 30 09:09:08 UTC 2026 | ALL | 07-30 09:09:07.633  4162  4220 I appium  : channel read: POST /session/0ec58237-84ed-40bd-bf67-28bb2b70cae2/element
Thu Jul 30 09:09:08 UTC 2026 | ALL | 07-30 09:09:07.633  4162  4220 I appium  : FindElement command
Thu Jul 30 09:09:08 UTC 2026 | ALL | 07-30 09:09:07.634  4162  4220 I appium  : method: 'xpath', selector: '//*[contains(@text, 'Sign Up') or contains(@content-desc, 'Sign Up')]'
Thu Jul 30 09:09:08 UTC 2026 | ALL | 07-30 09:09:07.634  4162  4220 I appium  : Waiting up to 10000ms for the device to idle
Thu Jul 30 09:09:08 UTC 2026 | ALL | 07-30 09:09:07.635  4162  4220 I appium  : The following attributes will be included to the page source: [text, content-desc]
Thu Jul 30 09:09:08 UTC 2026 | ALL | 07-30 09:09:07.642  4162  4220 I appium  : Took 0ms to retrieve 0 matches for '//*[contains(@text, 'Sign Up') or contains(@content-desc, 'Sign Up')]' XPath2 query
Thu Jul 30 09:09:08 UTC 2026 | ALL | 07-30 09:09:07.643  4162  4220 I appium  : AppiumResponse: {"sessionId":"0ec58237-84ed-40bd-bf67-28bb2b70cae2","value":{"error":"no such element","message":"An element could not be located on the page using the given search parameters","stacktrace":"io.appium.uiautomator2.common.exceptions.ElementNotFoundException: An element could not be located on the page using the given search parameters\n\tat io.appium.uiautomator2.utils.ElementLocationHelpers.findElement(ElementLocationHelpers.java:156)\n\tat io.appium.uiautomator2.handler.FindElement.safeHandle(FindElement.java:60)\n\tat io.appium.uiautomator2.handler.request.SafeRequestHandler.handle(SafeRequestHandler.java:59)\n\tat io.appium.uiautomator2.server.AppiumServlet.handleRequest(AppiumServlet.java:259)\n\tat io.appium.uiautomator2.server.AppiumServlet.handleHttpRequest(AppiumServlet.java:253)\n\tat io.appium.uiautomator2.http.ServerHandler.channelRead(ServerHandler.java:77)\n\tat io.netty.channel.AbstractChannelHandlerContext.invokeChannelRead(AbstractChannelHandlerContext.java:374)\n\tat io.netty.channel.AbstractChannelHandlerContext.invokeChannelRead(AbstractChannelHandlerContext.java:360)\n\tat io.netty.channel.AbstractChannelHandlerContext.fireChannelRead(AbstractChannelHandlerContext.java:352)\n\tat io.netty.handler.codec.MessageToMessageDecoder.channelRead(MessageToMessageDecoder.java:102)\n\tat io.netty.channel.AbstractChannelHandlerContext.invokeChannelRead(AbstractChannelHandlerContext.java:374)\n\tat io.netty.channel.AbstractChannelHandlerContext.invokeChannelRead(AbstractChannelHandlerContext.java:360)\n\tat io.netty.channel.AbstractChannelHandlerContext.fireChannelRead(AbstractChannelHandlerContext.java:352)\n\tat io.netty.channel.CombinedChannelDuplexHandler$DelegatingChannelHandlerContext.fireChannelRead(CombinedChannelDuplexHandler.java:438)\n\tat io.netty.handler.codec.ByteToMessageDecoder.fireChannelRead(ByteToMessageDecoder.java:328)\n\tat io.netty.handler.codec.ByteToMessageDecoder.channelRead(ByteToMessageDecoder.java:302)\n\tat io.netty.channel.CombinedChannelDuplexHandler.channelRead(CombinedChannelDuplexHandler.java:253)\n\tat io.netty.channel.AbstractChannelHandlerContext.invokeChannelRead(AbstractChannelHandlerContext.java:374)\n\tat io.netty.channel.AbstractChannelHandlerContext.invokeChannelRead(AbstractChannelHandlerContext.java:360)\n\tat io.netty.channel.AbstractChannelHandlerContext.fireChannelRead(AbstractChannelHandlerContext.java:352)\n\tat io.netty.handler.timeout.IdleStateHandler.channelRead(IdleStateHandler.java:287)\n\tat io.netty.channel.AbstractChannelHandlerContext.invokeChannelRead(AbstractChannelHandlerContext.java:374)\n\tat io.netty.channel.AbstractChannelHandlerContext.invokeChannelRead(AbstractChannelHandlerContext.java:360)\n\tat io.netty.channel.AbstractChannelHandlerContext.fireChannelRead(AbstractChannelHandlerContext.java:352)\n\tat io.netty.channel.DefaultChannelPipeline$HeadContext.channelRead(DefaultChannelPipeline.java:1422)\n\tat io.netty.channel.AbstractChannelHandlerContext.invokeChannelRead(AbstractChannelHandlerContext.java:374)\n\tat io.netty.channel.AbstractChannelHandlerContext.invokeChannelRead(AbstractChannelHandlerContext.java:360)\n\tat io.netty.channel.DefaultChannelPipeline.fireChannelRead(DefaultChannelPipeline.java:931)\n\tat io.netty.channel.nio.AbstractNioByteChannel$NioByteUnsafe.read(AbstractNioByteChannel.java:163)\n\tat io.netty.channel.nio.NioEventLoop.processSelectedKey(NioEventLoop.java:700)\n\tat io.netty.channel.nio.NioEventLoop.processSelectedKeysOptimized(NioEventLoop.java:635)\n\tat io.netty.channel.nio.NioEventLoop.processSelectedKeys(NioEventLoop.java:552)\n\tat io.netty.channel.nio.NioEventLoop.run(NioEventLoop.java:514)\n\tat io.netty.util.concurrent.SingleThreadEventExecutor$6.run(SingleThreadEventExecutor.java:1044)\n\tat io.netty.util.internal.ThreadExecutorMap$2.run(ThreadExecutorMap.java:74)\n\tat io.netty.util.concurrent.FastThreadLocalRunnable.run(FastThreadLocalRunnable.java:30)\n\tat java.lang.Thread.run(Thread.java:1012)\n"}}
Thu Jul 30 09:09:09 UTC 2026 | ALL | 07-30 09:09:08.148  4162  4220 I appium  : channel read: POST /session/0ec58237-84ed-40bd-bf67-28bb2b70cae2/element
Thu Jul 30 09:09:09 UTC 2026 | ALL | 07-30 09:09:08.148  4162  4220 I appium  : FindElement command
Thu Jul 30 09:09:09 UTC 2026 | ALL | 07-30 09:09:08.149  4162  4220 I appium  : method: 'xpath', selector: '//*[contains(@text, 'Sign Up') or contains(@content-desc, 'Sign Up')]'
Thu Jul 30 09:09:09 UTC 2026 | ALL | 07-30 09:09:08.149  4162  4220 I appium  : Waiting up to 10000ms for the device to idle
Thu Jul 30 09:09:09 UTC 2026 | ALL | 07-30 09:09:08.150  4162  4220 I appium  : The following attributes will be included to the page source: [text, content-desc]
Thu Jul 30 09:09:09 UTC 2026 | ALL | 07-30 09:09:08.162  4162  4220 I appium  : Took 0ms to retrieve 0 matches for '//*[contains(@text, 'Sign Up') or contains(@content-desc, 'Sign Up')]' XPath2 query
Thu Jul 30 09:09:09 UTC 2026 | ALL | 07-30 09:09:08.163  4162  4220 I appium  : AppiumResponse: {"sessionId":"0ec58237-84ed-40bd-bf67-28bb2b70cae2","value":{"error":"no such element","message":"An element could not be located on the page using the given search parameters","stacktrace":"io.appium.uiautomator2.common.exceptions.ElementNotFoundException: An element could not be located on the page using the given search parameters\n\tat io.appium.uiautomator2.utils.ElementLocationHelpers.findElement(ElementLocationHelpers.java:156)\n\tat io.appium.uiautomator2.handler.FindElement.safeHandle(FindElement.java:60)\n\tat io.appium.uiautomator2.handler.request.SafeRequestHandler.handle(SafeRequestHandler.java:59)\n\tat io.appium.uiautomator2.server.AppiumServlet.handleRequest(AppiumServlet.java:259)\n\tat io.appium.uiautomator2.server.AppiumServlet.handleHttpRequest(AppiumServlet.java:253)\n\tat io.appium.uiautomator2.http.ServerHandler.channelRead(ServerHandler.java:77)\n\tat io.netty.channel.AbstractChannelHandlerContext.invokeChannelRead(AbstractChannelHandlerContext.java:374)\n\tat io.netty.channel.AbstractChannelHandlerContext.invokeChannelRead(AbstractChannelHandlerContext.java:360)\n\tat io.netty.channel.AbstractChannelHandlerContext.fireChannelRead(AbstractChannelHandlerContext.java:352)\n\tat io.netty.handler.codec.MessageToMessageDecoder.channelRead(MessageToMessageDecoder.java:102)\n\tat io.netty.channel.AbstractChannelHandlerContext.invokeChannelRead(AbstractChannelHandlerContext.java:374)\n\tat io.netty.channel.AbstractChannelHandlerContext.invokeChannelRead(AbstractChannelHandlerContext.java:360)\n\tat io.netty.channel.AbstractChannelHandlerContext.fireChannelRead(AbstractChannelHandlerContext.java:352)\n\tat io.netty.channel.CombinedChannelDuplexHandler$DelegatingChannelHandlerContext.fireChannelRead(CombinedChannelDuplexHandler.java:438)\n\tat io.netty.handler.codec.ByteToMessageDecoder.fireChannelRead(ByteToMessageDecoder.java:328)\n\tat io.netty.handler.codec.ByteToMessageDecoder.channelRead(ByteToMessageDecoder.java:302)\n\tat io.netty.channel.CombinedChannelDuplexHandler.channelRead(CombinedChannelDuplexHandler.java:253)\n\tat io.netty.channel.AbstractChannelHandlerContext.invokeChannelRead(AbstractChannelHandlerContext.java:374)\n\tat io.netty.channel.AbstractChannelHandlerContext.invokeChannelRead(AbstractChannelHandlerContext.java:360)\n\tat io.netty.channel.AbstractChannelHandlerContext.fireChannelRead(AbstractChannelHandlerContext.java:352)\n\tat io.netty.handler.timeout.IdleStateHandler.channelRead(IdleStateHandler.java:287)\n\tat io.netty.channel.AbstractChannelHandlerContext.invokeChannelRead(AbstractChannelHandlerContext.java:374)\n\tat io.netty.channel.AbstractChannelHandlerContext.invokeChannelRead(AbstractChannelHandlerContext.java:360)\n\tat io.netty.channel.AbstractChannelHandlerContext.fireChannelRead(AbstractChannelHandlerContext.java:352)\n\tat io.netty.channel.DefaultChannelPipeline$HeadContext.channelRead(DefaultChannelPipeline.java:1422)\n\tat io.netty.channel.AbstractChannelHandlerContext.invokeChannelRead(AbstractChannelHandlerContext.java:374)\n\tat io.netty.channel.AbstractChannelHandlerContext.invokeChannelRead(AbstractChannelHandlerContext.java:360)\n\tat io.netty.channel.DefaultChannelPipeline.fireChannelRead(DefaultChannelPipeline.java:931)\n\tat io.netty.channel.nio.AbstractNioByteChannel$NioByteUnsafe.read(AbstractNioByteChannel.java:163)\n\tat io.netty.channel.nio.NioEventLoop.processSelectedKey(NioEventLoop.java:700)\n\tat io.netty.channel.nio.NioEventLoop.processSelectedKeysOptimized(NioEventLoop.java:635)\n\tat io.netty.channel.nio.NioEventLoop.processSelectedKeys(NioEventLoop.java:552)\n\tat io.netty.channel.nio.NioEventLoop.run(NioEventLoop.java:514)\n\tat io.netty.util.concurrent.SingleThreadEventExecutor$6.run(SingleThreadEventExecutor.java:1044)\n\tat io.netty.util.internal.ThreadExecutorMap$2.run(ThreadExecutorMap.java:74)\n\tat io.netty.util.concurrent.FastThreadLocalRunnable.run(FastThreadLocalRunnable.java:30)\n\tat java.lang.Thread.run(Thread.java:1012)\n"}}
Thu Jul 30 09:09:09 UTC 2026 | ALL | 07-30 09:09:08.337     0     0 W healthd : battery l=100 v=5000 t=25.0 h=2 st=2 c=900000 fc=3000000 cc=10 chg=a
Thu Jul 30 09:09:09 UTC 2026 | ALL | 07-30 09:09:08.667  4162  4220 I appium  : channel read: POST /session/0ec58237-84ed-40bd-bf67-28bb2b70cae2/element
Thu Jul 30 09:09:09 UTC 2026 | ALL | 07-30 09:09:08.667  4162  4220 I appium  : FindElement command
Thu Jul 30 09:09:09 UTC 2026 | ALL | 07-30 09:09:08.667  4162  4220 I appium  : method: 'xpath', selector: '//*[contains(@text, 'Sign Up') or contains(@content-desc, 'Sign Up')]'
Thu Jul 30 09:09:09 UTC 2026 | ALL | 07-30 09:09:08.667  4162  4220 I appium  : Waiting up to 10000ms for the device to idle
Thu Jul 30 09:09:09 UTC 2026 | ALL | 07-30 09:09:08.669  4162  4220 I appium  : The following attributes will be included to the page source: [text, content-desc]
Thu Jul 30 09:09:09 UTC 2026 | ALL | 07-30 09:09:08.671  4162  4170 I tomator2.server: Method exceeds compiler instruction limit: 19264 in java_cup.runtime.Symbol org.eclipse.wst.xml.xpath2.processor.internal.CUP$XPathCup$actions.CUP$XPathCup$do_action(int, java_cup.runtime.lr_parser, java.util.Stack, int)
Thu Jul 30 09:09:09 UTC 2026 | ALL | 07-30 09:09:08.678  4162  4220 I appium  : Took 0ms to retrieve 0 matches for '//*[contains(@text, 'Sign Up') or contains(@content-desc, 'Sign Up')]' XPath2 query
Thu Jul 30 09:09:09 UTC 2026 | ALL | 07-30 09:09:08.679  4162  4220 I appium  : AppiumResponse: {"sessionId":"0ec58237-84ed-40bd-bf67-28bb2b70cae2","value":{"error":"no such element","message":"An element could not be located on the page using the given search parameters","stacktrace":"io.appium.uiautomator2.common.exceptions.ElementNotFoundException: An element could not be located on the page using the given search parameters\n\tat io.appium.uiautomator2.utils.ElementLocationHelpers.findElement(ElementLocationHelpers.java:156)\n\tat io.appium.uiautomator2.handler.FindElement.safeHandle(FindElement.java:60)\n\tat io.appium.uiautomator2.handler.request.SafeRequestHandler.handle(SafeRequestHandler.java:59)\n\tat io.appium.uiautomator2.server.AppiumServlet.handleRequest(AppiumServlet.java:259)\n\tat io.appium.uiautomator2.server.AppiumServlet.handleHttpRequest(AppiumServlet.java:253)\n\tat io.appium.uiautomator2.http.ServerHandler.channelRead(ServerHandler.java:77)\n\tat io.netty.channel.AbstractChannelHandlerContext.invokeChannelRead(AbstractChannelHandlerContext.java:374)\n\tat io.netty.channel.AbstractChannelHandlerContext.invokeChannelRead(AbstractChannelHandlerContext.java:360)\n\tat io.netty.channel.AbstractChannelHandlerContext.fireChannelRead(AbstractChannelHandlerContext.java:352)\n\tat io.netty.handler.codec.MessageToMessageDecoder.channelRead(MessageToMessageDecoder.java:102)\n\tat io.netty.channel.AbstractChannelHandlerContext.invokeChannelRead(AbstractChannelHandlerContext.java:374)\n\tat io.netty.channel.AbstractChannelHandlerContext.invokeChannelRead(AbstractChannelHandlerContext.java:360)\n\tat io.netty.channel.AbstractChannelHandlerContext.fireChannelRead(AbstractChannelHandlerContext.java:352)\n\tat io.netty.channel.CombinedChannelDuplexHandler$DelegatingChannelHandlerContext.fireChannelRead(CombinedChannelDuplexHandler.java:438)\n\tat io.netty.handler.codec.ByteToMessageDecoder.fireChannelRead(ByteToMessageDecoder.java:328)\n\tat io.netty.handler.codec.ByteToMessageDecoder.channelRead(ByteToMessageDecoder.java:302)\n\tat io.netty.channel.CombinedChannelDuplexHandler.channelRead(CombinedChannelDuplexHandler.java:253)\n\tat io.netty.channel.AbstractChannelHandlerContext.invokeChannelRead(AbstractChannelHandlerContext.java:374)\n\tat io.netty.channel.AbstractChannelHandlerContext.invokeChannelRead(AbstractChannelHandlerContext.java:360)\n\tat io.netty.channel.AbstractChannelHandlerContext.fireChannelRead(AbstractChannelHandlerContext.java:352)\n\tat io.netty.handler.timeout.IdleStateHandler.channelRead(IdleStateHandler.java:287)\n\tat io.netty.channel.AbstractChannelHandlerContext.invokeChannelRead(AbstractChannelHandlerContext.java:374)\n\tat io.netty.channel.AbstractChannelHandlerContext.invokeChannelRead(AbstractChannelHandlerContext.java:360)\n\tat io.netty.channel.AbstractChannelHandlerContext.fireChannelRead(AbstractChannelHandlerContext.java:352)\n\tat io.netty.channel.DefaultChannelPipeline$HeadContext.channelRead(DefaultChannelPipeline.java:1422)\n\tat io.netty.channel.AbstractChannelHandlerContext.invokeChannelRead(AbstractChannelHandlerContext.java:374)\n\tat io.netty.channel.AbstractChannelHandlerContext.invokeChannelRead(AbstractChannelHandlerContext.java:360)\n\tat io.netty.channel.DefaultChannelPipeline.fireChannelRead(DefaultChannelPipeline.java:931)\n\tat io.netty.channel.nio.AbstractNioByteChannel$NioByteUnsafe.read(AbstractNioByteChannel.java:163)\n\tat io.netty.channel.nio.NioEventLoop.processSelectedKey(NioEventLoop.java:700)\n\tat io.netty.channel.nio.NioEventLoop.processSelectedKeysOptimized(NioEventLoop.java:635)\n\tat io.netty.channel.nio.NioEventLoop.processSelectedKeys(NioEventLoop.java:552)\n\tat io.netty.channel.nio.NioEventLoop.run(NioEventLoop.java:514)\n\tat io.netty.util.concurrent.SingleThreadEventExecutor$6.run(SingleThreadEventExecutor.java:1044)\n\tat io.netty.util.internal.ThreadExecutorMap$2.run(ThreadExecutorMap.java:74)\n\tat io.netty.util.concurrent.FastThreadLocalRunnable.run(FastThreadLocalRunnable.java:30)\n\tat java.lang.Thread.run(Thread.java:1012)\n"}}
Thu Jul 30 09:09:10 UTC 2026 | ALL | 07-30 09:09:09.184  4162  4220 I appium  : channel read: POST /session/0ec58237-84ed-40bd-bf67-28bb2b70cae2/element
Thu Jul 30 09:09:10 UTC 2026 | ALL | 07-30 09:09:09.184  4162  4220 I appium  : FindElement command
Thu Jul 30 09:09:10 UTC 2026 | ALL | 07-30 09:09:09.184  4162  4220 I appium  : method: 'xpath', selector: '//*[contains(@text, 'Sign Up') or contains(@content-desc, 'Sign Up')]'
Thu Jul 30 09:09:10 UTC 2026 | ALL | 07-30 09:09:09.184  4162  4220 I appium  : Waiting up to 10000ms for the device to idle
Thu Jul 30 09:09:10 UTC 2026 | ALL | 07-30 09:09:09.185  4162  4220 I appium  : The following attributes will be included to the page source: [text, content-desc]
Thu Jul 30 09:09:10 UTC 2026 | ALL | 07-30 09:09:09.193  4162  4220 I appium  : Took 0ms to retrieve 0 matches for '//*[contains(@text, 'Sign Up') or contains(@content-desc, 'Sign Up')]' XPath2 query
Thu Jul 30 09:09:10 UTC 2026 | ALL | 07-30 09:09:09.194  4162  4220 I appium  : AppiumResponse: {"sessionId":"0ec58237-84ed-40bd-bf67-28bb2b70cae2","value":{"error":"no such element","message":"An element could not be located on the page using the given search parameters","stacktrace":"io.appium.uiautomator2.common.exceptions.ElementNotFoundException: An element could not be located on the page using the given search parameters\n\tat io.appium.uiautomator2.utils.ElementLocationHelpers.findElement(ElementLocationHelpers.java:156)\n\tat io.appium.uiautomator2.handler.FindElement.safeHandle(FindElement.java:60)\n\tat io.appium.uiautomator2.handler.request.SafeRequestHandler.handle(SafeRequestHandler.java:59)\n\tat io.appium.uiautomator2.server.AppiumServlet.handleRequest(AppiumServlet.java:259)\n\tat io.appium.uiautomator2.server.AppiumServlet.handleHttpRequest(AppiumServlet.java:253)\n\tat io.appium.uiautomator2.http.ServerHandler.channelRead(ServerHandler.java:77)\n\tat io.netty.channel.AbstractChannelHandlerContext.invokeChannelRead(AbstractChannelHandlerContext.java:374)\n\tat io.netty.channel.AbstractChannelHandlerContext.invokeChannelRead(AbstractChannelHandlerContext.java:360)\n\tat io.netty.channel.AbstractChannelHandlerContext.fireChannelRead(AbstractChannelHandlerContext.java:352)\n\tat io.netty.handler.codec.MessageToMessageDecoder.channelRead(MessageToMessageDecoder.java:102)\n\tat io.netty.channel.AbstractChannelHandlerContext.invokeChannelRead(AbstractChannelHandlerContext.java:374)\n\tat io.netty.channel.AbstractChannelHandlerContext.invokeChannelRead(AbstractChannelHandlerContext.java:360)\n\tat io.netty.channel.AbstractChannelHandlerContext.fireChannelRead(AbstractChannelHandlerContext.java:352)\n\tat io.netty.channel.CombinedChannelDuplexHandler$DelegatingChannelHandlerContext.fireChannelRead(CombinedChannelDuplexHandler.java:438)\n\tat io.netty.handler.codec.ByteToMessageDecoder.fireChannelRead(ByteToMessageDecoder.java:328)\n\tat io.netty.handler.codec.ByteToMessageDecoder.channelRead(ByteToMessageDecoder.java:302)\n\tat io.netty.channel.CombinedChannelDuplexHandler.channelRead(CombinedChannelDuplexHandler.java:253)\n\tat io.netty.channel.AbstractChannelHandlerContext.invokeChannelRead(AbstractChannelHandlerContext.java:374)\n\tat io.netty.channel.AbstractChannelHandlerContext.invokeChannelRead(AbstractChannelHandlerContext.java:360)\n\tat io.netty.channel.AbstractChannelHandlerContext.fireChannelRead(AbstractChannelHandlerContext.java:352)\n\tat io.netty.handler.timeout.IdleStateHandler.channelRead(IdleStateHandler.java:287)\n\tat io.netty.channel.AbstractChannelHandlerContext.invokeChannelRead(AbstractChannelHandlerContext.java:374)\n\tat io.netty.channel.AbstractChannelHandlerContext.invokeChannelRead(AbstractChannelHandlerContext.java:360)\n\tat io.netty.channel.AbstractChannelHandlerContext.fireChannelRead(AbstractChannelHandlerContext.java:352)\n\tat io.netty.channel.DefaultChannelPipeline$HeadContext.channelRead(DefaultChannelPipeline.java:1422)\n\tat io.netty.channel.AbstractChannelHandlerContext.invokeChannelRead(AbstractChannelHandlerContext.java:374)\n\tat io.netty.channel.AbstractChannelHandlerContext.invokeChannelRead(AbstractChannelHandlerContext.java:360)\n\tat io.netty.channel.DefaultChannelPipeline.fireChannelRead(DefaultChannelPipeline.java:931)\n\tat io.netty.channel.nio.AbstractNioByteChannel$NioByteUnsafe.read(AbstractNioByteChannel.java:163)\n\tat io.netty.channel.nio.NioEventLoop.processSelectedKey(NioEventLoop.java:700)\n\tat io.netty.channel.nio.NioEventLoop.processSelectedKeysOptimized(NioEventLoop.java:635)\n\tat io.netty.channel.nio.NioEventLoop.processSelectedKeys(NioEventLoop.java:552)\n\tat io.netty.channel.nio.NioEventLoop.run(NioEventLoop.java:514)\n\tat io.netty.util.concurrent.SingleThreadEventExecutor$6.run(SingleThreadEventExecutor.java:1044)\n\tat io.netty.util.internal.ThreadExecutorMap$2.run(ThreadExecutorMap.java:74)\n\tat io.netty.util.concurrent.FastThreadLocalRunnable.run(FastThreadLocalRunnable.java:30)\n\tat java.lang.Thread.run(Thread.java:1012)\n"}}
Thu Jul 30 09:09:10 UTC 2026 | ALL | 07-30 09:09:09.699  4162  4220 I appium  : channel read: POST /session/0ec58237-84ed-40bd-bf67-28bb2b70cae2/element
Thu Jul 30 09:09:10 UTC 2026 | ALL | 07-30 09:09:09.699  4162  4220 I appium  : FindElement command
Thu Jul 30 09:09:10 UTC 2026 | ALL | 07-30 09:09:09.699  4162  4220 I appium  : method: 'xpath', selector: '//*[contains(@text, 'Sign Up') or contains(@content-desc, 'Sign Up')]'
Thu Jul 30 09:09:10 UTC 2026 | ALL | 07-30 09:09:09.699  4162  4220 I appium  : Waiting up to 10000ms for the device to idle
Thu Jul 30 09:09:10 UTC 2026 | ALL | 07-30 09:09:09.700  4162  4220 I appium  : The following attributes will be included to the page source: [text, content-desc]
Thu Jul 30 09:09:10 UTC 2026 | ALL | 07-30 09:09:09.703  4162  4170 I tomator2.server: Method exceeds compiler instruction limit: 19264 in java_cup.runtime.Symbol org.eclipse.wst.xml.xpath2.processor.internal.CUP$XPathCup$actions.CUP$XPathCup$do_action(int, java_cup.runtime.lr_parser, java.util.Stack, int)
Thu Jul 30 09:09:10 UTC 2026 | ALL | 07-30 09:09:09.708  4162  4220 I appium  : Took 0ms to retrieve 0 matches for '//*[contains(@text, 'Sign Up') or contains(@content-desc, 'Sign Up')]' XPath2 query
Thu Jul 30 09:09:10 UTC 2026 | ALL | 07-30 09:09:09.709  4162  4220 I appium  : AppiumResponse: {"sessionId":"0ec58237-84ed-40bd-bf67-28bb2b70cae2","value":{"error":"no such element","message":"An element could not be located on the page using the given search parameters","stacktrace":"io.appium.uiautomator2.common.exceptions.ElementNotFoundException: An element could not be located on the page using the given search parameters\n\tat io.appium.uiautomator2.utils.ElementLocationHelpers.findElement(ElementLocationHelpers.java:156)\n\tat io.appium.uiautomator2.handler.FindElement.safeHandle(FindElement.java:60)\n\tat io.appium.uiautomator2.handler.request.SafeRequestHandler.handle(SafeRequestHandler.java:59)\n\tat io.appium.uiautomator2.server.AppiumServlet.handleRequest(AppiumServlet.java:259)\n\tat io.appium.uiautomator2.server.AppiumServlet.handleHttpRequest(AppiumServlet.java:253)\n\tat io.appium.uiautomator2.http.ServerHandler.channelRead(ServerHandler.java:77)\n\tat io.netty.channel.AbstractChannelHandlerContext.invokeChannelRead(AbstractChannelHandlerContext.java:374)\n\tat io.netty.channel.AbstractChannelHandlerContext.invokeChannelRead(AbstractChannelHandlerContext.java:360)\n\tat io.netty.channel.AbstractChannelHandlerContext.fireChannelRead(AbstractChannelHandlerContext.java:352)\n\tat io.netty.handler.codec.MessageToMessageDecoder.channelRead(MessageToMessageDecoder.java:102)\n\tat io.netty.channel.AbstractChannelHandlerContext.invokeChannelRead(AbstractChannelHandlerContext.java:374)\n\tat io.netty.channel.AbstractChannelHandlerContext.invokeChannelRead(AbstractChannelHandlerContext.java:360)\n\tat io.netty.channel.AbstractChannelHandlerContext.fireChannelRead(AbstractChannelHandlerContext.java:352)\n\tat io.netty.channel.CombinedChannelDuplexHandler$DelegatingChannelHandlerContext.fireChannelRead(CombinedChannelDuplexHandler.java:438)\n\tat io.netty.handler.codec.ByteToMessageDecoder.fireChannelRead(ByteToMessageDecoder.java:328)\n\tat io.netty.handler.codec.ByteToMessageDecoder.channelRead(ByteToMessageDecoder.java:302)\n\tat io.netty.channel.CombinedChannelDuplexHandler.channelRead(CombinedChannelDuplexHandler.java:253)\n\tat io.netty.channel.AbstractChannelHandlerContext.invokeChannelRead(AbstractChannelHandlerContext.java:374)\n\tat io.netty.channel.AbstractChannelHandlerContext.invokeChannelRead(AbstractChannelHandlerContext.java:360)\n\tat io.netty.channel.AbstractChannelHandlerContext.fireChannelRead(AbstractChannelHandlerContext.java:352)\n\tat io.netty.handler.timeout.IdleStateHandler.channelRead(IdleStateHandler.java:287)\n\tat io.netty.channel.AbstractChannelHandlerContext.invokeChannelRead(AbstractChannelHandlerContext.java:374)\n\tat io.netty.channel.AbstractChannelHandlerContext.invokeChannelRead(AbstractChannelHandlerContext.java:360)\n\tat io.netty.channel.AbstractChannelHandlerContext.fireChannelRead(AbstractChannelHandlerContext.java:352)\n\tat io.netty.channel.DefaultChannelPipeline$HeadContext.channelRead(DefaultChannelPipeline.java:1422)\n\tat io.netty.channel.AbstractChannelHandlerContext.invokeChannelRead(AbstractChannelHandlerContext.java:374)\n\tat io.netty.channel.AbstractChannelHandlerContext.invokeChannelRead(AbstractChannelHandlerContext.java:360)\n\tat io.netty.channel.DefaultChannelPipeline.fireChannelRead(DefaultChannelPipeline.java:931)\n\tat io.netty.channel.nio.AbstractNioByteChannel$NioByteUnsafe.read(AbstractNioByteChannel.java:163)\n\tat io.netty.channel.nio.NioEventLoop.processSelectedKey(NioEventLoop.java:700)\n\tat io.netty.channel.nio.NioEventLoop.processSelectedKeysOptimized(NioEventLoop.java:635)\n\tat io.netty.channel.nio.NioEventLoop.processSelectedKeys(NioEventLoop.java:552)\n\tat io.netty.channel.nio.NioEventLoop.run(NioEventLoop.java:514)\n\tat io.netty.util.concurrent.SingleThreadEventExecutor$6.run(SingleThreadEventExecutor.java:1044)\n\tat io.netty.util.internal.ThreadExecutorMap$2.run(ThreadExecutorMap.java:74)\n\tat io.netty.util.concurrent.FastThreadLocalRunnable.run(FastThreadLocalRunnable.java:30)\n\tat java.lang.Thread.run(Thread.java:1012)\n"}}
Thu Jul 30 09:09:11 UTC 2026 | ALL | 07-30 09:09:10.213  4162  4220 I appium  : channel read: POST /session/0ec58237-84ed-40bd-bf67-28bb2b70cae2/element
Thu Jul 30 09:09:11 UTC 2026 | ALL | 07-30 09:09:10.214  4162  4220 I appium  : FindElement command
Thu Jul 30 09:09:11 UTC 2026 | ALL | 07-30 09:09:10.214  4162  4220 I appium  : method: 'xpath', selector: '//*[contains(@text, 'Sign Up') or contains(@content-desc, 'Sign Up')]'
Thu Jul 30 09:09:11 UTC 2026 | ALL | 07-30 09:09:10.214  4162  4220 I appium  : Waiting up to 10000ms for the device to idle
Thu Jul 30 09:09:11 UTC 2026 | ALL | 07-30 09:09:10.215  4162  4220 I appium  : The following attributes will be included to the page source: [text, content-desc]
Thu Jul 30 09:09:11 UTC 2026 | ALL | 07-30 09:09:10.226  4162  4220 I appium  : Took 0ms to retrieve 0 matches for '//*[contains(@text, 'Sign Up') or contains(@content-desc, 'Sign Up')]' XPath2 query
Thu Jul 30 09:09:11 UTC 2026 | ALL | 07-30 09:09:10.227  4162  4220 I appium  : AppiumResponse: {"sessionId":"0ec58237-84ed-40bd-bf67-28bb2b70cae2","value":{"error":"no such element","message":"An element could not be located on the page using the given search parameters","stacktrace":"io.appium.uiautomator2.common.exceptions.ElementNotFoundException: An element could not be located on the page using the given search parameters\n\tat io.appium.uiautomator2.utils.ElementLocationHelpers.findElement(ElementLocationHelpers.java:156)\n\tat io.appium.uiautomator2.handler.FindElement.safeHandle(FindElement.java:60)\n\tat io.appium.uiautomator2.handler.request.SafeRequestHandler.handle(SafeRequestHandler.java:59)\n\tat io.appium.uiautomator2.server.AppiumServlet.handleRequest(AppiumServlet.java:259)\n\tat io.appium.uiautomator2.server.AppiumServlet.handleHttpRequest(AppiumServlet.java:253)\n\tat io.appium.uiautomator2.http.ServerHandler.channelRead(ServerHandler.java:77)\n\tat io.netty.channel.AbstractChannelHandlerContext.invokeChannelRead(AbstractChannelHandlerContext.java:374)\n\tat io.netty.channel.AbstractChannelHandlerContext.invokeChannelRead(AbstractChannelHandlerContext.java:360)\n\tat io.netty.channel.AbstractChannelHandlerContext.fireChannelRead(AbstractChannelHandlerContext.java:352)\n\tat io.netty.handler.codec.MessageToMessageDecoder.channelRead(MessageToMessageDecoder.java:102)\n\tat io.netty.channel.AbstractChannelHandlerContext.invokeChannelRead(AbstractChannelHandlerContext.java:374)\n\tat io.netty.channel.AbstractChannelHandlerContext.invokeChannelRead(AbstractChannelHandlerContext.java:360)\n\tat io.netty.channel.AbstractChannelHandlerContext.fireChannelRead(AbstractChannelHandlerContext.java:352)\n\tat io.netty.channel.CombinedChannelDuplexHandler$DelegatingChannelHandlerContext.fireChannelRead(CombinedChannelDuplexHandler.java:438)\n\tat io.netty.handler.codec.ByteToMessageDecoder.fireChannelRead(ByteToMessageDecoder.java:328)\n\tat io.netty.handler.codec.ByteToMessageDecoder.channelRead(ByteToMessageDecoder.java:302)\n\tat io.netty.channel.CombinedChannelDuplexHandler.channelRead(CombinedChannelDuplexHandler.java:253)\n\tat io.netty.channel.AbstractChannelHandlerContext.invokeChannelRead(AbstractChannelHandlerContext.java:374)\n\tat io.netty.channel.AbstractChannelHandlerContext.invokeChannelRead(AbstractChannelHandlerContext.java:360)\n\tat io.netty.channel.AbstractChannelHandlerContext.fireChannelRead(AbstractChannelHandlerContext.java:352)\n\tat io.netty.handler.timeout.IdleStateHandler.channelRead(IdleStateHandler.java:287)\n\tat io.netty.channel.AbstractChannelHandlerContext.invokeChannelRead(AbstractChannelHandlerContext.java:374)\n\tat io.netty.channel.AbstractChannelHandlerContext.invokeChannelRead(AbstractChannelHandlerContext.java:360)\n\tat io.netty.channel.AbstractChannelHandlerContext.fireChannelRead(AbstractChannelHandlerContext.java:352)\n\tat io.netty.channel.DefaultChannelPipeline$HeadContext.channelRead(DefaultChannelPipeline.java:1422)\n\tat io.netty.channel.AbstractChannelHandlerContext.invokeChannelRead(AbstractChannelHandlerContext.java:374)\n\tat io.netty.channel.AbstractChannelHandlerContext.invokeChannelRead(AbstractChannelHandlerContext.java:360)\n\tat io.netty.channel.DefaultChannelPipeline.fireChannelRead(DefaultChannelPipeline.java:931)\n\tat io.netty.channel.nio.AbstractNioByteChannel$NioByteUnsafe.read(AbstractNioByteChannel.java:163)\n\tat io.netty.channel.nio.NioEventLoop.processSelectedKey(NioEventLoop.java:700)\n\tat io.netty.channel.nio.NioEventLoop.processSelectedKeysOptimized(NioEventLoop.java:635)\n\tat io.netty.channel.nio.NioEventLoop.processSelectedKeys(NioEventLoop.java:552)\n\tat io.netty.channel.nio.NioEventLoop.run(NioEventLoop.java:514)\n\tat io.netty.util.concurrent.SingleThreadEventExecutor$6.run(SingleThreadEventExecutor.java:1044)\n\tat io.netty.util.internal.ThreadExecutorMap$2.run(ThreadExecutorMap.java:74)\n\tat io.netty.util.concurrent.FastThreadLocalRunnable.run(FastThreadLocalRunnable.java:30)\n\tat java.lang.Thread.run(Thread.java:1012)\n"}}
Thu Jul 30 09:09:11 UTC 2026 | ALL | 07-30 09:09:10.625  1337  1757 I PhenotypeProcessReaper: Memory state is: 200
Thu Jul 30 09:09:11 UTC 2026 | ALL | 07-30 09:09:10.730  4162  4220 I appium  : channel read: POST /session/0ec58237-84ed-40bd-bf67-28bb2b70cae2/element
Thu Jul 30 09:09:11 UTC 2026 | ALL | 07-30 09:09:10.730  4162  4220 I appium  : FindElement command
Thu Jul 30 09:09:11 UTC 2026 | ALL | 07-30 09:09:10.731  4162  4220 I appium  : method: 'xpath', selector: '//*[contains(@text, 'Sign Up') or contains(@content-desc, 'Sign Up')]'
Thu Jul 30 09:09:11 UTC 2026 | ALL | 07-30 09:09:10.731  4162  4220 I appium  : Waiting up to 10000ms for the device to idle
Thu Jul 30 09:09:11 UTC 2026 | ALL | 07-30 09:09:10.732  4162  4220 I appium  : The following attributes will be included to the page source: [text, content-desc]
Thu Jul 30 09:09:11 UTC 2026 | ALL | 07-30 09:09:10.743  4162  4220 I appium  : Took 0ms to retrieve 0 matches for '//*[contains(@text, 'Sign Up') or contains(@content-desc, 'Sign Up')]' XPath2 query
Thu Jul 30 09:09:11 UTC 2026 | ALL | 07-30 09:09:10.744  4162  4220 I appium  : AppiumResponse: {"sessionId":"0ec58237-84ed-40bd-bf67-28bb2b70cae2","value":{"error":"no such element","message":"An element could not be located on the page using the given search parameters","stacktrace":"io.appium.uiautomator2.common.exceptions.ElementNotFoundException: An element could not be located on the page using the given search parameters\n\tat io.appium.uiautomator2.utils.ElementLocationHelpers.findElement(ElementLocationHelpers.java:156)\n\tat io.appium.uiautomator2.handler.FindElement.safeHandle(FindElement.java:60)\n\tat io.appium.uiautomator2.handler.request.SafeRequestHandler.handle(SafeRequestHandler.java:59)\n\tat io.appium.uiautomator2.server.AppiumServlet.handleRequest(AppiumServlet.java:259)\n\tat io.appium.uiautomator2.server.AppiumServlet.handleHttpRequest(AppiumServlet.java:253)\n\tat io.appium.uiautomator2.http.ServerHandler.channelRead(ServerHandler.java:77)\n\tat io.netty.channel.AbstractChannelHandlerContext.invokeChannelRead(AbstractChannelHandlerContext.java:374)\n\tat io.netty.channel.AbstractChannelHandlerContext.invokeChannelRead(AbstractChannelHandlerContext.java:360)\n\tat io.netty.channel.AbstractChannelHandlerContext.fireChannelRead(AbstractChannelHandlerContext.java:352)\n\tat io.netty.handler.codec.MessageToMessageDecoder.channelRead(MessageToMessageDecoder.java:102)\n\tat io.netty.channel.AbstractChannelHandlerContext.invokeChannelRead(AbstractChannelHandlerContext.java:374)\n\tat io.netty.channel.AbstractChannelHandlerContext.invokeChannelRead(AbstractChannelHandlerContext.java:360)\n\tat io.netty.channel.AbstractChannelHandlerContext.fireChannelRead(AbstractChannelHandlerContext.java:352)\n\tat io.netty.channel.CombinedChannelDuplexHandler$DelegatingChannelHandlerContext.fireChannelRead(CombinedChannelDuplexHandler.java:438)\n\tat io.netty.handler.codec.ByteToMessageDecoder.fireChannelRead(ByteToMessageDecoder.java:328)\n\tat io.netty.handler.codec.ByteToMessageDecoder.channelRead(ByteToMessageDecoder.java:302)\n\tat io.netty.channel.CombinedChannelDuplexHandler.channelRead(CombinedChannelDuplexHandler.java:253)\n\tat io.netty.channel.AbstractChannelHandlerContext.invokeChannelRead(AbstractChannelHandlerContext.java:374)\n\tat io.netty.channel.AbstractChannelHandlerContext.invokeChannelRead(AbstractChannelHandlerContext.java:360)\n\tat io.netty.channel.AbstractChannelHandlerContext.fireChannelRead(AbstractChannelHandlerContext.java:352)\n\tat io.netty.handler.timeout.IdleStateHandler.channelRead(IdleStateHandler.java:287)\n\tat io.netty.channel.AbstractChannelHandlerContext.invokeChannelRead(AbstractChannelHandlerContext.java:374)\n\tat io.netty.channel.AbstractChannelHandlerContext.invokeChannelRead(AbstractChannelHandlerContext.java:360)\n\tat io.netty.channel.AbstractChannelHandlerContext.fireChannelRead(AbstractChannelHandlerContext.java:352)\n\tat io.netty.channel.DefaultChannelPipeline$HeadContext.channelRead(DefaultChannelPipeline.java:1422)\n\tat io.netty.channel.AbstractChannelHandlerContext.invokeChannelRead(AbstractChannelHandlerContext.java:374)\n\tat io.netty.channel.AbstractChannelHandlerContext.invokeChannelRead(AbstractChannelHandlerContext.java:360)\n\tat io.netty.channel.DefaultChannelPipeline.fireChannelRead(DefaultChannelPipeline.java:931)\n\tat io.netty.channel.nio.AbstractNioByteChannel$NioByteUnsafe.read(AbstractNioByteChannel.java:163)\n\tat io.netty.channel.nio.NioEventLoop.processSelectedKey(NioEventLoop.java:700)\n\tat io.netty.channel.nio.NioEventLoop.processSelectedKeysOptimized(NioEventLoop.java:635)\n\tat io.netty.channel.nio.NioEventLoop.processSelectedKeys(NioEventLoop.java:552)\n\tat io.netty.channel.nio.NioEventLoop.run(NioEventLoop.java:514)\n\tat io.netty.util.concurrent.SingleThreadEventExecutor$6.run(SingleThreadEventExecutor.java:1044)\n\tat io.netty.util.internal.ThreadExecutorMap$2.run(ThreadExecutorMap.java:74)\n\tat io.netty.util.concurrent.FastThreadLocalRunnable.run(FastThreadLocalRunnable.java:30)\n\tat java.lang.Thread.run(Thread.java:1012)\n"}}
Thu Jul 30 09:09:12 UTC 2026 | ALL | 07-30 09:09:11.249  4162  4220 I appium  : channel read: POST /session/0ec58237-84ed-40bd-bf67-28bb2b70cae2/element
Thu Jul 30 09:09:12 UTC 2026 | ALL | 07-30 09:09:11.249  4162  4220 I appium  : FindElement command
Thu Jul 30 09:09:12 UTC 2026 | ALL | 07-30 09:09:11.249  4162  4220 I appium  : method: 'xpath', selector: '//*[contains(@text, 'Sign Up') or contains(@content-desc, 'Sign Up')]'
Thu Jul 30 09:09:12 UTC 2026 | ALL | 07-30 09:09:11.250  4162  4220 I appium  : Waiting up to 10000ms for the device to idle
Thu Jul 30 09:09:12 UTC 2026 | ALL | 07-30 09:09:11.251  4162  4220 I appium  : The following attributes will be included to the page source: [text, content-desc]
Thu Jul 30 09:09:12 UTC 2026 | ALL | 07-30 09:09:11.253  4162  4170 I tomator2.server: Method exceeds compiler instruction limit: 19264 in java_cup.runtime.Symbol org.eclipse.wst.xml.xpath2.processor.internal.CUP$XPathCup$actions.CUP$XPathCup$do_action(int, java_cup.runtime.lr_parser, java.util.Stack, int)
Thu Jul 30 09:09:12 UTC 2026 | ALL | 07-30 09:09:11.262  4162  4220 I appium  : Took 0ms to retrieve 0 matches for '//*[contains(@text, 'Sign Up') or contains(@content-desc, 'Sign Up')]' XPath2 query
Thu Jul 30 09:09:12 UTC 2026 | ALL | 07-30 09:09:11.263  4162  4220 I appium  : AppiumResponse: {"sessionId":"0ec58237-84ed-40bd-bf67-28bb2b70cae2","value":{"error":"no such element","message":"An element could not be located on the page using the given search parameters","stacktrace":"io.appium.uiautomator2.common.exceptions.ElementNotFoundException: An element could not be located on the page using the given search parameters\n\tat io.appium.uiautomator2.utils.ElementLocationHelpers.findElement(ElementLocationHelpers.java:156)\n\tat io.appium.uiautomator2.handler.FindElement.safeHandle(FindElement.java:60)\n\tat io.appium.uiautomator2.handler.request.SafeRequestHandler.handle(SafeRequestHandler.java:59)\n\tat io.appium.uiautomator2.server.AppiumServlet.handleRequest(AppiumServlet.java:259)\n\tat io.appium.uiautomator2.server.AppiumServlet.handleHttpRequest(AppiumServlet.java:253)\n\tat io.appium.uiautomator2.http.ServerHandler.channelRead(ServerHandler.java:77)\n\tat io.netty.channel.AbstractChannelHandlerContext.invokeChannelRead(AbstractChannelHandlerContext.java:374)\n\tat io.netty.channel.AbstractChannelHandlerContext.invokeChannelRead(AbstractChannelHandlerContext.java:360)\n\tat io.netty.channel.AbstractChannelHandlerContext.fireChannelRead(AbstractChannelHandlerContext.java:352)\n\tat io.netty.handler.codec.MessageToMessageDecoder.channelRead(MessageToMessageDecoder.java:102)\n\tat io.netty.channel.AbstractChannelHandlerContext.invokeChannelRead(AbstractChannelHandlerContext.java:374)\n\tat io.netty.channel.AbstractChannelHandlerContext.invokeChannelRead(AbstractChannelHandlerContext.java:360)\n\tat io.netty.channel.AbstractChannelHandlerContext.fireChannelRead(AbstractChannelHandlerContext.java:352)\n\tat io.netty.channel.CombinedChannelDuplexHandler$DelegatingChannelHandlerContext.fireChannelRead(CombinedChannelDuplexHandler.java:438)\n\tat io.netty.handler.codec.ByteToMessageDecoder.fireChannelRead(ByteToMessageDecoder.java:328)\n\tat io.netty.handler.codec.ByteToMessageDecoder.channelRead(ByteToMessageDecoder.java:302)\n\tat io.netty.channel.CombinedChannelDuplexHandler.channelRead(CombinedChannelDuplexHandler.java:253)\n\tat io.netty.channel.AbstractChannelHandlerContext.invokeChannelRead(AbstractChannelHandlerContext.java:374)\n\tat io.netty.channel.AbstractChannelHandlerContext.invokeChannelRead(AbstractChannelHandlerContext.java:360)\n\tat io.netty.channel.AbstractChannelHandlerContext.fireChannelRead(AbstractChannelHandlerContext.java:352)\n\tat io.netty.handler.timeout.IdleStateHandler.channelRead(IdleStateHandler.java:287)\n\tat io.netty.channel.AbstractChannelHandlerContext.invokeChannelRead(AbstractChannelHandlerContext.java:374)\n\tat io.netty.channel.AbstractChannelHandlerContext.invokeChannelRead(AbstractChannelHandlerContext.java:360)\n\tat io.netty.channel.AbstractChannelHandlerContext.fireChannelRead(AbstractChannelHandlerContext.java:352)\n\tat io.netty.channel.DefaultChannelPipeline$HeadContext.channelRead(DefaultChannelPipeline.java:1422)\n\tat io.netty.channel.AbstractChannelHandlerContext.invokeChannelRead(AbstractChannelHandlerContext.java:374)\n\tat io.netty.channel.AbstractChannelHandlerContext.invokeChannelRead(AbstractChannelHandlerContext.java:360)\n\tat io.netty.channel.DefaultChannelPipeline.fireChannelRead(DefaultChannelPipeline.java:931)\n\tat io.netty.channel.nio.AbstractNioByteChannel$NioByteUnsafe.read(AbstractNioByteChannel.java:163)\n\tat io.netty.channel.nio.NioEventLoop.processSelectedKey(NioEventLoop.java:700)\n\tat io.netty.channel.nio.NioEventLoop.processSelectedKeysOptimized(NioEventLoop.java:635)\n\tat io.netty.channel.nio.NioEventLoop.processSelectedKeys(NioEventLoop.java:552)\n\tat io.netty.channel.nio.NioEventLoop.run(NioEventLoop.java:514)\n\tat io.netty.util.concurrent.SingleThreadEventExecutor$6.run(SingleThreadEventExecutor.java:1044)\n\tat io.netty.util.internal.ThreadExecutorMap$2.run(ThreadExecutorMap.java:74)\n\tat io.netty.util.concurrent.FastThreadLocalRunnable.run(FastThreadLocalRunnable.java:30)\n\tat java.lang.Thread.run(Thread.java:1012)\n"}}
Thu Jul 30 09:09:12 UTC 2026 | ALL | 07-30 09:09:11.767  4162  4220 I appium  : channel read: POST /session/0ec58237-84ed-40bd-bf67-28bb2b70cae2/element
Thu Jul 30 09:09:12 UTC 2026 | ALL | 07-30 09:09:11.767  4162  4220 I appium  : FindElement command
Thu Jul 30 09:09:12 UTC 2026 | ALL | 07-30 09:09:11.767  4162  4220 I appium  : method: 'xpath', selector: '//*[contains(@text, 'Sign Up') or contains(@content-desc, 'Sign Up')]'
Thu Jul 30 09:09:12 UTC 2026 | ALL | 07-30 09:09:11.767  4162  4220 I appium  : Waiting up to 10000ms for the device to idle
Thu Jul 30 09:09:12 UTC 2026 | ALL | 07-30 09:09:11.769  4162  4220 I appium  : The following attributes will be included to the page source: [text, content-desc]
Thu Jul 30 09:09:12 UTC 2026 | ALL | 07-30 09:09:11.777  4162  4220 I appium  : Took 0ms to retrieve 0 matches for '//*[contains(@text, 'Sign Up') or contains(@content-desc, 'Sign Up')]' XPath2 query
Thu Jul 30 09:09:12 UTC 2026 | ALL | 07-30 09:09:11.778  4162  4220 I appium  : AppiumResponse: {"sessionId":"0ec58237-84ed-40bd-bf67-28bb2b70cae2","value":{"error":"no such element","message":"An element could not be located on the page using the given search parameters","stacktrace":"io.appium.uiautomator2.common.exceptions.ElementNotFoundException: An element could not be located on the page using the given search parameters\n\tat io.appium.uiautomator2.utils.ElementLocationHelpers.findElement(ElementLocationHelpers.java:156)\n\tat io.appium.uiautomator2.handler.FindElement.safeHandle(FindElement.java:60)\n\tat io.appium.uiautomator2.handler.request.SafeRequestHandler.handle(SafeRequestHandler.java:59)\n\tat io.appium.uiautomator2.server.AppiumServlet.handleRequest(AppiumServlet.java:259)\n\tat io.appium.uiautomator2.server.AppiumServlet.handleHttpRequest(AppiumServlet.java:253)\n\tat io.appium.uiautomator2.http.ServerHandler.channelRead(ServerHandler.java:77)\n\tat io.netty.channel.AbstractChannelHandlerContext.invokeChannelRead(AbstractChannelHandlerContext.java:374)\n\tat io.netty.channel.AbstractChannelHandlerContext.invokeChannelRead(AbstractChannelHandlerContext.java:360)\n\tat io.netty.channel.AbstractChannelHandlerContext.fireChannelRead(AbstractChannelHandlerContext.java:352)\n\tat io.netty.handler.codec.MessageToMessageDecoder.channelRead(MessageToMessageDecoder.java:102)\n\tat io.netty.channel.AbstractChannelHandlerContext.invokeChannelRead(AbstractChannelHandlerContext.java:374)\n\tat io.netty.channel.AbstractChannelHandlerContext.invokeChannelRead(AbstractChannelHandlerContext.java:360)\n\tat io.netty.channel.AbstractChannelHandlerContext.fireChannelRead(AbstractChannelHandlerContext.java:352)\n\tat io.netty.channel.CombinedChannelDuplexHandler$DelegatingChannelHandlerContext.fireChannelRead(CombinedChannelDuplexHandler.java:438)\n\tat io.netty.handler.codec.ByteToMessageDecoder.fireChannelRead(ByteToMessageDecoder.java:328)\n\tat io.netty.handler.codec.ByteToMessageDecoder.channelRead(ByteToMessageDecoder.java:302)\n\tat io.netty.channel.CombinedChannelDuplexHandler.channelRead(CombinedChannelDuplexHandler.java:253)\n\tat io.netty.channel.AbstractChannelHandlerContext.invokeChannelRead(AbstractChannelHandlerContext.java:374)\n\tat io.netty.channel.AbstractChannelHandlerContext.invokeChannelRead(AbstractChannelHandlerContext.java:360)\n\tat io.netty.channel.AbstractChannelHandlerContext.fireChannelRead(AbstractChannelHandlerContext.java:352)\n\tat io.netty.handler.timeout.IdleStateHandler.channelRead(IdleStateHandler.java:287)\n\tat io.netty.channel.AbstractChannelHandlerContext.invokeChannelRead(AbstractChannelHandlerContext.java:374)\n\tat io.netty.channel.AbstractChannelHandlerContext.invokeChannelRead(AbstractChannelHandlerContext.java:360)\n\tat io.netty.channel.AbstractChannelHandlerContext.fireChannelRead(AbstractChannelHandlerContext.java:352)\n\tat io.netty.channel.DefaultChannelPipeline$HeadContext.channelRead(DefaultChannelPipeline.java:1422)\n\tat io.netty.channel.AbstractChannelHandlerContext.invokeChannelRead(AbstractChannelHandlerContext.java:374)\n\tat io.netty.channel.AbstractChannelHandlerContext.invokeChannelRead(AbstractChannelHandlerContext.java:360)\n\tat io.netty.channel.DefaultChannelPipeline.fireChannelRead(DefaultChannelPipeline.java:931)\n\tat io.netty.channel.nio.AbstractNioByteChannel$NioByteUnsafe.read(AbstractNioByteChannel.java:163)\n\tat io.netty.channel.nio.NioEventLoop.processSelectedKey(NioEventLoop.java:700)\n\tat io.netty.channel.nio.NioEventLoop.processSelectedKeysOptimized(NioEventLoop.java:635)\n\tat io.netty.channel.nio.NioEventLoop.processSelectedKeys(NioEventLoop.java:552)\n\tat io.netty.channel.nio.NioEventLoop.run(NioEventLoop.java:514)\n\tat io.netty.util.concurrent.SingleThreadEventExecutor$6.run(SingleThreadEventExecutor.java:1044)\n\tat io.netty.util.internal.ThreadExecutorMap$2.run(ThreadExecutorMap.java:74)\n\tat io.netty.util.concurrent.FastThreadLocalRunnable.run(FastThreadLocalRunnable.java:30)\n\tat java.lang.Thread.run(Thread.java:1012)\n"}}
Thu Jul 30 09:09:13 UTC 2026 | ALL | 07-30 09:09:12.283  4162  4220 I appium  : channel read: POST /session/0ec58237-84ed-40bd-bf67-28bb2b70cae2/element
Thu Jul 30 09:09:13 UTC 2026 | ALL | 07-30 09:09:12.283  4162  4220 I appium  : FindElement command
Thu Jul 30 09:09:13 UTC 2026 | ALL | 07-30 09:09:12.283  4162  4220 I appium  : method: 'xpath', selector: '//*[contains(@text, 'Sign Up') or contains(@content-desc, 'Sign Up')]'
Thu Jul 30 09:09:13 UTC 2026 | ALL | 07-30 09:09:12.283  4162  4220 I appium  : Waiting up to 10000ms for the device to idle
Thu Jul 30 09:09:13 UTC 2026 | ALL | 07-30 09:09:12.285  4162  4220 I appium  : The following attributes will be included to the page source: [text, content-desc]
Thu Jul 30 09:09:13 UTC 2026 | ALL | 07-30 09:09:12.292  4162  4220 I appium  : Took 0ms to retrieve 0 matches for '//*[contains(@text, 'Sign Up') or contains(@content-desc, 'Sign Up')]' XPath2 query
Thu Jul 30 09:09:13 UTC 2026 | ALL | 07-30 09:09:12.293  4162  4220 I appium  : AppiumResponse: {"sessionId":"0ec58237-84ed-40bd-bf67-28bb2b70cae2","value":{"error":"no such element","message":"An element could not be located on the page using the given search parameters","stacktrace":"io.appium.uiautomator2.common.exceptions.ElementNotFoundException: An element could not be located on the page using the given search parameters\n\tat io.appium.uiautomator2.utils.ElementLocationHelpers.findElement(ElementLocationHelpers.java:156)\n\tat io.appium.uiautomator2.handler.FindElement.safeHandle(FindElement.java:60)\n\tat io.appium.uiautomator2.handler.request.SafeRequestHandler.handle(SafeRequestHandler.java:59)\n\tat io.appium.uiautomator2.server.AppiumServlet.handleRequest(AppiumServlet.java:259)\n\tat io.appium.uiautomator2.server.AppiumServlet.handleHttpRequest(AppiumServlet.java:253)\n\tat io.appium.uiautomator2.http.ServerHandler.channelRead(ServerHandler.java:77)\n\tat io.netty.channel.AbstractChannelHandlerContext.invokeChannelRead(AbstractChannelHandlerContext.java:374)\n\tat io.netty.channel.AbstractChannelHandlerContext.invokeChannelRead(AbstractChannelHandlerContext.java:360)\n\tat io.netty.channel.AbstractChannelHandlerContext.fireChannelRead(AbstractChannelHandlerContext.java:352)\n\tat io.netty.handler.codec.MessageToMessageDecoder.channelRead(MessageToMessageDecoder.java:102)\n\tat io.netty.channel.AbstractChannelHandlerContext.invokeChannelRead(AbstractChannelHandlerContext.java:374)\n\tat io.netty.channel.AbstractChannelHandlerContext.invokeChannelRead(AbstractChannelHandlerContext.java:360)\n\tat io.netty.channel.AbstractChannelHandlerContext.fireChannelRead(AbstractChannelHandlerContext.java:352)\n\tat io.netty.channel.CombinedChannelDuplexHandler$DelegatingChannelHandlerContext.fireChannelRead(CombinedChannelDuplexHandler.java:438)\n\tat io.netty.handler.codec.ByteToMessageDecoder.fireChannelRead(ByteToMessageDecoder.java:328)\n\tat io.netty.handler.codec.ByteToMessageDecoder.channelRead(ByteToMessageDecoder.java:302)\n\tat io.netty.channel.CombinedChannelDuplexHandler.channelRead(CombinedChannelDuplexHandler.java:253)\n\tat io.netty.channel.AbstractChannelHandlerContext.invokeChannelRead(AbstractChannelHandlerContext.java:374)\n\tat io.netty.channel.AbstractChannelHandlerContext.invokeChannelRead(AbstractChannelHandlerContext.java:360)\n\tat io.netty.channel.AbstractChannelHandlerContext.fireChannelRead(AbstractChannelHandlerContext.java:352)\n\tat io.netty.handler.timeout.IdleStateHandler.channelRead(IdleStateHandler.java:287)\n\tat io.netty.channel.AbstractChannelHandlerContext.invokeChannelRead(AbstractChannelHandlerContext.java:374)\n\tat io.netty.channel.AbstractChannelHandlerContext.invokeChannelRead(AbstractChannelHandlerContext.java:360)\n\tat io.netty.channel.AbstractChannelHandlerContext.fireChannelRead(AbstractChannelHandlerContext.java:352)\n\tat io.netty.channel.DefaultChannelPipeline$HeadContext.channelRead(DefaultChannelPipeline.java:1422)\n\tat io.netty.channel.AbstractChannelHandlerContext.invokeChannelRead(AbstractChannelHandlerContext.java:374)\n\tat io.netty.channel.AbstractChannelHandlerContext.invokeChannelRead(AbstractChannelHandlerContext.java:360)\n\tat io.netty.channel.DefaultChannelPipeline.fireChannelRead(DefaultChannelPipeline.java:931)\n\tat io.netty.channel.nio.AbstractNioByteChannel$NioByteUnsafe.read(AbstractNioByteChannel.java:163)\n\tat io.netty.channel.nio.NioEventLoop.processSelectedKey(NioEventLoop.java:700)\n\tat io.netty.channel.nio.NioEventLoop.processSelectedKeysOptimized(NioEventLoop.java:635)\n\tat io.netty.channel.nio.NioEventLoop.processSelectedKeys(NioEventLoop.java:552)\n\tat io.netty.channel.nio.NioEventLoop.run(NioEventLoop.java:514)\n\tat io.netty.util.concurrent.SingleThreadEventExecutor$6.run(SingleThreadEventExecutor.java:1044)\n\tat io.netty.util.internal.ThreadExecutorMap$2.run(ThreadExecutorMap.java:74)\n\tat io.netty.util.concurrent.FastThreadLocalRunnable.run(FastThreadLocalRunnable.java:30)\n\tat java.lang.Thread.run(Thread.java:1012)\n"}}
Thu Jul 30 09:09:13 UTC 2026 | ALL | 07-30 09:09:12.797  4162  4220 I appium  : channel read: POST /session/0ec58237-84ed-40bd-bf67-28bb2b70cae2/element
Thu Jul 30 09:09:13 UTC 2026 | ALL | 07-30 09:09:12.797  4162  4220 I appium  : FindElement command
Thu Jul 30 09:09:13 UTC 2026 | ALL | 07-30 09:09:12.798  4162  4220 I appium  : method: 'xpath', selector: '//*[contains(@text, 'Sign Up') or contains(@content-desc, 'Sign Up')]'
Thu Jul 30 09:09:13 UTC 2026 | ALL | 07-30 09:09:12.798  4162  4220 I appium  : Waiting up to 10000ms for the device to idle
Thu Jul 30 09:09:13 UTC 2026 | ALL | 07-30 09:09:12.799  4162  4220 I appium  : The following attributes will be included to the page source: [text, content-desc]
Thu Jul 30 09:09:13 UTC 2026 | ALL | 07-30 09:09:12.802  4162  4170 I tomator2.server: Method exceeds compiler instruction limit: 19264 in java_cup.runtime.Symbol org.eclipse.wst.xml.xpath2.processor.internal.CUP$XPathCup$actions.CUP$XPathCup$do_action(int, java_cup.runtime.lr_parser, java.util.Stack, int)
Thu Jul 30 09:09:13 UTC 2026 | ALL | 07-30 09:09:12.810  4162  4220 I appium  : Took 0ms to retrieve 0 matches for '//*[contains(@text, 'Sign Up') or contains(@content-desc, 'Sign Up')]' XPath2 query
Thu Jul 30 09:09:13 UTC 2026 | ALL | 07-30 09:09:12.811  4162  4220 I appium  : AppiumResponse: {"sessionId":"0ec58237-84ed-40bd-bf67-28bb2b70cae2","value":{"error":"no such element","message":"An element could not be located on the page using the given search parameters","stacktrace":"io.appium.uiautomator2.common.exceptions.ElementNotFoundException: An element could not be located on the page using the given search parameters\n\tat io.appium.uiautomator2.utils.ElementLocationHelpers.findElement(ElementLocationHelpers.java:156)\n\tat io.appium.uiautomator2.handler.FindElement.safeHandle(FindElement.java:60)\n\tat io.appium.uiautomator2.handler.request.SafeRequestHandler.handle(SafeRequestHandler.java:59)\n\tat io.appium.uiautomator2.server.AppiumServlet.handleRequest(AppiumServlet.java:259)\n\tat io.appium.uiautomator2.server.AppiumServlet.handleHttpRequest(AppiumServlet.java:253)\n\tat io.appium.uiautomator2.http.ServerHandler.channelRead(ServerHandler.java:77)\n\tat io.netty.channel.AbstractChannelHandlerContext.invokeChannelRead(AbstractChannelHandlerContext.java:374)\n\tat io.netty.channel.AbstractChannelHandlerContext.invokeChannelRead(AbstractChannelHandlerContext.java:360)\n\tat io.netty.channel.AbstractChannelHandlerContext.fireChannelRead(AbstractChannelHandlerContext.java:352)\n\tat io.netty.handler.codec.MessageToMessageDecoder.channelRead(MessageToMessageDecoder.java:102)\n\tat io.netty.channel.AbstractChannelHandlerContext.invokeChannelRead(AbstractChannelHandlerContext.java:374)\n\tat io.netty.channel.AbstractChannelHandlerContext.invokeChannelRead(AbstractChannelHandlerContext.java:360)\n\tat io.netty.channel.AbstractChannelHandlerContext.fireChannelRead(AbstractChannelHandlerContext.java:352)\n\tat io.netty.channel.CombinedChannelDuplexHandler$DelegatingChannelHandlerContext.fireChannelRead(CombinedChannelDuplexHandler.java:438)\n\tat io.netty.handler.codec.ByteToMessageDecoder.fireChannelRead(ByteToMessageDecoder.java:328)\n\tat io.netty.handler.codec.ByteToMessageDecoder.channelRead(ByteToMessageDecoder.java:302)\n\tat io.netty.channel.CombinedChannelDuplexHandler.channelRead(CombinedChannelDuplexHandler.java:253)\n\tat io.netty.channel.AbstractChannelHandlerContext.invokeChannelRead(AbstractChannelHandlerContext.java:374)\n\tat io.netty.channel.AbstractChannelHandlerContext.invokeChannelRead(AbstractChannelHandlerContext.java:360)\n\tat io.netty.channel.AbstractChannelHandlerContext.fireChannelRead(AbstractChannelHandlerContext.java:352)\n\tat io.netty.handler.timeout.IdleStateHandler.channelRead(IdleStateHandler.java:287)\n\tat io.netty.channel.AbstractChannelHandlerContext.invokeChannelRead(AbstractChannelHandlerContext.java:374)\n\tat io.netty.channel.AbstractChannelHandlerContext.invokeChannelRead(AbstractChannelHandlerContext.java:360)\n\tat io.netty.channel.AbstractChannelHandlerContext.fireChannelRead(AbstractChannelHandlerContext.java:352)\n\tat io.netty.channel.DefaultChannelPipeline$HeadContext.channelRead(DefaultChannelPipeline.java:1422)\n\tat io.netty.channel.AbstractChannelHandlerContext.invokeChannelRead(AbstractChannelHandlerContext.java:374)\n\tat io.netty.channel.AbstractChannelHandlerContext.invokeChannelRead(AbstractChannelHandlerContext.java:360)\n\tat io.netty.channel.DefaultChannelPipeline.fireChannelRead(DefaultChannelPipeline.java:931)\n\tat io.netty.channel.nio.AbstractNioByteChannel$NioByteUnsafe.read(AbstractNioByteChannel.java:163)\n\tat io.netty.channel.nio.NioEventLoop.processSelectedKey(NioEventLoop.java:700)\n\tat io.netty.channel.nio.NioEventLoop.processSelectedKeysOptimized(NioEventLoop.java:635)\n\tat io.netty.channel.nio.NioEventLoop.processSelectedKeys(NioEventLoop.java:552)\n\tat io.netty.channel.nio.NioEventLoop.run(NioEventLoop.java:514)\n\tat io.netty.util.concurrent.SingleThreadEventExecutor$6.run(SingleThreadEventExecutor.java:1044)\n\tat io.netty.util.internal.ThreadExecutorMap$2.run(ThreadExecutorMap.java:74)\n\tat io.netty.util.concurrent.FastThreadLocalRunnable.run(FastThreadLocalRunnable.java:30)\n\tat java.lang.Thread.run(Thread.java:1012)\n"}}
Thu Jul 30 09:09:13 UTC 2026 | ALL | 07-30 09:09:12.961  4162  4220 I appium  : channel read: POST /session/0ec58237-84ed-40bd-bf67-28bb2b70cae2/element
Thu Jul 30 09:09:13 UTC 2026 | ALL | 07-30 09:09:12.961  4162  4220 I appium  : FindElement command
Thu Jul 30 09:09:13 UTC 2026 | ALL | 07-30 09:09:12.961  4162  4220 I appium  : method: 'xpath', selector: '//*[contains(@text, 'Sign Up') or contains(@content-desc, 'Sign Up')]'
Thu Jul 30 09:09:13 UTC 2026 | ALL | 07-30 09:09:12.961  4162  4220 I appium  : Waiting up to 10000ms for the device to idle
Thu Jul 30 09:09:13 UTC 2026 | ALL | 07-30 09:09:12.962  4162  4220 I appium  : The following attributes will be included to the page source: [text, content-desc]
Thu Jul 30 09:09:13 UTC 2026 | ALL | 07-30 09:09:12.970  4162  4220 I appium  : Took 0ms to retrieve 0 matches for '//*[contains(@text, 'Sign Up') or contains(@content-desc, 'Sign Up')]' XPath2 query
Thu Jul 30 09:09:13 UTC 2026 | ALL | 07-30 09:09:12.971  4162  4220 I appium  : AppiumResponse: {"sessionId":"0ec58237-84ed-40bd-bf67-28bb2b70cae2","value":{"error":"no such element","message":"An element could not be located on the page using the given search parameters","stacktrace":"io.appium.uiautomator2.common.exceptions.ElementNotFoundException: An element could not be located on the page using the given search parameters\n\tat io.appium.uiautomator2.utils.ElementLocationHelpers.findElement(ElementLocationHelpers.java:156)\n\tat io.appium.uiautomator2.handler.FindElement.safeHandle(FindElement.java:60)\n\tat io.appium.uiautomator2.handler.request.SafeRequestHandler.handle(SafeRequestHandler.java:59)\n\tat io.appium.uiautomator2.server.AppiumServlet.handleRequest(AppiumServlet.java:259)\n\tat io.appium.uiautomator2.server.AppiumServlet.handleHttpRequest(AppiumServlet.java:253)\n\tat io.appium.uiautomator2.http.ServerHandler.channelRead(ServerHandler.java:77)\n\tat io.netty.channel.AbstractChannelHandlerContext.invokeChannelRead(AbstractChannelHandlerContext.java:374)\n\tat io.netty.channel.AbstractChannelHandlerContext.invokeChannelRead(AbstractChannelHandlerContext.java:360)\n\tat io.netty.channel.AbstractChannelHandlerContext.fireChannelRead(AbstractChannelHandlerContext.java:352)\n\tat io.netty.handler.codec.MessageToMessageDecoder.channelRead(MessageToMessageDecoder.java:102)\n\tat io.netty.channel.AbstractChannelHandlerContext.invokeChannelRead(AbstractChannelHandlerContext.java:374)\n\tat io.netty.channel.AbstractChannelHandlerContext.invokeChannelRead(AbstractChannelHandlerContext.java:360)\n\tat io.netty.channel.AbstractChannelHandlerContext.fireChannelRead(AbstractChannelHandlerContext.java:352)\n\tat io.netty.channel.CombinedChannelDuplexHandler$DelegatingChannelHandlerContext.fireChannelRead(CombinedChannelDuplexHandler.java:438)\n\tat io.netty.handler.codec.ByteToMessageDecoder.fireChannelRead(ByteToMessageDecoder.java:328)\n\tat io.netty.handler.codec.ByteToMessageDecoder.channelRead(ByteToMessageDecoder.java:302)\n\tat io.netty.channel.CombinedChannelDuplexHandler.channelRead(CombinedChannelDuplexHandler.java:253)\n\tat io.netty.channel.AbstractChannelHandlerContext.invokeChannelRead(AbstractChannelHandlerContext.java:374)\n\tat io.netty.channel.AbstractChannelHandlerContext.invokeChannelRead(AbstractChannelHandlerContext.java:360)\n\tat io.netty.channel.AbstractChannelHandlerContext.fireChannelRead(AbstractChannelHandlerContext.java:352)\n\tat io.netty.handler.timeout.IdleStateHandler.channelRead(IdleStateHandler.java:287)\n\tat io.netty.channel.AbstractChannelHandlerContext.invokeChannelRead(AbstractChannelHandlerContext.java:374)\n\tat io.netty.channel.AbstractChannelHandlerContext.invokeChannelRead(AbstractChannelHandlerContext.java:360)\n\tat io.netty.channel.AbstractChannelHandlerContext.fireChannelRead(AbstractChannelHandlerContext.java:352)\n\tat io.netty.channel.DefaultChannelPipeline$HeadContext.channelRead(DefaultChannelPipeline.java:1422)\n\tat io.netty.channel.AbstractChannelHandlerContext.invokeChannelRead(AbstractChannelHandlerContext.java:374)\n\tat io.netty.channel.AbstractChannelHandlerContext.invokeChannelRead(AbstractChannelHandlerContext.java:360)\n\tat io.netty.channel.DefaultChannelPipeline.fireChannelRead(DefaultChannelPipeline.java:931)\n\tat io.netty.channel.nio.AbstractNioByteChannel$NioByteUnsafe.read(AbstractNioByteChannel.java:163)\n\tat io.netty.channel.nio.NioEventLoop.processSelectedKey(NioEventLoop.java:700)\n\tat io.netty.channel.nio.NioEventLoop.processSelectedKeysOptimized(NioEventLoop.java:635)\n\tat io.netty.channel.nio.NioEventLoop.processSelectedKeys(NioEventLoop.java:552)\n\tat io.netty.channel.nio.NioEventLoop.run(NioEventLoop.java:514)\n\tat io.netty.util.concurrent.SingleThreadEventExecutor$6.run(SingleThreadEventExecutor.java:1044)\n\tat io.netty.util.internal.ThreadExecutorMap$2.run(ThreadExecutorMap.java:74)\n\tat io.netty.util.concurrent.FastThreadLocalRunnable.run(FastThreadLocalRunnable.java:30)\n\tat java.lang.Thread.run(Thread.java:1012)\n"}}
Thu Jul 30 09:09:14 UTC 2026 | ALL | 07-30 09:09:13.478  4162  4220 I appium  : channel read: POST /session/0ec58237-84ed-40bd-bf67-28bb2b70cae2/element
Thu Jul 30 09:09:14 UTC 2026 | ALL | 07-30 09:09:13.479  4162  4220 I appium  : FindElement command
Thu Jul 30 09:09:14 UTC 2026 | ALL | 07-30 09:09:13.479  4162  4220 I appium  : method: 'xpath', selector: '//*[contains(@text, 'Sign Up') or contains(@content-desc, 'Sign Up')]'
Thu Jul 30 09:09:14 UTC 2026 | ALL | 07-30 09:09:13.479  4162  4220 I appium  : Waiting up to 10000ms for the device to idle
Thu Jul 30 09:09:14 UTC 2026 | ALL | 07-30 09:09:13.480  4162  4220 I appium  : The following attributes will be included to the page source: [text, content-desc]
Thu Jul 30 09:09:14 UTC 2026 | ALL | 07-30 09:09:13.483  4162  4170 I tomator2.server: Method exceeds compiler instruction limit: 19264 in java_cup.runtime.Symbol org.eclipse.wst.xml.xpath2.processor.internal.CUP$XPathCup$actions.CUP$XPathCup$do_action(int, java_cup.runtime.lr_parser, java.util.Stack, int)
Thu Jul 30 09:09:14 UTC 2026 | ALL | 07-30 09:09:13.490  4162  4220 I appium  : Took 0ms to retrieve 0 matches for '//*[contains(@text, 'Sign Up') or contains(@content-desc, 'Sign Up')]' XPath2 query
Thu Jul 30 09:09:14 UTC 2026 | ALL | 07-30 09:09:13.491  4162  4220 I appium  : AppiumResponse: {"sessionId":"0ec58237-84ed-40bd-bf67-28bb2b70cae2","value":{"error":"no such element","message":"An element could not be located on the page using the given search parameters","stacktrace":"io.appium.uiautomator2.common.exceptions.ElementNotFoundException: An element could not be located on the page using the given search parameters\n\tat io.appium.uiautomator2.utils.ElementLocationHelpers.findElement(ElementLocationHelpers.java:156)\n\tat io.appium.uiautomator2.handler.FindElement.safeHandle(FindElement.java:60)\n\tat io.appium.uiautomator2.handler.request.SafeRequestHandler.handle(SafeRequestHandler.java:59)\n\tat io.appium.uiautomator2.server.AppiumServlet.handleRequest(AppiumServlet.java:259)\n\tat io.appium.uiautomator2.server.AppiumServlet.handleHttpRequest(AppiumServlet.java:253)\n\tat io.appium.uiautomator2.http.ServerHandler.channelRead(ServerHandler.java:77)\n\tat io.netty.channel.AbstractChannelHandlerContext.invokeChannelRead(AbstractChannelHandlerContext.java:374)\n\tat io.netty.channel.AbstractChannelHandlerContext.invokeChannelRead(AbstractChannelHandlerContext.java:360)\n\tat io.netty.channel.AbstractChannelHandlerContext.fireChannelRead(AbstractChannelHandlerContext.java:352)\n\tat io.netty.handler.codec.MessageToMessageDecoder.channelRead(MessageToMessageDecoder.java:102)\n\tat io.netty.channel.AbstractChannelHandlerContext.invokeChannelRead(AbstractChannelHandlerContext.java:374)\n\tat io.netty.channel.AbstractChannelHandlerContext.invokeChannelRead(AbstractChannelHandlerContext.java:360)\n\tat io.netty.channel.AbstractChannelHandlerContext.fireChannelRead(AbstractChannelHandlerContext.java:352)\n\tat io.netty.channel.CombinedChannelDuplexHandler$DelegatingChannelHandlerContext.fireChannelRead(CombinedChannelDuplexHandler.java:438)\n\tat io.netty.handler.codec.ByteToMessageDecoder.fireChannelRead(ByteToMessageDecoder.java:328)\n\tat io.netty.handler.codec.ByteToMessageDecoder.channelRead(ByteToMessageDecoder.java:302)\n\tat io.netty.channel.CombinedChannelDuplexHandler.channelRead(CombinedChannelDuplexHandler.java:253)\n\tat io.netty.channel.AbstractChannelHandlerContext.invokeChannelRead(AbstractChannelHandlerContext.java:374)\n\tat io.netty.channel.AbstractChannelHandlerContext.invokeChannelRead(AbstractChannelHandlerContext.java:360)\n\tat io.netty.channel.AbstractChannelHandlerContext.fireChannelRead(AbstractChannelHandlerContext.java:352)\n\tat io.netty.handler.timeout.IdleStateHandler.channelRead(IdleStateHandler.java:287)\n\tat io.netty.channel.AbstractChannelHandlerContext.invokeChannelRead(AbstractChannelHandlerContext.java:374)\n\tat io.netty.channel.AbstractChannelHandlerContext.invokeChannelRead(AbstractChannelHandlerContext.java:360)\n\tat io.netty.channel.AbstractChannelHandlerContext.fireChannelRead(AbstractChannelHandlerContext.java:352)\n\tat io.netty.channel.DefaultChannelPipeline$HeadContext.channelRead(DefaultChannelPipeline.java:1422)\n\tat io.netty.channel.AbstractChannelHandlerContext.invokeChannelRead(AbstractChannelHandlerContext.java:374)\n\tat io.netty.channel.AbstractChannelHandlerContext.invokeChannelRead(AbstractChannelHandlerContext.java:360)\n\tat io.netty.channel.DefaultChannelPipeline.fireChannelRead(DefaultChannelPipeline.java:931)\n\tat io.netty.channel.nio.AbstractNioByteChannel$NioByteUnsafe.read(AbstractNioByteChannel.java:163)\n\tat io.netty.channel.nio.NioEventLoop.processSelectedKey(NioEventLoop.java:700)\n\tat io.netty.channel.nio.NioEventLoop.processSelectedKeysOptimized(NioEventLoop.java:635)\n\tat io.netty.channel.nio.NioEventLoop.processSelectedKeys(NioEventLoop.java:552)\n\tat io.netty.channel.nio.NioEventLoop.run(NioEventLoop.java:514)\n\tat io.netty.util.concurrent.SingleThreadEventExecutor$6.run(SingleThreadEventExecutor.java:1044)\n\tat io.netty.util.internal.ThreadExecutorMap$2.run(ThreadExecutorMap.java:74)\n\tat io.netty.util.concurrent.FastThreadLocalRunnable.run(FastThreadLocalRunnable.java:30)\n\tat java.lang.Thread.run(Thread.java:1012)\n"}}
Thu Jul 30 09:09:14 UTC 2026 | ALL | 07-30 09:09:13.995  4162  4220 I appium  : channel read: POST /session/0ec58237-84ed-40bd-bf67-28bb2b70cae2/element
Thu Jul 30 09:09:14 UTC 2026 | ALL | 07-30 09:09:13.995  4162  4220 I appium  : FindElement command
Thu Jul 30 09:09:14 UTC 2026 | ALL | 07-30 09:09:13.995  4162  4220 I appium  : method: 'xpath', selector: '//*[contains(@text, 'Sign Up') or contains(@content-desc, 'Sign Up')]'
Thu Jul 30 09:09:14 UTC 2026 | ALL | 07-30 09:09:13.995  4162  4220 I appium  : Waiting up to 10000ms for the device to idle
Thu Jul 30 09:09:14 UTC 2026 | ALL | 07-30 09:09:13.997  4162  4220 I appium  : The following attributes will be included to the page source: [text, content-desc]
Thu Jul 30 09:09:14 UTC 2026 | ALL | 07-30 09:09:14.004  4162  4220 I appium  : Took 0ms to retrieve 0 matches for '//*[contains(@text, 'Sign Up') or contains(@content-desc, 'Sign Up')]' XPath2 query
Thu Jul 30 09:09:14 UTC 2026 | ALL | 07-30 09:09:14.005  4162  4220 I appium  : AppiumResponse: {"sessionId":"0ec58237-84ed-40bd-bf67-28bb2b70cae2","value":{"error":"no such element","message":"An element could not be located on the page using the given search parameters","stacktrace":"io.appium.uiautomator2.common.exceptions.ElementNotFoundException: An element could not be located on the page using the given search parameters\n\tat io.appium.uiautomator2.utils.ElementLocationHelpers.findElement(ElementLocationHelpers.java:156)\n\tat io.appium.uiautomator2.handler.FindElement.safeHandle(FindElement.java:60)\n\tat io.appium.uiautomator2.handler.request.SafeRequestHandler.handle(SafeRequestHandler.java:59)\n\tat io.appium.uiautomator2.server.AppiumServlet.handleRequest(AppiumServlet.java:259)\n\tat io.appium.uiautomator2.server.AppiumServlet.handleHttpRequest(AppiumServlet.java:253)\n\tat io.appium.uiautomator2.http.ServerHandler.channelRead(ServerHandler.java:77)\n\tat io.netty.channel.AbstractChannelHandlerContext.invokeChannelRead(AbstractChannelHandlerContext.java:374)\n\tat io.netty.channel.AbstractChannelHandlerContext.invokeChannelRead(AbstractChannelHandlerContext.java:360)\n\tat io.netty.channel.AbstractChannelHandlerContext.fireChannelRead(AbstractChannelHandlerContext.java:352)\n\tat io.netty.handler.codec.MessageToMessageDecoder.channelRead(MessageToMessageDecoder.java:102)\n\tat io.netty.channel.AbstractChannelHandlerContext.invokeChannelRead(AbstractChannelHandlerContext.java:374)\n\tat io.netty.channel.AbstractChannelHandlerContext.invokeChannelRead(AbstractChannelHandlerContext.java:360)\n\tat io.netty.channel.AbstractChannelHandlerContext.fireChannelRead(AbstractChannelHandlerContext.java:352)\n\tat io.netty.channel.CombinedChannelDuplexHandler$DelegatingChannelHandlerContext.fireChannelRead(CombinedChannelDuplexHandler.java:438)\n\tat io.netty.handler.codec.ByteToMessageDecoder.fireChannelRead(ByteToMessageDecoder.java:328)\n\tat io.netty.handler.codec.ByteToMessageDecoder.channelRead(ByteToMessageDecoder.java:302)\n\tat io.netty.channel.CombinedChannelDuplexHandler.channelRead(CombinedChannelDuplexHandler.java:253)\n\tat io.netty.channel.AbstractChannelHandlerContext.invokeChannelRead(AbstractChannelHandlerContext.java:374)\n\tat io.netty.channel.AbstractChannelHandlerContext.invokeChannelRead(AbstractChannelHandlerContext.java:360)\n\tat io.netty.channel.AbstractChannelHandlerContext.fireChannelRead(AbstractChannelHandlerContext.java:352)\n\tat io.netty.handler.timeout.IdleStateHandler.channelRead(IdleStateHandler.java:287)\n\tat io.netty.channel.AbstractChannelHandlerContext.invokeChannelRead(AbstractChannelHandlerContext.java:374)\n\tat io.netty.channel.AbstractChannelHandlerContext.invokeChannelRead(AbstractChannelHandlerContext.java:360)\n\tat io.netty.channel.AbstractChannelHandlerContext.fireChannelRead(AbstractChannelHandlerContext.java:352)\n\tat io.netty.channel.DefaultChannelPipeline$HeadContext.channelRead(DefaultChannelPipeline.java:1422)\n\tat io.netty.channel.AbstractChannelHandlerContext.invokeChannelRead(AbstractChannelHandlerContext.java:374)\n\tat io.netty.channel.AbstractChannelHandlerContext.invokeChannelRead(AbstractChannelHandlerContext.java:360)\n\tat io.netty.channel.DefaultChannelPipeline.fireChannelRead(DefaultChannelPipeline.java:931)\n\tat io.netty.channel.nio.AbstractNioByteChannel$NioByteUnsafe.read(AbstractNioByteChannel.java:163)\n\tat io.netty.channel.nio.NioEventLoop.processSelectedKey(NioEventLoop.java:700)\n\tat io.netty.channel.nio.NioEventLoop.processSelectedKeysOptimized(NioEventLoop.java:635)\n\tat io.netty.channel.nio.NioEventLoop.processSelectedKeys(NioEventLoop.java:552)\n\tat io.netty.channel.nio.NioEventLoop.run(NioEventLoop.java:514)\n\tat io.netty.util.concurrent.SingleThreadEventExecutor$6.run(SingleThreadEventExecutor.java:1044)\n\tat io.netty.util.internal.ThreadExecutorMap$2.run(ThreadExecutorMap.java:74)\n\tat io.netty.util.concurrent.FastThreadLocalRunnable.run(FastThreadLocalRunnable.java:30)\n\tat java.lang.Thread.run(Thread.java:1012)\n"}}
Thu Jul 30 09:09:15 UTC 2026 | ALL | 07-30 09:09:14.509  4162  4220 I appium  : channel read: POST /session/0ec58237-84ed-40bd-bf67-28bb2b70cae2/element
Thu Jul 30 09:09:15 UTC 2026 | ALL | 07-30 09:09:14.510  4162  4220 I appium  : FindElement command
Thu Jul 30 09:09:15 UTC 2026 | ALL | 07-30 09:09:14.510  4162  4220 I appium  : method: 'xpath', selector: '//*[contains(@text, 'Sign Up') or contains(@content-desc, 'Sign Up')]'
Thu Jul 30 09:09:15 UTC 2026 | ALL | 07-30 09:09:14.510  4162  4220 I appium  : Waiting up to 10000ms for the device to idle
Thu Jul 30 09:09:15 UTC 2026 | ALL | 07-30 09:09:14.511  4162  4220 I appium  : The following attributes will be included to the page source: [text, content-desc]
Thu Jul 30 09:09:15 UTC 2026 | ALL | 07-30 09:09:14.519  4162  4220 I appium  : Took 0ms to retrieve 0 matches for '//*[contains(@text, 'Sign Up') or contains(@content-desc, 'Sign Up')]' XPath2 query
Thu Jul 30 09:09:15 UTC 2026 | ALL | 07-30 09:09:14.520  4162  4220 I appium  : AppiumResponse: {"sessionId":"0ec58237-84ed-40bd-bf67-28bb2b70cae2","value":{"error":"no such element","message":"An element could not be located on the page using the given search parameters","stacktrace":"io.appium.uiautomator2.common.exceptions.ElementNotFoundException: An element could not be located on the page using the given search parameters\n\tat io.appium.uiautomator2.utils.ElementLocationHelpers.findElement(ElementLocationHelpers.java:156)\n\tat io.appium.uiautomator2.handler.FindElement.safeHandle(FindElement.java:60)\n\tat io.appium.uiautomator2.handler.request.SafeRequestHandler.handle(SafeRequestHandler.java:59)\n\tat io.appium.uiautomator2.server.AppiumServlet.handleRequest(AppiumServlet.java:259)\n\tat io.appium.uiautomator2.server.AppiumServlet.handleHttpRequest(AppiumServlet.java:253)\n\tat io.appium.uiautomator2.http.ServerHandler.channelRead(ServerHandler.java:77)\n\tat io.netty.channel.AbstractChannelHandlerContext.invokeChannelRead(AbstractChannelHandlerContext.java:374)\n\tat io.netty.channel.AbstractChannelHandlerContext.invokeChannelRead(AbstractChannelHandlerContext.java:360)\n\tat io.netty.channel.AbstractChannelHandlerContext.fireChannelRead(AbstractChannelHandlerContext.java:352)\n\tat io.netty.handler.codec.MessageToMessageDecoder.channelRead(MessageToMessageDecoder.java:102)\n\tat io.netty.channel.AbstractChannelHandlerContext.invokeChannelRead(AbstractChannelHandlerContext.java:374)\n\tat io.netty.channel.AbstractChannelHandlerContext.invokeChannelRead(AbstractChannelHandlerContext.java:360)\n\tat io.netty.channel.AbstractChannelHandlerContext.fireChannelRead(AbstractChannelHandlerContext.java:352)\n\tat io.netty.channel.CombinedChannelDuplexHandler$DelegatingChannelHandlerContext.fireChannelRead(CombinedChannelDuplexHandler.java:438)\n\tat io.netty.handler.codec.ByteToMessageDecoder.fireChannelRead(ByteToMessageDecoder.java:328)\n\tat io.netty.handler.codec.ByteToMessageDecoder.channelRead(ByteToMessageDecoder.java:302)\n\tat io.netty.channel.CombinedChannelDuplexHandler.channelRead(CombinedChannelDuplexHandler.java:253)\n\tat io.netty.channel.AbstractChannelHandlerContext.invokeChannelRead(AbstractChannelHandlerContext.java:374)\n\tat io.netty.channel.AbstractChannelHandlerContext.invokeChannelRead(AbstractChannelHandlerContext.java:360)\n\tat io.netty.channel.AbstractChannelHandlerContext.fireChannelRead(AbstractChannelHandlerContext.java:352)\n\tat io.netty.handler.timeout.IdleStateHandler.channelRead(IdleStateHandler.java:287)\n\tat io.netty.channel.AbstractChannelHandlerContext.invokeChannelRead(AbstractChannelHandlerContext.java:374)\n\tat io.netty.channel.AbstractChannelHandlerContext.invokeChannelRead(AbstractChannelHandlerContext.java:360)\n\tat io.netty.channel.AbstractChannelHandlerContext.fireChannelRead(AbstractChannelHandlerContext.java:352)\n\tat io.netty.channel.DefaultChannelPipeline$HeadContext.channelRead(DefaultChannelPipeline.java:1422)\n\tat io.netty.channel.AbstractChannelHandlerContext.invokeChannelRead(AbstractChannelHandlerContext.java:374)\n\tat io.netty.channel.AbstractChannelHandlerContext.invokeChannelRead(AbstractChannelHandlerContext.java:360)\n\tat io.netty.channel.DefaultChannelPipeline.fireChannelRead(DefaultChannelPipeline.java:931)\n\tat io.netty.channel.nio.AbstractNioByteChannel$NioByteUnsafe.read(AbstractNioByteChannel.java:163)\n\tat io.netty.channel.nio.NioEventLoop.processSelectedKey(NioEventLoop.java:700)\n\tat io.netty.channel.nio.NioEventLoop.processSelectedKeysOptimized(NioEventLoop.java:635)\n\tat io.netty.channel.nio.NioEventLoop.processSelectedKeys(NioEventLoop.java:552)\n\tat io.netty.channel.nio.NioEventLoop.run(NioEventLoop.java:514)\n\tat io.netty.util.concurrent.SingleThreadEventExecutor$6.run(SingleThreadEventExecutor.java:1044)\n\tat io.netty.util.internal.ThreadExecutorMap$2.run(ThreadExecutorMap.java:74)\n\tat io.netty.util.concurrent.FastThreadLocalRunnable.run(FastThreadLocalRunnable.java:30)\n\tat java.lang.Thread.run(Thread.java:1012)\n"}}
Thu Jul 30 09:09:15 UTC 2026 | ALL | 07-30 09:09:15.024  4162  4220 I appium  : channel read: POST /session/0ec58237-84ed-40bd-bf67-28bb2b70cae2/element
Thu Jul 30 09:09:15 UTC 2026 | ALL | 07-30 09:09:15.024  4162  4220 I appium  : FindElement command
Thu Jul 30 09:09:15 UTC 2026 | ALL | 07-30 09:09:15.025  4162  4220 I appium  : method: 'xpath', selector: '//*[contains(@text, 'Sign Up') or contains(@content-desc, 'Sign Up')]'
Thu Jul 30 09:09:15 UTC 2026 | ALL | 07-30 09:09:15.025  4162  4220 I appium  : Waiting up to 10000ms for the device to idle
Thu Jul 30 09:09:15 UTC 2026 | ALL | 07-30 09:09:15.026  4162  4220 I appium  : The following attributes will be included to the page source: [text, content-desc]
Thu Jul 30 09:09:16 UTC 2026 | ALL | 07-30 09:09:15.029  4162  4170 I tomator2.server: Method exceeds compiler instruction limit: 19264 in java_cup.runtime.Symbol org.eclipse.wst.xml.xpath2.processor.internal.CUP$XPathCup$actions.CUP$XPathCup$do_action(int, java_cup.runtime.lr_parser, java.util.Stack, int)
Thu Jul 30 09:09:16 UTC 2026 | ALL | 07-30 09:09:15.037  4162  4220 I appium  : Took 0ms to retrieve 0 matches for '//*[contains(@text, 'Sign Up') or contains(@content-desc, 'Sign Up')]' XPath2 query
Thu Jul 30 09:09:16 UTC 2026 | ALL | 07-30 09:09:15.038  4162  4220 I appium  : AppiumResponse: {"sessionId":"0ec58237-84ed-40bd-bf67-28bb2b70cae2","value":{"error":"no such element","message":"An element could not be located on the page using the given search parameters","stacktrace":"io.appium.uiautomator2.common.exceptions.ElementNotFoundException: An element could not be located on the page using the given search parameters\n\tat io.appium.uiautomator2.utils.ElementLocationHelpers.findElement(ElementLocationHelpers.java:156)\n\tat io.appium.uiautomator2.handler.FindElement.safeHandle(FindElement.java:60)\n\tat io.appium.uiautomator2.handler.request.SafeRequestHandler.handle(SafeRequestHandler.java:59)\n\tat io.appium.uiautomator2.server.AppiumServlet.handleRequest(AppiumServlet.java:259)\n\tat io.appium.uiautomator2.server.AppiumServlet.handleHttpRequest(AppiumServlet.java:253)\n\tat io.appium.uiautomator2.http.ServerHandler.channelRead(ServerHandler.java:77)\n\tat io.netty.channel.AbstractChannelHandlerContext.invokeChannelRead(AbstractChannelHandlerContext.java:374)\n\tat io.netty.channel.AbstractChannelHandlerContext.invokeChannelRead(AbstractChannelHandlerContext.java:360)\n\tat io.netty.channel.AbstractChannelHandlerContext.fireChannelRead(AbstractChannelHandlerContext.java:352)\n\tat io.netty.handler.codec.MessageToMessageDecoder.channelRead(MessageToMessageDecoder.java:102)\n\tat io.netty.channel.AbstractChannelHandlerContext.invokeChannelRead(AbstractChannelHandlerContext.java:374)\n\tat io.netty.channel.AbstractChannelHandlerContext.invokeChannelRead(AbstractChannelHandlerContext.java:360)\n\tat io.netty.channel.AbstractChannelHandlerContext.fireChannelRead(AbstractChannelHandlerContext.java:352)\n\tat io.netty.channel.CombinedChannelDuplexHandler$DelegatingChannelHandlerContext.fireChannelRead(CombinedChannelDuplexHandler.java:438)\n\tat io.netty.handler.codec.ByteToMessageDecoder.fireChannelRead(ByteToMessageDecoder.java:328)\n\tat io.netty.handler.codec.ByteToMessageDecoder.channelRead(ByteToMessageDecoder.java:302)\n\tat io.netty.channel.CombinedChannelDuplexHandler.channelRead(CombinedChannelDuplexHandler.java:253)\n\tat io.netty.channel.AbstractChannelHandlerContext.invokeChannelRead(AbstractChannelHandlerContext.java:374)\n\tat io.netty.channel.AbstractChannelHandlerContext.invokeChannelRead(AbstractChannelHandlerContext.java:360)\n\tat io.netty.channel.AbstractChannelHandlerContext.fireChannelRead(AbstractChannelHandlerContext.java:352)\n\tat io.netty.handler.timeout.IdleStateHandler.channelRead(IdleStateHandler.java:287)\n\tat io.netty.channel.AbstractChannelHandlerContext.invokeChannelRead(AbstractChannelHandlerContext.java:374)\n\tat io.netty.channel.AbstractChannelHandlerContext.invokeChannelRead(AbstractChannelHandlerContext.java:360)\n\tat io.netty.channel.AbstractChannelHandlerContext.fireChannelRead(AbstractChannelHandlerContext.java:352)\n\tat io.netty.channel.DefaultChannelPipeline$HeadContext.channelRead(DefaultChannelPipeline.java:1422)\n\tat io.netty.channel.AbstractChannelHandlerContext.invokeChannelRead(AbstractChannelHandlerContext.java:374)\n\tat io.netty.channel.AbstractChannelHandlerContext.invokeChannelRead(AbstractChannelHandlerContext.java:360)\n\tat io.netty.channel.DefaultChannelPipeline.fireChannelRead(DefaultChannelPipeline.java:931)\n\tat io.netty.channel.nio.AbstractNioByteChannel$NioByteUnsafe.read(AbstractNioByteChannel.java:163)\n\tat io.netty.channel.nio.NioEventLoop.processSelectedKey(NioEventLoop.java:700)\n\tat io.netty.channel.nio.NioEventLoop.processSelectedKeysOptimized(NioEventLoop.java:635)\n\tat io.netty.channel.nio.NioEventLoop.processSelectedKeys(NioEventLoop.java:552)\n\tat io.netty.channel.nio.NioEventLoop.run(NioEventLoop.java:514)\n\tat io.netty.util.concurrent.SingleThreadEventExecutor$6.run(SingleThreadEventExecutor.java:1044)\n\tat io.netty.util.internal.ThreadExecutorMap$2.run(ThreadExecutorMap.java:74)\n\tat io.netty.util.concurrent.FastThreadLocalRunnable.run(FastThreadLocalRunnable.java:30)\n\tat java.lang.Thread.run(Thread.java:1012)\n"}}
Thu Jul 30 09:09:16 UTC 2026 | ALL | 07-30 09:09:15.120  1817  1817 I wpa_supplicant: wlan0: CTRL-EVENT-BEACON-LOSS 
Thu Jul 30 09:09:16 UTC 2026 | ALL | 07-30 09:09:15.544  4162  4220 I appium  : channel read: POST /session/0ec58237-84ed-40bd-bf67-28bb2b70cae2/element
Thu Jul 30 09:09:16 UTC 2026 | ALL | 07-30 09:09:15.544  4162  4220 I appium  : FindElement command
Thu Jul 30 09:09:16 UTC 2026 | ALL | 07-30 09:09:15.544  4162  4220 I appium  : method: 'xpath', selector: '//*[contains(@text, 'Sign Up') or contains(@content-desc, 'Sign Up')]'
Thu Jul 30 09:09:16 UTC 2026 | ALL | 07-30 09:09:15.544  4162  4220 I appium  : Waiting up to 10000ms for the device to idle
Thu Jul 30 09:09:16 UTC 2026 | ALL | 07-30 09:09:15.545  4162  4220 I appium  : The following attributes will be included to the page source: [text, content-desc]
Thu Jul 30 09:09:16 UTC 2026 | ALL | 07-30 09:09:15.557  4162  4220 I appium  : Took 0ms to retrieve 0 matches for '//*[contains(@text, 'Sign Up') or contains(@content-desc, 'Sign Up')]' XPath2 query
Thu Jul 30 09:09:16 UTC 2026 | ALL | 07-30 09:09:15.558  4162  4220 I appium  : AppiumResponse: {"sessionId":"0ec58237-84ed-40bd-bf67-28bb2b70cae2","value":{"error":"no such element","message":"An element could not be located on the page using the given search parameters","stacktrace":"io.appium.uiautomator2.common.exceptions.ElementNotFoundException: An element could not be located on the page using the given search parameters\n\tat io.appium.uiautomator2.utils.ElementLocationHelpers.findElement(ElementLocationHelpers.java:156)\n\tat io.appium.uiautomator2.handler.FindElement.safeHandle(FindElement.java:60)\n\tat io.appium.uiautomator2.handler.request.SafeRequestHandler.handle(SafeRequestHandler.java:59)\n\tat io.appium.uiautomator2.server.AppiumServlet.handleRequest(AppiumServlet.java:259)\n\tat io.appium.uiautomator2.server.AppiumServlet.handleHttpRequest(AppiumServlet.java:253)\n\tat io.appium.uiautomator2.http.ServerHandler.channelRead(ServerHandler.java:77)\n\tat io.netty.channel.AbstractChannelHandlerContext.invokeChannelRead(AbstractChannelHandlerContext.java:374)\n\tat io.netty.channel.AbstractChannelHandlerContext.invokeChannelRead(AbstractChannelHandlerContext.java:360)\n\tat io.netty.channel.AbstractChannelHandlerContext.fireChannelRead(AbstractChannelHandlerContext.java:352)\n\tat io.netty.handler.codec.MessageToMessageDecoder.channelRead(MessageToMessageDecoder.java:102)\n\tat io.netty.channel.AbstractChannelHandlerContext.invokeChannelRead(AbstractChannelHandlerContext.java:374)\n\tat io.netty.channel.AbstractChannelHandlerContext.invokeChannelRead(AbstractChannelHandlerContext.java:360)\n\tat io.netty.channel.AbstractChannelHandlerContext.fireChannelRead(AbstractChannelHandlerContext.java:352)\n\tat io.netty.channel.CombinedChannelDuplexHandler$DelegatingChannelHandlerContext.fireChannelRead(CombinedChannelDuplexHandler.java:438)\n\tat io.netty.handler.codec.ByteToMessageDecoder.fireChannelRead(ByteToMessageDecoder.java:328)\n\tat io.netty.handler.codec.ByteToMessageDecoder.channelRead(ByteToMessageDecoder.java:302)\n\tat io.netty.channel.CombinedChannelDuplexHandler.channelRead(CombinedChannelDuplexHandler.java:253)\n\tat io.netty.channel.AbstractChannelHandlerContext.invokeChannelRead(AbstractChannelHandlerContext.java:374)\n\tat io.netty.channel.AbstractChannelHandlerContext.invokeChannelRead(AbstractChannelHandlerContext.java:360)\n\tat io.netty.channel.AbstractChannelHandlerContext.fireChannelRead(AbstractChannelHandlerContext.java:352)\n\tat io.netty.handler.timeout.IdleStateHandler.channelRead(IdleStateHandler.java:287)\n\tat io.netty.channel.AbstractChannelHandlerContext.invokeChannelRead(AbstractChannelHandlerContext.java:374)\n\tat io.netty.channel.AbstractChannelHandlerContext.invokeChannelRead(AbstractChannelHandlerContext.java:360)\n\tat io.netty.channel.AbstractChannelHandlerContext.fireChannelRead(AbstractChannelHandlerContext.java:352)\n\tat io.netty.channel.DefaultChannelPipeline$HeadContext.channelRead(DefaultChannelPipeline.java:1422)\n\tat io.netty.channel.AbstractChannelHandlerContext.invokeChannelRead(AbstractChannelHandlerContext.java:374)\n\tat io.netty.channel.AbstractChannelHandlerContext.invokeChannelRead(AbstractChannelHandlerContext.java:360)\n\tat io.netty.channel.DefaultChannelPipeline.fireChannelRead(DefaultChannelPipeline.java:931)\n\tat io.netty.channel.nio.AbstractNioByteChannel$NioByteUnsafe.read(AbstractNioByteChannel.java:163)\n\tat io.netty.channel.nio.NioEventLoop.processSelectedKey(NioEventLoop.java:700)\n\tat io.netty.channel.nio.NioEventLoop.processSelectedKeysOptimized(NioEventLoop.java:635)\n\tat io.netty.channel.nio.NioEventLoop.processSelectedKeys(NioEventLoop.java:552)\n\tat io.netty.channel.nio.NioEventLoop.run(NioEventLoop.java:514)\n\tat io.netty.util.concurrent.SingleThreadEventExecutor$6.run(SingleThreadEventExecutor.java:1044)\n\tat io.netty.util.internal.ThreadExecutorMap$2.run(ThreadExecutorMap.java:74)\n\tat io.netty.util.concurrent.FastThreadLocalRunnable.run(FastThreadLocalRunnable.java:30)\n\tat java.lang.Thread.run(Thread.java:1012)\n"}}
Thu Jul 30 09:09:17 UTC 2026 | ALL | 07-30 09:09:16.061  4162  4220 I appium  : channel read: POST /session/0ec58237-84ed-40bd-bf67-28bb2b70cae2/element
Thu Jul 30 09:09:17 UTC 2026 | ALL | 07-30 09:09:16.062  4162  4220 I appium  : FindElement command
Thu Jul 30 09:09:17 UTC 2026 | ALL | 07-30 09:09:16.062  4162  4220 I appium  : method: 'xpath', selector: '//*[contains(@text, 'Sign Up') or contains(@content-desc, 'Sign Up')]'
Thu Jul 30 09:09:17 UTC 2026 | ALL | 07-30 09:09:16.062  4162  4220 I appium  : Waiting up to 10000ms for the device to idle
Thu Jul 30 09:09:17 UTC 2026 | ALL | 07-30 09:09:16.063  4162  4220 I appium  : The following attributes will be included to the page source: [text, content-desc]
Thu Jul 30 09:09:17 UTC 2026 | ALL | 07-30 09:09:16.075  4162  4220 I appium  : Took 0ms to retrieve 0 matches for '//*[contains(@text, 'Sign Up') or contains(@content-desc, 'Sign Up')]' XPath2 query
Thu Jul 30 09:09:17 UTC 2026 | ALL | 07-30 09:09:16.075  4162  4220 I appium  : AppiumResponse: {"sessionId":"0ec58237-84ed-40bd-bf67-28bb2b70cae2","value":{"error":"no such element","message":"An element could not be located on the page using the given search parameters","stacktrace":"io.appium.uiautomator2.common.exceptions.ElementNotFoundException: An element could not be located on the page using the given search parameters\n\tat io.appium.uiautomator2.utils.ElementLocationHelpers.findElement(ElementLocationHelpers.java:156)\n\tat io.appium.uiautomator2.handler.FindElement.safeHandle(FindElement.java:60)\n\tat io.appium.uiautomator2.handler.request.SafeRequestHandler.handle(SafeRequestHandler.java:59)\n\tat io.appium.uiautomator2.server.AppiumServlet.handleRequest(AppiumServlet.java:259)\n\tat io.appium.uiautomator2.server.AppiumServlet.handleHttpRequest(AppiumServlet.java:253)\n\tat io.appium.uiautomator2.http.ServerHandler.channelRead(ServerHandler.java:77)\n\tat io.netty.channel.AbstractChannelHandlerContext.invokeChannelRead(AbstractChannelHandlerContext.java:374)\n\tat io.netty.channel.AbstractChannelHandlerContext.invokeChannelRead(AbstractChannelHandlerContext.java:360)\n\tat io.netty.channel.AbstractChannelHandlerContext.fireChannelRead(AbstractChannelHandlerContext.java:352)\n\tat io.netty.handler.codec.MessageToMessageDecoder.channelRead(MessageToMessageDecoder.java:102)\n\tat io.netty.channel.AbstractChannelHandlerContext.invokeChannelRead(AbstractChannelHandlerContext.java:374)\n\tat io.netty.channel.AbstractChannelHandlerContext.invokeChannelRead(AbstractChannelHandlerContext.java:360)\n\tat io.netty.channel.AbstractChannelHandlerContext.fireChannelRead(AbstractChannelHandlerContext.java:352)\n\tat io.netty.channel.CombinedChannelDuplexHandler$DelegatingChannelHandlerContext.fireChannelRead(CombinedChannelDuplexHandler.java:438)\n\tat io.netty.handler.codec.ByteToMessageDecoder.fireChannelRead(ByteToMessageDecoder.java:328)\n\tat io.netty.handler.codec.ByteToMessageDecoder.channelRead(ByteToMessageDecoder.java:302)\n\tat io.netty.channel.CombinedChannelDuplexHandler.channelRead(CombinedChannelDuplexHandler.java:253)\n\tat io.netty.channel.AbstractChannelHandlerContext.invokeChannelRead(AbstractChannelHandlerContext.java:374)\n\tat io.netty.channel.AbstractChannelHandlerContext.invokeChannelRead(AbstractChannelHandlerContext.java:360)\n\tat io.netty.channel.AbstractChannelHandlerContext.fireChannelRead(AbstractChannelHandlerContext.java:352)\n\tat io.netty.handler.timeout.IdleStateHandler.channelRead(IdleStateHandler.java:287)\n\tat io.netty.channel.AbstractChannelHandlerContext.invokeChannelRead(AbstractChannelHandlerContext.java:374)\n\tat io.netty.channel.AbstractChannelHandlerContext.invokeChannelRead(AbstractChannelHandlerContext.java:360)\n\tat io.netty.channel.AbstractChannelHandlerContext.fireChannelRead(AbstractChannelHandlerContext.java:352)\n\tat io.netty.channel.DefaultChannelPipeline$HeadContext.channelRead(DefaultChannelPipeline.java:1422)\n\tat io.netty.channel.AbstractChannelHandlerContext.invokeChannelRead(AbstractChannelHandlerContext.java:374)\n\tat io.netty.channel.AbstractChannelHandlerContext.invokeChannelRead(AbstractChannelHandlerContext.java:360)\n\tat io.netty.channel.DefaultChannelPipeline.fireChannelRead(DefaultChannelPipeline.java:931)\n\tat io.netty.channel.nio.AbstractNioByteChannel$NioByteUnsafe.read(AbstractNioByteChannel.java:163)\n\tat io.netty.channel.nio.NioEventLoop.processSelectedKey(NioEventLoop.java:700)\n\tat io.netty.channel.nio.NioEventLoop.processSelectedKeysOptimized(NioEventLoop.java:635)\n\tat io.netty.channel.nio.NioEventLoop.processSelectedKeys(NioEventLoop.java:552)\n\tat io.netty.channel.nio.NioEventLoop.run(NioEventLoop.java:514)\n\tat io.netty.util.concurrent.SingleThreadEventExecutor$6.run(SingleThreadEventExecutor.java:1044)\n\tat io.netty.util.internal.ThreadExecutorMap$2.run(ThreadExecutorMap.java:74)\n\tat io.netty.util.concurrent.FastThreadLocalRunnable.run(FastThreadLocalRunnable.java:30)\n\tat java.lang.Thread.run(Thread.java:1012)\n"}}
Thu Jul 30 09:09:17 UTC 2026 | ALL | 07-30 09:09:16.581  4162  4220 I appium  : channel read: POST /session/0ec58237-84ed-40bd-bf67-28bb2b70cae2/element
Thu Jul 30 09:09:17 UTC 2026 | ALL | 07-30 09:09:16.581  4162  4220 I appium  : FindElement command
Thu Jul 30 09:09:17 UTC 2026 | ALL | 07-30 09:09:16.581  4162  4220 I appium  : method: 'xpath', selector: '//*[contains(@text, 'Sign Up') or contains(@content-desc, 'Sign Up')]'
Thu Jul 30 09:09:17 UTC 2026 | ALL | 07-30 09:09:16.581  4162  4220 I appium  : Waiting up to 10000ms for the device to idle
Thu Jul 30 09:09:17 UTC 2026 | ALL | 07-30 09:09:16.582  4162  4220 I appium  : The following attributes will be included to the page source: [text, content-desc]
Thu Jul 30 09:09:17 UTC 2026 | ALL | 07-30 09:09:16.585  4162  4170 I tomator2.server: Method exceeds compiler instruction limit: 19264 in java_cup.runtime.Symbol org.eclipse.wst.xml.xpath2.processor.internal.CUP$XPathCup$actions.CUP$XPathCup$do_action(int, java_cup.runtime.lr_parser, java.util.Stack, int)
Thu Jul 30 09:09:17 UTC 2026 | ALL | 07-30 09:09:16.590  4162  4220 I appium  : Took 0ms to retrieve 0 matches for '//*[contains(@text, 'Sign Up') or contains(@content-desc, 'Sign Up')]' XPath2 query
Thu Jul 30 09:09:17 UTC 2026 | ALL | 07-30 09:09:16.591  4162  4220 I appium  : AppiumResponse: {"sessionId":"0ec58237-84ed-40bd-bf67-28bb2b70cae2","value":{"error":"no such element","message":"An element could not be located on the page using the given search parameters","stacktrace":"io.appium.uiautomator2.common.exceptions.ElementNotFoundException: An element could not be located on the page using the given search parameters\n\tat io.appium.uiautomator2.utils.ElementLocationHelpers.findElement(ElementLocationHelpers.java:156)\n\tat io.appium.uiautomator2.handler.FindElement.safeHandle(FindElement.java:60)\n\tat io.appium.uiautomator2.handler.request.SafeRequestHandler.handle(SafeRequestHandler.java:59)\n\tat io.appium.uiautomator2.server.AppiumServlet.handleRequest(AppiumServlet.java:259)\n\tat io.appium.uiautomator2.server.AppiumServlet.handleHttpRequest(AppiumServlet.java:253)\n\tat io.appium.uiautomator2.http.ServerHandler.channelRead(ServerHandler.java:77)\n\tat io.netty.channel.AbstractChannelHandlerContext.invokeChannelRead(AbstractChannelHandlerContext.java:374)\n\tat io.netty.channel.AbstractChannelHandlerContext.invokeChannelRead(AbstractChannelHandlerContext.java:360)\n\tat io.netty.channel.AbstractChannelHandlerContext.fireChannelRead(AbstractChannelHandlerContext.java:352)\n\tat io.netty.handler.codec.MessageToMessageDecoder.channelRead(MessageToMessageDecoder.java:102)\n\tat io.netty.channel.AbstractChannelHandlerContext.invokeChannelRead(AbstractChannelHandlerContext.java:374)\n\tat io.netty.channel.AbstractChannelHandlerContext.invokeChannelRead(AbstractChannelHandlerContext.java:360)\n\tat io.netty.channel.AbstractChannelHandlerContext.fireChannelRead(AbstractChannelHandlerContext.java:352)\n\tat io.netty.channel.CombinedChannelDuplexHandler$DelegatingChannelHandlerContext.fireChannelRead(CombinedChannelDuplexHandler.java:438)\n\tat io.netty.handler.codec.ByteToMessageDecoder.fireChannelRead(ByteToMessageDecoder.java:328)\n\tat io.netty.handler.codec.ByteToMessageDecoder.channelRead(ByteToMessageDecoder.java:302)\n\tat io.netty.channel.CombinedChannelDuplexHandler.channelRead(CombinedChannelDuplexHandler.java:253)\n\tat io.netty.channel.AbstractChannelHandlerContext.invokeChannelRead(AbstractChannelHandlerContext.java:374)\n\tat io.netty.channel.AbstractChannelHandlerContext.invokeChannelRead(AbstractChannelHandlerContext.java:360)\n\tat io.netty.channel.AbstractChannelHandlerContext.fireChannelRead(AbstractChannelHandlerContext.java:352)\n\tat io.netty.handler.timeout.IdleStateHandler.channelRead(IdleStateHandler.java:287)\n\tat io.netty.channel.AbstractChannelHandlerContext.invokeChannelRead(AbstractChannelHandlerContext.java:374)\n\tat io.netty.channel.AbstractChannelHandlerContext.invokeChannelRead(AbstractChannelHandlerContext.java:360)\n\tat io.netty.channel.AbstractChannelHandlerContext.fireChannelRead(AbstractChannelHandlerContext.java:352)\n\tat io.netty.channel.DefaultChannelPipeline$HeadContext.channelRead(DefaultChannelPipeline.java:1422)\n\tat io.netty.channel.AbstractChannelHandlerContext.invokeChannelRead(AbstractChannelHandlerContext.java:374)\n\tat io.netty.channel.AbstractChannelHandlerContext.invokeChannelRead(AbstractChannelHandlerContext.java:360)\n\tat io.netty.channel.DefaultChannelPipeline.fireChannelRead(DefaultChannelPipeline.java:931)\n\tat io.netty.channel.nio.AbstractNioByteChannel$NioByteUnsafe.read(AbstractNioByteChannel.java:163)\n\tat io.netty.channel.nio.NioEventLoop.processSelectedKey(NioEventLoop.java:700)\n\tat io.netty.channel.nio.NioEventLoop.processSelectedKeysOptimized(NioEventLoop.java:635)\n\tat io.netty.channel.nio.NioEventLoop.processSelectedKeys(NioEventLoop.java:552)\n\tat io.netty.channel.nio.NioEventLoop.run(NioEventLoop.java:514)\n\tat io.netty.util.concurrent.SingleThreadEventExecutor$6.run(SingleThreadEventExecutor.java:1044)\n\tat io.netty.util.internal.ThreadExecutorMap$2.run(ThreadExecutorMap.java:74)\n\tat io.netty.util.concurrent.FastThreadLocalRunnable.run(FastThreadLocalRunnable.java:30)\n\tat java.lang.Thread.run(Thread.java:1012)\n"}}
Thu Jul 30 09:09:18 UTC 2026 | ALL | 07-30 09:09:17.095  4162  4220 I appium  : channel read: POST /session/0ec58237-84ed-40bd-bf67-28bb2b70cae2/element
Thu Jul 30 09:09:18 UTC 2026 | ALL | 07-30 09:09:17.095  4162  4220 I appium  : FindElement command
Thu Jul 30 09:09:18 UTC 2026 | ALL | 07-30 09:09:17.096  4162  4220 I appium  : method: 'xpath', selector: '//*[contains(@text, 'Sign Up') or contains(@content-desc, 'Sign Up')]'
Thu Jul 30 09:09:18 UTC 2026 | ALL | 07-30 09:09:17.096  4162  4220 I appium  : Waiting up to 10000ms for the device to idle
Thu Jul 30 09:09:18 UTC 2026 | ALL | 07-30 09:09:17.097  4162  4220 I appium  : The following attributes will be included to the page source: [text, content-desc]
Thu Jul 30 09:09:18 UTC 2026 | ALL | 07-30 09:09:17.104  4162  4220 I appium  : Took 0ms to retrieve 0 matches for '//*[contains(@text, 'Sign Up') or contains(@content-desc, 'Sign Up')]' XPath2 query
Thu Jul 30 09:09:18 UTC 2026 | ALL | 07-30 09:09:17.105  4162  4220 I appium  : AppiumResponse: {"sessionId":"0ec58237-84ed-40bd-bf67-28bb2b70cae2","value":{"error":"no such element","message":"An element could not be located on the page using the given search parameters","stacktrace":"io.appium.uiautomator2.common.exceptions.ElementNotFoundException: An element could not be located on the page using the given search parameters\n\tat io.appium.uiautomator2.utils.ElementLocationHelpers.findElement(ElementLocationHelpers.java:156)\n\tat io.appium.uiautomator2.handler.FindElement.safeHandle(FindElement.java:60)\n\tat io.appium.uiautomator2.handler.request.SafeRequestHandler.handle(SafeRequestHandler.java:59)\n\tat io.appium.uiautomator2.server.AppiumServlet.handleRequest(AppiumServlet.java:259)\n\tat io.appium.uiautomator2.server.AppiumServlet.handleHttpRequest(AppiumServlet.java:253)\n\tat io.appium.uiautomator2.http.ServerHandler.channelRead(ServerHandler.java:77)\n\tat io.netty.channel.AbstractChannelHandlerContext.invokeChannelRead(AbstractChannelHandlerContext.java:374)\n\tat io.netty.channel.AbstractChannelHandlerContext.invokeChannelRead(AbstractChannelHandlerContext.java:360)\n\tat io.netty.channel.AbstractChannelHandlerContext.fireChannelRead(AbstractChannelHandlerContext.java:352)\n\tat io.netty.handler.codec.MessageToMessageDecoder.channelRead(MessageToMessageDecoder.java:102)\n\tat io.netty.channel.AbstractChannelHandlerContext.invokeChannelRead(AbstractChannelHandlerContext.java:374)\n\tat io.netty.channel.AbstractChannelHandlerContext.invokeChannelRead(AbstractChannelHandlerContext.java:360)\n\tat io.netty.channel.AbstractChannelHandlerContext.fireChannelRead(AbstractChannelHandlerContext.java:352)\n\tat io.netty.channel.CombinedChannelDuplexHandler$DelegatingChannelHandlerContext.fireChannelRead(CombinedChannelDuplexHandler.java:438)\n\tat io.netty.handler.codec.ByteToMessageDecoder.fireChannelRead(ByteToMessageDecoder.java:328)\n\tat io.netty.handler.codec.ByteToMessageDecoder.channelRead(ByteToMessageDecoder.java:302)\n\tat io.netty.channel.CombinedChannelDuplexHandler.channelRead(CombinedChannelDuplexHandler.java:253)\n\tat io.netty.channel.AbstractChannelHandlerContext.invokeChannelRead(AbstractChannelHandlerContext.java:374)\n\tat io.netty.channel.AbstractChannelHandlerContext.invokeChannelRead(AbstractChannelHandlerContext.java:360)\n\tat io.netty.channel.AbstractChannelHandlerContext.fireChannelRead(AbstractChannelHandlerContext.java:352)\n\tat io.netty.handler.timeout.IdleStateHandler.channelRead(IdleStateHandler.java:287)\n\tat io.netty.channel.AbstractChannelHandlerContext.invokeChannelRead(AbstractChannelHandlerContext.java:374)\n\tat io.netty.channel.AbstractChannelHandlerContext.invokeChannelRead(AbstractChannelHandlerContext.java:360)\n\tat io.netty.channel.AbstractChannelHandlerContext.fireChannelRead(AbstractChannelHandlerContext.java:352)\n\tat io.netty.channel.DefaultChannelPipeline$HeadContext.channelRead(DefaultChannelPipeline.java:1422)\n\tat io.netty.channel.AbstractChannelHandlerContext.invokeChannelRead(AbstractChannelHandlerContext.java:374)\n\tat io.netty.channel.AbstractChannelHandlerContext.invokeChannelRead(AbstractChannelHandlerContext.java:360)\n\tat io.netty.channel.DefaultChannelPipeline.fireChannelRead(DefaultChannelPipeline.java:931)\n\tat io.netty.channel.nio.AbstractNioByteChannel$NioByteUnsafe.read(AbstractNioByteChannel.java:163)\n\tat io.netty.channel.nio.NioEventLoop.processSelectedKey(NioEventLoop.java:700)\n\tat io.netty.channel.nio.NioEventLoop.processSelectedKeysOptimized(NioEventLoop.java:635)\n\tat io.netty.channel.nio.NioEventLoop.processSelectedKeys(NioEventLoop.java:552)\n\tat io.netty.channel.nio.NioEventLoop.run(NioEventLoop.java:514)\n\tat io.netty.util.concurrent.SingleThreadEventExecutor$6.run(SingleThreadEventExecutor.java:1044)\n\tat io.netty.util.internal.ThreadExecutorMap$2.run(ThreadExecutorMap.java:74)\n\tat io.netty.util.concurrent.FastThreadLocalRunnable.run(FastThreadLocalRunnable.java:30)\n\tat java.lang.Thread.run(Thread.java:1012)\n"}}
Thu Jul 30 09:09:18 UTC 2026 | ALL | 07-30 09:09:17.480   560  1966 D WifiNl80211Manager: Scan result ready event
Thu Jul 30 09:09:18 UTC 2026 | ALL | 07-30 09:09:17.480   560  1966 D WifiNative: Scan result ready event
Thu Jul 30 09:09:18 UTC 2026 | ALL | 07-30 09:09:17.483   560   826 I HalDevMgr: bestIfaceCreationProposal is null, requestIface=STA, existingIface=[name=wlan0 type=STA]
Thu Jul 30 09:09:18 UTC 2026 | ALL | 07-30 09:09:17.609  4162  4220 I appium  : channel read: POST /session/0ec58237-84ed-40bd-bf67-28bb2b70cae2/element
Thu Jul 30 09:09:18 UTC 2026 | ALL | 07-30 09:09:17.609  4162  4220 I appium  : FindElement command
Thu Jul 30 09:09:18 UTC 2026 | ALL | 07-30 09:09:17.610  4162  4220 I appium  : method: 'xpath', selector: '//*[contains(@text, 'Sign Up') or contains(@content-desc, 'Sign Up')]'
Thu Jul 30 09:09:18 UTC 2026 | ALL | 07-30 09:09:17.610  4162  4220 I appium  : Waiting up to 10000ms for the device to idle
Thu Jul 30 09:09:18 UTC 2026 | ALL | 07-30 09:09:17.611  4162  4220 I appium  : The following attributes will be included to the page source: [text, content-desc]
Thu Jul 30 09:09:18 UTC 2026 | ALL | 07-30 09:09:17.623  4162  4220 I appium  : Took 0ms to retrieve 0 matches for '//*[contains(@text, 'Sign Up') or contains(@content-desc, 'Sign Up')]' XPath2 query
Thu Jul 30 09:09:18 UTC 2026 | ALL | 07-30 09:09:17.624  4162  4220 I appium  : AppiumResponse: {"sessionId":"0ec58237-84ed-40bd-bf67-28bb2b70cae2","value":{"error":"no such element","message":"An element could not be located on the page using the given search parameters","stacktrace":"io.appium.uiautomator2.common.exceptions.ElementNotFoundException: An element could not be located on the page using the given search parameters\n\tat io.appium.uiautomator2.utils.ElementLocationHelpers.findElement(ElementLocationHelpers.java:156)\n\tat io.appium.uiautomator2.handler.FindElement.safeHandle(FindElement.java:60)\n\tat io.appium.uiautomator2.handler.request.SafeRequestHandler.handle(SafeRequestHandler.java:59)\n\tat io.appium.uiautomator2.server.AppiumServlet.handleRequest(AppiumServlet.java:259)\n\tat io.appium.uiautomator2.server.AppiumServlet.handleHttpRequest(AppiumServlet.java:253)\n\tat io.appium.uiautomator2.http.ServerHandler.channelRead(ServerHandler.java:77)\n\tat io.netty.channel.AbstractChannelHandlerContext.invokeChannelRead(AbstractChannelHandlerContext.java:374)\n\tat io.netty.channel.AbstractChannelHandlerContext.invokeChannelRead(AbstractChannelHandlerContext.java:360)\n\tat io.netty.channel.AbstractChannelHandlerContext.fireChannelRead(AbstractChannelHandlerContext.java:352)\n\tat io.netty.handler.codec.MessageToMessageDecoder.channelRead(MessageToMessageDecoder.java:102)\n\tat io.netty.channel.AbstractChannelHandlerContext.invokeChannelRead(AbstractChannelHandlerContext.java:374)\n\tat io.netty.channel.AbstractChannelHandlerContext.invokeChannelRead(AbstractChannelHandlerContext.java:360)\n\tat io.netty.channel.AbstractChannelHandlerContext.fireChannelRead(AbstractChannelHandlerContext.java:352)\n\tat io.netty.channel.CombinedChannelDuplexHandler$DelegatingChannelHandlerContext.fireChannelRead(CombinedChannelDuplexHandler.java:438)\n\tat io.netty.handler.codec.ByteToMessageDecoder.fireChannelRead(ByteToMessageDecoder.java:328)\n\tat io.netty.handler.codec.ByteToMessageDecoder.channelRead(ByteToMessageDecoder.java:302)\n\tat io.netty.channel.CombinedChannelDuplexHandler.channelRead(CombinedChannelDuplexHandler.java:253)\n\tat io.netty.channel.AbstractChannelHandlerContext.invokeChannelRead(AbstractChannelHandlerContext.java:374)\n\tat io.netty.channel.AbstractChannelHandlerContext.invokeChannelRead(AbstractChannelHandlerContext.java:360)\n\tat io.netty.channel.AbstractChannelHandlerContext.fireChannelRead(AbstractChannelHandlerContext.java:352)\n\tat io.netty.handler.timeout.IdleStateHandler.channelRead(IdleStateHandler.java:287)\n\tat io.netty.channel.AbstractChannelHandlerContext.invokeChannelRead(AbstractChannelHandlerContext.java:374)\n\tat io.netty.channel.AbstractChannelHandlerContext.invokeChannelRead(AbstractChannelHandlerContext.java:360)\n\tat io.netty.channel.AbstractChannelHandlerContext.fireChannelRead(AbstractChannelHandlerContext.java:352)\n\tat io.netty.channel.DefaultChannelPipeline$HeadContext.channelRead(DefaultChannelPipeline.java:1422)\n\tat io.netty.channel.AbstractChannelHandlerContext.invokeChannelRead(AbstractChannelHandlerContext.java:374)\n\tat io.netty.channel.AbstractChannelHandlerContext.invokeChannelRead(AbstractChannelHandlerContext.java:360)\n\tat io.netty.channel.DefaultChannelPipeline.fireChannelRead(DefaultChannelPipeline.java:931)\n\tat io.netty.channel.nio.AbstractNioByteChannel$NioByteUnsafe.read(AbstractNioByteChannel.java:163)\n\tat io.netty.channel.nio.NioEventLoop.processSelectedKey(NioEventLoop.java:700)\n\tat io.netty.channel.nio.NioEventLoop.processSelectedKeysOptimized(NioEventLoop.java:635)\n\tat io.netty.channel.nio.NioEventLoop.processSelectedKeys(NioEventLoop.java:552)\n\tat io.netty.channel.nio.NioEventLoop.run(NioEventLoop.java:514)\n\tat io.netty.util.concurrent.SingleThreadEventExecutor$6.run(SingleThreadEventExecutor.java:1044)\n\tat io.netty.util.internal.ThreadExecutorMap$2.run(ThreadExecutorMap.java:74)\n\tat io.netty.util.concurrent.FastThreadLocalRunnable.run(FastThreadLocalRunnable.java:30)\n\tat java.lang.Thread.run(Thread.java:1012)\n"}}
Thu Jul 30 09:09:19 UTC 2026 | ALL | 07-30 09:09:18.129  4162  4220 I appium  : channel read: POST /session/0ec58237-84ed-40bd-bf67-28bb2b70cae2/element
Thu Jul 30 09:09:19 UTC 2026 | ALL | 07-30 09:09:18.129  4162  4220 I appium  : FindElement command
Thu Jul 30 09:09:19 UTC 2026 | ALL | 07-30 09:09:18.129  4162  4220 I appium  : method: 'xpath', selector: '//*[contains(@text, 'Sign Up') or contains(@content-desc, 'Sign Up')]'
Thu Jul 30 09:09:19 UTC 2026 | ALL | 07-30 09:09:18.129  4162  4220 I appium  : Waiting up to 10000ms for the device to idle
Thu Jul 30 09:09:19 UTC 2026 | ALL | 07-30 09:09:18.130  4162  4220 I appium  : The following attributes will be included to the page source: [text, content-desc]
Thu Jul 30 09:09:19 UTC 2026 | ALL | 07-30 09:09:18.134  4162  4170 I tomator2.server: Method exceeds compiler instruction limit: 19264 in java_cup.runtime.Symbol org.eclipse.wst.xml.xpath2.processor.internal.CUP$XPathCup$actions.CUP$XPathCup$do_action(int, java_cup.runtime.lr_parser, java.util.Stack, int)
Thu Jul 30 09:09:19 UTC 2026 | ALL | 07-30 09:09:18.143  4162  4220 I appium  : Took 0ms to retrieve 0 matches for '//*[contains(@text, 'Sign Up') or contains(@content-desc, 'Sign Up')]' XPath2 query
Thu Jul 30 09:09:19 UTC 2026 | ALL | 07-30 09:09:18.143  4162  4220 I appium  : AppiumResponse: {"sessionId":"0ec58237-84ed-40bd-bf67-28bb2b70cae2","value":{"error":"no such element","message":"An element could not be located on the page using the given search parameters","stacktrace":"io.appium.uiautomator2.common.exceptions.ElementNotFoundException: An element could not be located on the page using the given search parameters\n\tat io.appium.uiautomator2.utils.ElementLocationHelpers.findElement(ElementLocationHelpers.java:156)\n\tat io.appium.uiautomator2.handler.FindElement.safeHandle(FindElement.java:60)\n\tat io.appium.uiautomator2.handler.request.SafeRequestHandler.handle(SafeRequestHandler.java:59)\n\tat io.appium.uiautomator2.server.AppiumServlet.handleRequest(AppiumServlet.java:259)\n\tat io.appium.uiautomator2.server.AppiumServlet.handleHttpRequest(AppiumServlet.java:253)\n\tat io.appium.uiautomator2.http.ServerHandler.channelRead(ServerHandler.java:77)\n\tat io.netty.channel.AbstractChannelHandlerContext.invokeChannelRead(AbstractChannelHandlerContext.java:374)\n\tat io.netty.channel.AbstractChannelHandlerContext.invokeChannelRead(AbstractChannelHandlerContext.java:360)\n\tat io.netty.channel.AbstractChannelHandlerContext.fireChannelRead(AbstractChannelHandlerContext.java:352)\n\tat io.netty.handler.codec.MessageToMessageDecoder.channelRead(MessageToMessageDecoder.java:102)\n\tat io.netty.channel.AbstractChannelHandlerContext.invokeChannelRead(AbstractChannelHandlerContext.java:374)\n\tat io.netty.channel.AbstractChannelHandlerContext.invokeChannelRead(AbstractChannelHandlerContext.java:360)\n\tat io.netty.channel.AbstractChannelHandlerContext.fireChannelRead(AbstractChannelHandlerContext.java:352)\n\tat io.netty.channel.CombinedChannelDuplexHandler$DelegatingChannelHandlerContext.fireChannelRead(CombinedChannelDuplexHandler.java:438)\n\tat io.netty.handler.codec.ByteToMessageDecoder.fireChannelRead(ByteToMessageDecoder.java:328)\n\tat io.netty.handler.codec.ByteToMessageDecoder.channelRead(ByteToMessageDecoder.java:302)\n\tat io.netty.channel.CombinedChannelDuplexHandler.channelRead(CombinedChannelDuplexHandler.java:253)\n\tat io.netty.channel.AbstractChannelHandlerContext.invokeChannelRead(AbstractChannelHandlerContext.java:374)\n\tat io.netty.channel.AbstractChannelHandlerContext.invokeChannelRead(AbstractChannelHandlerContext.java:360)\n\tat io.netty.channel.AbstractChannelHandlerContext.fireChannelRead(AbstractChannelHandlerContext.java:352)\n\tat io.netty.handler.timeout.IdleStateHandler.channelRead(IdleStateHandler.java:287)\n\tat io.netty.channel.AbstractChannelHandlerContext.invokeChannelRead(AbstractChannelHandlerContext.java:374)\n\tat io.netty.channel.AbstractChannelHandlerContext.invokeChannelRead(AbstractChannelHandlerContext.java:360)\n\tat io.netty.channel.AbstractChannelHandlerContext.fireChannelRead(AbstractChannelHandlerContext.java:352)\n\tat io.netty.channel.DefaultChannelPipeline$HeadContext.channelRead(DefaultChannelPipeline.java:1422)\n\tat io.netty.channel.AbstractChannelHandlerContext.invokeChannelRead(AbstractChannelHandlerContext.java:374)\n\tat io.netty.channel.AbstractChannelHandlerContext.invokeChannelRead(AbstractChannelHandlerContext.java:360)\n\tat io.netty.channel.DefaultChannelPipeline.fireChannelRead(DefaultChannelPipeline.java:931)\n\tat io.netty.channel.nio.AbstractNioByteChannel$NioByteUnsafe.read(AbstractNioByteChannel.java:163)\n\tat io.netty.channel.nio.NioEventLoop.processSelectedKey(NioEventLoop.java:700)\n\tat io.netty.channel.nio.NioEventLoop.processSelectedKeysOptimized(NioEventLoop.java:635)\n\tat io.netty.channel.nio.NioEventLoop.processSelectedKeys(NioEventLoop.java:552)\n\tat io.netty.channel.nio.NioEventLoop.run(NioEventLoop.java:514)\n\tat io.netty.util.concurrent.SingleThreadEventExecutor$6.run(SingleThreadEventExecutor.java:1044)\n\tat io.netty.util.internal.ThreadExecutorMap$2.run(ThreadExecutorMap.java:74)\n\tat io.netty.util.concurrent.FastThreadLocalRunnable.run(FastThreadLocalRunnable.java:30)\n\tat java.lang.Thread.run(Thread.java:1012)\n"}}
Thu Jul 30 09:09:19 UTC 2026 | ALL | 07-30 09:09:18.648  4162  4220 I appium  : channel read: POST /session/0ec58237-84ed-40bd-bf67-28bb2b70cae2/element
Thu Jul 30 09:09:19 UTC 2026 | ALL | 07-30 09:09:18.648  4162  4220 I appium  : FindElement command
Thu Jul 30 09:09:19 UTC 2026 | ALL | 07-30 09:09:18.648  4162  4220 I appium  : method: 'xpath', selector: '//*[contains(@text, 'Sign Up') or contains(@content-desc, 'Sign Up')]'
Thu Jul 30 09:09:19 UTC 2026 | ALL | 07-30 09:09:18.648  4162  4220 I appium  : Waiting up to 10000ms for the device to idle
Thu Jul 30 09:09:19 UTC 2026 | ALL | 07-30 09:09:18.649  4162  4220 I appium  : The following attributes will be included to the page source: [text, content-desc]
Thu Jul 30 09:09:19 UTC 2026 | ALL | 07-30 09:09:18.661  4162  4220 I appium  : Took 0ms to retrieve 0 matches for '//*[contains(@text, 'Sign Up') or contains(@content-desc, 'Sign Up')]' XPath2 query
Thu Jul 30 09:09:19 UTC 2026 | ALL | 07-30 09:09:18.662  4162  4220 I appium  : AppiumResponse: {"sessionId":"0ec58237-84ed-40bd-bf67-28bb2b70cae2","value":{"error":"no such element","message":"An element could not be located on the page using the given search parameters","stacktrace":"io.appium.uiautomator2.common.exceptions.ElementNotFoundException: An element could not be located on the page using the given search parameters\n\tat io.appium.uiautomator2.utils.ElementLocationHelpers.findElement(ElementLocationHelpers.java:156)\n\tat io.appium.uiautomator2.handler.FindElement.safeHandle(FindElement.java:60)\n\tat io.appium.uiautomator2.handler.request.SafeRequestHandler.handle(SafeRequestHandler.java:59)\n\tat io.appium.uiautomator2.server.AppiumServlet.handleRequest(AppiumServlet.java:259)\n\tat io.appium.uiautomator2.server.AppiumServlet.handleHttpRequest(AppiumServlet.java:253)\n\tat io.appium.uiautomator2.http.ServerHandler.channelRead(ServerHandler.java:77)\n\tat io.netty.channel.AbstractChannelHandlerContext.invokeChannelRead(AbstractChannelHandlerContext.java:374)\n\tat io.netty.channel.AbstractChannelHandlerContext.invokeChannelRead(AbstractChannelHandlerContext.java:360)\n\tat io.netty.channel.AbstractChannelHandlerContext.fireChannelRead(AbstractChannelHandlerContext.java:352)\n\tat io.netty.handler.codec.MessageToMessageDecoder.channelRead(MessageToMessageDecoder.java:102)\n\tat io.netty.channel.AbstractChannelHandlerContext.invokeChannelRead(AbstractChannelHandlerContext.java:374)\n\tat io.netty.channel.AbstractChannelHandlerContext.invokeChannelRead(AbstractChannelHandlerContext.java:360)\n\tat io.netty.channel.AbstractChannelHandlerContext.fireChannelRead(AbstractChannelHandlerContext.java:352)\n\tat io.netty.channel.CombinedChannelDuplexHandler$DelegatingChannelHandlerContext.fireChannelRead(CombinedChannelDuplexHandler.java:438)\n\tat io.netty.handler.codec.ByteToMessageDecoder.fireChannelRead(ByteToMessageDecoder.java:328)\n\tat io.netty.handler.codec.ByteToMessageDecoder.channelRead(ByteToMessageDecoder.java:302)\n\tat io.netty.channel.CombinedChannelDuplexHandler.channelRead(CombinedChannelDuplexHandler.java:253)\n\tat io.netty.channel.AbstractChannelHandlerContext.invokeChannelRead(AbstractChannelHandlerContext.java:374)\n\tat io.netty.channel.AbstractChannelHandlerContext.invokeChannelRead(AbstractChannelHandlerContext.java:360)\n\tat io.netty.channel.AbstractChannelHandlerContext.fireChannelRead(AbstractChannelHandlerContext.java:352)\n\tat io.netty.handler.timeout.IdleStateHandler.channelRead(IdleStateHandler.java:287)\n\tat io.netty.channel.AbstractChannelHandlerContext.invokeChannelRead(AbstractChannelHandlerContext.java:374)\n\tat io.netty.channel.AbstractChannelHandlerContext.invokeChannelRead(AbstractChannelHandlerContext.java:360)\n\tat io.netty.channel.AbstractChannelHandlerContext.fireChannelRead(AbstractChannelHandlerContext.java:352)\n\tat io.netty.channel.DefaultChannelPipeline$HeadContext.channelRead(DefaultChannelPipeline.java:1422)\n\tat io.netty.channel.AbstractChannelHandlerContext.invokeChannelRead(AbstractChannelHandlerContext.java:374)\n\tat io.netty.channel.AbstractChannelHandlerContext.invokeChannelRead(AbstractChannelHandlerContext.java:360)\n\tat io.netty.channel.DefaultChannelPipeline.fireChannelRead(DefaultChannelPipeline.java:931)\n\tat io.netty.channel.nio.AbstractNioByteChannel$NioByteUnsafe.read(AbstractNioByteChannel.java:163)\n\tat io.netty.channel.nio.NioEventLoop.processSelectedKey(NioEventLoop.java:700)\n\tat io.netty.channel.nio.NioEventLoop.processSelectedKeysOptimized(NioEventLoop.java:635)\n\tat io.netty.channel.nio.NioEventLoop.processSelectedKeys(NioEventLoop.java:552)\n\tat io.netty.channel.nio.NioEventLoop.run(NioEventLoop.java:514)\n\tat io.netty.util.concurrent.SingleThreadEventExecutor$6.run(SingleThreadEventExecutor.java:1044)\n\tat io.netty.util.internal.ThreadExecutorMap$2.run(ThreadExecutorMap.java:74)\n\tat io.netty.util.concurrent.FastThreadLocalRunnable.run(FastThreadLocalRunnable.java:30)\n\tat java.lang.Thread.run(Thread.java:1012)\n"}}
Thu Jul 30 09:09:20 UTC 2026 | ALL | 07-30 09:09:19.166  4162  4220 I appium  : channel read: POST /session/0ec58237-84ed-40bd-bf67-28bb2b70cae2/element
Thu Jul 30 09:09:20 UTC 2026 | ALL | 07-30 09:09:19.166  4162  4220 I appium  : FindElement command
Thu Jul 30 09:09:20 UTC 2026 | ALL | 07-30 09:09:19.167  4162  4220 I appium  : method: 'xpath', selector: '//*[contains(@text, 'Sign Up') or contains(@content-desc, 'Sign Up')]'
Thu Jul 30 09:09:20 UTC 2026 | ALL | 07-30 09:09:19.167  4162  4220 I appium  : Waiting up to 10000ms for the device to idle
Thu Jul 30 09:09:20 UTC 2026 | ALL | 07-30 09:09:19.168  4162  4220 I appium  : The following attributes will be included to the page source: [text, content-desc]
Thu Jul 30 09:09:20 UTC 2026 | ALL | 07-30 09:09:19.171  4162  4170 I tomator2.server: Method exceeds compiler instruction limit: 19264 in java_cup.runtime.Symbol org.eclipse.wst.xml.xpath2.processor.internal.CUP$XPathCup$actions.CUP$XPathCup$do_action(int, java_cup.runtime.lr_parser, java.util.Stack, int)
Thu Jul 30 09:09:20 UTC 2026 | ALL | 07-30 09:09:19.177  4162  4220 I appium  : Took 0ms to retrieve 0 matches for '//*[contains(@text, 'Sign Up') or contains(@content-desc, 'Sign Up')]' XPath2 query
Thu Jul 30 09:09:20 UTC 2026 | ALL | 07-30 09:09:19.178  4162  4220 I appium  : AppiumResponse: {"sessionId":"0ec58237-84ed-40bd-bf67-28bb2b70cae2","value":{"error":"no such element","message":"An element could not be located on the page using the given search parameters","stacktrace":"io.appium.uiautomator2.common.exceptions.ElementNotFoundException: An element could not be located on the page using the given search parameters\n\tat io.appium.uiautomator2.utils.ElementLocationHelpers.findElement(ElementLocationHelpers.java:156)\n\tat io.appium.uiautomator2.handler.FindElement.safeHandle(FindElement.java:60)\n\tat io.appium.uiautomator2.handler.request.SafeRequestHandler.handle(SafeRequestHandler.java:59)\n\tat io.appium.uiautomator2.server.AppiumServlet.handleRequest(AppiumServlet.java:259)\n\tat io.appium.uiautomator2.server.AppiumServlet.handleHttpRequest(AppiumServlet.java:253)\n\tat io.appium.uiautomator2.http.ServerHandler.channelRead(ServerHandler.java:77)\n\tat io.netty.channel.AbstractChannelHandlerContext.invokeChannelRead(AbstractChannelHandlerContext.java:374)\n\tat io.netty.channel.AbstractChannelHandlerContext.invokeChannelRead(AbstractChannelHandlerContext.java:360)\n\tat io.netty.channel.AbstractChannelHandlerContext.fireChannelRead(AbstractChannelHandlerContext.java:352)\n\tat io.netty.handler.codec.MessageToMessageDecoder.channelRead(MessageToMessageDecoder.java:102)\n\tat io.netty.channel.AbstractChannelHandlerContext.invokeChannelRead(AbstractChannelHandlerContext.java:374)\n\tat io.netty.channel.AbstractChannelHandlerContext.invokeChannelRead(AbstractChannelHandlerContext.java:360)\n\tat io.netty.channel.AbstractChannelHandlerContext.fireChannelRead(AbstractChannelHandlerContext.java:352)\n\tat io.netty.channel.CombinedChannelDuplexHandler$DelegatingChannelHandlerContext.fireChannelRead(CombinedChannelDuplexHandler.java:438)\n\tat io.netty.handler.codec.ByteToMessageDecoder.fireChannelRead(ByteToMessageDecoder.java:328)\n\tat io.netty.handler.codec.ByteToMessageDecoder.channelRead(ByteToMessageDecoder.java:302)\n\tat io.netty.channel.CombinedChannelDuplexHandler.channelRead(CombinedChannelDuplexHandler.java:253)\n\tat io.netty.channel.AbstractChannelHandlerContext.invokeChannelRead(AbstractChannelHandlerContext.java:374)\n\tat io.netty.channel.AbstractChannelHandlerContext.invokeChannelRead(AbstractChannelHandlerContext.java:360)\n\tat io.netty.channel.AbstractChannelHandlerContext.fireChannelRead(AbstractChannelHandlerContext.java:352)\n\tat io.netty.handler.timeout.IdleStateHandler.channelRead(IdleStateHandler.java:287)\n\tat io.netty.channel.AbstractChannelHandlerContext.invokeChannelRead(AbstractChannelHandlerContext.java:374)\n\tat io.netty.channel.AbstractChannelHandlerContext.invokeChannelRead(AbstractChannelHandlerContext.java:360)\n\tat io.netty.channel.AbstractChannelHandlerContext.fireChannelRead(AbstractChannelHandlerContext.java:352)\n\tat io.netty.channel.DefaultChannelPipeline$HeadContext.channelRead(DefaultChannelPipeline.java:1422)\n\tat io.netty.channel.AbstractChannelHandlerContext.invokeChannelRead(AbstractChannelHandlerContext.java:374)\n\tat io.netty.channel.AbstractChannelHandlerContext.invokeChannelRead(AbstractChannelHandlerContext.java:360)\n\tat io.netty.channel.DefaultChannelPipeline.fireChannelRead(DefaultChannelPipeline.java:931)\n\tat io.netty.channel.nio.AbstractNioByteChannel$NioByteUnsafe.read(AbstractNioByteChannel.java:163)\n\tat io.netty.channel.nio.NioEventLoop.processSelectedKey(NioEventLoop.java:700)\n\tat io.netty.channel.nio.NioEventLoop.processSelectedKeysOptimized(NioEventLoop.java:635)\n\tat io.netty.channel.nio.NioEventLoop.processSelectedKeys(NioEventLoop.java:552)\n\tat io.netty.channel.nio.NioEventLoop.run(NioEventLoop.java:514)\n\tat io.netty.util.concurrent.SingleThreadEventExecutor$6.run(SingleThreadEventExecutor.java:1044)\n\tat io.netty.util.internal.ThreadExecutorMap$2.run(ThreadExecutorMap.java:74)\n\tat io.netty.util.concurrent.FastThreadLocalRunnable.run(FastThreadLocalRunnable.java:30)\n\tat java.lang.Thread.run(Thread.java:1012)\n"}}
Thu Jul 30 09:09:20 UTC 2026 | ALL | 07-30 09:09:19.683  4162  4220 I appium  : channel read: POST /session/0ec58237-84ed-40bd-bf67-28bb2b70cae2/element
Thu Jul 30 09:09:20 UTC 2026 | ALL | 07-30 09:09:19.683  4162  4220 I appium  : FindElement command
Thu Jul 30 09:09:20 UTC 2026 | ALL | 07-30 09:09:19.684  4162  4220 I appium  : method: 'xpath', selector: '//*[contains(@text, 'Sign Up') or contains(@content-desc, 'Sign Up')]'
Thu Jul 30 09:09:20 UTC 2026 | ALL | 07-30 09:09:19.684  4162  4220 I appium  : Waiting up to 10000ms for the device to idle
Thu Jul 30 09:09:20 UTC 2026 | ALL | 07-30 09:09:19.685  4162  4220 I appium  : The following attributes will be included to the page source: [text, content-desc]
Thu Jul 30 09:09:20 UTC 2026 | ALL | 07-30 09:09:19.696  4162  4220 I appium  : Took 0ms to retrieve 0 matches for '//*[contains(@text, 'Sign Up') or contains(@content-desc, 'Sign Up')]' XPath2 query
Thu Jul 30 09:09:20 UTC 2026 | ALL | 07-30 09:09:19.697  4162  4220 I appium  : AppiumResponse: {"sessionId":"0ec58237-84ed-40bd-bf67-28bb2b70cae2","value":{"error":"no such element","message":"An element could not be located on the page using the given search parameters","stacktrace":"io.appium.uiautomator2.common.exceptions.ElementNotFoundException: An element could not be located on the page using the given search parameters\n\tat io.appium.uiautomator2.utils.ElementLocationHelpers.findElement(ElementLocationHelpers.java:156)\n\tat io.appium.uiautomator2.handler.FindElement.safeHandle(FindElement.java:60)\n\tat io.appium.uiautomator2.handler.request.SafeRequestHandler.handle(SafeRequestHandler.java:59)\n\tat io.appium.uiautomator2.server.AppiumServlet.handleRequest(AppiumServlet.java:259)\n\tat io.appium.uiautomator2.server.AppiumServlet.handleHttpRequest(AppiumServlet.java:253)\n\tat io.appium.uiautomator2.http.ServerHandler.channelRead(ServerHandler.java:77)\n\tat io.netty.channel.AbstractChannelHandlerContext.invokeChannelRead(AbstractChannelHandlerContext.java:374)\n\tat io.netty.channel.AbstractChannelHandlerContext.invokeChannelRead(AbstractChannelHandlerContext.java:360)\n\tat io.netty.channel.AbstractChannelHandlerContext.fireChannelRead(AbstractChannelHandlerContext.java:352)\n\tat io.netty.handler.codec.MessageToMessageDecoder.channelRead(MessageToMessageDecoder.java:102)\n\tat io.netty.channel.AbstractChannelHandlerContext.invokeChannelRead(AbstractChannelHandlerContext.java:374)\n\tat io.netty.channel.AbstractChannelHandlerContext.invokeChannelRead(AbstractChannelHandlerContext.java:360)\n\tat io.netty.channel.AbstractChannelHandlerContext.fireChannelRead(AbstractChannelHandlerContext.java:352)\n\tat io.netty.channel.CombinedChannelDuplexHandler$DelegatingChannelHandlerContext.fireChannelRead(CombinedChannelDuplexHandler.java:438)\n\tat io.netty.handler.codec.ByteToMessageDecoder.fireChannelRead(ByteToMessageDecoder.java:328)\n\tat io.netty.handler.codec.ByteToMessageDecoder.channelRead(ByteToMessageDecoder.java:302)\n\tat io.netty.channel.CombinedChannelDuplexHandler.channelRead(CombinedChannelDuplexHandler.java:253)\n\tat io.netty.channel.AbstractChannelHandlerContext.invokeChannelRead(AbstractChannelHandlerContext.java:374)\n\tat io.netty.channel.AbstractChannelHandlerContext.invokeChannelRead(AbstractChannelHandlerContext.java:360)\n\tat io.netty.channel.AbstractChannelHandlerContext.fireChannelRead(AbstractChannelHandlerContext.java:352)\n\tat io.netty.handler.timeout.IdleStateHandler.channelRead(IdleStateHandler.java:287)\n\tat io.netty.channel.AbstractChannelHandlerContext.invokeChannelRead(AbstractChannelHandlerContext.java:374)\n\tat io.netty.channel.AbstractChannelHandlerContext.invokeChannelRead(AbstractChannelHandlerContext.java:360)\n\tat io.netty.channel.AbstractChannelHandlerContext.fireChannelRead(AbstractChannelHandlerContext.java:352)\n\tat io.netty.channel.DefaultChannelPipeline$HeadContext.channelRead(DefaultChannelPipeline.java:1422)\n\tat io.netty.channel.AbstractChannelHandlerContext.invokeChannelRead(AbstractChannelHandlerContext.java:374)\n\tat io.netty.channel.AbstractChannelHandlerContext.invokeChannelRead(AbstractChannelHandlerContext.java:360)\n\tat io.netty.channel.DefaultChannelPipeline.fireChannelRead(DefaultChannelPipeline.java:931)\n\tat io.netty.channel.nio.AbstractNioByteChannel$NioByteUnsafe.read(AbstractNioByteChannel.java:163)\n\tat io.netty.channel.nio.NioEventLoop.processSelectedKey(NioEventLoop.java:700)\n\tat io.netty.channel.nio.NioEventLoop.processSelectedKeysOptimized(NioEventLoop.java:635)\n\tat io.netty.channel.nio.NioEventLoop.processSelectedKeys(NioEventLoop.java:552)\n\tat io.netty.channel.nio.NioEventLoop.run(NioEventLoop.java:514)\n\tat io.netty.util.concurrent.SingleThreadEventExecutor$6.run(SingleThreadEventExecutor.java:1044)\n\tat io.netty.util.internal.ThreadExecutorMap$2.run(ThreadExecutorMap.java:74)\n\tat io.netty.util.concurrent.FastThreadLocalRunnable.run(FastThreadLocalRunnable.java:30)\n\tat java.lang.Thread.run(Thread.java:1012)\n"}}
Thu Jul 30 09:09:21 UTC 2026 | ALL | 07-30 09:09:20.202  4162  4220 I appium  : channel read: POST /session/0ec58237-84ed-40bd-bf67-28bb2b70cae2/element
Thu Jul 30 09:09:21 UTC 2026 | ALL | 07-30 09:09:20.203  4162  4220 I appium  : FindElement command
Thu Jul 30 09:09:21 UTC 2026 | ALL | 07-30 09:09:20.203  4162  4220 I appium  : method: 'xpath', selector: '//*[contains(@text, 'Sign Up') or contains(@content-desc, 'Sign Up')]'
Thu Jul 30 09:09:21 UTC 2026 | ALL | 07-30 09:09:20.203  4162  4220 I appium  : Waiting up to 10000ms for the device to idle
Thu Jul 30 09:09:21 UTC 2026 | ALL | 07-30 09:09:20.204  4162  4220 I appium  : The following attributes will be included to the page source: [text, content-desc]
Thu Jul 30 09:09:21 UTC 2026 | ALL | 07-30 09:09:20.212  4162  4220 I appium  : Took 0ms to retrieve 0 matches for '//*[contains(@text, 'Sign Up') or contains(@content-desc, 'Sign Up')]' XPath2 query
Thu Jul 30 09:09:21 UTC 2026 | ALL | 07-30 09:09:20.212  4162  4220 I appium  : AppiumResponse: {"sessionId":"0ec58237-84ed-40bd-bf67-28bb2b70cae2","value":{"error":"no such element","message":"An element could not be located on the page using the given search parameters","stacktrace":"io.appium.uiautomator2.common.exceptions.ElementNotFoundException: An element could not be located on the page using the given search parameters\n\tat io.appium.uiautomator2.utils.ElementLocationHelpers.findElement(ElementLocationHelpers.java:156)\n\tat io.appium.uiautomator2.handler.FindElement.safeHandle(FindElement.java:60)\n\tat io.appium.uiautomator2.handler.request.SafeRequestHandler.handle(SafeRequestHandler.java:59)\n\tat io.appium.uiautomator2.server.AppiumServlet.handleRequest(AppiumServlet.java:259)\n\tat io.appium.uiautomator2.server.AppiumServlet.handleHttpRequest(AppiumServlet.java:253)\n\tat io.appium.uiautomator2.http.ServerHandler.channelRead(ServerHandler.java:77)\n\tat io.netty.channel.AbstractChannelHandlerContext.invokeChannelRead(AbstractChannelHandlerContext.java:374)\n\tat io.netty.channel.AbstractChannelHandlerContext.invokeChannelRead(AbstractChannelHandlerContext.java:360)\n\tat io.netty.channel.AbstractChannelHandlerContext.fireChannelRead(AbstractChannelHandlerContext.java:352)\n\tat io.netty.handler.codec.MessageToMessageDecoder.channelRead(MessageToMessageDecoder.java:102)\n\tat io.netty.channel.AbstractChannelHandlerContext.invokeChannelRead(AbstractChannelHandlerContext.java:374)\n\tat io.netty.channel.AbstractChannelHandlerContext.invokeChannelRead(AbstractChannelHandlerContext.java:360)\n\tat io.netty.channel.AbstractChannelHandlerContext.fireChannelRead(AbstractChannelHandlerContext.java:352)\n\tat io.netty.channel.CombinedChannelDuplexHandler$DelegatingChannelHandlerContext.fireChannelRead(CombinedChannelDuplexHandler.java:438)\n\tat io.netty.handler.codec.ByteToMessageDecoder.fireChannelRead(ByteToMessageDecoder.java:328)\n\tat io.netty.handler.codec.ByteToMessageDecoder.channelRead(ByteToMessageDecoder.java:302)\n\tat io.netty.channel.CombinedChannelDuplexHandler.channelRead(CombinedChannelDuplexHandler.java:253)\n\tat io.netty.channel.AbstractChannelHandlerContext.invokeChannelRead(AbstractChannelHandlerContext.java:374)\n\tat io.netty.channel.AbstractChannelHandlerContext.invokeChannelRead(AbstractChannelHandlerContext.java:360)\n\tat io.netty.channel.AbstractChannelHandlerContext.fireChannelRead(AbstractChannelHandlerContext.java:352)\n\tat io.netty.handler.timeout.IdleStateHandler.channelRead(IdleStateHandler.java:287)\n\tat io.netty.channel.AbstractChannelHandlerContext.invokeChannelRead(AbstractChannelHandlerContext.java:374)\n\tat io.netty.channel.AbstractChannelHandlerContext.invokeChannelRead(AbstractChannelHandlerContext.java:360)\n\tat io.netty.channel.AbstractChannelHandlerContext.fireChannelRead(AbstractChannelHandlerContext.java:352)\n\tat io.netty.channel.DefaultChannelPipeline$HeadContext.channelRead(DefaultChannelPipeline.java:1422)\n\tat io.netty.channel.AbstractChannelHandlerContext.invokeChannelRead(AbstractChannelHandlerContext.java:374)\n\tat io.netty.channel.AbstractChannelHandlerContext.invokeChannelRead(AbstractChannelHandlerContext.java:360)\n\tat io.netty.channel.DefaultChannelPipeline.fireChannelRead(DefaultChannelPipeline.java:931)\n\tat io.netty.channel.nio.AbstractNioByteChannel$NioByteUnsafe.read(AbstractNioByteChannel.java:163)\n\tat io.netty.channel.nio.NioEventLoop.processSelectedKey(NioEventLoop.java:700)\n\tat io.netty.channel.nio.NioEventLoop.processSelectedKeysOptimized(NioEventLoop.java:635)\n\tat io.netty.channel.nio.NioEventLoop.processSelectedKeys(NioEventLoop.java:552)\n\tat io.netty.channel.nio.NioEventLoop.run(NioEventLoop.java:514)\n\tat io.netty.util.concurrent.SingleThreadEventExecutor$6.run(SingleThreadEventExecutor.java:1044)\n\tat io.netty.util.internal.ThreadExecutorMap$2.run(ThreadExecutorMap.java:74)\n\tat io.netty.util.concurrent.FastThreadLocalRunnable.run(FastThreadLocalRunnable.java:30)\n\tat java.lang.Thread.run(Thread.java:1012)\n"}}
Thu Jul 30 09:09:21 UTC 2026 | ALL | 07-30 09:09:20.717  4162  4220 I appium  : channel read: POST /session/0ec58237-84ed-40bd-bf67-28bb2b70cae2/element
Thu Jul 30 09:09:21 UTC 2026 | ALL | 07-30 09:09:20.717  4162  4220 I appium  : FindElement command
Thu Jul 30 09:09:21 UTC 2026 | ALL | 07-30 09:09:20.717  4162  4220 I appium  : method: 'xpath', selector: '//*[contains(@text, 'Sign Up') or contains(@content-desc, 'Sign Up')]'
Thu Jul 30 09:09:21 UTC 2026 | ALL | 07-30 09:09:20.717  4162  4220 I appium  : Waiting up to 10000ms for the device to idle
Thu Jul 30 09:09:21 UTC 2026 | ALL | 07-30 09:09:20.718  4162  4220 I appium  : The following attributes will be included to the page source: [text, content-desc]
Thu Jul 30 09:09:21 UTC 2026 | ALL | 07-30 09:09:20.721  4162  4170 I tomator2.server: Method exceeds compiler instruction limit: 19264 in java_cup.runtime.Symbol org.eclipse.wst.xml.xpath2.processor.internal.CUP$XPathCup$actions.CUP$XPathCup$do_action(int, java_cup.runtime.lr_parser, java.util.Stack, int)
Thu Jul 30 09:09:21 UTC 2026 | ALL | 07-30 09:09:20.726  4162  4220 I appium  : Took 0ms to retrieve 0 matches for '//*[contains(@text, 'Sign Up') or contains(@content-desc, 'Sign Up')]' XPath2 query
Thu Jul 30 09:09:21 UTC 2026 | ALL | 07-30 09:09:20.727  4162  4220 I appium  : AppiumResponse: {"sessionId":"0ec58237-84ed-40bd-bf67-28bb2b70cae2","value":{"error":"no such element","message":"An element could not be located on the page using the given search parameters","stacktrace":"io.appium.uiautomator2.common.exceptions.ElementNotFoundException: An element could not be located on the page using the given search parameters\n\tat io.appium.uiautomator2.utils.ElementLocationHelpers.findElement(ElementLocationHelpers.java:156)\n\tat io.appium.uiautomator2.handler.FindElement.safeHandle(FindElement.java:60)\n\tat io.appium.uiautomator2.handler.request.SafeRequestHandler.handle(SafeRequestHandler.java:59)\n\tat io.appium.uiautomator2.server.AppiumServlet.handleRequest(AppiumServlet.java:259)\n\tat io.appium.uiautomator2.server.AppiumServlet.handleHttpRequest(AppiumServlet.java:253)\n\tat io.appium.uiautomator2.http.ServerHandler.channelRead(ServerHandler.java:77)\n\tat io.netty.channel.AbstractChannelHandlerContext.invokeChannelRead(AbstractChannelHandlerContext.java:374)\n\tat io.netty.channel.AbstractChannelHandlerContext.invokeChannelRead(AbstractChannelHandlerContext.java:360)\n\tat io.netty.channel.AbstractChannelHandlerContext.fireChannelRead(AbstractChannelHandlerContext.java:352)\n\tat io.netty.handler.codec.MessageToMessageDecoder.channelRead(MessageToMessageDecoder.java:102)\n\tat io.netty.channel.AbstractChannelHandlerContext.invokeChannelRead(AbstractChannelHandlerContext.java:374)\n\tat io.netty.channel.AbstractChannelHandlerContext.invokeChannelRead(AbstractChannelHandlerContext.java:360)\n\tat io.netty.channel.AbstractChannelHandlerContext.fireChannelRead(AbstractChannelHandlerContext.java:352)\n\tat io.netty.channel.CombinedChannelDuplexHandler$DelegatingChannelHandlerContext.fireChannelRead(CombinedChannelDuplexHandler.java:438)\n\tat io.netty.handler.codec.ByteToMessageDecoder.fireChannelRead(ByteToMessageDecoder.java:328)\n\tat io.netty.handler.codec.ByteToMessageDecoder.channelRead(ByteToMessageDecoder.java:302)\n\tat io.netty.channel.CombinedChannelDuplexHandler.channelRead(CombinedChannelDuplexHandler.java:253)\n\tat io.netty.channel.AbstractChannelHandlerContext.invokeChannelRead(AbstractChannelHandlerContext.java:374)\n\tat io.netty.channel.AbstractChannelHandlerContext.invokeChannelRead(AbstractChannelHandlerContext.java:360)\n\tat io.netty.channel.AbstractChannelHandlerContext.fireChannelRead(AbstractChannelHandlerContext.java:352)\n\tat io.netty.handler.timeout.IdleStateHandler.channelRead(IdleStateHandler.java:287)\n\tat io.netty.channel.AbstractChannelHandlerContext.invokeChannelRead(AbstractChannelHandlerContext.java:374)\n\tat io.netty.channel.AbstractChannelHandlerContext.invokeChannelRead(AbstractChannelHandlerContext.java:360)\n\tat io.netty.channel.AbstractChannelHandlerContext.fireChannelRead(AbstractChannelHandlerContext.java:352)\n\tat io.netty.channel.DefaultChannelPipeline$HeadContext.channelRead(DefaultChannelPipeline.java:1422)\n\tat io.netty.channel.AbstractChannelHandlerContext.invokeChannelRead(AbstractChannelHandlerContext.java:374)\n\tat io.netty.channel.AbstractChannelHandlerContext.invokeChannelRead(AbstractChannelHandlerContext.java:360)\n\tat io.netty.channel.DefaultChannelPipeline.fireChannelRead(DefaultChannelPipeline.java:931)\n\tat io.netty.channel.nio.AbstractNioByteChannel$NioByteUnsafe.read(AbstractNioByteChannel.java:163)\n\tat io.netty.channel.nio.NioEventLoop.processSelectedKey(NioEventLoop.java:700)\n\tat io.netty.channel.nio.NioEventLoop.processSelectedKeysOptimized(NioEventLoop.java:635)\n\tat io.netty.channel.nio.NioEventLoop.processSelectedKeys(NioEventLoop.java:552)\n\tat io.netty.channel.nio.NioEventLoop.run(NioEventLoop.java:514)\n\tat io.netty.util.concurrent.SingleThreadEventExecutor$6.run(SingleThreadEventExecutor.java:1044)\n\tat io.netty.util.internal.ThreadExecutorMap$2.run(ThreadExecutorMap.java:74)\n\tat io.netty.util.concurrent.FastThreadLocalRunnable.run(FastThreadLocalRunnable.java:30)\n\tat java.lang.Thread.run(Thread.java:1012)\n"}}
Thu Jul 30 09:09:22 UTC 2026 | ALL | 07-30 09:09:21.231  4162  4220 I appium  : channel read: POST /session/0ec58237-84ed-40bd-bf67-28bb2b70cae2/element
Thu Jul 30 09:09:22 UTC 2026 | ALL | 07-30 09:09:21.232  4162  4220 I appium  : FindElement command
Thu Jul 30 09:09:22 UTC 2026 | ALL | 07-30 09:09:21.232  4162  4220 I appium  : method: 'xpath', selector: '//*[contains(@text, 'Sign Up') or contains(@content-desc, 'Sign Up')]'
Thu Jul 30 09:09:22 UTC 2026 | ALL | 07-30 09:09:21.232  4162  4220 I appium  : Waiting up to 10000ms for the device to idle
Thu Jul 30 09:09:22 UTC 2026 | ALL | 07-30 09:09:21.233  4162  4220 I appium  : The following attributes will be included to the page source: [text, content-desc]
Thu Jul 30 09:09:22 UTC 2026 | ALL | 07-30 09:09:21.242  4162  4220 I appium  : Took 0ms to retrieve 0 matches for '//*[contains(@text, 'Sign Up') or contains(@content-desc, 'Sign Up')]' XPath2 query
Thu Jul 30 09:09:22 UTC 2026 | ALL | 07-30 09:09:21.243  4162  4220 I appium  : AppiumResponse: {"sessionId":"0ec58237-84ed-40bd-bf67-28bb2b70cae2","value":{"error":"no such element","message":"An element could not be located on the page using the given search parameters","stacktrace":"io.appium.uiautomator2.common.exceptions.ElementNotFoundException: An element could not be located on the page using the given search parameters\n\tat io.appium.uiautomator2.utils.ElementLocationHelpers.findElement(ElementLocationHelpers.java:156)\n\tat io.appium.uiautomator2.handler.FindElement.safeHandle(FindElement.java:60)\n\tat io.appium.uiautomator2.handler.request.SafeRequestHandler.handle(SafeRequestHandler.java:59)\n\tat io.appium.uiautomator2.server.AppiumServlet.handleRequest(AppiumServlet.java:259)\n\tat io.appium.uiautomator2.server.AppiumServlet.handleHttpRequest(AppiumServlet.java:253)\n\tat io.appium.uiautomator2.http.ServerHandler.channelRead(ServerHandler.java:77)\n\tat io.netty.channel.AbstractChannelHandlerContext.invokeChannelRead(AbstractChannelHandlerContext.java:374)\n\tat io.netty.channel.AbstractChannelHandlerContext.invokeChannelRead(AbstractChannelHandlerContext.java:360)\n\tat io.netty.channel.AbstractChannelHandlerContext.fireChannelRead(AbstractChannelHandlerContext.java:352)\n\tat io.netty.handler.codec.MessageToMessageDecoder.channelRead(MessageToMessageDecoder.java:102)\n\tat io.netty.channel.AbstractChannelHandlerContext.invokeChannelRead(AbstractChannelHandlerContext.java:374)\n\tat io.netty.channel.AbstractChannelHandlerContext.invokeChannelRead(AbstractChannelHandlerContext.java:360)\n\tat io.netty.channel.AbstractChannelHandlerContext.fireChannelRead(AbstractChannelHandlerContext.java:352)\n\tat io.netty.channel.CombinedChannelDuplexHandler$DelegatingChannelHandlerContext.fireChannelRead(CombinedChannelDuplexHandler.java:438)\n\tat io.netty.handler.codec.ByteToMessageDecoder.fireChannelRead(ByteToMessageDecoder.java:328)\n\tat io.netty.handler.codec.ByteToMessageDecoder.channelRead(ByteToMessageDecoder.java:302)\n\tat io.netty.channel.CombinedChannelDuplexHandler.channelRead(CombinedChannelDuplexHandler.java:253)\n\tat io.netty.channel.AbstractChannelHandlerContext.invokeChannelRead(AbstractChannelHandlerContext.java:374)\n\tat io.netty.channel.AbstractChannelHandlerContext.invokeChannelRead(AbstractChannelHandlerContext.java:360)\n\tat io.netty.channel.AbstractChannelHandlerContext.fireChannelRead(AbstractChannelHandlerContext.java:352)\n\tat io.netty.handler.timeout.IdleStateHandler.channelRead(IdleStateHandler.java:287)\n\tat io.netty.channel.AbstractChannelHandlerContext.invokeChannelRead(AbstractChannelHandlerContext.java:374)\n\tat io.netty.channel.AbstractChannelHandlerContext.invokeChannelRead(AbstractChannelHandlerContext.java:360)\n\tat io.netty.channel.AbstractChannelHandlerContext.fireChannelRead(AbstractChannelHandlerContext.java:352)\n\tat io.netty.channel.DefaultChannelPipeline$HeadContext.channelRead(DefaultChannelPipeline.java:1422)\n\tat io.netty.channel.AbstractChannelHandlerContext.invokeChannelRead(AbstractChannelHandlerContext.java:374)\n\tat io.netty.channel.AbstractChannelHandlerContext.invokeChannelRead(AbstractChannelHandlerContext.java:360)\n\tat io.netty.channel.DefaultChannelPipeline.fireChannelRead(DefaultChannelPipeline.java:931)\n\tat io.netty.channel.nio.AbstractNioByteChannel$NioByteUnsafe.read(AbstractNioByteChannel.java:163)\n\tat io.netty.channel.nio.NioEventLoop.processSelectedKey(NioEventLoop.java:700)\n\tat io.netty.channel.nio.NioEventLoop.processSelectedKeysOptimized(NioEventLoop.java:635)\n\tat io.netty.channel.nio.NioEventLoop.processSelectedKeys(NioEventLoop.java:552)\n\tat io.netty.channel.nio.NioEventLoop.run(NioEventLoop.java:514)\n\tat io.netty.util.concurrent.SingleThreadEventExecutor$6.run(SingleThreadEventExecutor.java:1044)\n\tat io.netty.util.internal.ThreadExecutorMap$2.run(ThreadExecutorMap.java:74)\n\tat io.netty.util.concurrent.FastThreadLocalRunnable.run(FastThreadLocalRunnable.java:30)\n\tat java.lang.Thread.run(Thread.java:1012)\n"}}
Thu Jul 30 09:09:22 UTC 2026 | ALL | 07-30 09:09:21.747  4162  4220 I appium  : channel read: POST /session/0ec58237-84ed-40bd-bf67-28bb2b70cae2/element
Thu Jul 30 09:09:22 UTC 2026 | ALL | 07-30 09:09:21.748  4162  4220 I appium  : FindElement command
Thu Jul 30 09:09:22 UTC 2026 | ALL | 07-30 09:09:21.748  4162  4220 I appium  : method: 'xpath', selector: '//*[contains(@text, 'Sign Up') or contains(@content-desc, 'Sign Up')]'
Thu Jul 30 09:09:22 UTC 2026 | ALL | 07-30 09:09:21.749  4162  4220 I appium  : Waiting up to 10000ms for the device to idle
Thu Jul 30 09:09:22 UTC 2026 | ALL | 07-30 09:09:21.749  4162  4220 I appium  : The following attributes will be included to the page source: [text, content-desc]
Thu Jul 30 09:09:22 UTC 2026 | ALL | 07-30 09:09:21.757  4162  4220 I appium  : Took 0ms to retrieve 0 matches for '//*[contains(@text, 'Sign Up') or contains(@content-desc, 'Sign Up')]' XPath2 query
Thu Jul 30 09:09:22 UTC 2026 | ALL | 07-30 09:09:21.758  4162  4220 I appium  : AppiumResponse: {"sessionId":"0ec58237-84ed-40bd-bf67-28bb2b70cae2","value":{"error":"no such element","message":"An element could not be located on the page using the given search parameters","stacktrace":"io.appium.uiautomator2.common.exceptions.ElementNotFoundException: An element could not be located on the page using the given search parameters\n\tat io.appium.uiautomator2.utils.ElementLocationHelpers.findElement(ElementLocationHelpers.java:156)\n\tat io.appium.uiautomator2.handler.FindElement.safeHandle(FindElement.java:60)\n\tat io.appium.uiautomator2.handler.request.SafeRequestHandler.handle(SafeRequestHandler.java:59)\n\tat io.appium.uiautomator2.server.AppiumServlet.handleRequest(AppiumServlet.java:259)\n\tat io.appium.uiautomator2.server.AppiumServlet.handleHttpRequest(AppiumServlet.java:253)\n\tat io.appium.uiautomator2.http.ServerHandler.channelRead(ServerHandler.java:77)\n\tat io.netty.channel.AbstractChannelHandlerContext.invokeChannelRead(AbstractChannelHandlerContext.java:374)\n\tat io.netty.channel.AbstractChannelHandlerContext.invokeChannelRead(AbstractChannelHandlerContext.java:360)\n\tat io.netty.channel.AbstractChannelHandlerContext.fireChannelRead(AbstractChannelHandlerContext.java:352)\n\tat io.netty.handler.codec.MessageToMessageDecoder.channelRead(MessageToMessageDecoder.java:102)\n\tat io.netty.channel.AbstractChannelHandlerContext.invokeChannelRead(AbstractChannelHandlerContext.java:374)\n\tat io.netty.channel.AbstractChannelHandlerContext.invokeChannelRead(AbstractChannelHandlerContext.java:360)\n\tat io.netty.channel.AbstractChannelHandlerContext.fireChannelRead(AbstractChannelHandlerContext.java:352)\n\tat io.netty.channel.CombinedChannelDuplexHandler$DelegatingChannelHandlerContext.fireChannelRead(CombinedChannelDuplexHandler.java:438)\n\tat io.netty.handler.codec.ByteToMessageDecoder.fireChannelRead(ByteToMessageDecoder.java:328)\n\tat io.netty.handler.codec.ByteToMessageDecoder.channelRead(ByteToMessageDecoder.java:302)\n\tat io.netty.channel.CombinedChannelDuplexHandler.channelRead(CombinedChannelDuplexHandler.java:253)\n\tat io.netty.channel.AbstractChannelHandlerContext.invokeChannelRead(AbstractChannelHandlerContext.java:374)\n\tat io.netty.channel.AbstractChannelHandlerContext.invokeChannelRead(AbstractChannelHandlerContext.java:360)\n\tat io.netty.channel.AbstractChannelHandlerContext.fireChannelRead(AbstractChannelHandlerContext.java:352)\n\tat io.netty.handler.timeout.IdleStateHandler.channelRead(IdleStateHandler.java:287)\n\tat io.netty.channel.AbstractChannelHandlerContext.invokeChannelRead(AbstractChannelHandlerContext.java:374)\n\tat io.netty.channel.AbstractChannelHandlerContext.invokeChannelRead(AbstractChannelHandlerContext.java:360)\n\tat io.netty.channel.AbstractChannelHandlerContext.fireChannelRead(AbstractChannelHandlerContext.java:352)\n\tat io.netty.channel.DefaultChannelPipeline$HeadContext.channelRead(DefaultChannelPipeline.java:1422)\n\tat io.netty.channel.AbstractChannelHandlerContext.invokeChannelRead(AbstractChannelHandlerContext.java:374)\n\tat io.netty.channel.AbstractChannelHandlerContext.invokeChannelRead(AbstractChannelHandlerContext.java:360)\n\tat io.netty.channel.DefaultChannelPipeline.fireChannelRead(DefaultChannelPipeline.java:931)\n\tat io.netty.channel.nio.AbstractNioByteChannel$NioByteUnsafe.read(AbstractNioByteChannel.java:163)\n\tat io.netty.channel.nio.NioEventLoop.processSelectedKey(NioEventLoop.java:700)\n\tat io.netty.channel.nio.NioEventLoop.processSelectedKeysOptimized(NioEventLoop.java:635)\n\tat io.netty.channel.nio.NioEventLoop.processSelectedKeys(NioEventLoop.java:552)\n\tat io.netty.channel.nio.NioEventLoop.run(NioEventLoop.java:514)\n\tat io.netty.util.concurrent.SingleThreadEventExecutor$6.run(SingleThreadEventExecutor.java:1044)\n\tat io.netty.util.internal.ThreadExecutorMap$2.run(ThreadExecutorMap.java:74)\n\tat io.netty.util.concurrent.FastThreadLocalRunnable.run(FastThreadLocalRunnable.java:30)\n\tat java.lang.Thread.run(Thread.java:1012)\n"}}
Thu Jul 30 09:09:23 UTC 2026 | ALL | 07-30 09:09:22.262  4162  4220 I appium  : channel read: POST /session/0ec58237-84ed-40bd-bf67-28bb2b70cae2/element
Thu Jul 30 09:09:23 UTC 2026 | ALL | 07-30 09:09:22.262  4162  4220 I appium  : FindElement command
Thu Jul 30 09:09:23 UTC 2026 | ALL | 07-30 09:09:22.262  4162  4220 I appium  : method: 'xpath', selector: '//*[contains(@text, 'Sign Up') or contains(@content-desc, 'Sign Up')]'
Thu Jul 30 09:09:23 UTC 2026 | ALL | 07-30 09:09:22.262  4162  4220 I appium  : Waiting up to 10000ms for the device to idle
Thu Jul 30 09:09:23 UTC 2026 | ALL | 07-30 09:09:22.263  4162  4220 I appium  : The following attributes will be included to the page source: [text, content-desc]
Thu Jul 30 09:09:23 UTC 2026 | ALL | 07-30 09:09:22.266  4162  4170 I tomator2.server: Method exceeds compiler instruction limit: 19264 in java_cup.runtime.Symbol org.eclipse.wst.xml.xpath2.processor.internal.CUP$XPathCup$actions.CUP$XPathCup$do_action(int, java_cup.runtime.lr_parser, java.util.Stack, int)
Thu Jul 30 09:09:23 UTC 2026 | ALL | 07-30 09:09:22.275  4162  4220 I appium  : Took 0ms to retrieve 0 matches for '//*[contains(@text, 'Sign Up') or contains(@content-desc, 'Sign Up')]' XPath2 query
Thu Jul 30 09:09:23 UTC 2026 | ALL | 07-30 09:09:22.276  4162  4220 I appium  : AppiumResponse: {"sessionId":"0ec58237-84ed-40bd-bf67-28bb2b70cae2","value":{"error":"no such element","message":"An element could not be located on the page using the given search parameters","stacktrace":"io.appium.uiautomator2.common.exceptions.ElementNotFoundException: An element could not be located on the page using the given search parameters\n\tat io.appium.uiautomator2.utils.ElementLocationHelpers.findElement(ElementLocationHelpers.java:156)\n\tat io.appium.uiautomator2.handler.FindElement.safeHandle(FindElement.java:60)\n\tat io.appium.uiautomator2.handler.request.SafeRequestHandler.handle(SafeRequestHandler.java:59)\n\tat io.appium.uiautomator2.server.AppiumServlet.handleRequest(AppiumServlet.java:259)\n\tat io.appium.uiautomator2.server.AppiumServlet.handleHttpRequest(AppiumServlet.java:253)\n\tat io.appium.uiautomator2.http.ServerHandler.channelRead(ServerHandler.java:77)\n\tat io.netty.channel.AbstractChannelHandlerContext.invokeChannelRead(AbstractChannelHandlerContext.java:374)\n\tat io.netty.channel.AbstractChannelHandlerContext.invokeChannelRead(AbstractChannelHandlerContext.java:360)\n\tat io.netty.channel.AbstractChannelHandlerContext.fireChannelRead(AbstractChannelHandlerContext.java:352)\n\tat io.netty.handler.codec.MessageToMessageDecoder.channelRead(MessageToMessageDecoder.java:102)\n\tat io.netty.channel.AbstractChannelHandlerContext.invokeChannelRead(AbstractChannelHandlerContext.java:374)\n\tat io.netty.channel.AbstractChannelHandlerContext.invokeChannelRead(AbstractChannelHandlerContext.java:360)\n\tat io.netty.channel.AbstractChannelHandlerContext.fireChannelRead(AbstractChannelHandlerContext.java:352)\n\tat io.netty.channel.CombinedChannelDuplexHandler$DelegatingChannelHandlerContext.fireChannelRead(CombinedChannelDuplexHandler.java:438)\n\tat io.netty.handler.codec.ByteToMessageDecoder.fireChannelRead(ByteToMessageDecoder.java:328)\n\tat io.netty.handler.codec.ByteToMessageDecoder.channelRead(ByteToMessageDecoder.java:302)\n\tat io.netty.channel.CombinedChannelDuplexHandler.channelRead(CombinedChannelDuplexHandler.java:253)\n\tat io.netty.channel.AbstractChannelHandlerContext.invokeChannelRead(AbstractChannelHandlerContext.java:374)\n\tat io.netty.channel.AbstractChannelHandlerContext.invokeChannelRead(AbstractChannelHandlerContext.java:360)\n\tat io.netty.channel.AbstractChannelHandlerContext.fireChannelRead(AbstractChannelHandlerContext.java:352)\n\tat io.netty.handler.timeout.IdleStateHandler.channelRead(IdleStateHandler.java:287)\n\tat io.netty.channel.AbstractChannelHandlerContext.invokeChannelRead(AbstractChannelHandlerContext.java:374)\n\tat io.netty.channel.AbstractChannelHandlerContext.invokeChannelRead(AbstractChannelHandlerContext.java:360)\n\tat io.netty.channel.AbstractChannelHandlerContext.fireChannelRead(AbstractChannelHandlerContext.java:352)\n\tat io.netty.channel.DefaultChannelPipeline$HeadContext.channelRead(DefaultChannelPipeline.java:1422)\n\tat io.netty.channel.AbstractChannelHandlerContext.invokeChannelRead(AbstractChannelHandlerContext.java:374)\n\tat io.netty.channel.AbstractChannelHandlerContext.invokeChannelRead(AbstractChannelHandlerContext.java:360)\n\tat io.netty.channel.DefaultChannelPipeline.fireChannelRead(DefaultChannelPipeline.java:931)\n\tat io.netty.channel.nio.AbstractNioByteChannel$NioByteUnsafe.read(AbstractNioByteChannel.java:163)\n\tat io.netty.channel.nio.NioEventLoop.processSelectedKey(NioEventLoop.java:700)\n\tat io.netty.channel.nio.NioEventLoop.processSelectedKeysOptimized(NioEventLoop.java:635)\n\tat io.netty.channel.nio.NioEventLoop.processSelectedKeys(NioEventLoop.java:552)\n\tat io.netty.channel.nio.NioEventLoop.run(NioEventLoop.java:514)\n\tat io.netty.util.concurrent.SingleThreadEventExecutor$6.run(SingleThreadEventExecutor.java:1044)\n\tat io.netty.util.internal.ThreadExecutorMap$2.run(ThreadExecutorMap.java:74)\n\tat io.netty.util.concurrent.FastThreadLocalRunnable.run(FastThreadLocalRunnable.java:30)\n\tat java.lang.Thread.run(Thread.java:1012)\n"}}
Thu Jul 30 09:09:23 UTC 2026 | ALL | 07-30 09:09:22.781  4162  4220 I appium  : channel read: POST /session/0ec58237-84ed-40bd-bf67-28bb2b70cae2/element
Thu Jul 30 09:09:23 UTC 2026 | ALL | 07-30 09:09:22.781  4162  4220 I appium  : FindElement command
Thu Jul 30 09:09:23 UTC 2026 | ALL | 07-30 09:09:22.781  4162  4220 I appium  : method: 'xpath', selector: '//*[contains(@text, 'Sign Up') or contains(@content-desc, 'Sign Up')]'
Thu Jul 30 09:09:23 UTC 2026 | ALL | 07-30 09:09:22.781  4162  4220 I appium  : Waiting up to 10000ms for the device to idle
Thu Jul 30 09:09:23 UTC 2026 | ALL | 07-30 09:09:22.782  4162  4220 I appium  : The following attributes will be included to the page source: [text, content-desc]
Thu Jul 30 09:09:23 UTC 2026 | ALL | 07-30 09:09:22.790  4162  4220 I appium  : Took 0ms to retrieve 0 matches for '//*[contains(@text, 'Sign Up') or contains(@content-desc, 'Sign Up')]' XPath2 query
Thu Jul 30 09:09:23 UTC 2026 | ALL | 07-30 09:09:22.791  4162  4220 I appium  : AppiumResponse: {"sessionId":"0ec58237-84ed-40bd-bf67-28bb2b70cae2","value":{"error":"no such element","message":"An element could not be located on the page using the given search parameters","stacktrace":"io.appium.uiautomator2.common.exceptions.ElementNotFoundException: An element could not be located on the page using the given search parameters\n\tat io.appium.uiautomator2.utils.ElementLocationHelpers.findElement(ElementLocationHelpers.java:156)\n\tat io.appium.uiautomator2.handler.FindElement.safeHandle(FindElement.java:60)\n\tat io.appium.uiautomator2.handler.request.SafeRequestHandler.handle(SafeRequestHandler.java:59)\n\tat io.appium.uiautomator2.server.AppiumServlet.handleRequest(AppiumServlet.java:259)\n\tat io.appium.uiautomator2.server.AppiumServlet.handleHttpRequest(AppiumServlet.java:253)\n\tat io.appium.uiautomator2.http.ServerHandler.channelRead(ServerHandler.java:77)\n\tat io.netty.channel.AbstractChannelHandlerContext.invokeChannelRead(AbstractChannelHandlerContext.java:374)\n\tat io.netty.channel.AbstractChannelHandlerContext.invokeChannelRead(AbstractChannelHandlerContext.java:360)\n\tat io.netty.channel.AbstractChannelHandlerContext.fireChannelRead(AbstractChannelHandlerContext.java:352)\n\tat io.netty.handler.codec.MessageToMessageDecoder.channelRead(MessageToMessageDecoder.java:102)\n\tat io.netty.channel.AbstractChannelHandlerContext.invokeChannelRead(AbstractChannelHandlerContext.java:374)\n\tat io.netty.channel.AbstractChannelHandlerContext.invokeChannelRead(AbstractChannelHandlerContext.java:360)\n\tat io.netty.channel.AbstractChannelHandlerContext.fireChannelRead(AbstractChannelHandlerContext.java:352)\n\tat io.netty.channel.CombinedChannelDuplexHandler$DelegatingChannelHandlerContext.fireChannelRead(CombinedChannelDuplexHandler.java:438)\n\tat io.netty.handler.codec.ByteToMessageDecoder.fireChannelRead(ByteToMessageDecoder.java:328)\n\tat io.netty.handler.codec.ByteToMessageDecoder.channelRead(ByteToMessageDecoder.java:302)\n\tat io.netty.channel.CombinedChannelDuplexHandler.channelRead(CombinedChannelDuplexHandler.java:253)\n\tat io.netty.channel.AbstractChannelHandlerContext.invokeChannelRead(AbstractChannelHandlerContext.java:374)\n\tat io.netty.channel.AbstractChannelHandlerContext.invokeChannelRead(AbstractChannelHandlerContext.java:360)\n\tat io.netty.channel.AbstractChannelHandlerContext.fireChannelRead(AbstractChannelHandlerContext.java:352)\n\tat io.netty.handler.timeout.IdleStateHandler.channelRead(IdleStateHandler.java:287)\n\tat io.netty.channel.AbstractChannelHandlerContext.invokeChannelRead(AbstractChannelHandlerContext.java:374)\n\tat io.netty.channel.AbstractChannelHandlerContext.invokeChannelRead(AbstractChannelHandlerContext.java:360)\n\tat io.netty.channel.AbstractChannelHandlerContext.fireChannelRead(AbstractChannelHandlerContext.java:352)\n\tat io.netty.channel.DefaultChannelPipeline$HeadContext.channelRead(DefaultChannelPipeline.java:1422)\n\tat io.netty.channel.AbstractChannelHandlerContext.invokeChannelRead(AbstractChannelHandlerContext.java:374)\n\tat io.netty.channel.AbstractChannelHandlerContext.invokeChannelRead(AbstractChannelHandlerContext.java:360)\n\tat io.netty.channel.DefaultChannelPipeline.fireChannelRead(DefaultChannelPipeline.java:931)\n\tat io.netty.channel.nio.AbstractNioByteChannel$NioByteUnsafe.read(AbstractNioByteChannel.java:163)\n\tat io.netty.channel.nio.NioEventLoop.processSelectedKey(NioEventLoop.java:700)\n\tat io.netty.channel.nio.NioEventLoop.processSelectedKeysOptimized(NioEventLoop.java:635)\n\tat io.netty.channel.nio.NioEventLoop.processSelectedKeys(NioEventLoop.java:552)\n\tat io.netty.channel.nio.NioEventLoop.run(NioEventLoop.java:514)\n\tat io.netty.util.concurrent.SingleThreadEventExecutor$6.run(SingleThreadEventExecutor.java:1044)\n\tat io.netty.util.internal.ThreadExecutorMap$2.run(ThreadExecutorMap.java:74)\n\tat io.netty.util.concurrent.FastThreadLocalRunnable.run(FastThreadLocalRunnable.java:30)\n\tat java.lang.Thread.run(Thread.java:1012)\n"}}
Thu Jul 30 09:09:24 UTC 2026 | ALL | 07-30 09:09:23.295  4162  4220 I appium  : channel read: POST /session/0ec58237-84ed-40bd-bf67-28bb2b70cae2/element
Thu Jul 30 09:09:24 UTC 2026 | ALL | 07-30 09:09:23.295  4162  4220 I appium  : FindElement command
Thu Jul 30 09:09:24 UTC 2026 | ALL | 07-30 09:09:23.296  4162  4220 I appium  : method: 'xpath', selector: '//*[contains(@text, 'Sign Up') or contains(@content-desc, 'Sign Up')]'
Thu Jul 30 09:09:24 UTC 2026 | ALL | 07-30 09:09:23.296  4162  4220 I appium  : Waiting up to 10000ms for the device to idle
Thu Jul 30 09:09:24 UTC 2026 | ALL | 07-30 09:09:23.297  4162  4220 I appium  : The following attributes will be included to the page source: [text, content-desc]
Thu Jul 30 09:09:24 UTC 2026 | ALL | 07-30 09:09:23.300  4162  4170 I tomator2.server: Method exceeds compiler instruction limit: 19264 in java_cup.runtime.Symbol org.eclipse.wst.xml.xpath2.processor.internal.CUP$XPathCup$actions.CUP$XPathCup$do_action(int, java_cup.runtime.lr_parser, java.util.Stack, int)
Thu Jul 30 09:09:24 UTC 2026 | ALL | 07-30 09:09:23.308  4162  4220 I appium  : Took 0ms to retrieve 0 matches for '//*[contains(@text, 'Sign Up') or contains(@content-desc, 'Sign Up')]' XPath2 query
Thu Jul 30 09:09:24 UTC 2026 | ALL | 07-30 09:09:23.309  4162  4220 I appium  : AppiumResponse: {"sessionId":"0ec58237-84ed-40bd-bf67-28bb2b70cae2","value":{"error":"no such element","message":"An element could not be located on the page using the given search parameters","stacktrace":"io.appium.uiautomator2.common.exceptions.ElementNotFoundException: An element could not be located on the page using the given search parameters\n\tat io.appium.uiautomator2.utils.ElementLocationHelpers.findElement(ElementLocationHelpers.java:156)\n\tat io.appium.uiautomator2.handler.FindElement.safeHandle(FindElement.java:60)\n\tat io.appium.uiautomator2.handler.request.SafeRequestHandler.handle(SafeRequestHandler.java:59)\n\tat io.appium.uiautomator2.server.AppiumServlet.handleRequest(AppiumServlet.java:259)\n\tat io.appium.uiautomator2.server.AppiumServlet.handleHttpRequest(AppiumServlet.java:253)\n\tat io.appium.uiautomator2.http.ServerHandler.channelRead(ServerHandler.java:77)\n\tat io.netty.channel.AbstractChannelHandlerContext.invokeChannelRead(AbstractChannelHandlerContext.java:374)\n\tat io.netty.channel.AbstractChannelHandlerContext.invokeChannelRead(AbstractChannelHandlerContext.java:360)\n\tat io.netty.channel.AbstractChannelHandlerContext.fireChannelRead(AbstractChannelHandlerContext.java:352)\n\tat io.netty.handler.codec.MessageToMessageDecoder.channelRead(MessageToMessageDecoder.java:102)\n\tat io.netty.channel.AbstractChannelHandlerContext.invokeChannelRead(AbstractChannelHandlerContext.java:374)\n\tat io.netty.channel.AbstractChannelHandlerContext.invokeChannelRead(AbstractChannelHandlerContext.java:360)\n\tat io.netty.channel.AbstractChannelHandlerContext.fireChannelRead(AbstractChannelHandlerContext.java:352)\n\tat io.netty.channel.CombinedChannelDuplexHandler$DelegatingChannelHandlerContext.fireChannelRead(CombinedChannelDuplexHandler.java:438)\n\tat io.netty.handler.codec.ByteToMessageDecoder.fireChannelRead(ByteToMessageDecoder.java:328)\n\tat io.netty.handler.codec.ByteToMessageDecoder.channelRead(ByteToMessageDecoder.java:302)\n\tat io.netty.channel.CombinedChannelDuplexHandler.channelRead(CombinedChannelDuplexHandler.java:253)\n\tat io.netty.channel.AbstractChannelHandlerContext.invokeChannelRead(AbstractChannelHandlerContext.java:374)\n\tat io.netty.channel.AbstractChannelHandlerContext.invokeChannelRead(AbstractChannelHandlerContext.java:360)\n\tat io.netty.channel.AbstractChannelHandlerContext.fireChannelRead(AbstractChannelHandlerContext.java:352)\n\tat io.netty.handler.timeout.IdleStateHandler.channelRead(IdleStateHandler.java:287)\n\tat io.netty.channel.AbstractChannelHandlerContext.invokeChannelRead(AbstractChannelHandlerContext.java:374)\n\tat io.netty.channel.AbstractChannelHandlerContext.invokeChannelRead(AbstractChannelHandlerContext.java:360)\n\tat io.netty.channel.AbstractChannelHandlerContext.fireChannelRead(AbstractChannelHandlerContext.java:352)\n\tat io.netty.channel.DefaultChannelPipeline$HeadContext.channelRead(DefaultChannelPipeline.java:1422)\n\tat io.netty.channel.AbstractChannelHandlerContext.invokeChannelRead(AbstractChannelHandlerContext.java:374)\n\tat io.netty.channel.AbstractChannelHandlerContext.invokeChannelRead(AbstractChannelHandlerContext.java:360)\n\tat io.netty.channel.DefaultChannelPipeline.fireChannelRead(DefaultChannelPipeline.java:931)\n\tat io.netty.channel.nio.AbstractNioByteChannel$NioByteUnsafe.read(AbstractNioByteChannel.java:163)\n\tat io.netty.channel.nio.NioEventLoop.processSelectedKey(NioEventLoop.java:700)\n\tat io.netty.channel.nio.NioEventLoop.processSelectedKeysOptimized(NioEventLoop.java:635)\n\tat io.netty.channel.nio.NioEventLoop.processSelectedKeys(NioEventLoop.java:552)\n\tat io.netty.channel.nio.NioEventLoop.run(NioEventLoop.java:514)\n\tat io.netty.util.concurrent.SingleThreadEventExecutor$6.run(SingleThreadEventExecutor.java:1044)\n\tat io.netty.util.internal.ThreadExecutorMap$2.run(ThreadExecutorMap.java:74)\n\tat io.netty.util.concurrent.FastThreadLocalRunnable.run(FastThreadLocalRunnable.java:30)\n\tat java.lang.Thread.run(Thread.java:1012)\n"}}
Thu Jul 30 09:09:24 UTC 2026 | ALL | 07-30 09:09:23.479  4162  4220 I appium  : channel read: POST /session/0ec58237-84ed-40bd-bf67-28bb2b70cae2/element
Thu Jul 30 09:09:24 UTC 2026 | ALL | 07-30 09:09:23.479  4162  4220 I appium  : FindElement command
Thu Jul 30 09:09:24 UTC 2026 | ALL | 07-30 09:09:23.480  4162  4220 I appium  : method: 'xpath', selector: '//*[contains(@text, 'Sign Up') or contains(@content-desc, 'Sign Up')]'
Thu Jul 30 09:09:24 UTC 2026 | ALL | 07-30 09:09:23.480  4162  4220 I appium  : Waiting up to 10000ms for the device to idle
Thu Jul 30 09:09:24 UTC 2026 | ALL | 07-30 09:09:23.481  4162  4220 I appium  : The following attributes will be included to the page source: [text, content-desc]
Thu Jul 30 09:09:24 UTC 2026 | ALL | 07-30 09:09:23.489  4162  4220 I appium  : Took 0ms to retrieve 0 matches for '//*[contains(@text, 'Sign Up') or contains(@content-desc, 'Sign Up')]' XPath2 query
Thu Jul 30 09:09:24 UTC 2026 | ALL | 07-30 09:09:23.489  4162  4220 I appium  : AppiumResponse: {"sessionId":"0ec58237-84ed-40bd-bf67-28bb2b70cae2","value":{"error":"no such element","message":"An element could not be located on the page using the given search parameters","stacktrace":"io.appium.uiautomator2.common.exceptions.ElementNotFoundException: An element could not be located on the page using the given search parameters\n\tat io.appium.uiautomator2.utils.ElementLocationHelpers.findElement(ElementLocationHelpers.java:156)\n\tat io.appium.uiautomator2.handler.FindElement.safeHandle(FindElement.java:60)\n\tat io.appium.uiautomator2.handler.request.SafeRequestHandler.handle(SafeRequestHandler.java:59)\n\tat io.appium.uiautomator2.server.AppiumServlet.handleRequest(AppiumServlet.java:259)\n\tat io.appium.uiautomator2.server.AppiumServlet.handleHttpRequest(AppiumServlet.java:253)\n\tat io.appium.uiautomator2.http.ServerHandler.channelRead(ServerHandler.java:77)\n\tat io.netty.channel.AbstractChannelHandlerContext.invokeChannelRead(AbstractChannelHandlerContext.java:374)\n\tat io.netty.channel.AbstractChannelHandlerContext.invokeChannelRead(AbstractChannelHandlerContext.java:360)\n\tat io.netty.channel.AbstractChannelHandlerContext.fireChannelRead(AbstractChannelHandlerContext.java:352)\n\tat io.netty.handler.codec.MessageToMessageDecoder.channelRead(MessageToMessageDecoder.java:102)\n\tat io.netty.channel.AbstractChannelHandlerContext.invokeChannelRead(AbstractChannelHandlerContext.java:374)\n\tat io.netty.channel.AbstractChannelHandlerContext.invokeChannelRead(AbstractChannelHandlerContext.java:360)\n\tat io.netty.channel.AbstractChannelHandlerContext.fireChannelRead(AbstractChannelHandlerContext.java:352)\n\tat io.netty.channel.CombinedChannelDuplexHandler$DelegatingChannelHandlerContext.fireChannelRead(CombinedChannelDuplexHandler.java:438)\n\tat io.netty.handler.codec.ByteToMessageDecoder.fireChannelRead(ByteToMessageDecoder.java:328)\n\tat io.netty.handler.codec.ByteToMessageDecoder.channelRead(ByteToMessageDecoder.java:302)\n\tat io.netty.channel.CombinedChannelDuplexHandler.channelRead(CombinedChannelDuplexHandler.java:253)\n\tat io.netty.channel.AbstractChannelHandlerContext.invokeChannelRead(AbstractChannelHandlerContext.java:374)\n\tat io.netty.channel.AbstractChannelHandlerContext.invokeChannelRead(AbstractChannelHandlerContext.java:360)\n\tat io.netty.channel.AbstractChannelHandlerContext.fireChannelRead(AbstractChannelHandlerContext.java:352)\n\tat io.netty.handler.timeout.IdleStateHandler.channelRead(IdleStateHandler.java:287)\n\tat io.netty.channel.AbstractChannelHandlerContext.invokeChannelRead(AbstractChannelHandlerContext.java:374)\n\tat io.netty.channel.AbstractChannelHandlerContext.invokeChannelRead(AbstractChannelHandlerContext.java:360)\n\tat io.netty.channel.AbstractChannelHandlerContext.fireChannelRead(AbstractChannelHandlerContext.java:352)\n\tat io.netty.channel.DefaultChannelPipeline$HeadContext.channelRead(DefaultChannelPipeline.java:1422)\n\tat io.netty.channel.AbstractChannelHandlerContext.invokeChannelRead(AbstractChannelHandlerContext.java:374)\n\tat io.netty.channel.AbstractChannelHandlerContext.invokeChannelRead(AbstractChannelHandlerContext.java:360)\n\tat io.netty.channel.DefaultChannelPipeline.fireChannelRead(DefaultChannelPipeline.java:931)\n\tat io.netty.channel.nio.AbstractNioByteChannel$NioByteUnsafe.read(AbstractNioByteChannel.java:163)\n\tat io.netty.channel.nio.NioEventLoop.processSelectedKey(NioEventLoop.java:700)\n\tat io.netty.channel.nio.NioEventLoop.processSelectedKeysOptimized(NioEventLoop.java:635)\n\tat io.netty.channel.nio.NioEventLoop.processSelectedKeys(NioEventLoop.java:552)\n\tat io.netty.channel.nio.NioEventLoop.run(NioEventLoop.java:514)\n\tat io.netty.util.concurrent.SingleThreadEventExecutor$6.run(SingleThreadEventExecutor.java:1044)\n\tat io.netty.util.internal.ThreadExecutorMap$2.run(ThreadExecutorMap.java:74)\n\tat io.netty.util.concurrent.FastThreadLocalRunnable.run(FastThreadLocalRunnable.java:30)\n\tat java.lang.Thread.run(Thread.java:1012)\n"}}
Thu Jul 30 09:09:24 UTC 2026 | ALL | 07-30 09:09:23.497  4162  4220 I appium  : channel read: GET /session/0ec58237-84ed-40bd-bf67-28bb2b70cae2/screenshot
Thu Jul 30 09:09:24 UTC 2026 | ALL | 07-30 09:09:23.498  4162  4220 I appium  : CaptureScreenshot command
Thu Jul 30 09:09:24 UTC 2026 | ALL | 07-30 09:09:23.498   560  1966 D WindowManager: captureDisplay
Thu Jul 30 09:09:24 UTC 2026 | ALL | 07-30 09:09:23.506  4162  4220 I appium  : Got screenshot with resolution: 320x640
Thu Jul 30 09:09:24 UTC 2026 | ALL | 07-30 09:09:23.516  4162  4220 I appium  : AppiumResponse: {"sessionId":"0ec58237-84ed-40bd-bf67-28bb2b70cae2","value":"iVBORw0KGgoAAAANSUhEUgAAAUAAAAKACAIAAABi8jbUAAAAAXNSR0IArs4c6QAAAANzQklUCAgI2+FP4AAAIABJREFUeJzt3Xd8E+f9B/Cv7rQsy8YDg41t9rSZgbDDDpAQGihNml+TJrRpE2hGM0vTJm1mm9EQmoQmZA8CAcImBAiEsDF7GQ8MGAzee2jr7vfHGSFsSZZs2bpH+rxfvJLzzedO99HdPXd6TiGKIgEAm7h…
